# Blender 5.1.1
# www.blender.org
mtllib motorboat.mtl
o Engine
v 0.115160 0.183708 0.130350
v 0.142108 0.167021 0.133768
v 0.112159 0.178510 0.126339
v 0.143112 0.163181 0.130805
v 0.117166 0.187182 0.136353
v 0.143590 0.169587 0.138203
v 0.117870 0.188402 0.143434
v 0.144110 0.170489 0.143434
v 0.117166 0.187182 0.150514
v 0.143590 0.169587 0.148664
v 0.115160 0.183709 0.156517
v 0.142108 0.167021 0.153099
v 0.112159 0.178510 0.160528
v 0.143112 0.163181 0.156062
v 0.108619 0.172378 0.161936
v 0.143417 0.159647 0.157102
v 0.105078 0.166246 0.160528
v 0.143130 0.154424 0.156062
v 0.102077 0.161048 0.156517
v 0.142887 0.149996 0.153099
v 0.100072 0.157574 0.150514
v 0.143104 0.147037 0.148664
v 0.099367 0.156354 0.143434
v 0.143047 0.145998 0.143434
v 0.100072 0.157574 0.136353
v 0.143104 0.147037 0.138203
v 0.099367 0.156354 0.143434
v 0.143047 0.145998 0.143434
v 0.102077 0.161048 0.130350
v 0.143267 0.149996 0.133768
v 0.105078 0.166246 0.126339
v 0.143130 0.154424 0.130805
v 0.108619 0.172378 0.124931
v 0.143417 0.159647 0.129765
v 0.143112 0.163181 0.130805
v 0.142108 0.167021 0.133768
v 0.143417 0.159647 0.143434
v 0.143590 0.169587 0.138203
v 0.144110 0.170489 0.143434
v 0.143590 0.169587 0.148664
v 0.142108 0.167021 0.153099
v 0.143112 0.163181 0.156062
v 0.143417 0.159647 0.157102
v 0.143130 0.154424 0.156062
v 0.142887 0.149996 0.153099
v 0.143104 0.147037 0.148664
v 0.143047 0.145998 0.143434
v 0.143104 0.147037 0.138203
v 0.143267 0.149996 0.133768
v 0.143130 0.154424 0.130805
v 0.143417 0.159647 0.129765
v -0.003937 0.226343 0.245962
v -0.009044 0.222965 0.245477
v -0.003938 0.224800 0.256726
v -0.009045 0.221422 0.256241
v -0.012457 0.217909 0.244752
v -0.012458 0.216366 0.255516
v -0.013656 0.211945 0.243897
v -0.013656 0.210402 0.254660
v -0.012457 0.205981 0.243042
v -0.012458 0.204438 0.253805
v -0.009044 0.200925 0.242316
v -0.009045 0.199382 0.253080
v -0.003937 0.197547 0.241832
v -0.003938 0.196004 0.252595
v 0.002088 0.196361 0.241662
v 0.002087 0.194818 0.252426
v 0.002088 0.196361 0.241662
v 0.008113 0.197547 0.241832
v 0.002087 0.194818 0.252426
v 0.008112 0.196004 0.252595
v 0.013220 0.200926 0.242316
v 0.013219 0.199382 0.253080
v 0.016633 0.205981 0.243042
v 0.016632 0.204438 0.253805
v 0.017831 0.211945 0.243897
v 0.017831 0.210402 0.254660
v 0.016633 0.217909 0.244752
v 0.016632 0.216366 0.255516
v 0.013220 0.222965 0.245477
v 0.013219 0.221422 0.256241
v 0.008113 0.226343 0.245962
v 0.008112 0.224800 0.256726
v 0.002088 0.227529 0.246132
v 0.002087 0.225986 0.256896
v 0.002087 0.223774 0.267040
v -0.003651 0.222644 0.266878
v 0.002087 0.222831 0.273616
v -0.003651 0.221701 0.273454
v 0.007825 0.222644 0.266878
v 0.007825 0.221701 0.273454
v 0.012689 0.219427 0.266417
v 0.012689 0.218484 0.272993
v 0.015940 0.214612 0.265727
v 0.015940 0.213669 0.272302
v 0.017081 0.208932 0.264912
v 0.017081 0.207989 0.271487
v 0.015940 0.203252 0.264098
v 0.015940 0.202309 0.270672
v 0.012689 0.198437 0.263407
v 0.012689 0.197494 0.269982
v 0.007825 0.195220 0.262946
v 0.007825 0.194277 0.269521
v 0.002087 0.194090 0.262784
v 0.002087 0.193147 0.269359
v -0.003651 0.195220 0.262945
v 0.002087 0.194090 0.262784
v -0.003651 0.194277 0.269521
v 0.002087 0.193147 0.269359
v -0.008515 0.198437 0.263407
v -0.008515 0.197494 0.269982
v -0.011765 0.203252 0.264098
v -0.011765 0.202309 0.270672
v -0.012907 0.208932 0.264912
v -0.012907 0.207989 0.271487
v -0.011765 0.214612 0.265727
v -0.011765 0.213669 0.272302
v -0.008515 0.219427 0.266417
v -0.008515 0.218484 0.272992
v 0.002087 0.228178 0.257210
v -0.004785 0.226825 0.257016
v 0.002087 0.226708 0.267461
v -0.004785 0.225355 0.267267
v 0.008959 0.226825 0.257016
v 0.008959 0.225355 0.267267
v 0.014786 0.222972 0.256463
v 0.014786 0.221502 0.266714
v 0.018678 0.217205 0.255636
v 0.018678 0.215735 0.265888
v 0.020045 0.210402 0.254660
v 0.020045 0.208932 0.264912
v 0.018678 0.203599 0.253685
v 0.018678 0.202129 0.263936
v 0.014786 0.197832 0.252858
v 0.014786 0.196362 0.263110
v 0.008959 0.193979 0.252305
v 0.008959 0.192509 0.262556
v 0.002087 0.192626 0.252111
v 0.002087 0.191156 0.262362
v -0.004785 0.193979 0.252305
v 0.002087 0.192626 0.252111
v -0.004785 0.192509 0.262556
v 0.002087 0.191156 0.262362
v -0.010611 0.197832 0.252858
v -0.010611 0.196362 0.263110
v -0.014504 0.203599 0.253685
v -0.014504 0.202129 0.263936
v -0.015871 0.210402 0.254660
v -0.015871 0.208932 0.264912
v -0.014504 0.217205 0.255636
v -0.014504 0.215735 0.265888
v -0.010611 0.222972 0.256463
v -0.010611 0.221502 0.266714
v 0.002087 0.226708 0.267461
v -0.004785 0.225355 0.267267
v 0.002087 0.223774 0.267040
v -0.003651 0.222644 0.266878
v 0.008959 0.225355 0.267267
v 0.007825 0.222644 0.266878
v 0.014786 0.221502 0.266714
v 0.012689 0.219427 0.266417
v 0.018678 0.215735 0.265888
v 0.015940 0.214612 0.265727
v 0.020045 0.208932 0.264912
v 0.017081 0.208932 0.264912
v 0.018678 0.202129 0.263936
v 0.015940 0.203252 0.264098
v 0.014786 0.196362 0.263110
v 0.012689 0.198437 0.263407
v 0.008959 0.192509 0.262556
v 0.007825 0.195220 0.262946
v 0.002087 0.191156 0.262362
v 0.002087 0.194090 0.262784
v -0.004785 0.192509 0.262556
v -0.003651 0.195220 0.262945
v -0.010611 0.196362 0.263110
v -0.008515 0.198437 0.263407
v -0.014504 0.202129 0.263936
v -0.011765 0.203252 0.264098
v -0.015871 0.208932 0.264912
v -0.012907 0.208932 0.264912
v -0.014504 0.215735 0.265888
v -0.011765 0.214612 0.265727
v -0.010611 0.221502 0.266714
v -0.008515 0.219427 0.266417
v -0.010611 0.222972 0.256463
v -0.004785 0.226825 0.257016
v -0.009045 0.221422 0.256241
v -0.003938 0.224800 0.256726
v -0.014504 0.217205 0.255636
v -0.012458 0.216366 0.255516
v -0.015871 0.210402 0.254660
v -0.013656 0.210402 0.254660
v -0.014504 0.203599 0.253685
v -0.012458 0.204438 0.253805
v -0.010611 0.197832 0.252858
v -0.009045 0.199382 0.253080
v -0.004785 0.193979 0.252305
v -0.003938 0.196004 0.252595
v 0.002087 0.192626 0.252111
v 0.002087 0.194818 0.252426
v 0.008959 0.193979 0.252305
v 0.008112 0.196004 0.252595
v 0.014786 0.197832 0.252858
v 0.013219 0.199382 0.253080
v 0.018678 0.203599 0.253685
v 0.016632 0.204438 0.253805
v 0.020045 0.210402 0.254660
v 0.017831 0.210402 0.254660
v 0.014786 0.222972 0.256463
v 0.018678 0.217205 0.255636
v 0.013219 0.221422 0.256241
v 0.016632 0.216366 0.255516
v 0.008959 0.226825 0.257016
v 0.008112 0.224800 0.256726
v 0.002087 0.228178 0.257210
v 0.002087 0.225986 0.256896
v 0.012689 0.197494 0.269982
v 0.002087 0.207989 0.271487
v 0.007825 0.194277 0.269521
v -0.003651 0.221701 0.273454
v -0.008515 0.218484 0.272992
v -0.011765 0.213669 0.272302
v -0.012907 0.207989 0.271487
v -0.011765 0.202309 0.270672
v -0.008515 0.197494 0.269982
v -0.003651 0.194277 0.269521
v 0.002087 0.193147 0.269359
v 0.015940 0.202309 0.270672
v 0.017081 0.207989 0.271487
v 0.015940 0.213669 0.272302
v 0.012689 0.218484 0.272993
v 0.007825 0.221701 0.273454
v 0.002087 0.222831 0.273616
v -0.003987 0.348786 0.230755
v -0.008859 0.345597 0.231412
v -0.003987 0.352903 0.250720
v -0.008859 0.349715 0.251378
v -0.012115 0.340825 0.232396
v -0.012115 0.344942 0.252362
v -0.013258 0.335196 0.233557
v -0.013258 0.339314 0.253523
v -0.012115 0.329567 0.234717
v -0.012115 0.333685 0.254683
v -0.008859 0.324795 0.235702
v -0.008859 0.328913 0.255668
v -0.003987 0.321607 0.236359
v -0.003987 0.325724 0.256325
v 0.001761 0.320487 0.236590
v 0.001761 0.324604 0.256555
v 0.001761 0.320487 0.236590
v 0.007508 0.321607 0.236359
v 0.001761 0.324604 0.256555
v 0.007508 0.325724 0.256325
v 0.012381 0.324795 0.235702
v 0.012381 0.328913 0.255668
v 0.015636 0.329567 0.234717
v 0.015636 0.333685 0.254683
v 0.016780 0.335196 0.233557
v 0.016780 0.339314 0.253523
v 0.015636 0.340825 0.232396
v 0.015636 0.344942 0.252362
v 0.012381 0.345597 0.231412
v 0.012381 0.349715 0.251378
v 0.007508 0.348786 0.230755
v 0.007508 0.352903 0.250720
v 0.001761 0.349906 0.230524
v 0.001761 0.354023 0.250489
v -0.001944 0.348935 0.255895
v -0.005084 0.346880 0.256319
v 0.001761 0.340175 0.257701
v -0.007183 0.343803 0.256953
v -0.007920 0.340175 0.257701
v -0.007183 0.336547 0.258449
v -0.005084 0.333471 0.259084
v -0.001944 0.331416 0.259508
v 0.001761 0.330694 0.259656
v 0.005465 0.331415 0.259507
v 0.008606 0.333471 0.259084
v 0.010705 0.336547 0.258449
v 0.011442 0.340175 0.257701
v 0.010705 0.343804 0.256953
v 0.008606 0.346879 0.256319
v 0.005465 0.348935 0.255895
v 0.001761 0.349657 0.255746
v -0.003987 0.352903 0.250720
v -0.008859 0.349715 0.251378
v -0.001944 0.348073 0.251716
v -0.005084 0.346018 0.252140
v -0.012115 0.344942 0.252362
v -0.007183 0.342942 0.252775
v -0.013258 0.339314 0.253523
v -0.007920 0.339314 0.253523
v -0.012115 0.333685 0.254683
v -0.007183 0.335685 0.254271
v -0.008859 0.328913 0.255668
v -0.005084 0.332609 0.254905
v -0.003987 0.325724 0.256325
v -0.001944 0.330554 0.255329
v 0.001761 0.324604 0.256555
v 0.001761 0.329832 0.255478
v 0.007508 0.325724 0.256325
v 0.005465 0.330554 0.255329
v 0.012381 0.328913 0.255668
v 0.008606 0.332609 0.254905
v 0.015636 0.333685 0.254683
v 0.010705 0.335685 0.254271
v 0.016780 0.339314 0.253523
v 0.011442 0.339314 0.253523
v 0.015636 0.344942 0.252362
v 0.010705 0.342942 0.252775
v 0.012381 0.349715 0.251378
v 0.008606 0.346018 0.252140
v 0.007508 0.352903 0.250720
v 0.005465 0.348073 0.251717
v 0.001761 0.354023 0.250489
v 0.001761 0.348795 0.251568
v -0.001944 0.348073 0.251716
v -0.005084 0.346018 0.252140
v -0.001944 0.348935 0.255895
v -0.005084 0.346880 0.256319
v -0.007183 0.342942 0.252775
v -0.007183 0.343803 0.256953
v -0.007920 0.339314 0.253523
v -0.007920 0.340175 0.257701
v -0.007183 0.335685 0.254271
v -0.007183 0.336547 0.258449
v -0.005084 0.332609 0.254905
v -0.005084 0.333471 0.259084
v -0.001944 0.330554 0.255329
v -0.001944 0.331416 0.259508
v 0.001761 0.329832 0.255478
v 0.001761 0.330694 0.259656
v 0.001761 0.329832 0.255478
v 0.005465 0.330554 0.255329
v 0.001761 0.330694 0.259656
v 0.005465 0.331415 0.259507
v 0.008606 0.332609 0.254905
v 0.008606 0.333471 0.259084
v 0.010705 0.335685 0.254271
v 0.010705 0.336547 0.258449
v 0.011442 0.339314 0.253523
v 0.011442 0.340175 0.257701
v 0.010705 0.342942 0.252775
v 0.010705 0.343804 0.256953
v 0.008606 0.346018 0.252140
v 0.008606 0.346879 0.256319
v 0.005465 0.348073 0.251717
v 0.005465 0.348935 0.255895
v 0.001761 0.348795 0.251568
v 0.001761 0.349657 0.255746
v -0.007990 0.445548 -0.093647
v -0.015514 0.445548 -0.088619
v -0.007990 0.459363 -0.093647
v -0.015514 0.459363 -0.088619
v -0.020542 0.445548 -0.081095
v -0.020542 0.459363 -0.081095
v -0.022308 0.445548 -0.072219
v -0.022308 0.459363 -0.072219
v -0.020542 0.445548 -0.063343
v -0.020542 0.459363 -0.063343
v -0.015514 0.445548 -0.055819
v -0.015514 0.459363 -0.055819
v -0.007990 0.445548 -0.050791
v -0.007990 0.459363 -0.050791
v 0.000886 0.445548 -0.049026
v 0.000886 0.459363 -0.049026
v 0.009761 0.445548 -0.050791
v 0.009761 0.459363 -0.050791
v 0.017286 0.445548 -0.055819
v 0.017286 0.459363 -0.055819
v 0.022313 0.445548 -0.063343
v 0.022313 0.459363 -0.063343
v 0.024079 0.445548 -0.072219
v 0.024079 0.459363 -0.072219
v 0.022313 0.445548 -0.081095
v 0.022313 0.459363 -0.081095
v 0.017286 0.445548 -0.088619
v 0.017286 0.459363 -0.088619
v 0.009761 0.445548 -0.093647
v 0.009761 0.459363 -0.093647
v 0.000886 0.445548 -0.095412
v 0.000886 0.459363 -0.095412
v 0.000886 0.445548 -0.095412
v 0.000886 0.459363 -0.095412
v -0.006643 0.465472 -0.090394
v -0.013025 0.465472 -0.086129
v 0.000886 0.466032 -0.072219
v -0.017289 0.465472 -0.079747
v -0.018787 0.465472 -0.072219
v -0.017289 0.465472 -0.064691
v -0.013025 0.465472 -0.058308
v -0.006643 0.465472 -0.054044
v 0.000886 0.465472 -0.052547
v 0.008414 0.465472 -0.054044
v 0.014796 0.465472 -0.058308
v 0.019061 0.465472 -0.064691
v 0.020558 0.465472 -0.072219
v 0.019061 0.465472 -0.079747
v 0.014796 0.465472 -0.086129
v 0.008414 0.465472 -0.090394
v 0.000886 0.465472 -0.091892
v 0.000886 0.465472 -0.091892
v 0.000886 0.459363 -0.091892
v -0.006643 0.459363 -0.090394
v 0.000886 0.465472 -0.091892
v -0.006643 0.465472 -0.090394
v 0.008414 0.459363 -0.090394
v 0.000886 0.459363 -0.091892
v 0.008414 0.465472 -0.090394
v 0.000886 0.465472 -0.091892
v 0.014796 0.459363 -0.086129
v 0.014796 0.465472 -0.086129
v 0.019061 0.459363 -0.079747
v 0.019061 0.465472 -0.079747
v 0.020558 0.459363 -0.072219
v 0.020558 0.465472 -0.072219
v 0.019061 0.459363 -0.064691
v 0.019061 0.465472 -0.064691
v 0.014796 0.459363 -0.058308
v 0.014796 0.465472 -0.058308
v 0.008414 0.459363 -0.054044
v 0.008414 0.465472 -0.054044
v 0.000886 0.459363 -0.052547
v 0.000886 0.465472 -0.052547
v -0.006643 0.459363 -0.054044
v -0.006643 0.465472 -0.054044
v -0.013025 0.459363 -0.058308
v -0.013025 0.465472 -0.058308
v -0.017289 0.459363 -0.064691
v -0.017289 0.465472 -0.064691
v -0.018787 0.459363 -0.072219
v -0.018787 0.465472 -0.072219
v -0.017289 0.459363 -0.079747
v -0.017289 0.465472 -0.079747
v -0.013025 0.459363 -0.086129
v -0.013025 0.465472 -0.086129
v -0.013025 0.459363 -0.086129
v -0.006643 0.459363 -0.090394
v -0.015514 0.459363 -0.088619
v -0.007990 0.459363 -0.093647
v -0.017289 0.459363 -0.079747
v -0.020542 0.459363 -0.081095
v -0.018787 0.459363 -0.072219
v -0.022308 0.459363 -0.072219
v -0.017289 0.459363 -0.064691
v -0.020542 0.459363 -0.063343
v -0.013025 0.459363 -0.058308
v -0.015514 0.459363 -0.055819
v -0.006643 0.459363 -0.054044
v -0.007990 0.459363 -0.050791
v 0.000886 0.459363 -0.052547
v 0.000886 0.459363 -0.049026
v 0.008414 0.459363 -0.054044
v 0.009761 0.459363 -0.050791
v 0.014796 0.459363 -0.058308
v 0.017286 0.459363 -0.055819
v 0.019061 0.459363 -0.064691
v 0.022313 0.459363 -0.063343
v 0.020558 0.459363 -0.072219
v 0.024079 0.459363 -0.072219
v 0.019061 0.459363 -0.079747
v 0.022313 0.459363 -0.081095
v 0.014796 0.459363 -0.086129
v 0.017286 0.459363 -0.088619
v 0.008414 0.459363 -0.090394
v 0.009761 0.459363 -0.093647
v 0.000886 0.459363 -0.091892
v 0.000886 0.459363 -0.095412
v 0.089262 0.251584 0.247945
v 0.065183 0.251584 0.250421
v 0.054677 0.162227 0.232383
v 0.038407 0.162227 0.234827
v 0.109510 0.251584 0.239887
v 0.074108 0.162227 0.224448
v 0.126851 0.251584 0.226959
v 0.090758 0.162227 0.211744
v 0.140220 0.251584 0.210190
v 0.103607 0.162227 0.195279
v 0.148553 0.251584 0.190610
v 0.111636 0.162227 0.176066
v 0.152914 0.251584 0.135007
v 0.115853 0.162227 0.123503
v 0.148553 0.251584 -0.220608
v 0.152914 0.251584 -0.198576
v 0.111656 0.162227 -0.206087
v 0.115858 0.162227 -0.185133
v 0.140220 0.251584 -0.240188
v 0.103625 0.162227 -0.225294
v 0.126851 0.251584 -0.256957
v 0.090725 0.162227 -0.241695
v 0.109510 0.251584 -0.269885
v 0.074060 0.162227 -0.254389
v 0.089262 0.251584 -0.277943
v 0.054733 0.162227 -0.262475
v 0.065183 0.251584 -0.280419
v 0.038413 0.162227 -0.265131
v 0.154368 0.251584 -0.174452
v 0.117270 0.162227 -0.163492
v 0.064598 0.098680 -0.235833
v 0.045876 0.098680 -0.243872
v 0.031615 0.098680 -0.246605
v 0.093809 0.052808 -0.106752
v 0.095317 0.052808 -0.086723
v 0.075141 -0.004351 -0.020835
v 0.076473 -0.004351 -0.002324
v 0.075141 -0.004351 0.126956
v 0.084499 0.052808 0.118842
v 0.136197 0.407963 0.113812
v 0.137644 0.407391 -0.152864
v 0.132127 0.415207 0.112317
v 0.133515 0.414659 -0.151602
v 0.142906 0.386309 0.117381
v 0.144365 0.385802 -0.156487
v 0.125246 0.419742 0.110660
v 0.126486 0.419248 -0.150702
v 0.115676 0.423440 0.104760
v 0.112108 0.424853 -0.157361
v 0.105290 0.103263 0.116728
v 0.106679 0.098680 -0.148559
v 0.157705 0.338544 0.125259
v 0.159168 0.338253 -0.164467
v 0.105297 0.098680 -0.168337
v 0.142906 0.386309 -0.177389
v 0.157705 0.338544 -0.186834
v 0.106564 0.427038 -0.196926
v 0.094869 0.431620 -0.202533
v 0.108415 0.426312 -0.183294
v 0.085934 0.435170 -0.178773
v 0.083738 0.436008 -0.215510
v 0.071141 0.440966 -0.213446
v 0.116582 0.423107 -0.169396
v 0.064672 0.103263 0.212366
v 0.045790 0.103263 0.220173
v 0.093354 0.103263 0.183705
v 0.101173 0.103263 0.164838
v 0.080857 0.103263 0.199879
v 0.153345 0.339327 0.177611
v 0.138570 0.387695 0.167199
v 0.145031 0.340772 0.196255
v 0.130311 0.390265 0.185174
v 0.114422 0.345998 0.224537
v 0.099919 0.399512 0.212444
v 0.094238 0.349457 0.232207
v 0.079875 0.405452 0.219837
v 0.131705 0.343049 0.212225
v 0.117079 0.394327 0.200572
v 0.101205 0.098680 -0.188429
v 0.093381 0.098680 -0.207287
v 0.114422 0.345998 -0.254535
v 0.094237 0.349457 -0.262205
v 0.099919 0.399493 -0.242436
v 0.079875 0.405376 -0.249812
v 0.153345 0.339327 -0.207609
v 0.145031 0.340772 -0.226253
v 0.138570 0.387695 -0.197197
v 0.130311 0.390265 -0.215171
v 0.131705 0.343049 -0.242223
v 0.117079 0.394327 -0.230570
v 0.080806 0.098680 -0.223363
v 0.125202 0.419759 -0.169637
v 0.132116 0.415211 -0.171390
v 0.136197 0.407963 -0.173107
v 0.080762 0.052808 -0.147408
v 0.089327 0.052808 -0.127600
v 0.071774 -0.004351 -0.072993
v 0.071149 -0.004351 -0.040355
v 0.068289 0.440881 0.202347
v 0.070837 0.437087 0.210176
v 0.086749 0.434550 0.196252
v 0.090418 0.430886 0.203220
v 0.067507 0.441226 0.164256
v 0.083074 0.436049 0.167902
v 0.073387 0.429970 0.214250
v 0.093362 0.423508 0.206978
v 0.121240 0.421315 -0.187129
v 0.127899 0.416851 -0.190213
v 0.113742 0.424256 -0.202622
v 0.119863 0.419962 -0.207288
v 0.131882 0.409590 -0.192484
v 0.123654 0.412647 -0.210160
v 0.071148 -0.004351 0.157155
v 0.080448 0.052808 0.159716
v 0.072741 0.052808 0.178443
v 0.063520 -0.004351 0.175838
v 0.051284 -0.004351 0.191838
v 0.060412 0.052808 0.194493
v 0.102258 0.428767 0.186197
v 0.097829 0.430445 0.165329
v 0.107111 0.424892 0.191989
v 0.114064 0.424133 0.172945
v 0.119944 0.419931 0.177370
v 0.106996 0.426850 0.158860
v 0.110466 0.417509 0.195304
v 0.123654 0.412647 0.180162
v 0.131882 0.409590 0.162486
v 0.127943 0.416834 0.160248
v 0.121416 0.421247 0.157261
v 0.112521 0.424678 0.142936
v 0.101853 0.428920 -0.215562
v 0.107010 0.424930 -0.221829
v 0.090321 0.430828 -0.232985
v 0.086362 0.434702 -0.225439
v 0.110466 0.417509 -0.225302
v 0.093362 0.423431 -0.236952
v 0.070780 0.436732 -0.239905
v 0.073387 0.429663 -0.244153
v 0.068061 0.440993 -0.231747
v 0.067002 0.052808 -0.164313
v 0.063851 -0.004351 -0.083724
v 0.028660 0.052808 -0.185774
v 0.013892 0.052808 -0.188550
v 0.049237 0.052808 -0.177405
v 0.044438 0.052808 0.206880
v 0.025797 0.052808 0.214618
v 0.039921 -0.004438 0.201971
v 0.031606 0.103263 0.222580
v 0.012561 0.052808 0.217002
v 0.000629 0.251584 0.252761
v 0.000629 0.162227 0.236823
v 0.057911 0.408234 0.222107
v 0.069078 0.351093 0.234563
v 0.052868 0.432918 0.216483
v 0.050965 0.439863 0.212297
v 0.000629 0.435566 0.218489
v 0.000629 0.442332 0.214185
v 0.000629 0.410792 0.224194
v 0.049218 0.443790 0.204159
v 0.050647 0.444557 0.161678
v 0.000629 0.448215 0.158847
v 0.000629 0.446352 0.205756
v 0.052143 0.444146 0.093583
v 0.050450 0.445226 -0.214830
v 0.058122 0.442500 -0.178624
v 0.049090 0.443876 -0.233738
v 0.050933 0.439332 -0.242020
v 0.000629 0.441645 -0.243901
v 0.000629 0.446414 -0.235492
v 0.000629 0.449004 -0.216057
v 0.052868 0.432476 -0.246344
v 0.057911 0.408124 -0.252071
v 0.000629 0.410650 -0.254148
v 0.000629 0.435003 -0.248312
v 0.069078 0.351093 -0.264561
v 0.000629 0.352659 -0.266815
v 0.000629 0.251584 -0.282759
v 0.000629 0.162227 -0.267463
v 0.000629 0.098680 -0.248919
v 0.000629 0.052808 -0.189993
v 0.000629 -0.007092 -0.098911
v 0.018599 -0.006119 -0.096480
v 0.000629 -0.007092 -0.098545
v 0.000629 0.052808 0.218143
v 0.000629 0.103263 0.224415
v 0.000629 0.352659 0.236817
v 0.000629 0.449245 -0.178488
v 0.000629 0.448414 0.093596
v -0.037155 0.162227 -0.265131
v -0.053476 0.162227 -0.262475
v -0.063926 0.251584 -0.280419
v -0.088005 0.251584 -0.277943
v -0.072802 0.162227 -0.254389
v -0.108253 0.251584 -0.269885
v -0.044619 0.098680 -0.243872
v -0.063341 0.098680 -0.235833
v -0.030358 0.098680 -0.246605
v -0.092552 0.052808 -0.106752
v -0.073884 -0.004351 -0.020835
v -0.094060 0.052808 -0.086723
v -0.075216 -0.004351 -0.002324
v -0.050886 0.444146 0.093578
v -0.089086 0.433293 0.092882
v -0.049390 0.444557 0.161678
v -0.069243 0.440576 0.176501
v -0.114421 0.423440 0.104987
v -0.110929 0.424817 0.148133
v -0.105739 0.426850 0.158860
v -0.096731 0.430385 0.166078
v -0.082965 0.435651 0.177829
v -0.116013 0.162227 -0.163492
v -0.114596 0.162227 0.123503
v -0.153111 0.251584 -0.174452
v -0.151657 0.251584 0.135007
v -0.105422 0.098680 -0.148559
v -0.104032 0.103263 0.116728
v -0.114601 0.162227 -0.185133
v -0.104040 0.098680 -0.168337
v -0.151657 0.251584 -0.198576
v -0.141649 0.386309 0.117381
v -0.143108 0.385802 -0.156487
v -0.156448 0.338544 0.125259
v -0.157911 0.338253 -0.164467
v -0.141649 0.386309 -0.177389
v -0.156448 0.338544 -0.186834
v -0.105307 0.427038 -0.196926
v -0.107158 0.426312 -0.183294
v -0.093612 0.431620 -0.202533
v -0.084677 0.435170 -0.178773
v -0.082481 0.436008 -0.215510
v -0.069884 0.440966 -0.213446
v -0.115325 0.423107 -0.169396
v -0.110851 0.424853 -0.157361
v -0.108253 0.251584 0.239887
v -0.072851 0.162227 0.224448
v -0.088005 0.251584 0.247945
v -0.053419 0.162227 0.232383
v -0.063415 0.103263 0.212366
v -0.044532 0.103263 0.220173
v -0.110378 0.162227 0.176066
v -0.147296 0.251584 0.190610
v -0.138963 0.251584 0.210190
v -0.102350 0.162227 0.195279
v -0.099916 0.103263 0.164838
v -0.092097 0.103263 0.183705
v -0.125594 0.251584 0.226959
v -0.089501 0.162227 0.211744
v -0.079600 0.103263 0.199879
v -0.152088 0.339327 0.177611
v -0.137313 0.387695 0.167199
v -0.129054 0.390265 0.185174
v -0.143774 0.340772 0.196255
v -0.078618 0.405452 0.219837
v -0.098661 0.399512 0.212444
v -0.092980 0.349457 0.232207
v -0.113165 0.345998 0.224537
v -0.115821 0.394327 0.200572
v -0.130448 0.343049 0.212225
v -0.102368 0.162227 -0.225294
v -0.110399 0.162227 -0.206087
v -0.138963 0.251584 -0.240188
v -0.147296 0.251584 -0.220608
v -0.099948 0.098680 -0.188429
v -0.092124 0.098680 -0.207287
v -0.113165 0.345998 -0.254535
v -0.098661 0.399493 -0.242436
v -0.092980 0.349457 -0.262205
v -0.078618 0.405376 -0.249812
v -0.152088 0.339327 -0.207609
v -0.137313 0.387695 -0.197197
v -0.143774 0.340772 -0.226253
v -0.129054 0.390265 -0.215171
v -0.130448 0.343049 -0.242223
v -0.115822 0.394327 -0.230570
v -0.079549 0.098680 -0.223363
v -0.089468 0.162227 -0.241695
v -0.125594 0.251584 -0.256957
v -0.073884 -0.004351 0.126956
v -0.083242 0.052808 0.118842
v -0.125229 0.419248 -0.150702
v -0.123989 0.419742 0.110660
v -0.132257 0.414659 -0.151602
v -0.130870 0.415207 0.112317
v -0.123945 0.419759 -0.169637
v -0.130859 0.415211 -0.171390
v -0.136387 0.407391 -0.152864
v -0.134939 0.407963 0.113812
v -0.134939 0.407963 -0.173107
v -0.079505 0.052808 -0.147408
v -0.070517 -0.004351 -0.072993
v -0.088070 0.052808 -0.127600
v -0.069892 -0.004351 -0.040355
v -0.067032 0.440881 0.202347
v -0.085492 0.434550 0.196252
v -0.069580 0.437087 0.210176
v -0.089161 0.430886 0.203220
v -0.072130 0.429970 0.214250
v -0.092105 0.423508 0.206978
v -0.119982 0.421315 -0.187129
v -0.126641 0.416851 -0.190213
v -0.112485 0.424256 -0.202622
v -0.118606 0.419962 -0.207288
v -0.130625 0.409590 -0.192484
v -0.122397 0.412647 -0.210160
v -0.069891 -0.004351 0.157155
v -0.079191 0.052808 0.159716
v -0.062263 -0.004351 0.175838
v -0.071484 0.052808 0.178443
v -0.050027 -0.004351 0.191838
v -0.059155 0.052808 0.194493
v -0.011304 0.052808 0.217002
v -0.009357 -0.004662 0.211156
v 0.000629 0.052808 0.218143
v 0.000628 -0.004738 0.211328
v -0.101001 0.428767 0.186197
v -0.105854 0.424892 0.191989
v -0.112807 0.424133 0.172945
v -0.118687 0.419931 0.177370
v -0.109209 0.417509 0.195304
v -0.122397 0.412647 0.180162
v -0.130625 0.409590 0.162486
v -0.126686 0.416834 0.160248
v -0.120159 0.421247 0.157261
v -0.100596 0.428920 -0.215562
v -0.105753 0.424930 -0.221829
v -0.085105 0.434702 -0.225439
v -0.089064 0.430828 -0.232985
v -0.109209 0.417509 -0.225302
v -0.092105 0.423431 -0.236952
v -0.072130 0.429663 -0.244153
v -0.069523 0.436732 -0.239905
v -0.066804 0.440993 -0.231747
v -0.065744 0.052808 -0.164313
v -0.062594 -0.004351 -0.083724
v -0.012635 0.052808 -0.188550
v -0.027403 0.052808 -0.185774
v -0.047980 0.052808 -0.177405
v -0.043181 0.052808 0.206880
v -0.024540 0.052808 0.214618
v -0.030349 0.103263 0.222580
v -0.037150 0.162227 0.234827
v -0.063926 0.251584 0.250421
v -0.067821 0.351093 0.234563
v -0.056654 0.408234 0.222107
v -0.051611 0.432918 0.216483
v -0.049707 0.439863 0.212297
v 0.000629 0.435566 0.218489
v 0.000629 0.442332 0.214185
v 0.000629 0.410792 0.224194
v -0.047961 0.443790 0.204159
v 0.000629 0.446352 0.205756
v 0.000629 0.448215 0.158847
v -0.056865 0.442500 -0.178624
v -0.049192 0.445226 -0.214830
v -0.047833 0.443876 -0.233738
v -0.049675 0.439332 -0.242020
v 0.000629 0.446414 -0.235492
v 0.000629 0.441645 -0.243901
v 0.000629 0.449004 -0.216057
v -0.051611 0.432476 -0.246344
v -0.056654 0.408124 -0.252071
v 0.000629 0.435003 -0.248312
v 0.000629 0.410650 -0.254148
v -0.067821 0.351093 -0.264561
v 0.000629 0.352659 -0.266815
v 0.000629 0.162227 -0.267463
v 0.000629 0.098680 -0.248919
v 0.000629 0.251584 -0.282759
v 0.000629 0.103263 0.224415
v 0.000629 0.251584 0.252761
v 0.000629 0.162227 0.236823
v 0.000629 0.352659 0.236817
v 0.000629 0.448414 0.093596
v 0.000629 0.449245 -0.178488
v 0.000629 0.052808 -0.189993
v -0.035489 -0.004462 0.203399
v -0.020811 -0.004574 0.209316
v 0.000628 -0.004738 0.211328
v 0.014850 -0.004629 0.209251
v 0.025184 -0.004550 0.207914
v 0.039405 -0.004994 -0.091443
v 0.000629 -0.007092 -0.098911
v 0.000629 -0.007092 -0.098545
v -0.010159 -0.006508 -0.097874
v -0.021957 -0.005870 -0.094807
v -0.035322 -0.005146 -0.092468
v 0.168924 0.304218 0.133125
v 0.168722 0.268613 0.138090
v 0.170384 0.304141 -0.171015
v 0.170204 0.268557 -0.176510
v 0.164635 0.304169 0.188029
v 0.164130 0.268535 0.194613
v 0.125490 0.305685 0.237415
v 0.105120 0.306501 0.245680
v 0.121877 0.270042 0.244798
v 0.101317 0.270886 0.253032
v 0.142058 0.269317 0.231615
v 0.142899 0.305004 0.224351
v 0.078401 0.306666 0.248328
v 0.075032 0.271015 0.255542
v 0.000629 0.306433 0.251034
v 0.000629 0.270734 0.257929
v 0.156298 0.304481 0.207542
v 0.155622 0.268782 0.214535
v 0.155669 0.268856 -0.243345
v 0.156277 0.304548 -0.235955
v 0.164157 0.268576 -0.223426
v 0.164611 0.304241 -0.216459
v 0.142878 0.305076 -0.252735
v 0.142099 0.269383 -0.260409
v 0.168665 0.268525 -0.201025
v 0.168949 0.304144 -0.194666
v 0.121923 0.270118 -0.273571
v 0.125475 0.305739 -0.265772
v 0.105110 0.306542 -0.274007
v 0.101363 0.270968 -0.281780
v 0.078394 0.306698 -0.276634
v 0.075070 0.271099 -0.284297
v 0.000629 0.270734 0.257929
v 0.000629 0.306433 0.251034
v -0.073778 0.271023 0.255543
v -0.077145 0.306658 0.248330
v 0.000629 0.306457 -0.279306
v 0.000629 0.270815 -0.286715
v 0.000629 0.270815 -0.286715
v -0.073813 0.271099 -0.284297
v 0.000629 0.306457 -0.279306
v -0.077137 0.306698 -0.276634
v -0.120620 0.270042 0.244798
v -0.124233 0.305685 0.237415
v -0.138201 0.269305 0.231613
v -0.141638 0.305017 0.224346
v -0.103864 0.306496 0.245681
v -0.100062 0.270891 0.253033
v -0.151772 0.268782 0.214535
v -0.155041 0.304481 0.207542
v -0.160280 0.268535 0.194613
v -0.163377 0.304169 0.188029
v -0.167670 0.304208 0.133127
v -0.169123 0.304151 -0.171013
v -0.164878 0.268622 0.138091
v -0.166348 0.268549 -0.176510
v -0.155016 0.304562 -0.235951
v -0.141620 0.305076 -0.252735
v -0.151810 0.268843 -0.243345
v -0.138249 0.269383 -0.260409
v -0.160307 0.268576 -0.223426
v -0.163354 0.304241 -0.216459
v -0.164815 0.268525 -0.201025
v -0.167691 0.304144 -0.194666
v -0.124218 0.305739 -0.265772
v -0.103853 0.306539 -0.274008
v -0.120666 0.270118 -0.273571
v -0.100107 0.270971 -0.281780
v 0.089262 0.251584 0.247945
v 0.109510 0.251584 0.239887
v 0.065183 0.251584 0.250421
v 0.126851 0.251584 0.226959
v 0.140220 0.251584 0.210190
v 0.152914 0.251584 0.135007
v 0.148553 0.251584 0.190610
v 0.140220 0.251584 -0.240188
v 0.148553 0.251584 -0.220608
v 0.152914 0.251584 -0.198576
v 0.109510 0.251584 -0.269885
v 0.126851 0.251584 -0.256957
v 0.089262 0.251584 -0.277943
v 0.065183 0.251584 -0.280419
v 0.154368 0.251584 -0.174452
v 0.000629 0.251584 0.252761
v 0.000629 0.251584 -0.282759
v -0.088005 0.251584 0.247945
v -0.108253 0.251584 0.239887
v -0.063926 0.251584 0.250421
v -0.125594 0.251584 0.226959
v -0.138963 0.251584 0.210190
v -0.147296 0.251584 0.190610
v -0.151657 0.251584 0.135007
v -0.147296 0.251584 -0.220608
v -0.138963 0.251584 -0.240188
v -0.151657 0.251584 -0.198576
v -0.125594 0.251584 -0.256957
v -0.108253 0.251584 -0.269885
v -0.088005 0.251584 -0.277943
v -0.063926 0.251584 -0.280419
v -0.153111 0.251584 -0.174452
v 0.000629 0.251584 0.252761
v 0.000629 0.251584 -0.282759
v 0.180058 0.143732 0.163372
v 0.180262 0.146762 0.130538
v 0.182500 0.158888 0.163372
v 0.180365 0.158888 0.128934
v 0.181874 0.173611 0.163372
v 0.180365 0.170165 0.131060
v 0.172882 0.174044 0.163372
v 0.168266 0.173495 0.128685
v 0.135854 0.158888 0.148121
v 0.135854 0.158888 0.136840
v 0.135854 0.153247 0.148121
v 0.135854 0.153247 0.136840
v 0.168266 0.144741 0.128748
v 0.180262 0.146762 0.130538
v 0.173132 0.143551 0.157818
v 0.180058 0.143732 0.163372
v 0.168266 0.144741 0.128748
v 0.168266 0.158888 0.127144
v 0.180262 0.146762 0.130538
v 0.180365 0.158888 0.128934
v 0.135854 0.153247 0.148121
v 0.147107 0.149374 0.151994
v 0.135854 0.158888 0.148121
v 0.155254 0.158888 0.154906
v 0.135854 0.153247 0.148121
v 0.135854 0.153247 0.136840
v 0.147107 0.149374 0.151994
v 0.147107 0.149374 0.132967
v 0.135854 0.158888 0.136840
v 0.147108 0.158888 0.132967
v 0.135854 0.153247 0.136840
v 0.147107 0.149374 0.132967
v 0.147107 0.168401 0.151994
v 0.147107 0.168401 0.132967
v 0.135854 0.164528 0.148121
v 0.135854 0.164528 0.136840
v 0.158361 0.146356 0.155012
v 0.163129 0.158888 0.168927
v 0.165521 0.143912 0.168927
v 0.165905 0.146651 0.164090
v 0.175456 0.170432 0.261245
v 0.168482 0.170865 0.261245
v 0.167415 0.166448 0.383880
v 0.162968 0.166882 0.383869
v 0.173495 0.146911 0.261245
v 0.176082 0.158888 0.261245
v 0.165453 0.150894 0.383880
v 0.168040 0.158888 0.383892
v 0.167257 0.146911 0.260662
v 0.173495 0.146911 0.261245
v 0.162968 0.150894 0.383869
v 0.165453 0.150894 0.383880
v 0.163273 0.146911 0.261245
v 0.160287 0.150893 0.383848
v 0.160881 0.158888 0.261245
v 0.157896 0.158888 0.383828
v 0.163400 0.174224 0.157818
v 0.164469 0.173306 0.168927
v 0.162222 0.170307 0.261245
v 0.159236 0.166325 0.383848
v 0.163273 0.146911 0.261245
v 0.160287 0.150893 0.383848
v 0.165521 0.143912 0.168927
v 0.158361 0.146356 0.155012
v 0.175456 0.170432 0.261245
v 0.181874 0.173611 0.163372
v 0.167415 0.166448 0.383880
v 0.162222 0.170307 0.261245
v 0.159236 0.166325 0.383848
v 0.164469 0.173306 0.168927
v 0.163400 0.174224 0.157818
v 0.147107 0.168401 0.151994
v 0.135854 0.164528 0.148121
v 0.135854 0.164528 0.148121
v 0.135854 0.164528 0.136840
v 0.147107 0.168401 0.132967
v 0.135854 0.164528 0.136840
v 0.168266 0.173495 0.128685
v 0.180365 0.170165 0.131060
v 0.180365 0.170165 0.131060
v 0.162157 0.156011 0.383864
v 0.164431 0.156281 0.383882
v 0.160270 0.148973 0.401019
v 0.168670 0.149905 0.401036
v 0.165847 0.158081 0.383892
v 0.173902 0.156086 0.401046
v 0.160358 0.157427 0.383850
v 0.153623 0.153838 0.401004
v 0.160087 0.159701 0.383846
v 0.152624 0.161652 0.401001
v 0.162157 0.156011 0.383864
v 0.160270 0.148973 0.401019
v 0.165577 0.160355 0.383888
v 0.172904 0.163898 0.401043
v 0.163777 0.161771 0.383873
v 0.166256 0.168764 0.401028
v 0.161503 0.161500 0.383856
v 0.157855 0.167835 0.401011
v 0.172898 0.156162 0.464794
v 0.167662 0.149981 0.464784
v 0.159255 0.149045 0.464767
v 0.159255 0.149045 0.464767
v 0.152601 0.153905 0.464752
v 0.151603 0.161726 0.464748
v 0.156835 0.167917 0.464758
v 0.165245 0.168844 0.464776
v 0.171903 0.163975 0.464790
v -0.017052 -0.687485 -0.086778
v -0.011382 -0.692482 -0.086111
v -0.017051 -0.682771 -0.021055
v -0.011382 -0.689634 -0.015176
v -0.023469 -0.681067 -0.086778
v -0.023469 -0.676744 -0.023031
v -0.027590 -0.672980 -0.086778
v -0.027590 -0.669149 -0.025520
v -0.029010 -0.664016 -0.086778
v -0.029010 -0.660731 -0.028280
v -0.027590 -0.655051 -0.086778
v -0.027590 -0.652426 -0.033359
v -0.023469 -0.646964 -0.086778
v -0.023469 -0.644811 -0.035745
v -0.017052 -0.640546 -0.086778
v -0.017051 -0.638768 -0.037638
v -0.008965 -0.636426 -0.086778
v -0.008964 -0.634888 -0.038854
v 0.008965 -0.636426 -0.086778
v 0.008965 -0.634888 -0.038854
v 0.017052 -0.640546 -0.086778
v 0.017052 -0.638768 -0.037638
v 0.023470 -0.646964 -0.086778
v 0.023470 -0.644811 -0.035745
v 0.027590 -0.655051 -0.086778
v 0.027590 -0.652312 -0.031040
v 0.029010 -0.664016 -0.086778
v 0.029010 -0.660731 -0.028280
v 0.027590 -0.672980 -0.086778
v 0.027590 -0.669149 -0.025520
v 0.023470 -0.681067 -0.086778
v 0.023470 -0.676744 -0.023031
v 0.017052 -0.687485 -0.086778
v 0.017052 -0.682771 -0.021055
v 0.011382 -0.692481 -0.086111
v 0.011382 -0.689634 -0.015176
v 0.000000 -0.752050 -0.063382
v 0.005106 -0.752686 -0.063382
v 0.000000 -0.748534 -0.020434
v 0.004963 -0.749102 -0.020240
v -0.005106 -0.752686 -0.063382
v -0.004962 -0.749102 -0.020240
v -0.008976 -0.625173 -0.031988
v -0.008968 -0.629964 -0.033102
v -0.017073 -0.625986 -0.027964
v -0.017059 -0.631513 -0.029361
v 0.008969 -0.629964 -0.033102
v 0.008976 -0.625173 -0.031988
v 0.017074 -0.625986 -0.027964
v 0.017059 -0.631513 -0.029361
v 0.023500 -0.627251 -0.021696
v 0.023480 -0.633926 -0.023535
v 0.027626 -0.628846 -0.013798
v 0.027602 -0.636966 -0.016194
v 0.029048 -0.630613 -0.005043
v 0.029022 -0.640336 -0.008057
v 0.027626 -0.632381 0.003712
v 0.027602 -0.643707 0.000081
v 0.023500 -0.633975 0.011610
v 0.023480 -0.646747 0.007422
v 0.017074 -0.635241 0.017878
v 0.017059 -0.649160 0.013248
v 0.008976 -0.636053 0.021902
v 0.008969 -0.650709 0.016988
v 0.000000 -0.636333 0.023289
v 0.000000 -0.651243 0.018277
v 0.000000 -0.636333 0.023289
v -0.008976 -0.636053 0.021902
v 0.000000 -0.651243 0.018277
v -0.008968 -0.650709 0.016988
v -0.017073 -0.635241 0.017878
v -0.017059 -0.649160 0.013248
v -0.023500 -0.633975 0.011610
v -0.023479 -0.646747 0.007422
v -0.027626 -0.632381 0.003712
v -0.027601 -0.643707 0.000081
v -0.029047 -0.630613 -0.005043
v -0.029022 -0.640336 -0.008057
v -0.027626 -0.628846 -0.013798
v -0.027601 -0.636966 -0.016194
v -0.023500 -0.627251 -0.021696
v -0.023479 -0.633926 -0.023535
v -0.008964 -0.633811 -0.034481
v -0.017051 -0.636887 -0.031836
v 0.008965 -0.633811 -0.034481
v 0.017052 -0.636887 -0.031836
v 0.023470 -0.641677 -0.027717
v 0.027590 -0.647714 -0.022527
v 0.029010 -0.654406 -0.016774
v 0.027590 -0.661097 -0.011020
v 0.023470 -0.667134 -0.005830
v 0.017052 -0.671925 -0.001711
v 0.008965 -0.675001 0.000933
v 0.000000 -0.676060 0.001845
v -0.008964 -0.675001 0.000933
v 0.000000 -0.676060 0.001845
v -0.017051 -0.671925 -0.001711
v -0.023469 -0.667134 -0.005830
v -0.027590 -0.661097 -0.011020
v -0.029010 -0.654406 -0.016774
v -0.027590 -0.647714 -0.022527
v -0.023469 -0.641677 -0.027717
v 0.000000 -0.690893 -0.012915
v 0.000000 -0.690893 -0.012915
v 0.011382 -0.692481 -0.086111
v 0.005106 -0.752686 -0.063382
v 0.000000 -0.693901 -0.086111
v 0.000000 -0.752050 -0.063382
v 0.005106 -0.752686 -0.063382
v 0.004963 -0.749102 -0.020240
v -0.011382 -0.692482 -0.086111
v -0.005106 -0.752686 -0.063382
v 0.011382 -0.689634 -0.015176
v 0.000000 -0.690893 -0.012915
v 0.004963 -0.749102 -0.020240
v 0.000000 -0.748534 -0.020434
v -0.011382 -0.689634 -0.015176
v -0.004962 -0.749102 -0.020240
v 0.000000 -0.690893 -0.012915
v 0.000000 -0.748534 -0.020434
v -0.004962 -0.749102 -0.020240
v -0.005106 -0.752686 -0.063382
v -0.012976 -0.680780 -0.083240
v -0.017560 -0.676195 -0.083240
v -0.013246 -0.681129 -0.129181
v -0.017926 -0.676449 -0.129181
v -0.020503 -0.670419 -0.083240
v -0.020931 -0.670552 -0.129181
v -0.021518 -0.664016 -0.083240
v -0.021966 -0.664015 -0.129181
v -0.020503 -0.657612 -0.083240
v -0.020931 -0.657479 -0.129181
v -0.017560 -0.651836 -0.083240
v -0.017926 -0.651582 -0.129181
v -0.012976 -0.647252 -0.083240
v -0.013246 -0.646902 -0.129181
v -0.007199 -0.644308 -0.083240
v -0.007349 -0.643897 -0.129181
v -0.000796 -0.643294 -0.083240
v -0.000812 -0.642862 -0.129181
v 0.005607 -0.644308 -0.083240
v 0.005724 -0.643897 -0.129181
v 0.011384 -0.647252 -0.083240
v 0.011621 -0.646902 -0.129181
v 0.015968 -0.651836 -0.083240
v 0.016301 -0.651582 -0.129181
v 0.018911 -0.657612 -0.083240
v 0.019306 -0.657479 -0.129181
v 0.019926 -0.664016 -0.083240
v 0.020341 -0.664015 -0.129181
v 0.018911 -0.670419 -0.083240
v 0.019306 -0.670552 -0.129181
v 0.015968 -0.676195 -0.083240
v 0.016301 -0.676449 -0.129181
v 0.011384 -0.680780 -0.083240
v 0.011621 -0.681129 -0.129181
v 0.005607 -0.683723 -0.083240
v 0.005724 -0.684134 -0.129181
v -0.000796 -0.684737 -0.083240
v -0.000812 -0.685169 -0.129181
v -0.007199 -0.683723 -0.083240
v -0.007349 -0.684134 -0.129181
v 0.037726 -0.484706 0.009357
v 0.039668 -0.484706 -0.002901
v 0.037726 -0.459036 0.009358
v 0.039668 -0.459036 -0.002901
v 0.032092 -0.484706 0.020415
v 0.032092 -0.459036 0.020415
v 0.023316 -0.484706 0.029191
v 0.023316 -0.459036 0.029191
v 0.012258 -0.484706 0.034825
v 0.012258 -0.459036 0.034825
v 0.000000 -0.484706 0.036767
v 0.000000 -0.459036 0.036767
v -0.012258 -0.484706 0.034825
v -0.012258 -0.459036 0.034825
v -0.023316 -0.484706 0.029191
v -0.012258 -0.484706 0.034825
v -0.023316 -0.459036 0.029191
v -0.012258 -0.459036 0.034825
v -0.032092 -0.484706 0.020415
v -0.032092 -0.459036 0.020415
v -0.037726 -0.484706 0.009357
v -0.037726 -0.459036 0.009358
v -0.039668 -0.484706 -0.002901
v -0.039668 -0.459036 -0.002901
v -0.037726 -0.484706 -0.015159
v -0.037726 -0.459036 -0.015159
v -0.032092 -0.484706 -0.026217
v -0.032092 -0.459036 -0.026217
v 0.009661 -0.484706 -0.032634
v -0.009661 -0.484706 -0.032634
v -0.018376 -0.484706 -0.028193
v 0.018376 -0.484706 -0.028193
v 0.025292 -0.484706 -0.021277
v 0.029733 -0.484706 -0.012562
v 0.031263 -0.484706 -0.002901
v 0.029733 -0.484706 0.006760
v 0.025292 -0.484706 0.015475
v 0.018376 -0.484706 0.022392
v 0.009661 -0.484706 0.026832
v 0.000000 -0.484706 0.028362
v -0.009661 -0.484706 0.026832
v 0.000000 -0.484706 0.028362
v -0.018376 -0.484706 0.022392
v -0.025292 -0.484706 0.015475
v -0.029733 -0.484706 0.006760
v -0.031263 -0.484706 -0.002901
v -0.029733 -0.484706 -0.012562
v -0.025292 -0.484706 -0.021277
v -0.009289 -0.452655 -0.031489
v -0.010611 -0.459036 -0.035558
v -0.017668 -0.452655 -0.027219
v -0.020183 -0.459036 -0.030681
v 0.010611 -0.459036 -0.035558
v 0.009289 -0.452655 -0.031489
v 0.020184 -0.459036 -0.030681
v 0.017668 -0.452655 -0.027219
v 0.027780 -0.459036 -0.023084
v 0.024319 -0.452655 -0.020569
v 0.032658 -0.459036 -0.013512
v 0.028588 -0.452655 -0.012190
v 0.034338 -0.459036 -0.002901
v 0.030059 -0.452655 -0.002901
v 0.032658 -0.459036 0.007711
v 0.028588 -0.452655 0.006388
v 0.027780 -0.459036 0.017283
v 0.024319 -0.452655 0.014768
v 0.020184 -0.459036 0.024879
v 0.017668 -0.452655 0.021418
v 0.010611 -0.459036 0.029757
v 0.009289 -0.452655 0.025687
v 0.000000 -0.459036 0.031437
v 0.000000 -0.452655 0.027158
v 0.000000 -0.459036 0.031437
v 0.000000 -0.452655 0.027158
v -0.010611 -0.459036 0.029757
v -0.009289 -0.452655 0.025687
v -0.020183 -0.459036 0.024879
v -0.017668 -0.452655 0.021418
v -0.027780 -0.459036 0.017283
v -0.024318 -0.452655 0.014768
v -0.032657 -0.459036 0.007711
v -0.028588 -0.452655 0.006388
v -0.034338 -0.459036 -0.002901
v -0.030059 -0.452655 -0.002901
v -0.032657 -0.459036 -0.013512
v -0.028588 -0.452655 -0.012190
v -0.027780 -0.459036 -0.023084
v -0.024318 -0.452655 -0.020569
v -0.008965 0.047004 -0.030491
v 0.008965 0.047004 -0.030491
v 0.017052 0.047004 -0.026370
v 0.023469 0.047004 -0.019953
v 0.027590 0.047004 -0.011866
v 0.029010 0.047004 -0.002901
v 0.027590 0.047004 0.006064
v 0.023469 0.047004 0.014151
v 0.017052 0.047004 0.020569
v 0.008965 0.047004 0.024689
v 0.000000 0.047004 0.026109
v -0.008965 0.047004 0.024689
v 0.000000 0.047004 0.026109
v -0.017052 0.047004 0.020569
v -0.023469 0.047004 0.014151
v -0.027590 0.047004 0.006064
v -0.029010 0.047004 -0.002901
v -0.027590 0.047004 -0.011866
v -0.023469 0.047004 -0.019953
v -0.017052 0.047004 -0.026370
v 0.009661 -0.484706 -0.032634
v -0.009661 -0.484706 -0.032634
v 0.012258 -0.484706 -0.040627
v -0.012258 -0.484706 -0.040627
v -0.012258 -0.459036 -0.040627
v -0.010611 -0.459036 -0.035558
v 0.012258 -0.459036 -0.040627
v 0.010611 -0.459036 -0.035558
v 0.018376 -0.484706 -0.028193
v 0.023316 -0.484706 -0.034993
v 0.020184 -0.459036 -0.030681
v 0.023316 -0.459036 -0.034993
v 0.025292 -0.484706 -0.021277
v 0.032092 -0.484706 -0.026217
v 0.027780 -0.459036 -0.023084
v 0.032092 -0.459036 -0.026217
v 0.029733 -0.484706 -0.012562
v 0.037726 -0.484706 -0.015159
v 0.032658 -0.459036 -0.013512
v 0.037726 -0.459036 -0.015159
v 0.031263 -0.484706 -0.002901
v 0.039668 -0.484706 -0.002901
v 0.034338 -0.459036 -0.002901
v 0.039668 -0.459036 -0.002901
v 0.029733 -0.484706 0.006760
v 0.037726 -0.484706 0.009357
v 0.032658 -0.459036 0.007711
v 0.037726 -0.459036 0.009358
v 0.025292 -0.484706 0.015475
v 0.032092 -0.484706 0.020415
v 0.027780 -0.459036 0.017283
v 0.032092 -0.459036 0.020415
v 0.018376 -0.484706 0.022392
v 0.023316 -0.484706 0.029191
v 0.020184 -0.459036 0.024879
v 0.023316 -0.459036 0.029191
v 0.009661 -0.484706 0.026832
v 0.012258 -0.484706 0.034825
v 0.010611 -0.459036 0.029757
v 0.012258 -0.459036 0.034825
v 0.000000 -0.484706 0.028362
v 0.000000 -0.484706 0.036767
v 0.000000 -0.459036 0.031437
v 0.000000 -0.459036 0.036767
v -0.009661 -0.484706 0.026832
v -0.012258 -0.484706 0.034825
v 0.000000 -0.459036 0.031437
v -0.010611 -0.459036 0.029757
v 0.000000 -0.459036 0.036767
v -0.012258 -0.459036 0.034825
v -0.018376 -0.484706 0.022392
v -0.023316 -0.484706 0.029191
v -0.020183 -0.459036 0.024879
v -0.023316 -0.459036 0.029191
v -0.025292 -0.484706 0.015475
v -0.032092 -0.484706 0.020415
v -0.027780 -0.459036 0.017283
v -0.032092 -0.459036 0.020415
v -0.029733 -0.484706 0.006760
v -0.037726 -0.484706 0.009357
v -0.032657 -0.459036 0.007711
v -0.037726 -0.459036 0.009358
v -0.031263 -0.484706 -0.002901
v -0.039668 -0.484706 -0.002901
v -0.034338 -0.459036 -0.002901
v -0.039668 -0.459036 -0.002901
v -0.029733 -0.484706 -0.012562
v -0.037726 -0.484706 -0.015159
v -0.032657 -0.459036 -0.013512
v -0.037726 -0.459036 -0.015159
v -0.025292 -0.484706 -0.021277
v -0.032092 -0.484706 -0.026217
v -0.027780 -0.459036 -0.023084
v -0.032092 -0.459036 -0.026217
v -0.018376 -0.484706 -0.028193
v -0.023316 -0.484706 -0.034993
v -0.020183 -0.459036 -0.030681
v -0.023316 -0.459036 -0.036135
v -0.012258 -0.475577 -0.123314
v -0.011530 -0.478108 -0.119932
v -0.023316 -0.475587 -0.116538
v -0.021939 -0.478128 -0.114642
v 0.011531 -0.478108 -0.119932
v 0.012258 -0.475577 -0.123314
v -0.011530 -0.465635 -0.121074
v -0.012258 -0.468165 -0.123314
v -0.021939 -0.465615 -0.115784
v -0.023316 -0.468155 -0.116538
v 0.012258 -0.468165 -0.123314
v 0.011531 -0.465635 -0.121074
v 0.023316 -0.475587 -0.116538
v 0.021939 -0.478128 -0.114642
v 0.023316 -0.468156 -0.116538
v 0.021939 -0.465614 -0.114642
v 0.032092 -0.475656 -0.107762
v 0.031492 -0.478252 -0.104853
v 0.032092 -0.468085 -0.107762
v 0.031487 -0.465490 -0.104858
v 0.037726 -0.475618 -0.096704
v 0.037410 -0.478465 -0.092061
v 0.037726 -0.468349 -0.096704
v 0.037726 -0.465376 -0.091250
v 0.039409 -0.474892 -0.086083
v 0.039668 -0.478112 -0.082035
v 0.039409 -0.468851 -0.086083
v 0.039668 -0.465630 -0.082035
v -0.032092 -0.478102 -0.105482
v -0.032092 -0.465648 -0.105570
v -0.030779 -0.475260 -0.109075
v -0.030829 -0.468380 -0.109024
v 0.011531 -0.478108 -0.119932
v -0.011530 -0.478108 -0.119932
v 0.011531 -0.465635 -0.121074
v -0.011530 -0.465635 -0.121074
v 0.021939 -0.478128 -0.114642
v 0.021939 -0.465614 -0.114642
v 0.031492 -0.478252 -0.104853
v 0.031487 -0.465490 -0.104858
v 0.037410 -0.478465 -0.092061
v 0.037726 -0.465376 -0.091250
v 0.039668 -0.478112 -0.082035
v 0.039668 -0.465630 -0.082035
v -0.032092 -0.478102 -0.105482
v -0.021939 -0.478128 -0.114642
v -0.032092 -0.465648 -0.105570
v -0.021939 -0.465615 -0.115784
v -0.008965 -0.636426 -0.086778
v 0.008965 -0.636426 -0.086778
v 0.000000 -0.664016 -0.086777
v -0.017052 -0.687485 -0.086778
v -0.023469 -0.681067 -0.086778
v -0.027590 -0.672980 -0.086778
v -0.029010 -0.664016 -0.086778
v -0.027590 -0.655051 -0.086778
v -0.023469 -0.646964 -0.086778
v -0.017052 -0.640546 -0.086778
v 0.017052 -0.640546 -0.086778
v 0.023470 -0.646964 -0.086778
v 0.027590 -0.655051 -0.086778
v 0.029010 -0.664016 -0.086778
v 0.027590 -0.672980 -0.086778
v 0.023470 -0.681067 -0.086778
v 0.017052 -0.687485 -0.086778
v -0.011974 -0.672321 -0.137580
v -0.008848 -0.675447 -0.137580
v -0.004909 -0.677454 -0.137580
v -0.000543 -0.678146 -0.137580
v -0.013981 -0.668382 -0.137580
v -0.014673 -0.664016 -0.137580
v -0.013981 -0.659649 -0.137580
v -0.011974 -0.655710 -0.137580
v -0.008848 -0.652584 -0.137580
v -0.004909 -0.650577 -0.137580
v -0.000543 -0.649885 -0.137580
v 0.003824 -0.650577 -0.137580
v 0.007763 -0.652584 -0.137580
v 0.010889 -0.655710 -0.137580
v 0.012896 -0.659649 -0.137580
v 0.013588 -0.664015 -0.137580
v 0.012896 -0.668382 -0.137580
v 0.010889 -0.672321 -0.137580
v 0.007763 -0.675447 -0.137580
v 0.003824 -0.677454 -0.137580
v -0.000543 -0.664016 -0.137580
v -0.059885 -0.607350 -0.114937
v -0.061290 -0.603391 -0.118165
v -0.053603 -0.617416 -0.122948
v -0.053522 -0.615269 -0.128699
v -0.057320 -0.605103 -0.121798
v -0.051028 -0.615160 -0.133223
v -0.042220 -0.630555 -0.136635
v -0.040319 -0.629409 -0.141114
v -0.042902 -0.631672 -0.128398
v -0.004024 -0.648856 -0.107550
v -0.001138 -0.646328 -0.104715
v -0.008657 -0.646410 -0.102728
v -0.005869 -0.643968 -0.099360
v -0.004024 -0.648856 -0.107550
v -0.006095 -0.644166 -0.108450
v -0.001138 -0.646328 -0.104715
v -0.003307 -0.641724 -0.105083
v -0.002676 -0.641171 -0.099298
v -0.004951 -0.638105 -0.100494
v -0.002676 -0.641171 -0.099298
v -0.006852 -0.639770 -0.095099
v -0.028003 -0.618620 -0.078549
v -0.026503 -0.616787 -0.083598
v -0.040510 -0.605945 -0.085474
v -0.039990 -0.603415 -0.090461
v -0.025420 -0.616357 -0.091265
v -0.037934 -0.603689 -0.095749
v -0.047070 -0.596123 -0.103598
v -0.050672 -0.594089 -0.101108
v -0.049635 -0.598371 -0.096737
v -0.039677 -0.605216 -0.104088
v -0.035197 -0.607519 -0.098781
v -0.025612 -0.618082 -0.097528
v -0.028404 -0.618971 -0.103642
v -0.029058 -0.621101 -0.080141
v -0.038637 -0.610533 -0.083346
v -0.031848 -0.621988 -0.086743
v -0.043110 -0.608224 -0.090604
v -0.040510 -0.605945 -0.085474
v -0.028003 -0.618620 -0.078549
v -0.041505 -0.632005 -0.120427
v -0.050416 -0.620852 -0.118528
v -0.052258 -0.616238 -0.112234
v -0.040681 -0.629726 -0.112212
v -0.024808 -0.655500 -0.125350
v -0.022031 -0.658126 -0.127760
v -0.021890 -0.658003 -0.120998
v -0.017750 -0.660881 -0.122761
v -0.022907 -0.653834 -0.130745
v -0.019328 -0.655759 -0.126720
v -0.022031 -0.658126 -0.127760
v -0.017750 -0.660881 -0.122761
v -0.017308 -0.653989 -0.121964
v -0.015676 -0.659064 -0.118728
v -0.015676 -0.659064 -0.118728
v -0.019870 -0.656234 -0.116241
v -0.048825 -0.613230 -0.125718
v -0.051028 -0.615160 -0.133223
v -0.046977 -0.617838 -0.133964
v -0.038060 -0.628987 -0.137814
v -0.037236 -0.626709 -0.129112
v -0.040319 -0.629409 -0.141114
v -0.039046 -0.627775 -0.104595
v -0.051297 -0.613319 -0.106245
v -0.060138 -0.602382 -0.109795
v -0.061950 -0.597742 -0.112654
v -0.057576 -0.600138 -0.115518
v -0.061950 -0.597742 -0.112654
v -0.047865 -0.610313 -0.119079
v -0.035603 -0.624758 -0.121332
v -0.013375 -0.657048 -0.115031
v -0.017635 -0.654276 -0.111875
v -0.015074 -0.652032 -0.117597
v -0.013375 -0.657048 -0.115031
v -0.034470 -0.623766 -0.092277
v -0.046334 -0.608972 -0.095979
v -0.054557 -0.597493 -0.102730
v -0.007375 -0.651793 -0.109698
v -0.011869 -0.649224 -0.105391
v -0.009307 -0.646980 -0.111113
v -0.007375 -0.651793 -0.109698
v -0.042902 -0.605966 -0.108813
v -0.051995 -0.595249 -0.108452
v -0.031026 -0.620749 -0.109014
v -0.056162 -0.592671 -0.106656
v -0.056162 -0.592671 -0.106656
v -0.029045 -0.644756 -0.113809
v -0.030902 -0.646383 -0.120735
v -0.031800 -0.647169 -0.127740
v -0.027009 -0.642973 -0.107434
v -0.019147 -0.636086 -0.093288
v -0.021941 -0.638533 -0.097499
v -0.014471 -0.631989 -0.085923
v -0.016656 -0.633902 -0.088324
v -0.012599 -0.630348 -0.089401
v -0.006852 -0.639770 -0.095099
v -0.014471 -0.631989 -0.085923
v -0.011897 -0.629734 -0.095549
v -0.013224 -0.630896 -0.101158
v -0.015716 -0.633079 -0.106122
v -0.018509 -0.635526 -0.110333
v -0.023578 -0.639966 -0.120268
v -0.025613 -0.641750 -0.126642
v -0.029226 -0.644915 -0.137365
v -0.027471 -0.643377 -0.133568
v -0.030955 -0.646429 -0.134353
v -0.029226 -0.644915 -0.137365
v -0.022907 -0.653834 -0.130745
v 0.077484 -0.655006 -0.115473
v 0.081400 -0.656512 -0.118773
v 0.065734 -0.653183 -0.123319
v 0.067301 -0.654635 -0.129104
v 0.077484 -0.658417 -0.122335
v 0.065734 -0.656607 -0.133595
v 0.048324 -0.653322 -0.136736
v 0.047932 -0.655513 -0.141206
v 0.047932 -0.652079 -0.128491
v 0.009482 -0.670342 -0.107550
v 0.009482 -0.674179 -0.104715
v 0.014360 -0.668430 -0.102727
v 0.014360 -0.672135 -0.099360
v 0.009482 -0.670342 -0.107550
v 0.014360 -0.671835 -0.108450
v 0.009482 -0.674179 -0.104715
v 0.014360 -0.675541 -0.105083
v 0.014359 -0.676380 -0.099298
v 0.018153 -0.676659 -0.100494
v 0.018153 -0.674132 -0.095098
v 0.047932 -0.672093 -0.078456
v 0.048324 -0.674441 -0.083496
v 0.065734 -0.671415 -0.085102
v 0.067301 -0.673524 -0.090055
v 0.047932 -0.675527 -0.091172
v 0.065734 -0.674839 -0.095378
v 0.077484 -0.673234 -0.103061
v 0.081400 -0.671977 -0.100500
v 0.077484 -0.669823 -0.096200
v 0.065734 -0.672466 -0.103768
v 0.061034 -0.674222 -0.098511
v 0.046757 -0.674207 -0.097460
v 0.047932 -0.671545 -0.103562
v 0.046757 -0.669626 -0.080073
v 0.061034 -0.669649 -0.083075
v 0.047932 -0.666967 -0.086662
v 0.065734 -0.667901 -0.090283
v 0.065734 -0.671415 -0.085102
v 0.047932 -0.672093 -0.078456
v 0.077484 -0.669823 -0.096200
v 0.046757 -0.652928 -0.120494
v 0.061034 -0.653389 -0.118798
v 0.065734 -0.655027 -0.112554
v 0.047932 -0.655046 -0.112292
v 0.018153 -0.650261 -0.125350
v 0.014359 -0.650649 -0.127760
v 0.014360 -0.650837 -0.120998
v 0.009482 -0.652094 -0.122761
v 0.018153 -0.652788 -0.130745
v 0.014360 -0.654243 -0.126720
v 0.009482 -0.652094 -0.122761
v 0.014360 -0.656928 -0.121964
v 0.009482 -0.654850 -0.118728
v 0.009482 -0.654850 -0.118728
v 0.014360 -0.653522 -0.116241
v 0.077484 -0.658417 -0.122335
v 0.065734 -0.659592 -0.126039
v 0.065734 -0.656607 -0.133595
v 0.061034 -0.657963 -0.134234
v 0.046757 -0.657509 -0.137881
v 0.047932 -0.659625 -0.129191
v 0.047932 -0.655513 -0.141206
v 0.048324 -0.657597 -0.104646
v 0.067301 -0.657818 -0.106448
v 0.048324 -0.660530 -0.097857
v 0.067301 -0.661264 -0.100762
v 0.081401 -0.662408 -0.106175
v 0.081401 -0.658324 -0.110150
v 0.086100 -0.664299 -0.109655
v 0.086100 -0.660002 -0.113060
v 0.086100 -0.664299 -0.109655
v 0.081401 -0.665814 -0.111897
v 0.086100 -0.660002 -0.113060
v 0.081401 -0.661730 -0.115872
v 0.081400 -0.656512 -0.118773
v 0.067301 -0.665826 -0.113596
v 0.067301 -0.662380 -0.119282
v 0.048324 -0.665108 -0.114594
v 0.048324 -0.662175 -0.121383
v 0.009482 -0.657910 -0.115031
v 0.014360 -0.656493 -0.111875
v 0.014360 -0.659899 -0.117597
v 0.009482 -0.657910 -0.115031
v 0.014360 -0.663372 -0.113890
v 0.009482 -0.661509 -0.111933
v 0.009482 -0.661509 -0.111933
v 0.014360 -0.659966 -0.108168
v 0.048324 -0.663794 -0.092226
v 0.067301 -0.664866 -0.095776
v 0.081401 -0.666531 -0.102375
v 0.009482 -0.665886 -0.109698
v 0.014360 -0.664159 -0.105391
v 0.009482 -0.665886 -0.109698
v 0.014360 -0.667565 -0.111113
v 0.067301 -0.669428 -0.108610
v 0.081401 -0.669937 -0.108097
v 0.048324 -0.668372 -0.108963
v 0.081400 -0.671977 -0.100500
v 0.086100 -0.668597 -0.106250
v 0.086100 -0.668597 -0.106250
v 0.028992 -0.654066 -0.113808
v 0.028992 -0.651596 -0.120735
v 0.028992 -0.650403 -0.127740
v 0.028992 -0.659869 -0.101901
v 0.028992 -0.656772 -0.107434
v 0.028992 -0.667224 -0.093288
v 0.028992 -0.663510 -0.097499
v 0.028992 -0.673441 -0.085923
v 0.028992 -0.670537 -0.088324
v 0.028992 -0.675930 -0.089401
v 0.028992 -0.673441 -0.085923
v 0.028992 -0.676863 -0.095548
v 0.028992 -0.675099 -0.101158
v 0.028992 -0.671786 -0.106122
v 0.028992 -0.668073 -0.110333
v 0.028992 -0.664431 -0.114734
v 0.028992 -0.658628 -0.126642
v 0.028992 -0.661335 -0.120268
v 0.028992 -0.653825 -0.137365
v 0.028992 -0.656159 -0.133568
v 0.028992 -0.651526 -0.134353
v 0.028992 -0.653825 -0.137365
v -0.038353 -0.734653 -0.110463
v -0.041541 -0.737435 -0.113698
v -0.031226 -0.725042 -0.118457
v -0.033260 -0.725761 -0.124212
v -0.041380 -0.733082 -0.117324
v -0.034266 -0.723465 -0.128733
v -0.023126 -0.709583 -0.132119
v -0.024885 -0.708227 -0.136597
v -0.021836 -0.709808 -0.123882
v -0.020147 -0.667544 -0.103024
v -0.023553 -0.665777 -0.100190
v -0.020714 -0.672715 -0.098202
v -0.024004 -0.671009 -0.094835
v -0.020147 -0.667544 -0.103024
v -0.023737 -0.671147 -0.103924
v -0.023553 -0.665777 -0.100190
v -0.027027 -0.669441 -0.100557
v -0.027772 -0.669055 -0.094772
v -0.029781 -0.672264 -0.095968
v -0.027537 -0.673428 -0.090573
v -0.041778 -0.700057 -0.075462
v -0.049647 -0.717852 -0.071495
v -0.039513 -0.700776 -0.070064
v -0.047053 -0.717375 -0.065109
v -0.042566 -0.699192 -0.084080
v -0.050111 -0.715788 -0.080589
v -0.054043 -0.727295 -0.083669
v -0.054697 -0.731496 -0.074922
v -0.050989 -0.728879 -0.069409
v -0.048009 -0.716805 -0.091221
v -0.047424 -0.711712 -0.087231
v -0.040860 -0.698710 -0.091246
v -0.039033 -0.701007 -0.097031
v -0.036789 -0.700821 -0.072558
v -0.043346 -0.713827 -0.066591
v -0.034963 -0.703117 -0.078587
v -0.043934 -0.718918 -0.071557
v -0.047053 -0.717375 -0.065109
v -0.039513 -0.700776 -0.070064
v -0.050989 -0.728879 -0.069409
v -0.022032 -0.708376 -0.115907
v -0.029175 -0.720783 -0.114028
v -0.032819 -0.724216 -0.107739
v -0.024459 -0.708448 -0.107694
v -0.006346 -0.684418 -0.120824
v -0.004930 -0.680901 -0.123235
v -0.005096 -0.680815 -0.116472
v -0.003948 -0.675945 -0.118236
v -0.008590 -0.683254 -0.126219
v -0.008120 -0.679247 -0.122194
v -0.003948 -0.675945 -0.118236
v -0.010503 -0.678011 -0.117438
v -0.006395 -0.674676 -0.114202
v -0.006395 -0.674676 -0.114202
v -0.007480 -0.679579 -0.111716
v -0.041380 -0.733082 -0.117324
v -0.036871 -0.722114 -0.121223
v -0.034266 -0.723465 -0.128733
v -0.033235 -0.718678 -0.129464
v -0.026098 -0.706267 -0.133295
v -0.028524 -0.706340 -0.124593
v -0.024885 -0.708227 -0.136597
v -0.026876 -0.707638 -0.100075
v -0.035906 -0.724389 -0.101740
v -0.029444 -0.706325 -0.092759
v -0.038825 -0.722949 -0.093948
v -0.046305 -0.735093 -0.097889
v -0.042923 -0.736718 -0.105303
v -0.050142 -0.738444 -0.101529
v -0.046603 -0.740132 -0.108168
v -0.050142 -0.738444 -0.101529
v -0.049333 -0.733522 -0.104831
v -0.046603 -0.740132 -0.108168
v -0.045947 -0.735150 -0.111026
v -0.041541 -0.737435 -0.113698
v -0.042879 -0.720847 -0.107758
v -0.039956 -0.722289 -0.114574
v -0.033509 -0.704216 -0.109740
v -0.030940 -0.705530 -0.116811
v -0.009111 -0.673267 -0.110505
v -0.010117 -0.678211 -0.107349
v -0.013141 -0.676643 -0.113072
v -0.009111 -0.673267 -0.110505
v -0.016224 -0.675044 -0.109364
v -0.012306 -0.671610 -0.107407
v -0.012306 -0.671610 -0.107407
v -0.013201 -0.676612 -0.103642
v -0.032327 -0.704885 -0.085459
v -0.041964 -0.721542 -0.082282
v -0.049867 -0.733633 -0.083130
v -0.016192 -0.669595 -0.105172
v -0.016923 -0.674681 -0.100865
v -0.016192 -0.669595 -0.105172
v -0.019947 -0.673113 -0.106588
v -0.052908 -0.732055 -0.093731
v -0.046028 -0.719434 -0.099019
v -0.036395 -0.702775 -0.103171
v -0.054697 -0.731496 -0.074922
v -0.053851 -0.736963 -0.087690
v -0.053851 -0.736963 -0.087690
v -0.014757 -0.692203 -0.109283
v -0.012565 -0.693340 -0.116209
v -0.011506 -0.693889 -0.123214
v -0.019909 -0.689531 -0.097375
v -0.017159 -0.690957 -0.102908
v -0.026438 -0.686145 -0.088762
v -0.023141 -0.687854 -0.092974
v -0.031957 -0.683282 -0.081398
v -0.029379 -0.684620 -0.083799
v -0.034167 -0.682137 -0.084875
v -0.031957 -0.683282 -0.081398
v -0.034995 -0.681707 -0.091023
v -0.033429 -0.682519 -0.096632
v -0.030488 -0.684045 -0.101596
v -0.027191 -0.685754 -0.105808
v -0.023959 -0.687431 -0.110209
v -0.018807 -0.690102 -0.122117
v -0.021210 -0.688856 -0.115742
v -0.014544 -0.692314 -0.132840
v -0.016615 -0.691239 -0.129043
v -0.012503 -0.693372 -0.129828
v -0.014544 -0.692314 -0.132840
v 0.022619 0.337386 0.257637
v 0.020993 0.335792 0.257959
v 0.022619 0.345117 0.256074
v -0.021872 0.335792 0.257959
v 0.020993 0.346711 0.255751
v -0.023499 0.337386 0.257637
v -0.023499 0.345117 0.256074
v -0.021872 0.346711 0.255751
v 0.021231 0.340157 0.268441
v 0.022619 0.339318 0.267195
v 0.021231 0.346761 0.267106
v 0.022619 0.347049 0.265632
v 0.020993 0.337725 0.267517
v 0.020418 0.339360 0.268602
v 0.020418 0.347298 0.266536
v 0.020993 0.348346 0.265310
v -0.021872 0.337725 0.267517
v -0.021297 0.339360 0.268602
v -0.021297 0.347298 0.266536
v -0.021872 0.348346 0.265310
v -0.022111 0.346761 0.267106
v -0.023564 0.347049 0.265632
v -0.022111 0.340157 0.268441
v -0.023564 0.339318 0.267195
v 0.022619 0.337386 0.257637
v 0.022619 0.345117 0.256074
v 0.020993 0.346711 0.255751
v -0.021872 0.346711 0.255751
v -0.023499 0.345117 0.256074
v -0.023499 0.337386 0.257637
v -0.021872 0.335792 0.257959
v 0.020993 0.335792 0.257959
v -0.075216 -0.004351 -0.002324
v 0.000630 -0.004562 0.052164
v -0.073884 -0.004351 0.126956
v 0.076473 -0.004351 -0.002324
v 0.075141 -0.004351 0.126956
v 0.071148 -0.004351 0.157155
v 0.063520 -0.004351 0.175838
v 0.051284 -0.004351 0.191838
v 0.039921 -0.004438 0.201971
v 0.025184 -0.004550 0.207914
v 0.014850 -0.004629 0.209251
v 0.000628 -0.004738 0.211328
v -0.009357 -0.004662 0.211156
v -0.020811 -0.004574 0.209316
v -0.035489 -0.004462 0.203399
v -0.050027 -0.004351 0.191838
v -0.062263 -0.004351 0.175838
v -0.069891 -0.004351 0.157155
v -0.073884 -0.004351 -0.020835
v -0.069892 -0.004351 -0.040355
v -0.070517 -0.004351 -0.072993
v -0.062594 -0.004351 -0.083724
v -0.035322 -0.005146 -0.092468
v -0.021957 -0.005870 -0.094807
v -0.010159 -0.006508 -0.097874
v 0.000629 -0.007092 -0.098545
v 0.018599 -0.006119 -0.096480
v 0.039405 -0.004994 -0.091443
v 0.063851 -0.004351 -0.083724
v 0.071774 -0.004351 -0.072993
v 0.071149 -0.004351 -0.040355
v 0.075141 -0.004351 -0.020835
v 0.163777 0.161771 0.383873
v 0.165577 0.160355 0.383888
v 0.161503 0.161500 0.383856
v 0.165847 0.158081 0.383892
v 0.164431 0.156281 0.383882
v 0.162157 0.156011 0.383864
v 0.160358 0.157427 0.383850
v 0.160087 0.159701 0.383846
v 0.167415 0.166448 0.383880
v 0.162968 0.166882 0.383869
v 0.168040 0.158888 0.383892
v 0.160287 0.150893 0.383848
v 0.162968 0.150894 0.383869
v 0.157896 0.158888 0.383828
v 0.165453 0.150894 0.383880
v 0.159236 0.166325 0.383848
v 0.151603 0.161726 0.464748
v 0.162249 0.158946 0.464771
v 0.156835 0.167917 0.464758
v 0.167662 0.149981 0.464784
v 0.172898 0.156162 0.464794
v 0.171903 0.163975 0.464790
v 0.165245 0.168844 0.464776
v 0.152601 0.153905 0.464752
v 0.159255 0.149045 0.464767
vn 0.4407 0.5974 -0.6699
vn 0.5131 0.5624 -0.6484
vn 0.2983 0.3375 -0.8928
vn 0.2783 0.2981 -0.9131
vn 0.5292 0.7566 -0.3841
vn 0.6151 0.6939 -0.3743
vn 0.5638 0.8259 -0.0000
vn 0.6448 0.7644 -0.0000
vn 0.5289 0.7560 0.3858
vn 0.6147 0.6934 0.3760
vn 0.4402 0.5966 0.6710
vn 0.5124 0.5617 0.6495
vn 0.2977 0.3369 0.8932
vn 0.2778 0.2976 0.9134
vn 0.1134 -0.0723 0.9909
vn 0.1037 -0.0939 0.9902
vn -0.0274 -0.4282 0.9033
vn -0.0313 -0.4399 0.8975
vn -0.1383 -0.7227 0.6772
vn -0.1428 -0.7313 0.6669
vn -0.2088 -0.9096 0.3592
vn -0.2092 -0.9131 0.3500
vn -0.2306 -0.9731 0.0022
vn -0.2062 -0.9094 -0.3612
vn -0.2074 -0.9112 -0.3559
vn -0.2306 -0.9731 0.0017
vn -0.1388 -0.7234 -0.6764
vn -0.1429 -0.7323 -0.6658
vn -0.0274 -0.4305 -0.9022
vn -0.0333 -0.4446 -0.8951
vn 0.1136 -0.0724 -0.9909
vn 0.1039 -0.0941 -0.9901
vn 0.9880 0.1529 0.0196
vn 0.5133 0.5622 -0.6485
vn 0.9999 -0.0138 0.0040
vn 0.6153 0.6937 -0.3743
vn 0.6149 0.6932 0.3760
vn 0.5126 0.5615 0.6496
vn 0.9881 0.1529 -0.0177
vn 1.0000 -0.0019 0.0019
vn 0.9984 -0.0568 0.0019
vn 0.9992 -0.0294 0.0274
vn 0.9996 -0.0156 0.0233
vn 0.9996 -0.0271 -0.0000
vn 0.9995 -0.0294 0.0117
vn 0.9999 -0.0096 -0.0060
vn 0.9997 -0.0214 -0.0139
vn 1.0000 -0.0020 -0.0000
vn -0.3834 0.9142 0.1311
vn -0.7081 0.6988 0.1015
vn -0.3836 0.9141 0.1311
vn -0.7081 0.6987 0.1016
vn -0.9245 0.3773 0.0547
vn -0.9245 0.3772 0.0547
vn -1.0000 -0.0000 -0.0001
vn -0.9239 -0.3789 -0.0530
vn -0.9239 -0.3789 -0.0528
vn -0.7071 -0.7000 -0.1004
vn -0.7074 -0.6997 -0.0999
vn -0.3827 -0.9145 -0.1311
vn -0.0003 -0.9900 -0.1409
vn -0.0022 -0.9900 -0.1409
vn 0.0003 -0.9900 -0.1409
vn 0.3814 -0.9153 -0.1291
vn -0.0017 -0.9900 -0.1409
vn 0.3815 -0.9153 -0.1292
vn 0.7066 -0.7006 -0.0999
vn 0.7065 -0.7006 -0.0998
vn 0.9237 -0.3794 -0.0533
vn 0.9237 -0.3795 -0.0530
vn 0.9239 0.3788 0.0544
vn 0.7073 0.6996 0.1016
vn 0.7073 0.6995 0.1019
vn 0.3819 0.9146 0.1332
vn -0.0000 0.9898 0.1426
vn -0.0019 0.9897 0.1430
vn -0.0018 0.9897 0.1430
vn -0.3836 0.9139 0.1331
vn -0.0017 0.9897 0.1429
vn 0.3819 0.9146 0.1330
vn 0.9239 0.3788 0.0543
vn 0.9241 0.3781 0.0547
vn 1.0000 -0.0000 0.0019
vn 0.9236 -0.3796 -0.0528
vn 0.3813 -0.9151 -0.1310
vn 0.3816 -0.9150 -0.1310
vn -0.0023 -0.9900 -0.1409
vn -0.3829 -0.9144 -0.1309
vn -0.7075 -0.6997 -0.0997
vn -0.9239 -0.3789 -0.0531
vn -1.0000 -0.0000 -0.0000
vn -0.9244 0.3774 0.0547
vn -0.9244 0.3775 0.0547
vn -0.7083 0.6985 0.1017
vn -0.0000 0.9897 0.1430
vn -0.3834 0.9140 0.1328
vn -0.0000 0.9899 0.1420
vn -0.3835 0.9139 0.1330
vn 0.3819 0.9146 0.1331
vn 0.3820 0.9146 0.1329
vn 0.9242 0.3780 0.0548
vn 1.0000 -0.0019 -0.0000
vn 0.9236 -0.3796 -0.0530
vn 0.3814 -0.9151 -0.1310
vn -0.3827 -0.9145 -0.1312
vn -0.7074 -0.6997 -0.0998
vn -0.7071 -0.6999 -0.1004
vn -0.7082 0.6987 0.1016
vn -0.0020 -0.1428 0.9897
vn -0.0000 -0.1420 0.9899
vn -0.0018 -0.1427 0.9898
vn -0.0019 -0.1428 0.9898
vn -0.0017 -0.1427 0.9898
vn -0.0000 -0.1426 0.9898
vn -0.0000 -0.1428 0.9898
vn -0.0000 -0.1428 0.9897
vn 0.0001 -0.1419 0.9899
vn -0.0000 -0.1427 0.9898
vn -0.0000 -0.1424 0.9898
vn -0.0000 -0.1429 0.9897
vn 0.0001 -0.1420 0.9899
vn -0.0000 -0.1422 0.9898
vn -0.0000 -0.1432 0.9897
vn -0.0016 -0.1426 0.9898
vn -0.0019 -0.1427 0.9898
vn -0.0017 -0.1426 0.9898
vn -0.0018 -0.1426 0.9898
vn -0.0020 -0.1428 0.9898
vn 0.0001 0.1419 -0.9899
vn -0.0000 0.1413 -0.9900
vn -0.0000 0.1412 -0.9900
vn 0.0001 0.1420 -0.9899
vn -0.0000 0.1415 -0.9899
vn -0.0000 0.1420 -0.9899
vn -0.0000 0.1411 -0.9900
vn -0.0000 0.1421 -0.9899
vn -0.0017 0.1412 -0.9900
vn -0.0019 0.1411 -0.9900
vn -0.0019 0.1412 -0.9900
vn -0.0016 0.1413 -0.9900
vn -0.0017 0.1413 -0.9900
vn -0.0018 0.1412 -0.9900
vn -0.0020 0.1411 -0.9900
vn -0.0016 -0.1427 0.9898
vn -0.0000 -0.1423 0.9898
vn -0.0000 -0.1425 0.9898
vn -0.3836 0.9046 -0.1861
vn -0.7088 0.6912 -0.1410
vn -0.3835 0.9046 -0.1861
vn -0.7087 0.6912 -0.1411
vn -0.9245 0.3735 -0.0763
vn -0.9245 0.3734 -0.0763
vn -1.0000 -0.0000 0.0020
vn -0.9237 -0.3750 0.0781
vn -0.9238 -0.3749 0.0779
vn -0.7075 -0.6922 0.1427
vn -0.7071 -0.6925 0.1428
vn -0.3828 -0.9047 0.1871
vn -0.3827 -0.9048 0.1866
vn -0.0003 -0.9791 0.2033
vn -0.0003 -0.9791 0.2032
vn 0.0003 -0.9791 0.2032
vn 0.3812 -0.9052 0.1877
vn 0.0003 -0.9791 0.2033
vn 0.3814 -0.9052 0.1876
vn 0.7071 -0.6925 0.1428
vn 0.9235 -0.3756 0.0782
vn 0.9236 -0.3754 0.0780
vn 1.0000 -0.0000 0.0020
vn 0.9242 0.3741 -0.0765
vn 0.9241 0.3743 -0.0767
vn 0.7077 0.6922 -0.1415
vn 0.7077 0.6922 -0.1414
vn 0.3827 0.9048 -0.1866
vn -0.0000 0.9794 -0.2020
vn -0.0000 0.9795 -0.2016
vn -0.0018 0.2014 0.9795
vn -0.0000 0.2019 0.9794
vn -0.0000 0.2020 0.9794
vn -0.0000 0.2016 0.9795
vn -0.0019 0.2014 0.9795
vn -0.0000 0.2014 0.9795
vn -0.0000 0.2015 0.9795
vn -0.0000 0.2017 0.9794
vn -0.0017 0.2015 0.9795
vn -0.0018 0.2015 0.9795
vn -0.0016 0.2015 0.9795
vn -0.0014 0.2015 0.9795
vn -0.3837 0.9045 -0.1860
vn -0.7087 0.6913 -0.1411
vn -0.9244 0.3736 -0.0764
vn -1.0000 -0.0000 0.0019
vn -0.9238 -0.3749 0.0776
vn -0.9238 -0.3749 0.0777
vn -0.7076 -0.6921 0.1428
vn -0.7076 -0.6921 0.1427
vn -0.3829 -0.9046 0.1875
vn -0.3829 -0.9046 0.1873
vn -0.0023 -0.9791 0.2033
vn -0.0022 -0.9791 0.2033
vn -0.0017 -0.9791 0.2033
vn 0.3813 -0.9052 0.1877
vn -0.0017 -0.9791 0.2032
vn 0.3815 -0.9052 0.1875
vn 0.9235 -0.3756 0.0783
vn 1.0000 -0.0000 -0.0000
vn 0.9240 0.3745 -0.0770
vn 0.7078 0.6921 -0.1412
vn 0.3821 0.9052 -0.1861
vn 0.3824 0.9050 -0.1864
vn -0.0018 0.9794 -0.2018
vn -0.0019 0.9794 -0.2018
vn -0.3827 -0.0000 -0.9239
vn -0.7081 -0.0000 -0.7061
vn -0.9244 -0.0000 -0.3813
vn -0.9245 -0.0000 -0.3812
vn -0.9239 -0.0000 0.3827
vn -0.7071 -0.0000 0.7071
vn -0.3827 -0.0000 0.9239
vn -0.0000 -0.0000 1.0000
vn 0.3812 -0.0000 0.9245
vn 0.3813 -0.0000 0.9244
vn 0.7061 -0.0000 0.7081
vn 0.7062 -0.0000 0.7081
vn 0.9239 -0.0000 0.3827
vn 0.9242 -0.0019 -0.3819
vn 0.9242 -0.0018 -0.3819
vn 0.7071 -0.0000 -0.7071
vn 0.3827 -0.0000 -0.9239
vn 0.0003 -0.0000 -1.0000
vn -0.0003 -0.0000 -1.0000
vn -0.0118 0.9996 -0.0255
vn -0.0215 0.9996 -0.0196
vn -0.0000 1.0000 0.0020
vn -0.0274 0.9996 -0.0098
vn -0.0292 0.9996 -0.0000
vn -0.0274 0.9996 0.0118
vn -0.0216 0.9995 0.0216
vn -0.0118 0.9996 0.0274
vn -0.0019 0.9996 0.0294
vn 0.0099 0.9996 0.0273
vn 0.0196 0.9996 0.0216
vn 0.0255 0.9996 0.0118
vn 0.0279 0.9996 -0.0000
vn 0.0256 0.9996 -0.0099
vn 0.0197 0.9996 -0.0196
vn 0.0098 0.9996 -0.0255
vn -0.0019 0.9996 -0.0274
vn -0.0020 0.9996 -0.0274
vn -0.3833 -0.0000 -0.9236
vn 0.9239 -0.0000 -0.3827
vn 1.0000 -0.0000 0.0018
vn 0.7062 -0.0000 0.7080
vn 0.3813 -0.0000 0.9245
vn -0.9238 -0.0017 0.3828
vn -0.9238 -0.0016 0.3828
vn -1.0000 -0.0018 -0.0000
vn -0.9244 -0.0017 -0.3813
vn -0.9244 -0.0018 -0.3813
vn -0.7080 -0.0000 -0.7062
vn -0.0000 1.0000 -0.0000
vn -0.0020 1.0000 -0.0000
vn -0.0019 1.0000 -0.0000
vn 0.2464 -0.2835 0.9268
vn 0.0625 -0.2130 0.9751
vn 0.2426 -0.2444 0.9388
vn 0.0664 -0.1953 0.9785
vn 0.4614 -0.3636 0.8093
vn 0.4621 -0.2957 0.8361
vn 0.6315 -0.4242 0.6491
vn 0.6555 -0.3307 0.6790
vn 0.7625 -0.4614 0.4536
vn 0.8061 -0.3444 0.4813
vn 0.8707 -0.4676 0.1526
vn 0.9282 -0.3348 0.1625
vn 0.8900 -0.4557 0.0156
vn 0.9495 -0.3132 0.0176
vn 0.8457 -0.4659 -0.2604
vn 0.8793 -0.4621 -0.1155
vn 0.8982 -0.3405 -0.2779
vn 0.9383 -0.3232 -0.1234
vn 0.7653 -0.4561 -0.4541
vn 0.8013 -0.3546 -0.4819
vn 0.6328 -0.4172 -0.6523
vn 0.6504 -0.3467 -0.6759
vn 0.4660 -0.3544 -0.8107
vn 0.4602 -0.3192 -0.8284
vn 0.2509 -0.2724 -0.9289
vn 0.2487 -0.2702 -0.9301
vn 0.0646 -0.1957 -0.9785
vn 0.0725 -0.2174 -0.9734
vn 0.8901 -0.4558 -0.0000
vn 0.9483 -0.3174 0.0019
vn 0.4033 -0.5814 -0.7067
vn 0.2428 -0.5855 -0.7735
vn 0.0920 -0.5346 -0.8401
vn 0.8846 -0.4482 -0.1292
vn 0.9551 -0.2955 0.0215
vn 0.6424 -0.7634 -0.0666
vn 0.9751 -0.2193 0.0333
vn 0.9781 -0.2019 0.0510
vn 0.9635 -0.2644 0.0431
vn 0.9385 0.3449 0.0157
vn 0.9393 0.3432 0.0020
vn 0.7461 0.6658 0.0098
vn 0.7434 0.6689 0.0020
vn 0.9545 0.2979 0.0157
vn 0.9551 0.2962 0.0020
vn 0.4567 0.8896 0.0021
vn 0.4315 0.9021 0.0020
vn 0.3192 0.9477 -0.0000
vn 0.3139 0.9495 0.0039
vn 0.9726 -0.2309 0.0254
vn 0.9786 -0.2055 0.0039
vn 0.9520 0.3056 0.0157
vn 0.9527 0.3039 -0.0000
vn 0.9425 -0.3038 -0.1391
vn 0.9423 0.3135 -0.1176
vn 0.9394 0.3219 -0.1178
vn 0.3646 0.9312 0.0020
vn 0.3650 0.9310 0.0003
vn 0.3646 0.9311 0.0018
vn 0.3074 0.9516 0.0059
vn 0.3606 0.9326 -0.0137
vn 0.2605 0.9654 0.0117
vn 0.4887 -0.2678 0.8304
vn 0.2894 -0.2308 0.9290
vn 0.8261 -0.3054 0.4737
vn 0.9453 -0.2818 0.1644
vn 0.6795 -0.2957 0.6715
vn 0.9311 0.3293 0.1568
vn 0.9352 0.3176 0.1569
vn 0.8066 0.3661 0.4640
vn 0.8134 0.3450 0.4684
vn 0.4878 0.3467 0.8012
vn 0.4897 0.3154 0.8129
vn 0.2408 0.3034 0.9219
vn 0.2424 0.2678 0.9325
vn 0.6658 0.3662 0.6501
vn 0.6712 0.3385 0.6595
vn 0.8744 -0.3951 -0.2817
vn 0.7449 -0.4881 -0.4548
vn 0.4882 0.3353 -0.8058
vn 0.2409 0.2898 -0.9263
vn 0.4902 0.3176 -0.8117
vn 0.2409 0.2703 -0.9322
vn 0.9000 0.3432 -0.2687
vn 0.8088 0.3585 -0.4661
vn 0.9039 0.3332 -0.2681
vn 0.8141 0.3453 -0.4669
vn 0.6680 0.3546 -0.6543
vn 0.6721 0.3390 -0.6584
vn 0.5776 -0.5502 -0.6031
vn 0.4511 0.8924 -0.0137
vn 0.7304 0.6798 -0.0666
vn 0.9245 0.3644 -0.1116
vn 0.6865 -0.6318 -0.3599
vn 0.8670 -0.4660 -0.1764
vn 0.6660 -0.7263 -0.1704
vn 0.5385 -0.8362 -0.1038
vn 0.2411 0.9665 0.0883
vn 0.2976 0.7557 0.5834
vn 0.3568 0.9312 0.0745
vn 0.4801 0.7290 0.4879
vn 0.2954 0.9553 -0.0140
vn 0.3097 0.9507 -0.0157
vn 0.2642 0.3464 0.9001
vn 0.5005 0.3754 0.7801
vn 0.4485 0.8931 -0.0333
vn 0.7114 0.6860 -0.1529
vn 0.4393 0.8963 -0.0608
vn 0.6637 0.6990 -0.2663
vn 0.8892 0.3800 -0.2546
vn 0.8060 0.3923 -0.4432
vn 0.9646 -0.1604 0.2094
vn 0.9398 -0.2839 0.1900
vn 0.8324 -0.2704 0.4837
vn 0.8538 -0.1605 0.4953
vn 0.7126 -0.1410 0.6872
vn 0.6905 -0.2445 0.6808
vn 0.3995 0.9145 0.0646
vn 0.3115 0.9501 -0.0176
vn 0.5902 0.7078 0.3882
vn 0.4309 0.9009 0.0529
vn 0.6705 0.6901 0.2725
vn 0.6734 0.3896 0.6283
vn 0.8053 0.3899 0.4467
vn 0.9202 0.3622 0.1488
vn 0.7422 0.6639 0.0920
vn 0.4643 0.8854 0.0216
vn 0.4177 0.9041 -0.0902
vn 0.5819 0.7210 -0.3762
vn 0.4745 0.7412 -0.4748
vn 0.3856 0.9121 -0.1390
vn 0.6721 0.3939 -0.6270
vn 0.4995 0.3819 -0.7776
vn 0.2938 0.7600 -0.5798
vn 0.2626 0.3546 -0.8974
vn 0.2469 0.9521 -0.1803
vn 0.4056 -0.7680 -0.4957
vn 0.2935 -0.8976 -0.3289
vn 0.1545 -0.8196 -0.5516
vn 0.0861 -0.8201 -0.5657
vn 0.2645 -0.8051 -0.5309
vn 0.4872 -0.2035 0.8492
vn 0.2795 -0.1642 0.9460
vn 0.5048 -0.1193 0.8550
vn 0.0957 -0.1915 0.9768
vn 0.1135 -0.1350 0.9843
vn -0.0019 -0.2014 0.9795
vn -0.0000 -0.1897 0.9818
vn 0.0607 0.2232 0.9729
vn 0.0567 0.2619 0.9634
vn 0.0724 0.2974 0.9520
vn 0.0920 0.7459 0.6597
vn 0.0001 0.3017 0.9534
vn -0.0020 0.7570 0.6534
vn -0.0000 0.2190 0.9757
vn 0.0882 0.9911 0.1002
vn 0.1783 0.9840 -0.0000
vn -0.0019 0.9999 0.0118
vn 0.0001 0.9948 0.1021
vn 0.2134 0.9770 -0.0000
vn 0.1214 0.9926 -0.0059
vn 0.2078 0.9782 0.0059
vn 0.0941 0.9702 -0.2235
vn 0.0903 0.7396 -0.6670
vn -0.0000 0.7461 -0.6658
vn 0.0002 0.9719 -0.2354
vn -0.0000 0.9998 -0.0177
vn 0.0706 0.3098 -0.9482
vn 0.0607 0.2273 -0.9719
vn -0.0019 0.2213 -0.9752
vn 0.0001 0.3135 -0.9496
vn 0.0568 0.2468 -0.9674
vn -0.0000 0.2388 -0.9711
vn -0.0000 -0.1841 -0.9829
vn -0.0000 -0.2115 -0.9774
vn -0.0020 -0.5148 -0.8573
vn 0.0176 -0.8162 -0.5775
vn 0.0353 -0.8387 -0.5434
vn 0.1134 -0.9305 -0.3483
vn 0.0295 -0.9287 -0.3696
vn 0.0137 -0.1252 0.9920
vn -0.0000 -0.1818 0.9833
vn -0.0019 0.2545 0.9671
vn -0.0017 1.0000 0.0039
vn -0.0744 -0.2174 -0.9733
vn -0.2505 -0.2701 -0.9297
vn -0.0665 -0.1957 -0.9784
vn -0.2527 -0.2723 -0.9284
vn -0.4618 -0.3189 -0.8277
vn -0.4694 -0.3521 -0.8097
vn -0.2446 -0.5852 -0.7731
vn -0.4049 -0.5809 -0.7061
vn -0.0940 -0.5345 -0.8399
vn -0.8850 -0.4474 -0.1289
vn -0.6436 -0.7625 -0.0665
vn -0.9553 -0.2950 0.0215
vn -0.9752 -0.2189 0.0332
vn -0.1789 0.9839 0.0006
vn -0.3133 0.9497 -0.0000
vn -0.1999 0.9798 0.0020
vn -0.2938 0.9559 -0.0039
vn -0.3425 0.9395 -0.0020
vn -0.3115 0.9502 -0.0059
vn -0.3092 0.9510 -0.0059
vn -0.3115 0.9502 -0.0039
vn -0.9485 -0.3168 0.0019
vn -0.9497 -0.3126 0.0176
vn -0.9010 -0.4339 -0.0000
vn -0.9001 -0.4354 0.0156
vn -0.9787 -0.2051 0.0039
vn -0.9727 -0.2305 0.0254
vn -0.9385 -0.3226 -0.1232
vn -0.9428 -0.3032 -0.1389
vn -0.8896 -0.4419 -0.1154
vn -0.9546 0.2973 0.0156
vn -0.9553 0.2956 0.0020
vn -0.9522 0.3050 0.0157
vn -0.9529 0.3033 -0.0000
vn -0.9425 0.3129 -0.1174
vn -0.9397 0.3211 -0.1175
vn -0.3663 0.9305 0.0020
vn -0.3662 0.9305 0.0019
vn -0.3654 0.9309 0.0005
vn -0.2979 0.9546 0.0039
vn -0.3623 0.9320 -0.0137
vn -0.2623 0.9649 0.0117
vn -0.3663 0.9305 0.0019
vn -0.4647 -0.3613 0.8084
vn -0.4636 -0.2954 0.8353
vn -0.2482 -0.2834 0.9263
vn -0.2444 -0.2444 0.9384
vn -0.4900 -0.2678 0.8296
vn -0.2912 -0.2306 0.9284
vn -0.9284 -0.3342 0.1623
vn -0.8810 -0.4473 0.1543
vn -0.7719 -0.4436 0.4554
vn -0.8068 -0.3438 0.4805
vn -0.9455 -0.2813 0.1641
vn -0.8267 -0.3049 0.4729
vn -0.6387 -0.4141 0.6485
vn -0.6566 -0.3303 0.6781
vn -0.6804 -0.2956 0.6705
vn -0.9314 0.3287 0.1566
vn -0.9354 0.3170 0.1566
vn -0.8140 0.3444 0.4677
vn -0.8073 0.3656 0.4633
vn -0.2442 0.2677 0.9320
vn -0.4912 0.3151 0.8121
vn -0.2426 0.3033 0.9215
vn -0.4893 0.3464 0.8004
vn -0.6723 0.3381 0.6586
vn -0.6669 0.3657 0.6493
vn -0.8020 -0.3540 -0.4812
vn -0.8986 -0.3399 -0.2774
vn -0.7726 -0.4400 -0.4577
vn -0.8548 -0.4479 -0.2621
vn -0.8748 -0.3945 -0.2812
vn -0.7458 -0.4874 -0.4541
vn -0.4897 0.3349 -0.8050
vn -0.4916 0.3173 -0.8109
vn -0.2427 0.2897 -0.9258
vn -0.2427 0.2701 -0.9317
vn -0.9004 0.3426 -0.2682
vn -0.9040 0.3329 -0.2681
vn -0.8095 0.3579 -0.4654
vn -0.8148 0.3447 -0.4661
vn -0.6691 0.3541 -0.6534
vn -0.6731 0.3385 -0.6575
vn -0.5789 -0.5496 -0.6024
vn -0.6515 -0.3463 -0.6750
vn -0.6419 -0.4071 -0.6498
vn -0.9782 -0.2015 0.0509
vn -0.9636 -0.2639 0.0430
vn -0.4331 0.9014 0.0020
vn -0.4582 0.8889 0.0020
vn -0.7443 0.6679 0.0020
vn -0.7469 0.6648 0.0098
vn -0.4527 0.8916 -0.0137
vn -0.7314 0.6787 -0.0665
vn -0.9395 0.3425 0.0019
vn -0.9387 0.3442 0.0157
vn -0.9248 0.3637 -0.1114
vn -0.6876 -0.6309 -0.3594
vn -0.6671 -0.7253 -0.1701
vn -0.8675 -0.4652 -0.1761
vn -0.5399 -0.8353 -0.1037
vn -0.2329 0.9669 0.1038
vn -0.3723 0.9229 0.0980
vn -0.2994 0.7552 0.5831
vn -0.4816 0.7283 0.4874
vn -0.2660 0.3462 0.8997
vn -0.5020 0.3750 0.7793
vn -0.4501 0.8924 -0.0333
vn -0.7124 0.6850 -0.1527
vn -0.4409 0.8955 -0.0608
vn -0.6648 0.6981 -0.2659
vn -0.8897 0.3793 -0.2542
vn -0.8067 0.3916 -0.4425
vn -0.9647 -0.1601 0.2090
vn -0.9401 -0.2834 0.1896
vn -0.8547 -0.1601 0.4938
vn -0.8330 -0.2699 0.4830
vn -0.7016 -0.1446 0.6977
vn -0.6858 -0.2425 0.6862
vn -0.1076 -0.1291 0.9858
vn -0.1173 -0.1075 0.9873
vn 0.0134 -0.1252 0.9920
vn 0.0390 -0.1172 0.9923
vn -0.4073 0.9104 0.0724
vn -0.5914 0.7070 0.3878
vn -0.4347 0.8989 0.0548
vn -0.6716 0.6892 0.2721
vn -0.6744 0.3890 0.6275
vn -0.8059 0.3893 0.4460
vn -0.9205 0.3615 0.1485
vn -0.7430 0.6629 0.0919
vn -0.4658 0.8846 0.0215
vn -0.4194 0.9033 -0.0902
vn -0.5832 0.7203 -0.3757
vn -0.3873 0.9114 -0.1389
vn -0.4761 0.7406 -0.4742
vn -0.6732 0.3934 -0.6262
vn -0.5009 0.3816 -0.7768
vn -0.2644 0.3545 -0.8969
vn -0.2956 0.7595 -0.5794
vn -0.2487 0.9517 -0.1801
vn -0.4013 -0.7693 -0.4972
vn -0.2856 -0.9031 -0.3208
vn -0.0920 -0.8141 -0.5734
vn -0.1741 -0.8157 -0.5516
vn -0.2678 -0.8034 -0.5317
vn -0.4889 -0.2014 0.8488
vn -0.2833 -0.1583 0.9459
vn -0.0976 -0.1914 0.9766
vn -0.0683 -0.1953 0.9784
vn -0.0645 -0.2129 0.9749
vn -0.0586 0.2618 0.9633
vn -0.0626 0.2231 0.9728
vn -0.0744 0.2974 0.9519
vn -0.0940 0.7457 0.6596
vn -0.0001 0.3017 0.9534
vn -0.0882 0.9909 0.1021
vn -0.0001 0.9948 0.1021
vn -0.0020 0.9999 0.0118
vn -0.1644 0.9864 0.0039
vn -0.1233 0.9923 -0.0059
vn -0.0960 0.9700 -0.2234
vn -0.0922 0.7394 -0.6669
vn -0.0002 0.9719 -0.2354
vn -0.0726 0.3098 -0.9480
vn -0.0627 0.2273 -0.9718
vn -0.0001 0.3135 -0.9496
vn -0.0020 0.2213 -0.9752
vn -0.0587 0.2467 -0.9673
vn -0.0020 -0.2014 0.9795
vn -0.0020 0.2545 0.9671
vn -0.0022 1.0000 0.0039
vn 0.0176 -0.8162 -0.5774
vn -0.4977 -0.1210 0.8588
vn -0.2914 -0.1076 0.9505
vn 0.0393 -0.1172 0.9923
vn 0.1368 -0.1231 0.9829
vn 0.2894 -0.1152 0.9503
vn 0.1584 -0.9364 -0.3131
vn 0.0350 -0.8388 -0.5432
vn 0.0293 -0.9289 -0.3693
vn -0.0940 -0.9296 -0.3565
vn -0.1292 -0.9313 -0.3407
vn -0.1624 -0.9310 -0.3269
vn 0.9898 0.1411 0.0177
vn 0.9557 -0.2938 0.0176
vn 0.9906 0.1370 -0.0000
vn 0.9540 -0.2997 -0.0000
vn 0.9709 0.1723 0.1664
vn 0.9451 -0.2778 0.1722
vn 0.4855 0.2682 0.8321
vn 0.2388 0.2663 0.9338
vn 0.4750 -0.1037 0.8738
vn 0.2305 -0.0195 0.9729
vn 0.6718 -0.1626 0.7227
vn 0.6751 0.2642 0.6888
vn 0.0528 0.2523 0.9662
vn 0.0509 0.0506 0.9974
vn -0.0000 0.2504 0.9682
vn -0.0000 0.0391 0.9992
vn 0.8367 0.2410 0.4918
vn 0.8337 -0.2192 0.5069
vn 0.8375 -0.2060 -0.5061
vn 0.8397 0.2333 -0.4904
vn 0.9230 -0.2528 -0.2900
vn 0.9383 0.1998 -0.2821
vn 0.6779 0.2547 -0.6896
vn 0.6759 -0.1431 -0.7229
vn 0.9523 -0.2783 -0.1254
vn 0.9773 0.1724 -0.1234
vn 0.4761 -0.0784 -0.8759
vn 0.4860 0.2586 -0.8348
vn 0.2391 0.2548 -0.9370
vn 0.2310 0.0078 -0.9729
vn 0.0529 0.2408 -0.9691
vn 0.0510 0.0784 -0.9956
vn -0.0000 0.2503 0.9682
vn -0.0528 0.0508 0.9973
vn -0.0548 0.2523 0.9661
vn -0.0000 0.2370 -0.9715
vn -0.0000 0.0686 -0.9976
vn -0.0529 0.0784 -0.9955
vn -0.0548 0.2408 -0.9690
vn -0.4880 -0.1035 0.8667
vn -0.4943 0.2637 0.8283
vn -0.6824 -0.1662 0.7118
vn -0.6877 0.2442 0.6837
vn -0.2407 0.2661 0.9334
vn -0.2324 -0.0196 0.9724
vn -0.8317 -0.2207 0.5095
vn -0.8443 0.2111 0.4925
vn -0.9447 -0.2778 0.1741
vn -0.9771 0.1329 0.1661
vn -0.9947 0.1016 0.0176
vn -0.9952 0.0978 -0.0000
vn -0.9564 -0.2914 0.0176
vn -0.9549 -0.2969 -0.0000
vn -0.8471 0.2034 -0.4911
vn -0.6893 0.2349 -0.6854
vn -0.8359 -0.2056 -0.5090
vn -0.6866 -0.1467 -0.7121
vn -0.9223 -0.2541 -0.2912
vn -0.9444 0.1661 -0.2838
vn -0.9522 -0.2777 -0.1271
vn -0.9832 0.1349 -0.1231
vn -0.4958 0.2528 -0.8309
vn -0.2410 0.2547 -0.9365
vn -0.4914 -0.0783 -0.8674
vn -0.2329 0.0078 -0.9725
vn 0.2463 -0.2835 0.9268
vn 0.4612 -0.3638 0.8093
vn 0.6313 -0.4245 0.6490
vn 0.7624 -0.4616 0.4535
vn 0.8899 -0.4560 0.0157
vn 0.8705 -0.4679 0.1527
vn 0.7652 -0.4563 -0.4541
vn 0.8455 -0.4662 -0.2603
vn 0.8791 -0.4624 -0.1155
vn 0.4660 -0.3545 -0.8107
vn 0.6326 -0.4175 -0.6523
vn 0.2508 -0.2724 -0.9289
vn 0.8900 -0.4561 -0.0000
vn -0.0000 -0.1840 -0.9829
vn -0.4646 -0.3615 0.8084
vn -0.0645 -0.2130 0.9749
vn -0.6386 -0.4144 0.6485
vn -0.7718 -0.4438 0.4553
vn -0.8808 -0.4476 0.1544
vn -0.9000 -0.4357 0.0157
vn -0.8546 -0.4482 -0.2621
vn -0.7725 -0.4403 -0.4576
vn -0.8895 -0.4422 -0.1153
vn -0.6418 -0.4073 -0.6497
vn -0.4692 -0.3523 -0.8098
vn -0.2527 -0.2723 -0.9285
vn -0.9009 -0.4341 -0.0001
vn 0.9857 -0.1626 0.0451
vn 0.9949 -0.0959 -0.0314
vn 0.9972 -0.0627 0.0411
vn 0.9984 -0.0372 -0.0431
vn 0.0941 0.9956 0.0019
vn 0.1824 0.9804 -0.0745
vn 0.0489 0.9988 0.0078
vn -0.0745 0.9956 -0.0568
vn -0.0664 -0.9969 -0.0411
vn 0.1446 -0.9866 -0.0762
vn 0.0350 -0.9989 -0.0311
vn -0.1016 -0.9948 0.0059
vn -0.0861 -0.0900 -0.9922
vn -0.0842 0.0020 -0.9964
vn 0.1546 -0.1214 -0.9805
vn 0.1723 0.0078 -0.9850
vn -0.3302 -0.0058 0.9439
vn -0.3168 -0.0176 0.9483
vn -0.3302 -0.0019 0.9439
vn -0.7137 0.0039 0.7004
vn -0.3259 -0.9454 -0.0000
vn -0.3254 -0.9456 -0.0000
vn -0.2540 -0.9671 -0.0117
vn -0.2559 -0.9667 -0.0098
vn -0.3265 -0.0000 -0.9452
vn -0.2623 -0.0020 -0.9650
vn -0.3267 -0.0000 -0.9451
vn -0.2565 -0.0528 -0.9651
vn -0.2877 0.9571 -0.0333
vn -0.2895 0.9566 -0.0332
vn -0.3268 0.9451 -0.0000
vn -0.8146 -0.1621 0.5570
vn -0.9986 -0.0292 0.0432
vn -0.9831 -0.1778 0.0432
vn -0.0878 -0.9959 0.0195
vn 0.0627 0.9973 0.0372
vn -0.0098 0.9994 0.0333
vn 0.0744 0.9965 0.0372
vn -0.0157 0.9993 0.0333
vn 0.9741 -0.2156 0.0686
vn 0.9939 -0.0860 0.0685
vn 0.9656 -0.2507 0.0685
vn 0.9924 -0.1018 0.0685
vn -0.0039 -0.9997 0.0235
vn -0.0938 -0.9954 0.0215
vn -0.0000 -0.9994 0.0332
vn -0.0038 -0.9994 0.0332
vn -0.9789 -0.2032 -0.0195
vn -0.9723 -0.2328 -0.0196
vn -0.9987 -0.0469 -0.0215
vn -0.9983 -0.0547 -0.0196
vn -0.1783 0.9835 -0.0294
vn -0.0763 0.9965 0.0333
vn -0.0940 0.9951 0.0294
vn -0.1117 0.9933 0.0294
vn 0.1856 -0.9822 0.0294
vn 0.0016 -0.9995 0.0331
vn 0.5121 -0.8587 0.0196
vn -0.2014 -0.9795 -0.0098
vn 0.9963 0.0546 0.0665
vn 0.9985 0.0411 0.0372
vn 0.9957 0.0647 0.0666
vn -0.9926 0.1191 -0.0215
vn -0.9901 0.1389 -0.0215
vn -0.9913 0.1271 0.0332
vn -0.8540 0.2207 0.4711
vn -0.3319 0.0032 0.9433
vn -0.3303 0.0039 0.9439
vn -0.2565 0.0489 -0.9653
vn -0.3270 -0.0000 -0.9450
vn -0.0822 0.0920 -0.9924
vn 0.1860 0.1370 -0.9730
vn 0.9981 0.0274 -0.0549
vn -0.2381 -0.8891 -0.3908
vn 0.4213 -0.8112 -0.4056
vn -0.2501 -0.9664 -0.0588
vn 0.4653 -0.8837 -0.0511
vn 0.8632 -0.2603 -0.4326
vn 0.9562 -0.2880 -0.0512
vn -0.7859 -0.4692 -0.4027
vn -0.8538 -0.5158 -0.0706
vn -0.8754 0.2604 -0.4073
vn -0.9550 0.2877 -0.0728
vn -0.2386 -0.8890 -0.3908
vn -0.2506 -0.9663 -0.0588
vn 0.7758 0.4663 -0.4251
vn 0.8579 0.5112 -0.0512
vn 0.2294 0.8882 -0.3980
vn 0.2569 0.9649 -0.0552
vn -0.4309 0.8129 -0.3917
vn -0.4619 0.8846 -0.0649
vn 0.9563 -0.2920 0.0157
vn 0.4597 -0.8880 0.0098
vn -0.2556 -0.9668 -0.0019
vn -0.2561 -0.9666 -0.0019
vn -0.8569 -0.5153 -0.0117
vn -0.9577 0.2873 -0.0156
vn -0.4659 0.8848 -0.0078
vn 0.2490 0.9685 0.0039
vn 0.8553 0.5179 0.0137
vn -0.7151 -0.6976 0.0449
vn -0.9769 -0.2132 0.0137
vn -0.7229 -0.6799 0.1231
vn -0.9561 -0.2329 0.1780
vn -0.7975 -0.6020 0.0410
vn -0.7923 -0.6010 0.1054
vn -0.9457 -0.3243 0.0215
vn -0.9408 -0.3345 0.0548
vn -0.9999 -0.0118 0.0020
vn -0.9991 -0.0410 0.0059
vn -0.9521 0.3055 -0.0136
vn -0.9607 0.2759 -0.0294
vn -0.8063 0.5910 -0.0235
vn -0.8187 0.5719 -0.0509
vn -0.5830 0.8119 -0.0294
vn -0.5948 0.8022 -0.0528
vn -0.1567 0.9871 -0.0313
vn -0.1628 0.9853 -0.0512
vn 0.1548 0.9874 -0.0317
vn 0.1609 0.9856 -0.0512
vn 0.5817 0.8128 -0.0294
vn 0.5935 0.8031 -0.0529
vn 0.8072 0.5897 -0.0235
vn 0.8229 0.5662 -0.0470
vn 0.9521 0.3055 -0.0136
vn 0.9622 0.2704 -0.0334
vn 1.0000 -0.0098 0.0020
vn 0.9995 -0.0314 0.0059
vn 0.9455 -0.3250 0.0215
vn 0.9406 -0.3351 0.0549
vn 0.7968 -0.6029 0.0411
vn 0.7915 -0.6019 0.1056
vn 0.7142 -0.6985 0.0450
vn 0.7220 -0.6809 0.1233
vn 0.9768 -0.2136 0.0137
vn 0.9559 -0.2334 0.1784
vn -0.0018 -0.9966 0.0820
vn -0.1212 -0.9892 0.0821
vn -0.0000 -0.9966 0.0823
vn 0.1193 -0.9895 0.0821
vn -0.1607 0.0022 -0.9870
vn -0.1666 0.2822 -0.9448
vn -0.5934 -0.0000 -0.8049
vn -0.5969 0.2701 -0.7555
vn 0.1647 0.2823 -0.9451
vn 0.1588 0.0022 -0.9873
vn 0.5921 0.0001 -0.8058
vn 0.5957 0.2704 -0.7563
vn 0.8148 -0.0019 -0.5798
vn 0.8198 0.2177 -0.5296
vn 0.9558 -0.0078 -0.2938
vn 0.9585 0.1156 -0.2607
vn 0.9997 -0.0157 0.0196
vn 0.9995 -0.0176 0.0274
vn 0.9439 -0.0274 0.3290
vn 0.9387 -0.1603 0.3051
vn 0.7968 -0.0392 0.6030
vn 0.7864 -0.2895 0.5458
vn 0.5755 -0.0509 0.8162
vn 0.5638 -0.3896 0.7283
vn 0.3010 -0.0570 0.9519
vn 0.2930 -0.4532 0.8419
vn 0.0002 -0.0607 0.9982
vn -0.0017 -0.4751 0.8799
vn -0.0002 -0.0607 0.9982
vn -0.3028 -0.0569 0.9513
vn -0.0022 -0.4751 0.8799
vn -0.2948 -0.4529 0.8414
vn -0.5768 -0.0509 0.8153
vn -0.5652 -0.3891 0.7275
vn -0.7975 -0.0391 0.6020
vn -0.7871 -0.2890 0.5449
vn -0.9441 -0.0274 0.3284
vn -0.9390 -0.1601 0.3045
vn -0.9997 -0.0156 0.0196
vn -0.9995 -0.0176 0.0274
vn -0.9560 -0.0078 -0.2932
vn -0.9586 0.1154 -0.2602
vn -0.8154 -0.0019 -0.5788
vn -0.8205 0.2174 -0.5287
vn -0.2016 0.7416 -0.6399
vn -0.6394 0.5768 -0.5084
vn 0.1997 0.7419 -0.6401
vn 0.6382 0.5776 -0.5090
vn 0.8447 0.3920 -0.3645
vn 0.9652 0.1860 -0.1840
vn 0.9989 -0.0333 0.0333
vn 0.9365 -0.2488 0.2469
vn 0.7861 -0.4400 0.4341
vn 0.6236 -0.5278 0.5767
vn 0.3537 -0.5980 0.7192
vn -0.0017 -0.6311 0.7757
vn -0.3554 -0.5976 0.7187
vn -0.0023 -0.6311 0.7757
vn -0.6248 -0.5272 0.5760
vn -0.7869 -0.4393 0.4334
vn -0.9368 -0.2484 0.2464
vn -0.9990 -0.0293 0.0332
vn -0.9666 0.1878 -0.1741
vn -0.8432 0.4010 -0.3580
vn -0.0000 -0.3145 0.9493
vn 0.0019 -0.2542 -0.9671
vn 0.0157 -0.3605 -0.9326
vn -0.0000 -0.2896 -0.9571
vn -0.0000 -0.3606 -0.9327
vn 0.9944 -0.1058 0.0078
vn 0.9944 -0.1057 0.0078
vn -0.0039 -0.2542 -0.9671
vn -0.0176 -0.3605 -0.9326
vn 0.9559 -0.2330 0.1785
vn 0.0002 -0.3143 0.9493
vn 0.1287 -0.1134 0.9852
vn -0.0000 -0.1154 0.9933
vn -0.9561 -0.2326 0.1782
vn -0.1307 -0.1134 0.9849
vn -0.0002 -0.3143 0.9493
vn -0.9944 -0.1055 0.0078
vn -0.9944 -0.1050 0.0078
vn -0.5877 -0.8090 0.0096
vn -0.8090 -0.5878 0.0097
vn -0.5855 -0.8047 -0.0980
vn -0.8054 -0.5845 -0.0981
vn -0.9510 -0.3090 0.0097
vn -0.9459 -0.3088 -0.1000
vn -1.0000 -0.0020 0.0098
vn -0.9950 -0.0020 -0.1000
vn -0.9515 0.3074 0.0098
vn -0.9464 0.3070 -0.1001
vn -0.8097 0.5868 0.0098
vn -0.8064 0.5832 -0.0982
vn -0.5888 0.8082 0.0098
vn -0.5867 0.8038 -0.0981
vn -0.3096 0.9508 0.0098
vn -0.3094 0.9458 -0.0982
vn -0.0000 1.0000 0.0094
vn -0.0020 0.9953 -0.0963
vn 0.3081 0.9513 0.0098
vn 0.3077 0.9468 -0.0944
vn 0.5877 0.8090 0.0097
vn 0.5844 0.8060 -0.0944
vn 0.8090 0.5877 0.0098
vn 0.8052 0.5858 -0.0924
vn 0.9513 0.3080 0.0097
vn 0.9469 0.3078 -0.0925
vn 1.0000 -0.0000 0.0091
vn 0.9957 -0.0000 -0.0924
vn 0.9509 -0.3093 0.0094
vn 0.9464 -0.3096 -0.0924
vn 0.8081 -0.5890 0.0098
vn 0.8043 -0.5870 -0.0923
vn 0.5868 -0.8097 0.0097
vn 0.5835 -0.8066 -0.0943
vn 0.3074 -0.9515 0.0098
vn 0.3072 -0.9470 -0.0943
vn -0.0000 -1.0000 0.0094
vn -0.0020 -0.9954 -0.0961
vn -0.3090 -0.9510 0.0095
vn -0.3088 -0.9461 -0.0981
vn 0.9508 -0.0000 0.3097
vn 0.9996 -0.0000 0.0294
vn 0.9511 -0.0000 0.3090
vn 0.8083 -0.0000 0.5888
vn 0.5868 -0.0000 0.8098
vn 0.5868 -0.0000 0.8097
vn 0.3077 -0.0000 0.9515
vn 0.3074 -0.0000 0.9516
vn -0.0018 -0.0000 1.0000
vn -0.3089 -0.0000 0.9511
vn -0.5878 -0.0000 0.8090
vn -0.3095 -0.0000 0.9509
vn -0.8090 -0.0000 0.5878
vn -0.9511 -0.0000 0.3090
vn -0.9516 -0.0000 -0.3075
vn -0.9966 -0.0000 -0.0823
vn 0.1549 -0.0059 -0.9879
vn -0.1568 -0.0057 -0.9876
vn -0.5855 -0.0078 -0.8106
vn 0.5842 -0.0078 -0.8116
vn 0.8066 -0.0098 -0.5911
vn 0.9502 -0.0118 -0.3114
vn 0.9999 -0.0156 0.0018
vn 0.9494 -0.0215 0.3132
vn 0.8047 -0.0254 0.5932
vn 0.5817 -0.0313 0.8128
vn 0.3049 -0.0332 0.9518
vn 0.0003 -0.0352 0.9994
vn -0.3069 -0.0331 0.9512
vn -0.0003 -0.0352 0.9994
vn -0.5830 -0.0313 0.8119
vn -0.8053 -0.0254 0.5923
vn -0.9496 -0.0215 0.3126
vn -0.9999 -0.0154 0.0013
vn -0.9504 -0.0117 -0.3109
vn -0.8072 -0.0097 -0.5902
vn -0.1568 0.0101 -0.9876
vn -0.0764 0.8863 -0.4568
vn -0.5889 0.0101 -0.8081
vn -0.2762 0.8836 -0.3781
vn 0.0764 0.8834 -0.4623
vn 0.1549 0.0101 -0.9879
vn 0.2860 0.8736 -0.3937
vn 0.5877 0.0101 -0.8090
vn 0.3937 0.8736 -0.2860
vn 0.8090 0.0101 -0.5878
vn 0.4639 0.8730 -0.1507
vn 0.9510 0.0101 -0.3090
vn 0.4875 0.8731 0.0020
vn 0.9999 0.0101 -0.0000
vn 0.4638 0.8727 0.1527
vn 0.9510 0.0101 0.3090
vn 0.3935 0.8731 0.2878
vn 0.8090 0.0101 0.5878
vn 0.2858 0.8729 0.3954
vn 0.5877 0.0101 0.8090
vn 0.1506 0.8722 0.4655
vn 0.3090 0.0101 0.9510
vn -0.0019 0.8723 0.4890
vn 0.0001 0.0101 0.9999
vn -0.0020 0.8723 0.4890
vn -0.0001 0.0100 0.9999
vn -0.1525 0.8719 0.4653
vn -0.3090 0.0101 0.9510
vn -0.2876 0.8724 0.3951
vn -0.5878 0.0101 0.8090
vn -0.3952 0.8724 0.2875
vn -0.8090 0.0101 0.5878
vn -0.4653 0.8719 0.1525
vn -0.9510 0.0101 0.3090
vn -0.4890 0.8723 0.0019
vn -0.9999 0.0101 -0.0000
vn -0.4654 0.8722 -0.1506
vn -0.9510 0.0101 -0.3090
vn -0.3859 0.8796 -0.2782
vn -0.8090 0.0101 -0.5878
vn -0.1568 0.0021 -0.9876
vn 0.1549 0.0021 -0.9879
vn 0.5878 0.0021 -0.8090
vn 0.8090 0.0021 -0.5878
vn 0.9514 0.0021 -0.3080
vn 1.0000 0.0021 0.0020
vn 0.9509 0.0021 0.3096
vn 0.8083 0.0021 0.5887
vn 0.5870 0.0021 0.8096
vn 0.3074 0.0021 0.9516
vn 0.0003 0.0021 1.0000
vn -0.3090 0.0021 0.9511
vn -0.0003 0.0021 1.0000
vn -0.5878 0.0021 0.8090
vn -0.8090 0.0021 0.5878
vn -0.9511 0.0021 0.3090
vn -1.0000 0.0021 -0.0000
vn -0.9515 0.0021 -0.3075
vn -0.8097 0.0021 -0.5869
vn -0.5890 0.0021 -0.8082
vn -0.0020 -1.0000 -0.0000
vn -0.0000 -1.0000 -0.0000
vn 0.0137 -0.9970 -0.0762
vn -0.0156 -0.9970 -0.0762
vn -0.0137 0.9970 -0.0764
vn -0.0765 0.8863 -0.4568
vn 0.0157 0.9970 -0.0764
vn 0.0587 -0.9955 -0.0743
vn 0.0607 0.9952 -0.0764
vn 0.1095 -0.9915 -0.0704
vn 0.3937 0.8736 -0.2859
vn 0.1215 0.9898 -0.0745
vn 0.2856 -0.9567 -0.0567
vn 0.3056 0.9501 -0.0627
vn 0.0508 -0.9987 -0.0078
vn 0.0706 0.9975 -0.0098
vn 0.4638 0.8727 0.1526
vn -0.0019 -1.0000 0.0019
vn 0.2857 0.8729 0.3954
vn -0.0000 -1.0000 0.0019
vn -0.0000 -1.0000 0.0020
vn -0.0000 0.8723 0.4890
vn -0.0020 0.8723 0.4889
vn -0.2876 0.8725 0.3951
vn -0.3951 0.8725 0.2876
vn -0.0019 1.0000 0.0019
vn -0.4889 0.8723 0.0019
vn -0.0567 -0.9968 -0.0566
vn -0.0686 0.9958 -0.0607
vn -0.0626 -0.9953 -0.0743
vn -0.2763 0.8836 -0.3781
vn -0.0685 0.9947 -0.0763
vn -0.1764 -0.2803 -0.9436
vn -0.1076 -0.7923 -0.6006
vn -0.5883 -0.2407 -0.7720
vn -0.4381 -0.6826 -0.5849
vn 0.1057 -0.7925 -0.6007
vn 0.1745 -0.2803 -0.9439
vn -0.1272 0.6497 -0.7495
vn -0.1823 0.1863 -0.9654
vn -0.4977 0.5507 -0.6701
vn -0.6045 0.1683 -0.7786
vn 0.1842 0.2039 -0.9615
vn 0.1352 0.6797 -0.7209
vn 0.5960 -0.2454 -0.7646
vn 0.4229 -0.7186 -0.5521
vn 0.6021 0.2220 -0.7669
vn 0.4570 0.6806 -0.5727
vn 0.7818 -0.2237 -0.5820
vn 0.6520 -0.6383 -0.4092
vn 0.7824 0.2258 -0.5804
vn 0.6624 0.6310 -0.4037
vn 0.9194 -0.1960 -0.3411
vn 0.9085 -0.3544 -0.2213
vn 0.9190 0.1980 -0.3409
vn 0.9215 0.3216 -0.2177
vn 0.9881 -0.0765 -0.1333
vn 1.0000 -0.0039 -0.0020
vn 0.9894 0.0627 -0.1313
vn 1.0000 0.0020 -0.0020
vn -0.9999 -0.0080 -0.0121
vn -0.9999 0.0040 -0.0100
vn -0.7690 -0.2074 -0.6047
vn -0.7813 0.1606 -0.6031
vn 0.0098 -0.9966 -0.0821
vn -0.0117 -0.9966 -0.0821
vn 0.0098 0.9967 -0.0803
vn -0.0098 0.9967 -0.0803
vn 0.0489 -0.9954 -0.0822
vn 0.0509 0.9953 -0.0823
vn 0.0837 -0.9930 -0.0828
vn 0.0847 0.9930 -0.0824
vn 0.1604 -0.9838 -0.0802
vn 0.1705 0.9821 -0.0804
vn 0.4633 -0.8832 -0.0725
vn 0.4640 0.8829 -0.0723
vn -0.0802 -0.9934 -0.0821
vn -0.0528 -0.9952 -0.0821
vn -0.0919 0.9924 -0.0822
vn -0.0509 0.9953 -0.0823
vn -0.0000 -0.0020 -1.0000
vn -0.0020 -0.0000 -1.0000
vn -0.0000 -0.0068 -1.0000
vn 0.0352 -0.0274 -0.9990
vn -0.0000 -0.0000 -1.0000
vn -0.0019 -0.0019 -1.0000
vn -0.0372 -0.0274 -0.9989
vn -0.4639 -0.3386 -0.8186
vn -0.3398 -0.4642 -0.8179
vn -0.1780 -0.5496 -0.8162
vn -0.0000 -0.5808 -0.8141
vn -0.5438 -0.1780 -0.8201
vn -0.5715 -0.0000 -0.8206
vn -0.5440 0.1761 -0.8204
vn -0.4642 0.3369 -0.8192
vn -0.3386 0.4639 -0.8186
vn -0.1782 0.5483 -0.8171
vn -0.0000 0.5795 -0.8150
vn 0.1803 0.5526 -0.8137
vn 0.3447 0.4720 -0.8114
vn 0.4746 0.3432 -0.8105
vn 0.5584 0.1803 -0.8097
vn 0.5875 -0.0000 -0.8092
vn 0.5582 -0.1821 -0.8095
vn 0.4743 -0.3450 -0.8100
vn 0.3444 -0.4735 -0.8107
vn 0.1801 -0.5539 -0.8129
vn -0.8659 -0.4789 0.1447
vn -0.9393 -0.0408 -0.3407
vn -0.8347 -0.5493 -0.0391
vn -0.8717 -0.3674 -0.3244
vn 0.0683 0.7092 -0.7016
vn -0.8226 -0.3009 -0.4826
vn -0.7941 -0.5222 -0.3110
vn -0.7315 -0.4773 -0.4869
vn -0.8115 -0.5827 -0.0430
vn 0.1797 -0.7930 0.5821
vn 0.2191 -0.7924 0.5693
vn -0.0740 -0.7755 0.6270
vn 0.0159 -0.7800 0.6256
vn 0.6038 0.1059 -0.7901
vn 0.5079 0.4487 -0.7354
vn 0.7641 0.3057 -0.5681
vn 0.6353 0.5663 -0.5252
vn 0.8637 0.4935 0.1018
vn 0.7488 0.6546 -0.1038
vn 0.4795 -0.5654 0.6711
vn 0.0821 -0.7268 0.6819
vn 0.6291 0.6232 0.4645
vn 0.6638 0.6755 0.3211
vn 0.4524 0.7639 0.4602
vn 0.4877 0.8070 0.3330
vn 0.7030 0.7109 0.0215
vn 0.6729 0.7396 0.0137
vn 0.6255 0.7510 -0.2118
vn 0.1368 0.9286 0.3449
vn -0.5983 0.2952 0.7449
vn 0.6896 0.5819 -0.4310
vn 0.7266 0.6248 -0.2859
vn 0.6667 0.6686 -0.3294
vn 0.6392 0.5941 -0.4883
vn -0.5076 -0.6169 0.6014
vn -0.7327 -0.3964 0.5532
vn -0.6387 -0.6191 0.4570
vn -0.7854 -0.3751 0.4923
vn -0.8125 -0.1797 0.5546
vn -0.2816 -0.3226 0.9037
vn -0.7721 -0.6040 0.1974
vn -0.7631 -0.6226 0.1737
vn -0.7540 -0.5860 0.2969
vn -0.7304 -0.6074 0.3125
vn -0.7541 -0.6565 0.0176
vn -0.6585 -0.7366 -0.1544
vn -0.6571 -0.6884 0.3070
vn -0.4690 -0.8365 0.2834
vn 0.8058 0.1508 -0.5727
vn 0.8488 0.1879 -0.4942
vn 0.5975 -0.3703 -0.7112
vn 0.8754 -0.0725 -0.4779
vn 0.8474 0.2979 -0.4395
vn 0.8885 -0.0020 -0.4589
vn -0.2656 -0.8243 0.5000
vn -0.5759 -0.6778 0.4571
vn 0.6311 0.6958 -0.3430
vn 0.5274 0.7588 -0.3823
vn 0.6381 0.6854 -0.3508
vn 0.7405 0.5583 -0.3742
vn 0.7431 0.6020 -0.2922
vn 0.6367 0.5171 -0.5720
vn -0.6796 -0.5800 0.4492
vn -0.7391 -0.4635 0.4888
vn -0.8179 -0.2518 0.5173
vn 0.0313 0.7532 -0.6571
vn 0.3645 0.6787 -0.6375
vn -0.8932 -0.0078 0.4496
vn 0.6091 0.6209 -0.4935
vn 0.6858 0.5820 -0.4369
vn -0.0391 -0.8050 0.5920
vn -0.3592 -0.7203 0.5934
vn 0.7259 0.3136 -0.6121
vn 0.7758 -0.0118 -0.6308
vn -0.6469 -0.5668 0.5101
vn -0.7440 -0.4003 0.5350
vn -0.7691 -0.1051 0.6305
vn 0.1055 -0.7735 0.6250
vn -0.2069 -0.7252 0.6568
vn 0.6096 0.3369 -0.7176
vn 0.6781 -0.0019 -0.7350
vn 0.6170 0.5719 -0.5406
vn 0.4565 0.6780 -0.5761
vn 0.6491 0.5628 -0.5118
vn -0.7704 0.1916 0.6081
vn 0.1960 0.8269 -0.5271
vn -0.7044 -0.6088 0.3649
vn -0.7655 -0.5937 0.2480
vn -0.7945 -0.6071 -0.0078
vn -0.5666 -0.6487 0.5080
vn -0.3791 -0.7346 0.5627
vn -0.4687 -0.6679 0.5781
vn -0.0859 -0.6561 0.7498
vn -0.3144 -0.7500 0.5820
vn 0.7734 0.5443 0.3250
vn 0.7790 0.1017 0.6187
vn 0.7417 0.4207 0.5225
vn 0.7177 0.6942 -0.0549
vn 0.6012 0.6816 -0.4172
vn 0.5388 0.5937 -0.5976
vn 0.6169 0.5170 -0.5934
vn 0.7041 0.5040 -0.5001
vn 0.7981 0.4883 -0.3530
vn 0.7702 0.3410 -0.5390
vn 0.8109 0.4348 -0.3917
vn -0.7098 -0.6240 -0.3269
vn -0.5824 -0.5921 -0.5570
vn -0.3033 -0.6637 -0.6837
vn 0.2094 0.9649 0.1585
vn 0.3741 0.9224 -0.0960
vn 0.1235 0.9916 -0.0372
vn 0.2823 0.9017 -0.3274
vn 0.6018 0.4761 -0.6412
vn 0.3000 0.8195 -0.4882
vn 0.1157 0.9431 -0.3118
vn 0.1079 0.8649 -0.4903
vn 0.0823 0.9957 -0.0431
vn -0.7192 0.3850 0.5785
vn -0.7434 0.3541 0.5674
vn -0.5399 0.5630 0.6258
vn -0.6023 0.4983 0.6237
vn -0.3149 -0.5260 -0.7900
vn 0.0076 -0.6790 -0.7341
vn -0.2680 -0.7786 -0.5673
vn 0.0134 -0.8519 -0.5235
vn -0.4898 -0.7825 0.3844
vn 0.0059 -0.9946 -0.1036
vn -0.6248 -0.0937 0.7751
vn 0.0391 -0.8842 0.4655
vn 0.0567 -0.9456 0.3204
vn 0.2522 -0.8485 0.4653
vn 0.2620 -0.9053 0.3344
vn 0.0586 -0.9981 0.0195
vn 0.0881 -0.9961 0.0098
vn 0.1329 -0.9653 -0.2247
vn 0.3484 -0.9336 0.0842
vn 0.5649 -0.5683 0.5983
vn -0.0313 -0.8994 -0.4360
vn -0.0254 -0.9575 -0.2873
vn 0.0567 -0.9422 -0.3303
vn 0.0196 -0.8721 -0.4889
vn -0.1292 0.7888 0.6009
vn 0.1920 0.8085 0.5563
vn -0.0412 0.8877 0.4585
vn 0.2466 0.8319 0.4972
vn 0.4095 0.7230 0.5564
vn -0.0606 0.4228 0.9042
vn 0.4308 0.6834 0.5894
vn 0.0431 0.9789 0.1997
vn 0.0235 0.9840 0.1764
vn 0.0509 0.9502 0.3076
vn 0.0176 0.9487 0.3156
vn -0.0079 0.9998 0.0176
vn -0.3782 0.8263 -0.4174
vn -0.0940 0.9470 0.3072
vn -0.3290 0.9006 0.2839
vn -0.5026 -0.1740 -0.8468
vn -0.4149 -0.7647 -0.4931
vn -0.6293 -0.6137 -0.4769
vn -0.3287 -0.8367 -0.4381
vn -0.5846 -0.6687 -0.4595
vn -0.4519 0.7395 0.4989
vn -0.1391 0.8781 0.4578
vn 0.2503 -0.8346 -0.4907
vn 0.1135 -0.9297 -0.3504
vn 0.2270 -0.8943 -0.3855
vn 0.0999 -0.9306 -0.3522
vn -0.0607 -0.9255 -0.3737
vn -0.0313 -0.9548 -0.2955
vn -0.0254 -0.8202 -0.5715
vn 0.0157 0.9141 0.4052
vn 0.1095 0.8823 0.4578
vn 0.0117 0.8631 0.5049
vn 0.1801 0.8182 0.5461
vn 0.3839 0.6889 0.6148
vn 0.3134 0.8206 0.4779
vn 0.6288 0.5093 0.5876
vn 0.5464 0.7403 0.3917
vn 0.4994 -0.5680 -0.6542
vn 0.1980 -0.7301 -0.6540
vn 0.5773 -0.4971 -0.6478
vn 0.3233 -0.7125 -0.6227
vn 0.6476 -0.3717 -0.6652
vn 0.0333 -0.8319 -0.5540
vn 0.0861 -0.8819 -0.4635
vn -0.0137 -0.8674 -0.4973
vn -0.0156 -0.9193 -0.3931
vn -0.5379 0.6376 0.5515
vn -0.2409 0.8102 0.5344
vn -0.2740 -0.7998 -0.5340
vn -0.5455 -0.6277 -0.5553
vn -0.1976 -0.7056 -0.6805
vn -0.4835 -0.5324 -0.6949
vn -0.6260 0.4754 0.6182
vn -0.3696 0.6761 0.6373
vn -0.0039 0.8362 0.5483
vn 0.2387 0.7923 0.5615
vn 0.4996 0.5854 0.6385
vn -0.6847 0.3599 0.6338
vn -0.4834 0.5476 0.6829
vn -0.3956 -0.4563 -0.7971
vn -0.0903 -0.6246 -0.7757
vn -0.0137 -0.8250 -0.5650
vn 0.1702 -0.8098 -0.5614
vn -0.0020 -0.8329 -0.5534
vn 0.7254 0.2229 0.6512
vn 0.6837 0.4075 0.6054
vn 0.4444 -0.7577 -0.4778
vn -0.0020 0.9305 0.3663
vn 0.0489 0.9669 0.2505
vn 0.0568 0.9984 -0.0059
vn -0.1625 0.8125 0.5599
vn -0.0705 0.8922 0.4461
vn -0.3093 0.7673 0.5618
vn -0.2564 0.7379 0.6244
vn -0.4417 0.4945 0.7486
vn -0.3622 0.7284 0.5815
vn -0.1016 -0.9404 0.3245
vn -0.1759 -0.8347 0.5219
vn 0.0508 -0.9971 -0.0567
vn 0.1196 -0.9012 -0.4166
vn 0.0940 -0.7967 -0.5971
vn 0.0235 -0.7632 -0.6458
vn -0.0508 -0.8249 -0.5630
vn -0.1526 -0.9234 -0.3522
vn -0.1076 -0.8923 -0.4383
vn -0.2465 -0.8061 -0.5380
vn -0.2015 -0.8979 -0.3913
vn -0.0139 0.9447 -0.3276
vn -0.0725 0.8265 -0.5582
vn 0.7610 -0.6319 0.1467
vn 0.6441 -0.7576 -0.1057
vn 0.8157 -0.5771 -0.0391
vn 0.6594 -0.6771 -0.3268
vn 0.1446 -0.7594 -0.6343
vn 0.5795 -0.6559 -0.4836
vn 0.7759 -0.5486 -0.3115
vn 0.7107 -0.5071 -0.4875
vn 0.8387 -0.5428 -0.0431
vn 0.6720 0.4604 0.5800
vn 0.6559 0.4973 0.5678
vn 0.7490 0.2174 0.6259
vn 0.7203 0.3017 0.6246
vn -0.3191 0.5248 -0.7891
vn -0.6049 0.3076 -0.7345
vn -0.5640 0.6013 -0.5660
vn -0.7605 0.3835 -0.5239
vn -0.4654 0.7978 0.3833
vn -0.8841 0.4557 -0.1036
vn 0.2053 0.5984 0.7744
vn -0.8392 0.4753 0.2641
vn -0.9013 0.3577 0.2444
vn -0.7768 0.4950 0.3894
vn -0.8472 0.3776 0.3737
vn -0.9109 0.4125 0.0078
vn -0.9257 0.3777 0.0176
vn -0.9652 0.2408 -0.1018
vn -0.9684 0.2191 0.1193
vn -0.8873 0.1857 0.4222
vn -0.8844 0.3444 -0.3150
vn -0.8992 0.3616 -0.2463
vn -0.8913 0.3245 -0.3166
vn -0.8375 0.3209 -0.4422
vn 0.8421 -0.1155 0.5268
vn 0.8033 -0.2598 0.5359
vn 0.8769 -0.2818 0.3895
vn 0.8314 -0.4480 0.3286
vn 0.7380 -0.4267 0.5227
vn 0.5838 0.1213 0.8028
vn 0.7531 -0.5829 0.3051
vn 0.8437 -0.4991 0.1977
vn 0.8577 -0.4837 0.1743
vn 0.8194 -0.4889 0.2992
vn 0.8312 -0.4596 0.3129
vn 0.8867 -0.4619 0.0176
vn 0.9071 -0.0526 -0.4176
vn 0.8808 -0.3601 0.3073
vn 0.9500 -0.1293 0.2841
vn 0.0784 0.5270 -0.8462
vn -0.4840 0.7235 -0.4923
vn -0.2509 0.8428 -0.4763
vn -0.5867 0.6809 -0.4383
vn -0.3213 0.8286 -0.4584
vn 0.8649 0.0548 0.4990
vn 0.8402 -0.2896 0.4584
vn -0.8601 0.1701 -0.4809
vn -0.8781 0.3325 -0.3442
vn -0.8992 0.2150 -0.3812
vn -0.8709 0.3443 -0.3506
vn -0.7912 0.4838 -0.3740
vn -0.8320 0.4718 -0.2917
vn -0.7146 0.4033 -0.5716
vn 0.8158 -0.4382 0.3775
vn 0.7727 -0.5028 0.3874
vn 0.8210 -0.4027 0.4046
vn 0.7941 -0.5088 0.3324
vn 0.6823 -0.6608 0.3128
vn 0.6538 -0.6578 0.3739
vn 0.4518 -0.8390 0.3032
vn 0.4890 -0.8235 0.2876
vn -0.9443 -0.1017 -0.3128
vn -0.8972 0.2091 -0.3890
vn -0.8368 -0.2131 -0.5044
vn -0.8447 0.0877 -0.5281
vn -0.6199 -0.4106 -0.6687
vn -0.8402 0.3623 -0.4035
vn -0.8428 0.3383 -0.4185
vn -0.8017 0.4067 -0.4380
vn -0.8157 0.4382 -0.3776
vn 0.8139 0.1820 0.5518
vn 0.8287 -0.1643 0.5350
vn -0.5801 0.6157 -0.5334
vn -0.3017 0.7757 -0.5544
vn -0.5328 0.5037 -0.6801
vn -0.2467 0.6774 -0.6930
vn 0.7107 0.3348 0.6187
vn 0.7695 0.0120 0.6385
vn 0.8465 -0.3460 0.4047
vn 0.8218 -0.4872 0.2954
vn 0.6786 -0.6751 0.2896
vn 0.6342 0.4423 0.6342
vn 0.7090 0.1727 0.6837
vn -0.2194 0.5623 -0.7973
vn -0.5110 0.3703 -0.7757
vn -0.9413 0.1917 -0.2779
vn -0.8615 0.3602 -0.3579
vn -0.8119 0.3600 -0.4597
vn 0.2189 -0.9047 0.3654
vn 0.4438 -0.8621 0.2444
vn -0.9908 -0.0059 -0.1349
vn 0.8233 -0.4341 0.3657
vn 0.8315 -0.4969 0.2485
vn 0.8537 -0.5208 -0.0078
vn 0.8098 -0.2386 0.5360
vn 0.8241 -0.3563 0.4404
vn 0.8383 -0.0548 0.5425
vn 0.8016 -0.1154 0.5866
vn 0.6885 0.2034 0.6962
vn 0.8265 0.0294 0.5621
vn -0.7856 0.5415 0.2993
vn -0.6338 0.5927 0.4969
vn -0.9114 0.4068 -0.0626
vn -0.8632 0.2877 -0.4149
vn -0.7647 0.2621 -0.5887
vn -0.7118 0.3227 -0.6239
vn -0.7204 0.4248 -0.5482
vn -0.7473 0.5635 -0.3522
vn -0.7425 0.5094 -0.4349
vn -0.5989 0.5930 -0.5382
vn -0.7023 0.5947 -0.3913
vn 0.8401 -0.4326 -0.3273
vn 0.7635 -0.3250 -0.5580
vn -0.0000 -0.1998 -0.9798
vn -0.0000 -0.1994 -0.9799
vn -0.0000 -0.1996 -0.9799
vn -0.0000 -0.1999 -0.9798
vn 0.0254 0.2443 0.9694
vn 0.9812 -0.1431 0.1296
vn 0.0256 0.2524 0.9673
vn 0.9814 0.1802 0.0666
vn 0.0352 -0.9536 0.2990
vn 0.0021 0.1269 0.9919
vn 0.0020 0.3288 0.9444
vn 0.0313 0.9964 -0.0783
vn -0.0371 -0.9535 0.2990
vn -0.0041 0.1269 0.9919
vn -0.0039 0.3287 0.9444
vn -0.0335 0.9964 -0.0781
vn -0.0276 0.2523 0.9673
vn -0.9808 0.1839 0.0648
vn -0.0273 0.2443 0.9693
vn -0.9807 -0.1466 0.1293
vn 0.9854 -0.1671 0.0338
vn 0.9855 0.1668 -0.0314
vn 0.0317 0.9852 -0.1685
vn -0.0336 0.9851 -0.1685
vn -0.9850 0.1684 -0.0372
vn -0.9850 -0.1703 0.0294
vn -0.0375 -0.9795 0.1980
vn 0.0355 -0.9793 0.1994
vn -0.0039 -1.0000 -0.0000
vn -0.0039 -1.0000 0.0020
vn 0.0027 -1.0000 -0.0001
vn 0.0020 -1.0000 0.0019
vn 0.0003 -1.0000 0.0018
vn 0.0041 -1.0000 -0.0000
vn 0.0059 -1.0000 -0.0000
vn 0.0062 -1.0000 -0.0003
vn -0.0002 -1.0000 -0.0005
vn -0.0077 -1.0000 -0.0005
vn -0.0078 -1.0000 -0.0000
vn -0.0078 -1.0000 -0.0001
vn -0.0060 -1.0000 -0.0000
vn -0.0015 -1.0000 0.0009
vn -0.6436 -0.7625 -0.0666
vn -0.2854 -0.9032 -0.3206
vn -0.1623 -0.9312 -0.3264
vn -0.1291 -0.9315 -0.3402
vn -0.0939 -0.9298 -0.3560
vn 0.1134 -0.9307 -0.3477
vn 0.1582 -0.9366 -0.3126
vn 0.2934 -0.8978 -0.3286
vn 0.6659 -0.7263 -0.1704
vn 0.5386 -0.8362 -0.1038
vn 0.0059 -0.0017 -1.0000
vn 0.0059 -0.0020 -1.0000
vn 0.0062 -0.0017 -1.0000
vn 0.0060 -0.0019 -1.0000
vn 0.0060 -0.0018 -1.0000
vn 0.0060 -0.0020 -1.0000
vn -0.0059 -0.0000 1.0000
vn -0.0056 0.0001 1.0000
vn -0.0058 -0.0000 1.0000
vn -0.0059 -0.0001 1.0000
vn -0.0062 0.0005 1.0000
vn -0.0064 -0.0004 1.0000
vn -0.0036 -0.0000 1.0000
vn -0.0039 -0.0000 1.0000
vn -0.0038 -0.0000 1.0000
vn -0.0040 -0.0000 1.0000
vt 0.843300 0.066722
vt 0.847685 0.066196
vt 0.843381 0.067719
vt 0.848105 0.066739
vt 0.843253 0.065723
vt 0.847650 0.065458
vt 0.843237 0.064723
vt 0.847639 0.064719
vt 0.843251 0.063723
vt 0.847649 0.063980
vt 0.843297 0.062724
vt 0.847682 0.063242
vt 0.843380 0.061727
vt 0.848105 0.062702
vt 0.843496 0.060734
vt 0.848429 0.062305
vt 0.843661 0.059748
vt 0.848859 0.061704
vt 0.843898 0.058776
vt 0.849293 0.061106
vt 0.844225 0.057831
vt 0.849746 0.060523
vt 0.844651 0.056926
vt 0.850120 0.059885
vt 0.844228 0.071614
vt 0.849745 0.068915
vt 0.844655 0.072519
vt 0.850120 0.069552
vt 0.843900 0.070670
vt 0.849333 0.068302
vt 0.843662 0.069698
vt 0.848858 0.067737
vt 0.843496 0.068712
vt 0.848427 0.067137
vt 0.931893 0.070255
vt 0.931418 0.069764
vt 0.932657 0.068597
vt 0.931167 0.069072
vt 0.931167 0.068337
vt 0.931416 0.067646
vt 0.931886 0.067081
vt 0.932500 0.066779
vt 0.933007 0.066729
vt 0.933690 0.067002
vt 0.934219 0.067514
vt 0.934511 0.068189
vt 0.934527 0.068924
vt 0.934263 0.069610
vt 0.933758 0.070145
vt 0.933089 0.070449
vt 0.932354 0.070474
vt 0.611422 0.588785
vt 0.611422 0.587934
vt 0.612929 0.588785
vt 0.612929 0.587934
vt 0.611422 0.587083
vt 0.612929 0.587083
vt 0.611422 0.586232
vt 0.612929 0.586232
vt 0.611422 0.585382
vt 0.612929 0.585382
vt 0.611422 0.584531
vt 0.612929 0.584531
vt 0.611422 0.583680
vt 0.612928 0.583680
vt 0.611422 0.582829
vt 0.612928 0.582829
vt 0.611422 0.596444
vt 0.611422 0.595593
vt 0.612929 0.596444
vt 0.612928 0.595593
vt 0.611422 0.594742
vt 0.612928 0.594742
vt 0.611422 0.593891
vt 0.612928 0.593891
vt 0.611422 0.593040
vt 0.612928 0.593040
vt 0.611422 0.592189
vt 0.612929 0.592189
vt 0.611422 0.591338
vt 0.612929 0.591338
vt 0.611422 0.590487
vt 0.612929 0.590487
vt 0.611422 0.589636
vt 0.612929 0.589636
vt 0.003906 0.639857
vt 0.003906 0.639046
vt 0.004826 0.639857
vt 0.004827 0.639046
vt 0.003906 0.640667
vt 0.004827 0.640667
vt 0.003906 0.641478
vt 0.004826 0.641478
vt 0.003906 0.642288
vt 0.004826 0.642288
vt 0.003906 0.643098
vt 0.004826 0.643098
vt 0.003906 0.643909
vt 0.004826 0.643909
vt 0.003906 0.644719
vt 0.004826 0.644719
vt 0.003906 0.645530
vt 0.004827 0.645530
vt 0.003906 0.646340
vt 0.004826 0.646340
vt 0.003906 0.634184
vt 0.003906 0.633373
vt 0.004826 0.634184
vt 0.004826 0.633373
vt 0.003906 0.634994
vt 0.004826 0.634994
vt 0.003906 0.635805
vt 0.004826 0.635805
vt 0.003906 0.636615
vt 0.004826 0.636615
vt 0.003906 0.637425
vt 0.004826 0.637425
vt 0.003906 0.638236
vt 0.004826 0.638236
vt 0.635403 0.535386
vt 0.635403 0.534416
vt 0.636838 0.535386
vt 0.636838 0.534416
vt 0.635403 0.536357
vt 0.636838 0.536357
vt 0.635403 0.537328
vt 0.636838 0.537328
vt 0.635403 0.538298
vt 0.636838 0.538298
vt 0.635403 0.539269
vt 0.636838 0.539269
vt 0.635403 0.540240
vt 0.636838 0.540240
vt 0.635403 0.541210
vt 0.636838 0.541210
vt 0.635403 0.542181
vt 0.636838 0.542181
vt 0.635403 0.543151
vt 0.636838 0.543151
vt 0.635403 0.528592
vt 0.635403 0.527621
vt 0.636838 0.528592
vt 0.636838 0.527621
vt 0.635403 0.529562
vt 0.636838 0.529562
vt 0.635403 0.530533
vt 0.636838 0.530533
vt 0.635403 0.531504
vt 0.636838 0.531504
vt 0.635403 0.532474
vt 0.636838 0.532474
vt 0.635403 0.533445
vt 0.636838 0.533445
vt 0.491889 0.260778
vt 0.491518 0.259881
vt 0.492231 0.260550
vt 0.491920 0.259801
vt 0.492575 0.261465
vt 0.492804 0.261123
vt 0.493472 0.261836
vt 0.493552 0.261433
vt 0.494443 0.261836
vt 0.494363 0.261433
vt 0.495340 0.261465
vt 0.495112 0.261123
vt 0.496026 0.260778
vt 0.495685 0.260550
vt 0.496397 0.259881
vt 0.495995 0.259801
vt 0.496397 0.258911
vt 0.495995 0.258991
vt 0.496026 0.258014
vt 0.495685 0.258242
vt 0.495340 0.257328
vt 0.495112 0.257669
vt 0.494443 0.256956
vt 0.494363 0.257359
vt 0.493472 0.256956
vt 0.493552 0.257359
vt 0.492575 0.257328
vt 0.492804 0.257669
vt 0.491889 0.258014
vt 0.492231 0.258242
vt 0.491518 0.258911
vt 0.491920 0.258991
vt 0.483524 0.213076
vt 0.483524 0.212105
vt 0.483825 0.213016
vt 0.483825 0.212165
vt 0.483895 0.213973
vt 0.484151 0.213802
vt 0.484582 0.214659
vt 0.484752 0.214404
vt 0.485479 0.215030
vt 0.485538 0.214729
vt 0.486449 0.215030
vt 0.486389 0.214729
vt 0.487346 0.214659
vt 0.487176 0.214404
vt 0.488032 0.213973
vt 0.487777 0.213802
vt 0.488404 0.213076
vt 0.488103 0.213016
vt 0.488404 0.212105
vt 0.488103 0.212165
vt 0.488032 0.211208
vt 0.487777 0.211379
vt 0.487346 0.210522
vt 0.487176 0.210777
vt 0.485479 0.210151
vt 0.486449 0.210151
vt 0.485538 0.210451
vt 0.486389 0.210451
vt 0.484582 0.210522
vt 0.484752 0.210777
vt 0.483895 0.211208
vt 0.484151 0.211379
vt 0.739320 0.052004
vt 0.741357 0.052410
vt 0.739320 0.052815
vt 0.743394 0.052004
vt 0.743394 0.052815
vt 0.743084 0.053563
vt 0.742511 0.054137
vt 0.741763 0.054447
vt 0.740952 0.054447
vt 0.740203 0.054137
vt 0.739630 0.053564
vt 0.739630 0.051256
vt 0.740203 0.050683
vt 0.740952 0.050372
vt 0.741763 0.050372
vt 0.742511 0.050683
vt 0.743084 0.051256
vt 0.742144 0.162477
vt 0.742144 0.163289
vt 0.739320 0.162477
vt 0.739320 0.163289
vt 0.742144 0.164101
vt 0.739320 0.164101
vt 0.742144 0.164913
vt 0.739320 0.164913
vt 0.742144 0.165725
vt 0.739320 0.165725
vt 0.742144 0.166536
vt 0.739320 0.166536
vt 0.742144 0.167348
vt 0.739320 0.167348
vt 0.742144 0.168160
vt 0.739320 0.168160
vt 0.742144 0.155171
vt 0.742144 0.155983
vt 0.739320 0.155171
vt 0.739320 0.155983
vt 0.742144 0.156795
vt 0.739320 0.156795
vt 0.742144 0.157607
vt 0.739320 0.157607
vt 0.742144 0.158419
vt 0.739320 0.158419
vt 0.742144 0.159230
vt 0.739320 0.159230
vt 0.742144 0.160042
vt 0.739320 0.160042
vt 0.742144 0.160854
vt 0.739320 0.160854
vt 0.742144 0.161666
vt 0.739320 0.161666
vt 0.517559 0.074151
vt 0.517075 0.074351
vt 0.516814 0.073036
vt 0.516552 0.074351
vt 0.516069 0.074151
vt 0.515699 0.073781
vt 0.515499 0.073298
vt 0.515499 0.072775
vt 0.515699 0.072291
vt 0.516069 0.071921
vt 0.516552 0.071721
vt 0.517075 0.071721
vt 0.517559 0.071921
vt 0.517929 0.072291
vt 0.518129 0.072774
vt 0.518129 0.073298
vt 0.517929 0.073781
vt 0.720221 0.030998
vt 0.719647 0.030424
vt 0.720632 0.030383
vt 0.720262 0.030013
vt 0.719336 0.029674
vt 0.720061 0.029530
vt 0.719336 0.028862
vt 0.720061 0.029007
vt 0.719647 0.028112
vt 0.720262 0.028523
vt 0.720221 0.027538
vt 0.720632 0.028153
vt 0.720971 0.027228
vt 0.721115 0.027953
vt 0.721783 0.027228
vt 0.721638 0.027953
vt 0.722533 0.027538
vt 0.722122 0.028153
vt 0.723107 0.028112
vt 0.722492 0.028523
vt 0.723417 0.028862
vt 0.722692 0.029007
vt 0.723417 0.029674
vt 0.722692 0.029530
vt 0.723107 0.030424
vt 0.722492 0.030013
vt 0.722533 0.030998
vt 0.722122 0.030383
vt 0.721783 0.031309
vt 0.721638 0.030583
vt 0.720971 0.031309
vt 0.721115 0.030583
vt 0.883206 0.080202
vt 0.883205 0.079678
vt 0.883797 0.080202
vt 0.883797 0.079678
vt 0.883206 0.079155
vt 0.883797 0.079155
vt 0.883206 0.078632
vt 0.883797 0.078632
vt 0.883206 0.078109
vt 0.883797 0.078109
vt 0.883206 0.077585
vt 0.883797 0.077585
vt 0.883206 0.077062
vt 0.883797 0.077062
vt 0.883206 0.076539
vt 0.883797 0.076539
vt 0.883205 0.084911
vt 0.883206 0.084388
vt 0.883797 0.084911
vt 0.883797 0.084388
vt 0.883206 0.083864
vt 0.883797 0.083864
vt 0.883206 0.083341
vt 0.883797 0.083341
vt 0.883206 0.082818
vt 0.883797 0.082818
vt 0.883206 0.082295
vt 0.883797 0.082295
vt 0.883206 0.081771
vt 0.883797 0.081771
vt 0.883206 0.081248
vt 0.883797 0.081248
vt 0.883206 0.080725
vt 0.883797 0.080725
vt 0.515499 0.177787
vt 0.515499 0.176533
vt 0.517412 0.177787
vt 0.517412 0.176533
vt 0.515499 0.175280
vt 0.517412 0.175280
vt 0.515499 0.174026
vt 0.517412 0.174026
vt 0.515499 0.172773
vt 0.517412 0.172773
vt 0.515499 0.171519
vt 0.517412 0.171519
vt 0.515499 0.170265
vt 0.517412 0.170265
vt 0.515499 0.169012
vt 0.517412 0.169012
vt 0.515499 0.167758
vt 0.517412 0.167758
vt 0.515499 0.166505
vt 0.517412 0.166505
vt 0.515499 0.165251
vt 0.517412 0.165251
vt 0.515499 0.163997
vt 0.517412 0.163997
vt 0.515499 0.162744
vt 0.517412 0.162744
vt 0.515499 0.161490
vt 0.517412 0.161490
vt 0.515499 0.160236
vt 0.517412 0.160236
vt 0.515499 0.158983
vt 0.517412 0.158983
vt 0.515499 0.179041
vt 0.517412 0.179041
vt 0.504667 0.248264
vt 0.503915 0.247512
vt 0.506182 0.245998
vt 0.503508 0.246529
vt 0.503508 0.245466
vt 0.503915 0.244483
vt 0.504667 0.243731
vt 0.505649 0.243324
vt 0.506712 0.243323
vt 0.507695 0.243729
vt 0.508447 0.244481
vt 0.508855 0.245462
vt 0.508857 0.246526
vt 0.508451 0.247509
vt 0.507701 0.248262
vt 0.506719 0.248670
vt 0.505656 0.248673
vt 0.505649 0.248671
vt 0.816106 0.003906
vt 0.816106 0.004970
vt 0.815260 0.003906
vt 0.815260 0.004970
vt 0.816106 0.019856
vt 0.816106 0.020919
vt 0.815260 0.019856
vt 0.815260 0.020919
vt 0.816106 0.018793
vt 0.815260 0.018793
vt 0.816106 0.017729
vt 0.815260 0.017729
vt 0.816106 0.016666
vt 0.815260 0.016666
vt 0.816106 0.015603
vt 0.815260 0.015603
vt 0.816106 0.014539
vt 0.815260 0.014539
vt 0.816106 0.013476
vt 0.815260 0.013476
vt 0.816106 0.012413
vt 0.815260 0.012413
vt 0.816106 0.011349
vt 0.815260 0.011349
vt 0.816106 0.010286
vt 0.815260 0.010286
vt 0.816106 0.009223
vt 0.815260 0.009223
vt 0.816106 0.008160
vt 0.815260 0.008160
vt 0.816106 0.007096
vt 0.815260 0.007096
vt 0.816106 0.006033
vt 0.815260 0.006033
vt 0.512170 0.229913
vt 0.511188 0.229506
vt 0.512441 0.229507
vt 0.511283 0.229027
vt 0.512922 0.230664
vt 0.513328 0.230394
vt 0.513329 0.231647
vt 0.513807 0.231552
vt 0.513329 0.232710
vt 0.513807 0.232805
vt 0.512922 0.233693
vt 0.513328 0.233964
vt 0.512170 0.234444
vt 0.512441 0.234850
vt 0.511188 0.234851
vt 0.511283 0.235330
vt 0.510124 0.234851
vt 0.510029 0.235330
vt 0.509142 0.234444
vt 0.508871 0.234850
vt 0.508390 0.233693
vt 0.507985 0.233964
vt 0.507983 0.232710
vt 0.507505 0.232805
vt 0.507983 0.231647
vt 0.507505 0.231552
vt 0.508390 0.230664
vt 0.507985 0.230394
vt 0.509142 0.229913
vt 0.508871 0.229507
vt 0.510124 0.229506
vt 0.510029 0.229027
vt 0.985038 0.629290
vt 0.983612 0.632292
vt 0.971634 0.627911
vt 0.970708 0.630009
vt 0.986146 0.626519
vt 0.972664 0.625163
vt 0.987028 0.623700
vt 0.973487 0.622338
vt 0.987652 0.620845
vt 0.974084 0.619454
vt 0.987984 0.617966
vt 0.974430 0.616534
vt 0.988015 0.610339
vt 0.974569 0.609125
vt 0.987378 0.560516
vt 0.987780 0.563720
vt 0.974152 0.563167
vt 0.974513 0.566175
vt 0.986736 0.557532
vt 0.973553 0.560274
vt 0.985760 0.554622
vt 0.972627 0.557465
vt 0.984487 0.551806
vt 0.971405 0.554771
vt 0.982953 0.549107
vt 0.969925 0.552224
vt 0.981037 0.546255
vt 0.968609 0.550306
vt 0.988015 0.567201
vt 0.974680 0.569216
vt 0.963428 0.558762
vt 0.961998 0.556495
vt 0.960762 0.555023
vt 0.959159 0.577152
vt 0.959196 0.579912
vt 0.950693 0.588711
vt 0.950752 0.591289
vt 0.950582 0.609167
vt 0.958613 0.608411
vt 0.970486 0.376172
vt 0.970091 0.340141
vt 0.971665 0.375988
vt 0.971237 0.340301
vt 0.967292 0.376680
vt 0.966997 0.339610
vt 0.972837 0.375801
vt 0.972387 0.340398
vt 0.974302 0.375058
vt 0.974487 0.339418
vt 0.966249 0.608133
vt 0.965819 0.571624
vt 0.960326 0.377992
vt 0.960182 0.338229
vt 0.965801 0.568990
vt 0.967197 0.336897
vt 0.960556 0.335235
vt 0.974768 0.334321
vt 0.976296 0.333398
vt 0.974764 0.336078
vt 0.978168 0.336244
vt 0.977464 0.331469
vt 0.979286 0.331375
vt 0.973726 0.337933
vt 0.964397 0.622907
vt 0.963456 0.625558
vt 0.965724 0.617497
vt 0.966057 0.614740
vt 0.965163 0.620221
vt 0.961173 0.385084
vt 0.967672 0.383138
vt 0.962030 0.387796
vt 0.968564 0.385622
vt 0.964875 0.392958
vt 0.971827 0.390142
vt 0.966823 0.395312
vt 0.974098 0.392064
vt 0.963272 0.390435
vt 0.969968 0.387977
vt 0.965651 0.566320
vt 0.965261 0.563711
vt 0.964870 0.324523
vt 0.966800 0.322147
vt 0.971889 0.327322
vt 0.974175 0.325487
vt 0.961152 0.332402
vt 0.962026 0.329709
vt 0.967712 0.334275
vt 0.968612 0.331797
vt 0.963276 0.327066
vt 0.970022 0.329453
vt 0.964521 0.561186
vt 0.972474 0.337991
vt 0.971346 0.337817
vt 0.970223 0.337595
vt 0.958483 0.571295
vt 0.958949 0.574227
vt 0.950531 0.581430
vt 0.950478 0.585955
vt 0.978705 0.388700
vt 0.977942 0.389601
vt 0.976567 0.387354
vt 0.975750 0.388131
vt 0.980204 0.383767
vt 0.977936 0.383861
vt 0.977043 0.390250
vt 0.974784 0.388731
vt 0.972864 0.335761
vt 0.971767 0.335444
vt 0.973657 0.333729
vt 0.972613 0.333237
vt 0.970672 0.335138
vt 0.971547 0.332833
vt 0.950326 0.613271
vt 0.958395 0.614191
vt 0.958034 0.617033
vt 0.949994 0.615976
vt 0.949449 0.618637
vt 0.957482 0.619845
vt 0.974824 0.385727
vt 0.975935 0.383186
vt 0.973921 0.386349
vt 0.973533 0.383860
vt 0.972538 0.384316
vt 0.974759 0.382200
vt 0.972908 0.386834
vt 0.971491 0.384691
vt 0.970644 0.382377
vt 0.971724 0.382101
vt 0.972778 0.381799
vt 0.974216 0.380092
vt 0.974998 0.331906
vt 0.974025 0.331227
vt 0.975869 0.329463
vt 0.976774 0.330303
vt 0.972985 0.330711
vt 0.974873 0.328845
vt 0.978054 0.327986
vt 0.977130 0.327306
vt 0.978900 0.328952
vt 0.957507 0.568427
vt 0.949969 0.579647
vt 0.954137 0.563260
vt 0.952643 0.561797
vt 0.956049 0.565713
vt 0.956744 0.622601
vt 0.955849 0.625281
vt 0.948944 0.620634
vt 0.962699 0.627393
vt 0.955199 0.627038
vt 0.979732 0.640343
vt 0.968495 0.634770
vt 0.976418 0.393952
vt 0.969142 0.397983
vt 0.979274 0.391687
vt 0.980106 0.390825
vt 0.985207 0.395122
vt 0.985953 0.393972
vt 0.982595 0.398545
vt 0.980902 0.389766
vt 0.982580 0.383826
vt 0.989280 0.385175
vt 0.986745 0.392580
vt 0.983643 0.374149
vt 0.982008 0.330542
vt 0.982202 0.335751
vt 0.981142 0.327932
vt 0.980249 0.326829
vt 0.985955 0.323574
vt 0.986776 0.325025
vt 0.988220 0.328126
vt 0.979373 0.325971
vt 0.976499 0.323655
vt 0.982592 0.319191
vt 0.985217 0.322426
vt 0.969106 0.319470
vt 0.975555 0.312427
vt 0.975832 0.538869
vt 0.965434 0.546038
vt 0.957848 0.551987
vt 0.951222 0.560603
vt 0.943183 0.573494
vt 0.945186 0.575034
vt 0.943158 0.573537
vt 0.954601 0.628583
vt 0.960994 0.631331
vt 0.975557 0.405124
vt 0.990187 0.334404
vt 0.990720 0.374709
vt 0.894642 0.493888
vt 0.893315 0.495796
vt 0.882215 0.489801
vt 0.880299 0.492660
vt 0.891830 0.498343
vt 0.878761 0.495357
vt 0.901231 0.500084
vt 0.899795 0.502350
vt 0.902472 0.498615
vt 0.904061 0.520730
vt 0.912530 0.532258
vt 0.904022 0.523484
vt 0.912474 0.534825
vt 0.954220 0.491349
vt 0.959831 0.490911
vt 0.955391 0.501031
vt 0.958412 0.502484
vt 0.963702 0.492343
vt 0.963706 0.497947
vt 0.963105 0.499365
vt 0.961934 0.500411
vt 0.960345 0.502269
vt 0.888521 0.512799
vt 0.888681 0.552705
vt 0.875212 0.510741
vt 0.875212 0.554003
vt 0.897391 0.515208
vt 0.896995 0.551693
vt 0.888698 0.509754
vt 0.897411 0.512576
vt 0.875451 0.507262
vt 0.970682 0.493965
vt 0.971090 0.456896
vt 0.977676 0.495341
vt 0.977856 0.455488
vt 0.970861 0.454171
vt 0.977472 0.452481
vt 0.963249 0.451638
vt 0.963259 0.453390
vt 0.961714 0.450730
vt 0.959829 0.453574
vt 0.960562 0.448804
vt 0.958756 0.448715
vt 0.964331 0.455250
vt 0.963588 0.456756
vt 0.877177 0.570172
vt 0.890656 0.568745
vt 0.878299 0.572937
vt 0.891698 0.571489
vt 0.898912 0.566467
vt 0.899864 0.569116
vt 0.888851 0.560121
vt 0.875294 0.561630
vt 0.875641 0.564506
vt 0.889210 0.563042
vt 0.897215 0.558302
vt 0.897560 0.561059
vt 0.876281 0.567358
vt 0.889819 0.565924
vt 0.898133 0.563782
vt 0.976755 0.502395
vt 0.970234 0.500396
vt 0.969312 0.502861
vt 0.975857 0.505088
vt 0.963711 0.509252
vt 0.965997 0.507344
vt 0.970942 0.512548
vt 0.972925 0.510212
vt 0.967879 0.505197
vt 0.974570 0.507707
vt 0.889672 0.503847
vt 0.889067 0.506743
vt 0.876503 0.501078
vt 0.875857 0.504060
vt 0.897564 0.509907
vt 0.897956 0.507299
vt 0.973125 0.441775
vt 0.966116 0.444624
vt 0.971180 0.439417
vt 0.963828 0.442808
vt 0.976869 0.449637
vt 0.970325 0.451545
vt 0.975988 0.446943
vt 0.969410 0.449071
vt 0.974731 0.444305
vt 0.967989 0.446739
vt 0.898698 0.504774
vt 0.890603 0.501038
vt 0.877484 0.498170
vt 0.912675 0.552709
vt 0.904627 0.551955
vt 0.965691 0.457709
vt 0.965158 0.493054
vt 0.966843 0.457607
vt 0.966325 0.493247
vt 0.965587 0.455294
vt 0.966716 0.455112
vt 0.967991 0.457442
vt 0.967499 0.493437
vt 0.967839 0.454884
vt 0.904742 0.514881
vt 0.912687 0.525001
vt 0.904273 0.517810
vt 0.912744 0.529511
vt 0.959140 0.505874
vt 0.961254 0.504526
vt 0.959895 0.506776
vt 0.962076 0.505306
vt 0.960788 0.507428
vt 0.963043 0.505911
vt 0.965170 0.453061
vt 0.966269 0.452736
vt 0.964361 0.451037
vt 0.965407 0.450538
vt 0.967366 0.452423
vt 0.966474 0.450126
vt 0.912939 0.556796
vt 0.904872 0.557734
vt 0.913277 0.559492
vt 0.905247 0.560574
vt 0.913825 0.562147
vt 0.905814 0.563384
vt 0.908129 0.570567
vt 0.915718 0.568113
vt 0.908735 0.572110
vt 0.916211 0.569404
vt 0.963007 0.502895
vt 0.963915 0.503528
vt 0.964330 0.501044
vt 0.965327 0.501513
vt 0.964932 0.504025
vt 0.966377 0.501900
vt 0.967252 0.499605
vt 0.966168 0.499318
vt 0.965110 0.499003
vt 0.963016 0.449229
vt 0.963989 0.448542
vt 0.961249 0.447636
vt 0.962149 0.446792
vt 0.965028 0.448018
vt 0.963142 0.446168
vt 0.960890 0.444643
vt 0.959973 0.445327
vt 0.959135 0.446294
vt 0.905718 0.512019
vt 0.913255 0.523222
vt 0.910579 0.505394
vt 0.909063 0.506845
vt 0.907159 0.509299
vt 0.906560 0.566138
vt 0.907468 0.568812
vt 0.900628 0.570949
vt 0.892633 0.573582
vt 0.879740 0.575931
vt 0.968588 0.515202
vt 0.961382 0.511130
vt 0.958562 0.508862
vt 0.957745 0.508002
vt 0.952623 0.512279
vt 0.951895 0.511134
vt 0.955184 0.515698
vt 0.956968 0.506947
vt 0.951123 0.509747
vt 0.948661 0.502390
vt 0.955908 0.453061
vt 0.956068 0.447882
vt 0.956906 0.445282
vt 0.957785 0.444180
vt 0.951249 0.442411
vt 0.952056 0.440968
vt 0.949834 0.445495
vt 0.958650 0.443321
vt 0.961500 0.440996
vt 0.952781 0.439824
vt 0.955366 0.436596
vt 0.968857 0.436763
vt 0.962320 0.429819
vt 0.897828 0.489628
vt 0.905395 0.495588
vt 0.887445 0.482430
vt 0.902347 0.574885
vt 0.883646 0.583933
vt 0.894853 0.578357
vt 0.962109 0.522313
vt 0.947155 0.491943
vt 0.947905 0.451725
vt 0.911986 0.504201
vt 0.914494 0.564568
vt 0.915176 0.566617
vt 0.947128 0.625905
vt 0.947804 0.624036
vt 0.948290 0.622693
vt 0.947424 0.577056
vt 0.920052 0.517060
vt 0.920078 0.517104
vt 0.918827 0.517945
vt 0.917579 0.519118
vt 0.916093 0.520323
vt 0.955325 0.379339
vt 0.950386 0.380498
vt 0.955245 0.337049
vt 0.950386 0.335821
vt 0.956457 0.386843
vt 0.951936 0.388647
vt 0.959401 0.395018
vt 0.960913 0.397612
vt 0.955231 0.397578
vt 0.956791 0.400334
vt 0.953840 0.394454
vt 0.958165 0.392341
vt 0.962996 0.400661
vt 0.958835 0.403582
vt 0.969446 0.409508
vt 0.964838 0.412382
vt 0.957186 0.389607
vt 0.952792 0.391575
vt 0.952829 0.326165
vt 0.957144 0.328171
vt 0.951894 0.329096
vt 0.956350 0.330943
vt 0.958175 0.325411
vt 0.953919 0.323282
vt 0.951062 0.332282
vt 0.955731 0.333883
vt 0.955262 0.320139
vt 0.959417 0.322675
vt 0.960894 0.320018
vt 0.956753 0.317315
vt 0.962908 0.316874
vt 0.958607 0.314016
vt 0.972736 0.529579
vt 0.968133 0.526769
vt 0.978755 0.520924
vt 0.974674 0.517931
vt 0.969390 0.307992
vt 0.964686 0.305251
vt 0.973077 0.422435
vt 0.979302 0.431233
vt 0.968426 0.425356
vt 0.975043 0.434117
vt 0.982418 0.514989
vt 0.978362 0.512322
vt 0.983792 0.512166
vt 0.979655 0.509661
vt 0.976802 0.514897
vt 0.980827 0.517720
vt 0.984933 0.509254
vt 0.980696 0.506945
vt 0.985870 0.506277
vt 0.981490 0.504190
vt 0.982701 0.496742
vt 0.982752 0.454308
vt 0.987612 0.497930
vt 0.987668 0.453053
vt 0.980869 0.445373
vt 0.979845 0.442618
vt 0.985179 0.443226
vt 0.984056 0.440285
vt 0.986126 0.446216
vt 0.981660 0.448150
vt 0.986960 0.449457
vt 0.982277 0.451110
vt 0.978587 0.439896
vt 0.977082 0.437243
vt 0.982733 0.437396
vt 0.981211 0.434557
vt 0.955111 0.402902
vt 0.953153 0.399838
vt 0.957095 0.406056
vt 0.951428 0.396527
vt 0.949996 0.393005
vt 0.947155 0.380398
vt 0.948895 0.389353
vt 0.950206 0.324527
vt 0.948998 0.327955
vt 0.948018 0.331678
vt 0.953122 0.317999
vt 0.951592 0.321203
vt 0.954741 0.314868
vt 0.956899 0.311561
vt 0.947155 0.335767
vt 0.962376 0.413801
vt 0.962279 0.303845
vt 0.982475 0.520310
vt 0.984451 0.517287
vt 0.980472 0.523414
vt 0.986170 0.513998
vt 0.987591 0.510515
vt 0.988724 0.506889
vt 0.990636 0.497833
vt 0.988890 0.445303
vt 0.987731 0.441852
vt 0.989825 0.449021
vt 0.986372 0.438484
vt 0.984828 0.435232
vt 0.983184 0.432074
vt 0.980977 0.428745
vt 0.990636 0.453075
vt 0.975175 0.531027
vt 0.975468 0.421006
vt 0.647393 0.183738
vt 0.647666 0.179170
vt 0.649517 0.183657
vt 0.649339 0.178886
vt 0.355626 0.554837
vt 0.355626 0.550332
vt 0.356872 0.554789
vt 0.357356 0.549963
vt 0.975914 0.105908
vt 0.975914 0.107471
vt 0.975132 0.105908
vt 0.975132 0.107471
vt 0.481184 0.072408
vt 0.479527 0.072055
vt 0.480877 0.068371
vt 0.479998 0.067586
vt 0.507411 0.173471
vt 0.505486 0.173865
vt 0.506807 0.171872
vt 0.505143 0.172215
vt 0.652471 0.392657
vt 0.652053 0.390996
vt 0.653245 0.392698
vt 0.653433 0.389805
vt 0.486053 0.070165
vt 0.485909 0.071721
vt 0.484459 0.069478
vt 0.484218 0.072103
vt 0.506462 0.178436
vt 0.506118 0.176825
vt 0.507227 0.178273
vt 0.507411 0.176546
vt 0.360515 0.553051
vt 0.360394 0.550418
vt 0.362137 0.552440
vt 0.362066 0.550879
vt 0.651635 0.389461
vt 0.653485 0.387505
vt 0.651390 0.387348
vt 0.482010 0.067456
vt 0.356984 0.568362
vt 0.357952 0.568326
vt 0.358685 0.585311
vt 0.359303 0.585285
vt 0.648259 0.197311
vt 0.649955 0.197233
vt 0.649344 0.214310
vt 0.650506 0.214251
vt 0.480888 0.054085
vt 0.480023 0.054087
vt 0.479870 0.037018
vt 0.479527 0.037049
vt 0.652333 0.374626
vt 0.653569 0.357668
vt 0.654021 0.374689
vt 0.654724 0.357711
vt 0.358161 0.553976
vt 0.358066 0.555522
vt 0.358822 0.568298
vt 0.359825 0.585267
vt 0.481431 0.053953
vt 0.480241 0.036985
vt 0.482357 0.066741
vt 0.482886 0.068913
vt 0.651556 0.197187
vt 0.651557 0.183588
vt 0.651557 0.214221
vt 0.655610 0.374759
vt 0.655770 0.357756
vt 0.655490 0.387517
vt 0.655770 0.388989
vt 0.654646 0.391159
vt 0.654009 0.392755
vt 0.976695 0.105908
vt 0.976695 0.107471
vt 0.504824 0.177098
vt 0.505697 0.178600
vt 0.503508 0.174301
vt 0.503571 0.172517
vt 0.650911 0.179122
vt 0.762335 0.756227
vt 0.762061 0.756044
vt 0.764826 0.753952
vt 0.763743 0.753639
vt 0.761704 0.755929
vt 0.762726 0.753435
vt 0.759753 0.756284
vt 0.757692 0.754088
vt 0.760086 0.756105
vt 0.758665 0.753744
vt 0.759502 0.756523
vt 0.756675 0.754576
vt 0.761301 0.755884
vt 0.761740 0.753353
vt 0.760883 0.755906
vt 0.760715 0.753383
vt 0.760472 0.755981
vt 0.759668 0.753515
vt 0.762412 0.744607
vt 0.763604 0.744583
vt 0.764826 0.744567
vt 0.755307 0.745341
vt 0.756452 0.745158
vt 0.757579 0.744986
vt 0.758762 0.744838
vt 0.760014 0.744723
vt 0.761241 0.744649
vt 0.733183 0.015937
vt 0.732708 0.015015
vt 0.741122 0.012646
vt 0.741101 0.011187
vt 0.733860 0.016973
vt 0.741597 0.013862
vt 0.734552 0.017967
vt 0.742109 0.015064
vt 0.735232 0.018915
vt 0.742657 0.016266
vt 0.735855 0.019810
vt 0.742923 0.017626
vt 0.736389 0.020667
vt 0.743502 0.018902
vt 0.736881 0.021507
vt 0.743976 0.020234
vt 0.737137 0.022305
vt 0.744368 0.021656
vt 0.737379 0.023870
vt 0.744271 0.024587
vt 0.737002 0.024657
vt 0.743922 0.026026
vt 0.736493 0.025482
vt 0.743430 0.027389
vt 0.735877 0.026366
vt 0.743198 0.028791
vt 0.735205 0.027296
vt 0.742655 0.030029
vt 0.734509 0.028271
vt 0.742133 0.031247
vt 0.733817 0.029288
vt 0.741642 0.032465
vt 0.733148 0.030339
vt 0.741184 0.033700
vt 0.732680 0.031283
vt 0.741162 0.035166
vt 0.696068 0.009898
vt 0.695355 0.009908
vt 0.696047 0.003929
vt 0.695355 0.003911
vt 0.696781 0.009903
vt 0.696740 0.003906
vt 0.746966 0.021687
vt 0.746013 0.021633
vt 0.747094 0.020270
vt 0.746070 0.020135
vt 0.745970 0.024608
vt 0.746965 0.024541
vt 0.747089 0.025959
vt 0.746045 0.026114
vt 0.747285 0.027338
vt 0.746161 0.027546
vt 0.747502 0.028680
vt 0.746290 0.028909
vt 0.747712 0.029994
vt 0.746406 0.030225
vt 0.747896 0.031294
vt 0.746503 0.031508
vt 0.748047 0.032587
vt 0.746574 0.032775
vt 0.748158 0.033881
vt 0.746613 0.034039
vt 0.748225 0.035174
vt 0.746613 0.035304
vt 0.748248 0.036460
vt 0.746567 0.036571
vt 0.748029 0.009755
vt 0.748039 0.011043
vt 0.746356 0.009660
vt 0.746436 0.010933
vt 0.748000 0.012337
vt 0.746466 0.012201
vt 0.747918 0.013632
vt 0.746457 0.013467
vt 0.747797 0.014928
vt 0.746418 0.014739
vt 0.747644 0.016230
vt 0.746352 0.016027
vt 0.747466 0.017548
vt 0.746265 0.017345
vt 0.747275 0.018891
vt 0.746165 0.018708
vt 0.745225 0.021583
vt 0.745017 0.020003
vt 0.745141 0.024662
vt 0.744968 0.026253
vt 0.744741 0.027729
vt 0.744526 0.029097
vt 0.744285 0.030410
vt 0.744058 0.031675
vt 0.743846 0.032916
vt 0.743656 0.034155
vt 0.743496 0.035402
vt 0.743413 0.036676
vt 0.743371 0.010862
vt 0.743237 0.009594
vt 0.743539 0.012118
vt 0.743754 0.013357
vt 0.743991 0.014596
vt 0.744246 0.015855
vt 0.744506 0.017156
vt 0.744771 0.018531
vt 0.741040 0.036762
vt 0.740881 0.009618
vt 0.853028 0.041400
vt 0.852494 0.032454
vt 0.854556 0.040967
vt 0.853206 0.032425
vt 0.731327 0.040153
vt 0.736812 0.042426
vt 0.856144 0.040908
vt 0.853893 0.032233
vt 0.427569 0.604483
vt 0.429155 0.604798
vt 0.427569 0.612798
vt 0.428261 0.612801
vt 0.429155 0.620752
vt 0.429155 0.629068
vt 0.427569 0.621063
vt 0.428463 0.629066
vt 0.736793 0.003906
vt 0.731327 0.006160
vt 0.439559 0.127354
vt 0.440230 0.125276
vt 0.444848 0.125457
vt 0.445852 0.125123
vt 0.441511 0.123507
vt 0.446908 0.125114
vt 0.443277 0.122222
vt 0.447913 0.125432
vt 0.445353 0.121545
vt 0.448767 0.126048
vt 0.447535 0.121543
vt 0.449396 0.126879
vt 0.449612 0.122218
vt 0.449735 0.127864
vt 0.451379 0.123501
vt 0.449752 0.128907
vt 0.452663 0.125269
vt 0.449446 0.129904
vt 0.453338 0.127346
vt 0.448846 0.130758
vt 0.453338 0.129530
vt 0.448012 0.131385
vt 0.452663 0.131607
vt 0.447025 0.131724
vt 0.451380 0.133373
vt 0.445981 0.131743
vt 0.449615 0.134656
vt 0.444981 0.131439
vt 0.447540 0.135331
vt 0.444123 0.130841
vt 0.445358 0.135331
vt 0.443490 0.130008
vt 0.443284 0.134657
vt 0.443144 0.129019
vt 0.441519 0.133375
vt 0.443120 0.127971
vt 0.440236 0.131611
vt 0.443419 0.126964
vt 0.439561 0.129537
vt 0.444015 0.126098
vt 0.563477 0.134219
vt 0.563338 0.135934
vt 0.559930 0.133930
vt 0.559790 0.135645
vt 0.563617 0.132504
vt 0.560070 0.132215
vt 0.563757 0.130789
vt 0.560210 0.130501
vt 0.563896 0.129075
vt 0.560349 0.128786
vt 0.564036 0.127360
vt 0.560489 0.127071
vt 0.564176 0.125645
vt 0.560629 0.125356
vt 0.564048 0.180322
vt 0.564176 0.182038
vt 0.560499 0.180585
vt 0.560627 0.182301
vt 0.563921 0.178606
vt 0.560372 0.178870
vt 0.563794 0.176891
vt 0.560245 0.177154
vt 0.563666 0.175175
vt 0.560118 0.175438
vt 0.563539 0.173459
vt 0.559990 0.173722
vt 0.563412 0.171743
vt 0.559863 0.172006
vt 0.767533 0.024241
vt 0.767579 0.021768
vt 0.767641 0.020504
vt 0.767592 0.025492
vt 0.767677 0.026755
vt 0.767783 0.028035
vt 0.767901 0.029335
vt 0.768022 0.030656
vt 0.768137 0.031995
vt 0.768237 0.033351
vt 0.768316 0.034719
vt 0.768370 0.036094
vt 0.768256 0.011163
vt 0.768282 0.009786
vt 0.768204 0.012537
vt 0.768129 0.013905
vt 0.768036 0.015260
vt 0.767932 0.016600
vt 0.767825 0.017921
vt 0.767725 0.019222
vt 0.961735 0.649386
vt 0.961761 0.648327
vt 0.963042 0.649384
vt 0.963042 0.648326
vt 0.959083 0.648364
vt 0.959153 0.649413
vt 0.957806 0.648387
vt 0.957845 0.649440
vt 0.956509 0.648406
vt 0.956538 0.649462
vt 0.955205 0.648425
vt 0.955231 0.649483
vt 0.953897 0.648444
vt 0.953924 0.649504
vt 0.952586 0.648466
vt 0.952617 0.649526
vt 0.951267 0.648492
vt 0.951310 0.649553
vt 0.949934 0.648526
vt 0.950004 0.649588
vt 0.948570 0.648586
vt 0.948698 0.649641
vt 0.947155 0.648736
vt 0.947396 0.649726
vt 0.973725 0.648428
vt 0.973493 0.649446
vt 0.972284 0.648308
vt 0.972191 0.649383
vt 0.970914 0.648286
vt 0.970886 0.649357
vt 0.969580 0.648287
vt 0.969579 0.649351
vt 0.968263 0.648293
vt 0.968272 0.649354
vt 0.966952 0.648300
vt 0.966965 0.649360
vt 0.965644 0.648309
vt 0.965657 0.649368
vt 0.964340 0.648318
vt 0.964350 0.649377
vt 0.962424 0.721888
vt 0.959945 0.721911
vt 0.958690 0.721925
vt 0.957435 0.721940
vt 0.956179 0.721957
vt 0.954924 0.721974
vt 0.953669 0.721992
vt 0.952413 0.722011
vt 0.951158 0.722032
vt 0.949902 0.722053
vt 0.948646 0.722075
vt 0.972468 0.721831
vt 0.973725 0.721829
vt 0.971212 0.721835
vt 0.969956 0.721839
vt 0.968700 0.721844
vt 0.967445 0.721851
vt 0.966189 0.721859
vt 0.964934 0.721867
vt 0.963679 0.721877
vt 0.749822 0.436284
vt 0.747154 0.436479
vt 0.750099 0.435154
vt 0.746715 0.435401
vt 0.734938 0.257421
vt 0.734659 0.258104
vt 0.731551 0.257169
vt 0.731726 0.257886
vt 0.751070 0.436809
vt 0.751682 0.435819
vt 0.730352 0.258460
vt 0.729965 0.257831
vt 0.752098 0.437693
vt 0.752984 0.436938
vt 0.729219 0.259429
vt 0.728659 0.258949
vt 0.752810 0.438850
vt 0.753881 0.438400
vt 0.728436 0.260699
vt 0.727758 0.260410
vt 0.753139 0.440163
vt 0.754303 0.440066
vt 0.728066 0.262145
vt 0.727330 0.262076
vt 0.753034 0.441511
vt 0.754167 0.441780
vt 0.728160 0.263630
vt 0.727440 0.263792
vt 0.752514 0.442761
vt 0.753507 0.443368
vt 0.728709 0.265013
vt 0.728074 0.265389
vt 0.751630 0.443788
vt 0.752385 0.444674
vt 0.729658 0.266159
vt 0.729171 0.266713
vt 0.750470 0.444492
vt 0.750914 0.445569
vt 0.730916 0.266956
vt 0.730623 0.267633
vt 0.749147 0.444805
vt 0.749237 0.445966
vt 0.732357 0.267325
vt 0.732288 0.268060
vt 0.747792 0.444694
vt 0.747519 0.445826
vt 0.732536 0.267260
vt 0.734018 0.267132
vt 0.732483 0.267997
vt 0.734196 0.267849
vt 0.746537 0.444171
vt 0.745927 0.445163
vt 0.735389 0.266552
vt 0.735780 0.267179
vt 0.745505 0.443287
vt 0.744618 0.444041
vt 0.736513 0.265577
vt 0.737078 0.266053
vt 0.744795 0.442128
vt 0.743718 0.442570
vt 0.737281 0.264303
vt 0.737965 0.264580
vt 0.744478 0.440807
vt 0.743317 0.440895
vt 0.737618 0.262853
vt 0.738354 0.262905
vt 0.744586 0.439455
vt 0.743455 0.439178
vt 0.737490 0.261370
vt 0.738206 0.261192
vt 0.745107 0.438205
vt 0.744115 0.437590
vt 0.736910 0.259999
vt 0.737536 0.259609
vt 0.745994 0.437180
vt 0.745243 0.436290
vt 0.735933 0.258875
vt 0.736420 0.258153
vt 0.561071 0.157186
vt 0.561645 0.157167
vt 0.561194 0.158916
vt 0.561673 0.158888
vt 0.561551 0.153861
vt 0.560971 0.153881
vt 0.559586 0.157223
vt 0.560055 0.157235
vt 0.559740 0.158922
vt 0.560153 0.158983
vt 0.559952 0.153900
vt 0.559489 0.153939
vt 0.560991 0.152155
vt 0.561472 0.152147
vt 0.559943 0.152145
vt 0.559464 0.152140
vt 0.560996 0.150458
vt 0.561457 0.150186
vt 0.559950 0.150439
vt 0.559488 0.150145
vt 0.561031 0.148780
vt 0.561521 0.148227
vt 0.560054 0.148740
vt 0.559632 0.147992
vt 0.561042 0.147314
vt 0.561540 0.146795
vt 0.560197 0.147249
vt 0.559807 0.146653
vt 0.561691 0.160852
vt 0.559958 0.160968
vt 0.561244 0.160359
vt 0.560325 0.160446
vt 0.749207 0.424166
vt 0.746019 0.424396
vt 0.732480 0.246026
vt 0.735666 0.246262
vt 0.750700 0.424792
vt 0.730974 0.246805
vt 0.752121 0.426048
vt 0.729552 0.248056
vt 0.753073 0.427753
vt 0.728539 0.249866
vt 0.753524 0.429104
vt 0.728143 0.251109
vt 0.743317 0.426594
vt 0.744632 0.425230
vt 0.738354 0.248608
vt 0.737051 0.247098
vt 0.857024 0.048634
vt 0.854571 0.049021
vt 0.855201 0.045052
vt 0.857031 0.041472
vt 0.858047 0.042212
vt 0.858784 0.043230
vt 0.859172 0.044426
vt 0.859171 0.045684
vt 0.858781 0.046879
vt 0.858042 0.047896
vt 0.853375 0.048632
vt 0.852358 0.047893
vt 0.851619 0.046876
vt 0.851231 0.045680
vt 0.851231 0.044422
vt 0.851619 0.043227
vt 0.852358 0.042209
vt 0.446380 0.126570
vt 0.445807 0.126672
vt 0.445298 0.126950
vt 0.444899 0.127374
vt 0.446958 0.126651
vt 0.447484 0.126906
vt 0.447906 0.127312
vt 0.448184 0.127827
vt 0.448291 0.128401
vt 0.448214 0.128978
vt 0.447963 0.129503
vt 0.447562 0.129923
vt 0.447050 0.130199
vt 0.446478 0.130302
vt 0.445901 0.130223
vt 0.445377 0.129970
vt 0.444956 0.129567
vt 0.444679 0.129054
vt 0.444573 0.128480
vt 0.444649 0.127901
vt 0.446430 0.128434
vt 0.543686 0.816924
vt 0.543574 0.817410
vt 0.542479 0.815878
vt 0.541726 0.816287
vt 0.542882 0.817444
vt 0.541005 0.816316
vt 0.540288 0.813567
vt 0.539479 0.813581
vt 0.541576 0.813447
vt 0.546907 0.807447
vt 0.547682 0.807499
vt 0.547063 0.808581
vt 0.547842 0.808671
vt 0.545382 0.827076
vt 0.545342 0.826307
vt 0.546102 0.826930
vt 0.546047 0.826194
vt 0.546877 0.826079
vt 0.546605 0.825556
vt 0.548448 0.808417
vt 0.548473 0.809367
vt 0.548929 0.820712
vt 0.548130 0.820867
vt 0.547289 0.818460
vt 0.546584 0.818608
vt 0.547075 0.821176
vt 0.546002 0.819053
vt 0.544769 0.818243
vt 0.544789 0.817836
vt 0.545447 0.817691
vt 0.544957 0.819320
vt 0.545731 0.819729
vt 0.546228 0.821503
vt 0.545292 0.821482
vt 0.548930 0.814322
vt 0.547903 0.816115
vt 0.547901 0.814215
vt 0.546781 0.816553
vt 0.547751 0.816917
vt 0.549334 0.814561
vt 0.542763 0.813273
vt 0.543053 0.815206
vt 0.543883 0.815757
vt 0.543980 0.813502
vt 0.542267 0.808857
vt 0.541931 0.808198
vt 0.543013 0.808341
vt 0.542909 0.807484
vt 0.540775 0.826149
vt 0.541442 0.826665
vt 0.540952 0.826913
vt 0.541754 0.827603
vt 0.542255 0.826670
vt 0.542500 0.827587
vt 0.543720 0.807529
vt 0.543863 0.808421
vt 0.541978 0.819095
vt 0.540774 0.818945
vt 0.540756 0.819681
vt 0.540049 0.821710
vt 0.541368 0.821596
vt 0.539479 0.821527
vt 0.545091 0.813665
vt 0.544613 0.815973
vt 0.544189 0.817162
vt 0.544027 0.817608
vt 0.543728 0.817820
vt 0.544073 0.817435
vt 0.542923 0.819062
vt 0.542532 0.821574
vt 0.544508 0.807574
vt 0.544683 0.808506
vt 0.543065 0.826643
vt 0.543227 0.827532
vt 0.546986 0.814042
vt 0.545939 0.816394
vt 0.544700 0.817494
vt 0.546100 0.807513
vt 0.546267 0.808587
vt 0.544599 0.826428
vt 0.544650 0.827244
vt 0.544337 0.819236
vt 0.544285 0.818075
vt 0.544453 0.821509
vt 0.544382 0.817670
vt 0.544328 0.817815
vt 0.543990 0.810709
vt 0.542867 0.810603
vt 0.541779 0.810531
vt 0.545034 0.810833
vt 0.547704 0.811223
vt 0.546852 0.811100
vt 0.549180 0.811464
vt 0.548605 0.811411
vt 0.547853 0.823735
vt 0.547525 0.825484
vt 0.548462 0.823653
vt 0.546992 0.823907
vt 0.546164 0.824052
vt 0.545312 0.824162
vt 0.544500 0.824246
vt 0.542713 0.824386
vt 0.541674 0.824404
vt 0.539896 0.824433
vt 0.540566 0.824402
vt 0.540733 0.810492
vt 0.540124 0.810460
vt 0.541246 0.808717
vt 0.523957 0.825358
vt 0.523471 0.826152
vt 0.522533 0.823464
vt 0.521549 0.823760
vt 0.522561 0.825723
vt 0.520681 0.823563
vt 0.520350 0.820473
vt 0.519495 0.820306
vt 0.521721 0.820588
vt 0.524818 0.816430
vt 0.524970 0.816352
vt 0.525089 0.816674
vt 0.525274 0.816437
vt 0.524627 0.816094
vt 0.524643 0.815768
vt 0.524811 0.816054
vt 0.524929 0.815848
vt 0.525258 0.816159
vt 0.525374 0.815742
vt 0.525934 0.816174
vt 0.529175 0.812705
vt 0.528309 0.812550
vt 0.528265 0.809796
vt 0.527423 0.809595
vt 0.527140 0.812467
vt 0.526599 0.809827
vt 0.525461 0.808078
vt 0.525817 0.807430
vt 0.526682 0.807855
vt 0.525298 0.809794
vt 0.526107 0.810500
vt 0.526205 0.812532
vt 0.525270 0.812316
vt 0.529403 0.819387
vt 0.529445 0.821717
vt 0.528347 0.819928
vt 0.528541 0.822897
vt 0.529774 0.822592
vt 0.529938 0.819355
vt 0.528165 0.825211
vt 0.522950 0.820532
vt 0.523253 0.822704
vt 0.524297 0.823422
vt 0.524180 0.820712
vt 0.522994 0.817153
vt 0.523010 0.816728
vt 0.523419 0.817063
vt 0.523486 0.816749
vt 0.522430 0.816671
vt 0.523008 0.816453
vt 0.523433 0.816566
vt 0.523312 0.816183
vt 0.523619 0.816453
vt 0.523715 0.816734
vt 0.523788 0.817123
vt 0.521637 0.808110
vt 0.521393 0.810053
vt 0.520103 0.810288
vt 0.520283 0.811026
vt 0.520109 0.813246
vt 0.521366 0.812759
vt 0.519495 0.813234
vt 0.525340 0.820676
vt 0.525408 0.823592
vt 0.526415 0.820498
vt 0.526501 0.823485
vt 0.526035 0.826026
vt 0.525055 0.825988
vt 0.525798 0.827106
vt 0.524770 0.826970
vt 0.523829 0.806550
vt 0.523696 0.807415
vt 0.522933 0.806471
vt 0.522778 0.807395
vt 0.521825 0.807218
vt 0.523509 0.809595
vt 0.522489 0.809668
vt 0.523514 0.812324
vt 0.522497 0.812465
vt 0.523989 0.816682
vt 0.524156 0.817103
vt 0.523645 0.816008
vt 0.523853 0.816356
vt 0.523982 0.815890
vt 0.524109 0.816276
vt 0.524280 0.816597
vt 0.524506 0.817025
vt 0.527380 0.820270
vt 0.527525 0.823357
vt 0.527024 0.826035
vt 0.524577 0.816512
vt 0.524822 0.816878
vt 0.524375 0.816177
vt 0.524317 0.815800
vt 0.524442 0.809567
vt 0.524567 0.807471
vt 0.524404 0.812264
vt 0.528000 0.826294
vt 0.526811 0.827170
vt 0.524733 0.806668
vt 0.523927 0.818381
vt 0.523109 0.818288
vt 0.522270 0.818017
vt 0.525365 0.818159
vt 0.524681 0.818325
vt 0.526603 0.817523
vt 0.525983 0.817895
vt 0.527794 0.816532
vt 0.527335 0.817007
vt 0.527002 0.815205
vt 0.527547 0.815466
vt 0.526237 0.814917
vt 0.525561 0.814710
vt 0.524918 0.814586
vt 0.524321 0.814564
vt 0.523714 0.814629
vt 0.522255 0.815098
vt 0.523031 0.814795
vt 0.520796 0.815937
vt 0.521325 0.815593
vt 0.521415 0.817580
vt 0.520909 0.817272
vt 0.766908 0.444119
vt 0.766314 0.444801
vt 0.765799 0.442068
vt 0.764817 0.442212
vt 0.765506 0.444249
vt 0.764015 0.441898
vt 0.764090 0.438910
vt 0.763301 0.438643
vt 0.765377 0.439198
vt 0.768830 0.435600
vt 0.768988 0.435541
vt 0.769065 0.435867
vt 0.769271 0.435658
vt 0.768684 0.435258
vt 0.768738 0.434945
vt 0.768867 0.435242
vt 0.769004 0.435056
vt 0.769286 0.435392
vt 0.769443 0.435004
vt 0.769928 0.435480
vt 0.773068 0.432388
vt 0.774155 0.429577
vt 0.773911 0.432670
vt 0.775162 0.429974
vt 0.771819 0.432144
vt 0.772731 0.429616
vt 0.772481 0.427740
vt 0.773923 0.427226
vt 0.774823 0.427939
vt 0.771139 0.429368
vt 0.771653 0.430161
vt 0.770797 0.432076
vt 0.769978 0.431746
vt 0.773376 0.438918
vt 0.774509 0.441213
vt 0.772350 0.439331
vt 0.773820 0.442161
vt 0.775162 0.441875
vt 0.773981 0.438910
vt 0.774523 0.444244
vt 0.766556 0.439306
vt 0.766581 0.441435
vt 0.767496 0.442280
vt 0.767717 0.439643
vt 0.766992 0.436085
vt 0.767054 0.435682
vt 0.767409 0.436050
vt 0.767507 0.435755
vt 0.766506 0.435560
vt 0.767084 0.435417
vt 0.767480 0.435576
vt 0.767407 0.435191
vt 0.767672 0.435488
vt 0.767730 0.435768
vt 0.767758 0.436150
vt 0.766873 0.427245
vt 0.766352 0.429091
vt 0.765093 0.429160
vt 0.765163 0.429894
vt 0.764697 0.432004
vt 0.765963 0.431685
vt 0.764114 0.431920
vt 0.768841 0.439762
vt 0.768529 0.442604
vt 0.769980 0.439727
vt 0.769915 0.442650
vt 0.769282 0.445087
vt 0.767835 0.444923
vt 0.768736 0.446070
vt 0.767349 0.445813
vt 0.769600 0.426024
vt 0.769140 0.426828
vt 0.768362 0.425882
vt 0.768028 0.426724
vt 0.767207 0.426410
vt 0.768550 0.428907
vt 0.767426 0.428857
vt 0.768101 0.431519
vt 0.767077 0.431536
vt 0.768000 0.435749
vt 0.768114 0.436174
vt 0.767749 0.435061
vt 0.767909 0.435421
vt 0.768087 0.434985
vt 0.768165 0.435374
vt 0.768290 0.435701
vt 0.768461 0.436140
vt 0.771180 0.439597
vt 0.771957 0.442590
vt 0.772017 0.445063
vt 0.768587 0.435652
vt 0.768784 0.436034
vt 0.768431 0.435308
vt 0.768420 0.434937
vt 0.770946 0.426967
vt 0.769940 0.429004
vt 0.769071 0.431573
vt 0.773749 0.445300
vt 0.771363 0.446109
vt 0.771906 0.426197
vt 0.767749 0.437374
vt 0.766974 0.437184
vt 0.766205 0.436822
vt 0.769166 0.437333
vt 0.768484 0.437413
vt 0.770424 0.436845
vt 0.769792 0.437143
vt 0.771661 0.436029
vt 0.771178 0.436433
vt 0.771052 0.434666
vt 0.771537 0.434972
vt 0.770354 0.434317
vt 0.769735 0.434046
vt 0.769139 0.433851
vt 0.768572 0.433753
vt 0.767981 0.433742
vt 0.766523 0.434026
vt 0.767305 0.433823
vt 0.765026 0.434663
vt 0.765574 0.434393
vt 0.765443 0.436303
vt 0.764999 0.435952
vt 0.452867 0.335520
vt 0.453093 0.335746
vt 0.451775 0.335520
vt 0.453093 0.341684
vt 0.451550 0.335746
vt 0.452867 0.341909
vt 0.451775 0.341909
vt 0.451550 0.341684
vt 0.440793 0.180584
vt 0.440661 0.180400
vt 0.441778 0.180532
vt 0.441916 0.180298
vt 0.440380 0.180629
vt 0.440685 0.180718
vt 0.441898 0.180658
vt 0.442131 0.180569
vt 0.440644 0.186218
vt 0.440925 0.186153
vt 0.442154 0.186203
vt 0.442402 0.186314
vt 0.442040 0.186306
vt 0.442139 0.186500
vt 0.441040 0.186303
vt 0.440877 0.186543
vt 0.440202 0.179160
vt 0.442587 0.179237
vt 0.443284 0.179483
vt 0.443296 0.187347
vt 0.442667 0.187711
vt 0.440275 0.187649
vt 0.439559 0.187408
vt 0.439559 0.179506
vt 0.447553 0.955282
vt 0.458141 0.962717
vt 0.447928 0.973187
vt 0.468570 0.955062
vt 0.468570 0.972971
vt 0.468061 0.977159
vt 0.467031 0.979758
vt 0.465360 0.981993
vt 0.463800 0.983413
vt 0.461768 0.984257
vt 0.460338 0.984457
vt 0.458371 0.984766
vt 0.456988 0.984756
vt 0.455398 0.984518
vt 0.453357 0.983720
vt 0.451326 0.982139
vt 0.449608 0.979941
vt 0.448524 0.977364
vt 0.447709 0.952716
vt 0.448233 0.950007
vt 0.448097 0.945486
vt 0.449178 0.943988
vt 0.452944 0.942735
vt 0.454795 0.942390
vt 0.456426 0.941947
vt 0.457922 0.941837
vt 0.460417 0.942099
vt 0.463310 0.942769
vt 0.466708 0.943805
vt 0.467821 0.945280
vt 0.467780 0.949802
vt 0.468360 0.952500
vt 0.943699 0.180325
vt 0.943924 0.180549
vt 0.943382 0.180325
vt 0.943924 0.180866
vt 0.943699 0.181091
vt 0.943382 0.181091
vt 0.943158 0.180866
vt 0.943158 0.180549
vt 0.488633 0.377558
vt 0.488016 0.377508
vt 0.488904 0.376543
vt 0.488043 0.375262
vt 0.488409 0.375328
vt 0.487521 0.376293
vt 0.488748 0.375389
vt 0.487521 0.377340
vt 0.512275 0.187033
vt 0.512819 0.188456
vt 0.511502 0.187847
vt 0.514136 0.189066
vt 0.513364 0.189880
vt 0.512273 0.189862
vt 0.511502 0.189019
vt 0.513367 0.187051
vt 0.514137 0.187894
s 1
usemtl Default
f 1/1/1 2/2/2 3/3/3
f 3/3/3 2/2/2 4/4/4
f 1/1/1 5/5/5 2/2/2
f 2/2/2 5/5/5 6/6/6
f 5/5/5 7/7/7 6/6/6
f 6/6/6 7/7/7 8/8/8
f 9/9/9 10/10/10 7/7/7
f 7/7/7 10/10/10 8/8/8
f 11/11/11 12/12/12 9/9/9
f 9/9/9 12/12/12 10/10/10
f 11/11/11 13/13/13 12/12/12
f 12/12/12 13/13/13 14/14/14
f 13/13/13 15/15/15 14/14/14
f 14/14/14 15/15/15 16/16/16
f 15/15/15 17/17/17 16/16/16
f 16/16/16 17/17/17 18/18/18
f 17/17/17 19/19/19 18/18/18
f 18/18/18 19/19/19 20/20/20
f 19/19/19 21/21/21 20/20/20
f 20/20/20 21/21/21 22/22/22
f 21/21/21 23/23/23 22/22/22
f 22/22/22 23/23/23 24/24/23
f 25/25/24 26/26/25 27/27/26
f 27/27/26 26/26/25 28/28/26
f 29/29/27 30/30/28 25/25/24
f 25/25/24 30/30/28 26/26/25
f 31/31/29 32/32/30 29/29/27
f 29/29/27 32/32/30 30/30/28
f 33/33/31 34/34/32 31/31/29
f 31/31/29 34/34/32 32/32/30
f 3/3/3 4/4/4 33/33/31
f 33/33/31 4/4/4 34/34/32
f 35/35/33 36/36/34 37/37/35
f 36/36/34 38/38/36 37/37/35
f 38/38/36 39/39/8 37/37/35
f 39/39/8 40/40/37 37/37/35
f 40/40/37 41/41/38 37/37/35
f 41/41/38 42/42/39 37/37/35
f 42/42/39 43/43/40 37/37/35
f 43/43/40 44/44/41 37/37/35
f 44/44/41 45/45/42 37/37/35
f 45/45/42 46/46/43 37/37/35
f 46/46/43 47/47/44 37/37/35
f 47/47/44 48/48/45 37/37/35
f 48/48/45 49/49/46 37/37/35
f 49/49/46 50/50/47 37/37/35
f 50/50/47 51/51/48 37/37/35
f 51/51/48 35/35/33 37/37/35
f 52/52/49 53/53/50 54/54/51
f 54/54/51 53/53/50 55/55/52
f 53/53/50 56/56/53 55/55/52
f 55/55/52 56/56/53 57/57/54
f 56/56/53 58/58/55 57/57/54
f 57/57/54 58/58/55 59/59/55
f 58/58/55 60/60/56 59/59/55
f 59/59/55 60/60/56 61/61/57
f 60/60/56 62/62/58 61/61/57
f 61/61/57 62/62/58 63/63/59
f 62/62/58 64/64/60 63/63/59
f 63/63/59 64/64/60 65/65/60
f 64/64/60 66/66/61 65/65/60
f 65/65/60 66/66/61 67/67/62
f 68/68/63 69/69/64 70/70/65
f 70/70/65 69/69/64 71/71/66
f 69/69/64 72/72/67 71/71/66
f 71/71/66 72/72/67 73/73/68
f 72/72/67 74/74/69 73/73/68
f 73/73/68 74/74/69 75/75/70
f 74/74/69 76/76/40 75/75/70
f 75/75/70 76/76/40 77/77/40
f 76/76/40 78/78/71 77/77/40
f 77/77/40 78/78/71 79/79/71
f 78/78/71 80/80/72 79/79/71
f 79/79/71 80/80/72 81/81/73
f 80/80/72 82/82/74 81/81/73
f 81/81/73 82/82/74 83/83/74
f 82/82/74 84/84/75 83/83/74
f 83/83/74 84/84/75 85/85/76
f 84/84/75 52/52/49 85/85/76
f 85/85/76 52/52/49 54/54/51
f 86/86/77 87/87/78 88/88/79
f 88/88/79 87/87/78 89/89/78
f 90/90/80 86/86/77 91/91/80
f 91/91/80 86/86/77 88/88/79
f 92/92/73 90/90/80 93/93/73
f 93/93/73 90/90/80 91/91/80
f 94/94/81 92/92/73 95/95/82
f 95/95/82 92/92/73 93/93/73
f 96/96/83 94/94/81 97/97/83
f 97/97/83 94/94/81 95/95/82
f 98/98/84 96/96/83 99/99/84
f 99/99/84 96/96/83 97/97/83
f 100/100/67 98/98/84 101/101/67
f 101/101/67 98/98/84 99/99/84
f 102/102/85 100/100/67 103/103/86
f 103/103/86 100/100/67 101/101/67
f 104/104/65 102/102/85 105/105/63
f 105/105/63 102/102/85 103/103/86
f 106/106/60 107/107/87 108/108/88
f 108/108/88 107/107/87 109/109/61
f 110/110/89 106/106/60 111/111/89
f 111/111/89 106/106/60 108/108/88
f 112/112/90 110/110/89 113/113/57
f 113/113/57 110/110/89 111/111/89
f 114/114/91 112/112/90 115/115/91
f 115/115/91 112/112/90 113/113/57
f 116/116/92 114/114/91 117/117/93
f 117/117/93 114/114/91 115/115/91
f 118/118/94 116/116/92 119/119/94
f 119/119/94 116/116/92 117/117/93
f 87/87/78 118/118/94 89/89/78
f 89/89/78 118/118/94 119/119/94
f 120/120/95 121/121/96 122/122/97
f 122/122/97 121/121/96 123/123/98
f 124/124/99 120/120/95 125/125/100
f 125/125/100 120/120/95 122/122/97
f 126/126/73 124/124/99 127/127/73
f 127/127/73 124/124/99 125/125/100
f 128/128/101 126/126/73 129/129/81
f 129/129/81 126/126/73 127/127/73
f 130/130/102 128/128/101 131/131/48
f 131/131/48 128/128/101 129/129/81
f 132/132/103 130/130/102 133/133/84
f 133/133/84 130/130/102 131/131/48
f 134/134/67 132/132/103 135/135/68
f 135/135/68 132/132/103 133/133/84
f 136/136/104 134/134/67 137/137/104
f 137/137/104 134/134/67 135/135/68
f 138/138/63 136/136/104 139/139/63
f 139/139/63 136/136/104 137/137/104
f 140/140/105 141/141/61 142/142/105
f 142/142/105 141/141/61 143/143/61
f 144/144/106 140/140/105 145/145/107
f 145/145/107 140/140/105 142/142/105
f 146/146/57 144/144/106 147/147/57
f 147/147/57 144/144/106 145/145/107
f 148/148/91 146/146/57 149/149/91
f 149/149/91 146/146/57 147/147/57
f 150/150/53 148/148/91 151/151/53
f 151/151/53 148/148/91 149/149/91
f 152/152/108 150/150/53 153/153/50
f 153/153/50 150/150/53 151/151/53
f 121/121/96 152/152/108 123/123/98
f 123/123/98 152/152/108 153/153/50
f 154/154/109 155/155/110 156/156/111
f 156/156/111 155/155/110 157/157/110
f 158/158/112 154/154/109 159/159/113
f 159/159/113 154/154/109 156/156/111
f 160/160/114 158/158/112 161/161/115
f 161/161/115 158/158/112 159/159/113
f 162/162/116 160/160/114 163/163/117
f 163/163/117 160/160/114 161/161/115
f 164/164/118 162/162/116 165/165/119
f 165/165/119 162/162/116 163/163/117
f 166/166/120 164/164/118 167/167/121
f 167/167/121 164/164/118 165/165/119
f 168/168/122 166/166/120 169/169/118
f 169/169/118 166/166/120 167/167/121
f 170/170/118 168/168/122 171/171/123
f 171/171/123 168/168/122 169/169/118
f 172/172/124 170/170/118 173/173/111
f 173/173/111 170/170/118 171/171/123
f 174/174/124 172/172/124 175/175/125
f 175/175/125 172/172/124 173/173/111
f 176/176/117 174/174/124 177/177/120
f 177/177/120 174/174/124 175/175/125
f 178/178/111 176/176/117 179/179/126
f 179/179/126 176/176/117 177/177/120
f 180/180/109 178/178/111 181/181/109
f 181/181/109 178/178/111 179/179/126
f 182/182/127 180/180/109 183/183/125
f 183/183/125 180/180/109 181/181/109
f 184/184/113 182/182/127 185/185/128
f 185/185/128 182/182/127 183/183/125
f 155/155/110 184/184/113 157/157/110
f 157/157/110 184/184/113 185/185/128
f 186/186/129 187/187/130 188/188/131
f 188/188/131 187/187/130 189/189/131
f 190/190/132 186/186/129 191/191/132
f 191/191/132 186/186/129 188/188/131
f 192/192/133 190/190/132 193/193/134
f 193/193/134 190/190/132 191/191/132
f 194/194/132 192/192/133 195/195/131
f 195/195/131 192/192/133 193/193/134
f 196/196/134 194/194/132 197/197/134
f 197/197/134 194/194/132 195/195/131
f 198/198/135 196/196/134 199/199/131
f 199/199/131 196/196/134 197/197/134
f 200/200/136 198/198/135 201/201/131
f 201/201/131 198/198/135 199/199/131
f 202/202/137 200/200/136 203/203/138
f 203/203/138 200/200/136 201/201/131
f 204/204/139 202/202/137 205/205/139
f 205/205/139 202/202/137 203/203/138
f 206/206/140 204/204/139 207/207/137
f 207/207/137 204/204/139 205/205/139
f 208/208/139 206/206/140 209/209/141
f 209/209/141 206/206/140 207/207/137
f 210/210/142 211/211/143 212/212/137
f 212/212/137 211/211/143 213/213/139
f 214/214/138 210/210/142 215/215/138
f 215/215/138 210/210/142 212/212/137
f 216/216/134 214/214/138 217/217/130
f 217/217/130 214/214/138 215/215/138
f 187/187/130 216/216/134 189/189/131
f 189/189/131 216/216/134 217/217/130
f 218/218/115 219/219/144 220/220/112
f 221/221/116 222/222/128 219/219/144
f 219/219/144 222/222/128 223/223/120
f 219/219/144 223/223/120 224/224/120
f 219/219/144 224/224/120 225/225/113
f 219/219/144 225/225/113 226/226/109
f 219/219/144 226/226/109 227/227/114
f 219/219/144 227/227/114 228/228/116
f 219/219/144 228/228/116 220/220/112
f 229/229/145 219/219/144 218/218/115
f 230/230/120 219/219/144 229/229/145
f 231/231/144 219/219/144 230/230/120
f 232/232/146 219/219/144 231/231/144
f 233/233/109 219/219/144 232/232/146
f 234/234/115 219/219/144 233/233/109
f 221/221/116 219/219/144 234/234/115
f 235/235/147 236/236/148 237/237/149
f 237/237/149 236/236/148 238/238/150
f 236/236/148 239/239/151 238/238/150
f 238/238/150 239/239/151 240/240/152
f 239/239/151 241/241/153 240/240/152
f 240/240/152 241/241/153 242/242/153
f 241/241/153 243/243/154 242/242/153
f 242/242/153 243/243/154 244/244/155
f 243/243/154 245/245/156 244/244/155
f 244/244/155 245/245/156 246/246/157
f 245/245/156 247/247/158 246/246/157
f 246/246/157 247/247/158 248/248/159
f 247/247/158 249/249/160 248/248/159
f 248/248/159 249/249/160 250/250/161
f 251/251/162 252/252/163 253/253/164
f 253/253/164 252/252/163 254/254/165
f 252/252/163 255/255/166 254/254/165
f 254/254/165 255/255/166 256/256/166
f 255/255/166 257/257/167 256/256/166
f 256/256/166 257/257/167 258/258/168
f 257/257/167 259/259/169 258/258/168
f 258/258/168 259/259/169 260/260/40
f 259/259/169 261/261/170 260/260/40
f 260/260/40 261/261/170 262/262/171
f 261/261/170 263/263/172 262/262/171
f 262/262/171 263/263/172 264/264/173
f 263/263/172 265/265/174 264/264/173
f 264/264/173 265/265/174 266/266/174
f 265/265/174 267/267/175 266/266/174
f 266/266/174 267/267/175 268/268/176
f 267/267/175 235/235/147 268/268/176
f 268/268/176 235/235/147 237/237/149
f 269/269/177 270/270/178 271/271/179
f 270/270/178 272/272/180 271/271/179
f 272/272/180 273/273/179 271/271/179
f 273/273/179 274/274/179 271/271/179
f 274/274/179 275/275/181 271/271/179
f 275/275/181 276/276/181 271/271/179
f 276/276/181 277/277/182 271/271/179
f 277/277/182 278/278/179 271/271/179
f 278/278/179 279/279/180 271/271/179
f 279/279/180 280/280/179 271/271/179
f 280/280/179 281/281/180 271/271/179
f 281/281/180 282/282/181 271/271/179
f 282/282/181 283/283/177 271/271/179
f 283/283/177 284/284/181 271/271/179
f 284/284/181 285/285/178 271/271/179
f 285/285/178 269/269/177 271/271/179
f 286/286/183 287/287/178 288/288/183
f 288/288/183 287/287/178 289/289/178
f 287/287/178 290/290/179 289/289/178
f 289/289/178 290/290/179 291/291/184
f 290/290/179 292/292/185 291/291/184
f 291/291/184 292/292/185 293/293/186
f 292/292/185 294/294/181 293/293/186
f 293/293/186 294/294/181 295/295/177
f 294/294/181 296/296/181 295/295/177
f 295/295/177 296/296/181 297/297/181
f 296/296/181 298/298/179 297/297/181
f 297/297/181 298/298/179 299/299/183
f 298/298/179 300/300/187 299/299/183
f 299/299/183 300/300/187 301/301/181
f 300/300/187 302/302/188 301/301/181
f 301/301/181 302/302/188 303/303/177
f 302/302/188 304/304/179 303/303/177
f 303/303/177 304/304/179 305/305/179
f 304/304/179 306/306/178 305/305/179
f 305/305/179 306/306/178 307/307/178
f 306/306/178 308/308/179 307/307/178
f 307/307/178 308/308/179 309/309/183
f 308/308/179 310/310/183 309/309/183
f 309/309/183 310/310/183 311/311/179
f 310/310/183 312/312/179 311/311/179
f 311/311/179 312/312/179 313/313/179
f 312/312/179 314/314/181 313/313/179
f 313/313/179 314/314/181 315/315/181
f 314/314/181 316/316/181 315/315/181
f 315/315/181 316/316/181 317/317/181
f 316/316/181 286/286/183 317/317/181
f 317/317/181 286/286/183 288/288/183
f 318/318/189 319/319/190 320/320/189
f 320/320/189 319/319/190 321/321/148
f 319/319/190 322/322/152 321/321/148
f 321/321/148 322/322/152 323/323/191
f 322/322/152 324/324/153 323/323/191
f 323/323/191 324/324/153 325/325/192
f 324/324/153 326/326/193 325/325/192
f 325/325/192 326/326/193 327/327/194
f 326/326/193 328/328/195 327/327/194
f 327/327/194 328/328/195 329/329/196
f 328/328/195 330/330/197 329/329/196
f 329/329/196 330/330/197 331/331/198
f 330/330/197 332/332/199 331/331/198
f 331/331/198 332/332/199 333/333/200
f 334/334/201 335/335/202 336/336/203
f 336/336/203 335/335/202 337/337/204
f 335/335/202 338/338/166 337/337/204
f 337/337/204 338/338/166 339/339/166
f 338/338/166 340/340/168 339/339/166
f 339/339/166 340/340/168 341/341/205
f 340/340/168 342/342/206 341/341/205
f 341/341/205 342/342/206 343/343/206
f 342/342/206 344/344/207 343/343/206
f 343/343/206 344/344/207 345/345/170
f 344/344/207 346/346/208 345/345/170
f 345/345/170 346/346/208 347/347/208
f 346/346/208 348/348/209 347/347/208
f 347/347/208 348/348/209 349/349/210
f 348/348/209 350/350/211 349/349/210
f 349/349/210 350/350/211 351/351/212
f 350/350/211 318/318/189 351/351/212
f 351/351/212 318/318/189 320/320/189
f 352/352/213 353/353/214 354/354/213
f 354/354/213 353/353/214 355/355/214
f 353/353/214 356/356/215 355/355/214
f 355/355/214 356/356/215 357/357/216
f 356/356/215 358/358/153 357/357/216
f 357/357/216 358/358/153 359/359/153
f 358/358/153 360/360/217 359/359/153
f 359/359/153 360/360/217 361/361/217
f 360/360/217 362/362/218 361/361/217
f 361/361/217 362/362/218 363/363/218
f 362/362/218 364/364/219 363/363/218
f 363/363/218 364/364/219 365/365/219
f 364/364/219 366/366/220 365/365/219
f 365/365/219 366/366/220 367/367/220
f 366/366/220 368/368/221 367/367/220
f 367/367/220 368/368/221 369/369/222
f 368/368/221 370/370/223 369/369/222
f 369/369/222 370/370/223 371/371/224
f 370/370/223 372/372/225 371/371/224
f 371/371/224 372/372/225 373/373/225
f 372/372/225 374/374/48 373/373/225
f 373/373/225 374/374/48 375/375/48
f 374/374/48 376/376/226 375/375/48
f 375/375/48 376/376/226 377/377/227
f 376/376/226 378/378/228 377/377/227
f 377/377/227 378/378/228 379/379/228
f 378/378/228 380/380/229 379/379/228
f 379/379/228 380/380/229 381/381/229
f 380/380/229 382/382/230 381/381/229
f 381/381/229 382/382/230 383/383/230
f 384/384/231 352/352/213 385/385/231
f 385/385/231 352/352/213 354/354/213
f 386/386/232 387/387/233 388/388/234
f 387/387/233 389/389/235 388/388/234
f 389/389/235 390/390/236 388/388/234
f 390/390/236 391/391/237 388/388/234
f 391/391/237 392/392/238 388/388/234
f 392/392/238 393/393/239 388/388/234
f 393/393/239 394/394/240 388/388/234
f 394/394/240 395/395/241 388/388/234
f 395/395/241 396/396/242 388/388/234
f 396/396/242 397/397/243 388/388/234
f 397/397/243 398/398/244 388/388/234
f 398/398/244 399/399/245 388/388/234
f 399/399/245 400/400/246 388/388/234
f 400/400/246 401/401/247 388/388/234
f 401/401/247 402/402/248 388/388/234
f 403/403/249 386/386/232 388/388/234
f 404/404/231 405/405/213 406/406/231
f 406/406/231 405/405/213 407/407/250
f 408/408/229 409/409/230 410/410/229
f 410/410/229 409/409/230 411/411/230
f 412/412/228 408/408/229 413/413/228
f 413/413/228 408/408/229 410/410/229
f 414/414/251 412/412/228 415/415/251
f 415/415/251 412/412/228 413/413/228
f 416/416/252 414/414/251 417/417/252
f 417/417/252 414/414/251 415/415/251
f 418/418/225 416/416/252 419/419/225
f 419/419/225 416/416/252 417/417/252
f 420/420/253 418/418/225 421/421/253
f 421/421/253 418/418/225 419/419/225
f 422/422/221 420/420/253 423/423/254
f 423/423/254 420/420/253 421/421/253
f 424/424/220 422/422/221 425/425/220
f 425/425/220 422/422/221 423/423/254
f 426/426/219 424/424/220 427/427/219
f 427/427/219 424/424/220 425/425/220
f 428/428/218 426/426/219 429/429/218
f 429/429/218 426/426/219 427/427/219
f 430/430/255 428/428/218 431/431/256
f 431/431/256 428/428/218 429/429/218
f 432/432/257 430/430/255 433/433/257
f 433/433/257 430/430/255 431/431/256
f 434/434/258 432/432/257 435/435/259
f 435/435/259 432/432/257 433/433/257
f 436/436/260 434/434/258 437/437/260
f 437/437/260 434/434/258 435/435/259
f 405/405/213 436/436/260 407/407/250
f 407/407/250 436/436/260 437/437/260
f 438/438/261 439/439/262 440/440/261
f 440/440/261 439/439/262 441/441/262
f 442/442/261 438/438/261 443/443/261
f 443/443/261 438/438/261 440/440/261
f 444/444/261 442/442/261 445/445/261
f 445/445/261 442/442/261 443/443/261
f 446/446/261 444/444/261 447/447/261
f 447/447/261 444/444/261 445/445/261
f 448/448/261 446/446/261 449/449/261
f 449/449/261 446/446/261 447/447/261
f 450/450/261 448/448/261 451/451/261
f 451/451/261 448/448/261 449/449/261
f 452/452/261 450/450/261 453/453/261
f 453/453/261 450/450/261 451/451/261
f 454/454/261 452/452/261 455/455/261
f 455/455/261 452/452/261 453/453/261
f 456/456/262 454/454/261 457/457/262
f 457/457/262 454/454/261 455/455/261
f 458/458/262 456/456/262 459/459/262
f 459/459/262 456/456/262 457/457/262
f 460/460/262 458/458/262 461/461/262
f 461/461/262 458/458/262 459/459/262
f 462/462/263 460/460/262 463/463/263
f 463/463/263 460/460/262 461/461/262
f 464/464/263 462/462/263 465/465/262
f 465/465/262 462/462/263 463/463/263
f 466/466/261 464/464/263 467/467/261
f 467/467/261 464/464/263 465/465/262
f 468/468/261 466/466/261 469/469/261
f 469/469/261 466/466/261 467/467/261
f 439/439/262 468/468/261 441/441/262
f 441/441/262 468/468/261 469/469/261
f 470/470/264 471/471/265 472/472/266
f 472/472/266 471/471/265 473/473/267
f 474/474/268 470/470/264 475/475/269
f 475/475/269 470/470/264 472/472/266
f 476/476/270 474/474/268 477/477/271
f 477/477/271 474/474/268 475/475/269
f 478/478/272 476/476/270 479/479/273
f 479/479/273 476/476/270 477/477/271
f 480/480/274 478/478/272 481/481/275
f 481/481/275 478/478/272 479/479/273
f 480/480/274 481/481/275 482/482/276
f 482/482/276 481/481/275 483/483/277
f 484/484/278 485/485/279 486/486/280
f 486/486/280 485/485/279 487/487/281
f 484/484/278 486/486/280 488/488/282
f 488/488/282 486/486/280 489/489/283
f 488/488/282 489/489/283 490/490/284
f 490/490/284 489/489/283 491/491/285
f 490/490/284 491/491/285 492/492/286
f 492/492/286 491/491/285 493/493/287
f 492/492/286 493/493/287 494/494/288
f 494/494/288 493/493/287 495/495/289
f 494/494/288 495/495/289 496/496/290
f 496/496/290 495/495/289 497/497/291
f 482/482/276 483/483/277 498/498/292
f 498/498/292 483/483/277 499/499/293
f 485/485/279 498/498/292 487/487/281
f 487/487/281 498/498/292 499/499/293
f 493/493/287 500/500/294 495/495/289
f 495/495/289 500/500/294 501/501/295
f 495/495/289 501/501/295 497/497/291
f 497/497/291 501/501/295 502/502/296
f 503/503/297 504/504/298 505/505/299
f 505/505/299 504/504/298 506/506/300
f 507/507/301 506/506/300 508/508/302
f 508/508/302 506/506/300 504/504/298
f 509/509/303 510/510/304 511/511/305
f 511/511/305 510/510/304 512/512/306
f 509/509/303 513/513/307 510/510/304
f 510/510/304 513/513/307 514/514/308
f 515/515/309 516/516/310 517/517/311
f 517/517/311 516/516/310 518/518/312
f 511/511/305 512/512/306 515/515/309
f 515/515/309 512/512/306 516/516/310
f 519/519/313 520/520/314 483/483/277
f 483/483/277 520/520/314 499/499/293
f 513/513/307 521/521/315 514/514/308
f 514/514/308 521/521/315 522/522/316
f 520/520/314 523/523/317 499/499/293
f 499/499/293 523/523/317 487/487/281
f 514/514/308 522/522/316 524/524/318
f 524/524/318 522/522/316 525/525/319
f 526/526/320 527/527/321 528/528/322
f 528/528/322 527/527/321 529/529/323
f 530/530/324 531/531/325 527/527/321
f 527/527/321 531/531/325 529/529/323
f 532/532/320 528/528/322 518/518/312
f 518/518/312 528/528/322 529/529/323
f 475/475/269 472/472/266 533/533/326
f 533/533/326 472/472/266 534/534/327
f 479/479/273 535/535/328 481/481/275
f 481/481/275 535/535/328 536/536/329
f 481/481/275 536/536/329 483/483/277
f 483/483/277 536/536/329 519/519/313
f 477/477/271 475/475/269 537/537/330
f 537/537/330 475/475/269 533/533/326
f 477/477/271 537/537/330 479/479/273
f 479/479/273 537/537/330 535/535/328
f 538/538/331 521/521/315 539/539/332
f 539/539/332 521/521/315 513/513/307
f 538/538/331 539/539/332 540/540/333
f 540/540/333 539/539/332 541/541/334
f 542/542/335 543/543/336 544/544/337
f 544/544/337 543/543/336 545/545/338
f 540/540/333 541/541/334 546/546/339
f 546/546/339 541/541/334 547/547/340
f 546/546/339 547/547/340 542/542/335
f 542/542/335 547/547/340 543/543/336
f 486/486/280 487/487/281 548/548/341
f 548/548/341 487/487/281 523/523/317
f 489/489/283 486/486/280 549/549/342
f 549/549/342 486/486/280 548/548/341
f 550/550/343 551/551/344 552/552/345
f 552/552/345 551/551/344 553/553/346
f 554/554/347 555/555/348 556/556/349
f 556/556/349 555/555/348 557/557/350
f 554/554/347 556/556/349 525/525/319
f 525/525/319 556/556/349 524/524/318
f 558/558/351 550/550/343 559/559/352
f 559/559/352 550/550/343 552/552/345
f 555/555/348 558/558/351 557/557/350
f 557/557/350 558/558/351 559/559/352
f 549/549/342 560/560/353 489/489/283
f 489/489/283 560/560/353 491/491/285
f 560/560/353 500/500/294 491/491/285
f 491/491/285 500/500/294 493/493/287
f 516/516/310 512/512/306 561/561/354
f 561/561/354 512/512/306 562/562/355
f 516/516/310 561/561/354 518/518/312
f 518/518/312 561/561/354 532/532/320
f 510/510/304 514/514/308 563/563/356
f 563/563/356 514/514/308 524/524/318
f 512/512/306 510/510/304 562/562/355
f 562/562/355 510/510/304 563/563/356
f 564/564/357 565/565/358 566/566/359
f 566/566/359 565/565/358 567/567/360
f 565/565/358 503/503/297 567/567/360
f 567/567/360 503/503/297 505/505/299
f 568/568/361 569/569/362 570/570/363
f 570/570/363 569/569/362 571/571/364
f 572/572/365 568/568/361 573/573/366
f 573/573/366 568/568/361 570/570/363
f 574/574/367 545/545/338 575/575/368
f 575/575/368 545/545/338 543/543/336
f 569/569/362 574/574/367 571/571/364
f 571/571/364 574/574/367 575/575/368
f 561/561/354 576/576/369 532/532/320
f 532/532/320 576/576/369 528/528/322
f 561/561/354 562/562/355 576/576/369
f 576/576/369 562/562/355 577/577/370
f 576/576/369 577/577/370 578/578/371
f 578/578/371 577/577/370 579/579/372
f 528/528/322 576/576/369 526/526/320
f 526/526/320 576/576/369 578/578/371
f 562/562/355 563/563/356 577/577/370
f 577/577/370 563/563/356 580/580/373
f 563/563/356 524/524/318 580/580/373
f 580/580/373 524/524/318 556/556/349
f 556/556/349 557/557/350 580/580/373
f 580/580/373 557/557/350 581/581/374
f 580/580/373 581/581/374 577/577/370
f 577/577/370 581/581/374 579/579/372
f 582/582/375 507/507/301 583/583/376
f 583/583/376 507/507/301 508/508/302
f 583/583/376 584/584/377 582/582/375
f 582/582/375 584/584/377 585/585/378
f 586/586/379 585/585/378 587/587/380
f 587/587/380 585/585/378 584/584/377
f 570/570/363 588/588/381 573/573/366
f 573/573/366 588/588/381 589/589/382
f 570/570/363 571/571/364 588/588/381
f 588/588/381 571/571/364 590/590/383
f 588/588/381 590/590/383 591/591/384
f 591/591/384 590/590/383 592/592/385
f 588/588/381 591/591/384 589/589/382
f 589/589/382 591/591/384 593/593/382
f 571/571/364 575/575/368 590/590/383
f 590/590/383 575/575/368 594/594/386
f 575/575/368 543/543/336 594/594/386
f 594/594/386 543/543/336 547/547/340
f 594/594/386 547/547/340 595/595/387
f 595/595/387 547/547/340 541/541/334
f 590/590/383 594/594/386 592/592/385
f 592/592/385 594/594/386 595/595/387
f 509/509/303 596/596/388 513/513/307
f 513/513/307 596/596/388 539/539/332
f 511/511/305 597/597/389 509/509/303
f 509/509/303 597/597/389 596/596/388
f 596/596/388 597/597/389 595/595/387
f 595/595/387 597/597/389 592/592/385
f 539/539/332 596/596/388 541/541/334
f 541/541/334 596/596/388 595/595/387
f 515/515/309 598/598/390 511/511/305
f 511/511/305 598/598/390 597/597/389
f 517/517/311 599/599/382 515/515/309
f 515/515/309 599/599/382 598/598/390
f 599/599/382 593/593/382 598/598/390
f 598/598/390 593/593/382 591/591/384
f 598/598/390 591/591/384 597/597/389
f 597/597/389 591/591/384 592/592/385
f 578/578/371 600/600/391 526/526/320
f 526/526/320 600/600/391 527/527/321
f 579/579/372 601/601/392 578/578/371
f 578/578/371 601/601/392 600/600/391
f 601/601/392 602/602/393 600/600/391
f 600/600/391 602/602/393 603/603/394
f 527/527/321 600/600/391 530/530/324
f 530/530/324 600/600/391 603/603/394
f 581/581/374 604/604/395 579/579/372
f 579/579/372 604/604/395 601/601/392
f 557/557/350 559/559/352 581/581/374
f 581/581/374 559/559/352 604/604/395
f 559/559/352 552/552/345 604/604/395
f 604/604/395 552/552/345 605/605/396
f 604/604/395 605/605/396 601/601/392
f 601/601/392 605/605/396 602/602/393
f 606/606/397 602/602/393 607/607/398
f 607/607/398 602/602/393 605/605/396
f 607/607/398 605/605/396 553/553/346
f 553/553/346 605/605/396 552/552/345
f 608/608/399 531/531/325 603/603/394
f 603/603/394 531/531/325 530/530/324
f 608/608/399 603/603/394 606/606/397
f 606/606/397 603/603/394 602/602/393
f 609/609/400 564/564/357 610/610/401
f 610/610/401 564/564/357 566/566/359
f 501/501/295 611/611/402 502/502/296
f 502/502/296 611/611/402 612/612/403
f 501/501/295 500/500/294 611/611/402
f 611/611/402 500/500/294 613/613/404
f 609/609/400 613/613/404 560/560/353
f 560/560/353 613/613/404 500/500/294
f 564/564/357 609/609/400 549/549/342
f 549/549/342 609/609/400 560/560/353
f 503/503/297 565/565/358 523/523/317
f 523/523/317 565/565/358 548/548/341
f 565/565/358 564/564/357 548/548/341
f 548/548/341 564/564/357 549/549/342
f 520/520/314 519/519/313 504/504/298
f 504/504/298 519/519/313 508/508/302
f 504/504/298 503/503/297 520/520/314
f 520/520/314 503/503/297 523/523/317
f 583/583/376 508/508/302 536/536/329
f 536/536/329 508/508/302 519/519/313
f 584/584/377 583/583/376 535/535/328
f 535/535/328 583/583/376 536/536/329
f 587/587/380 584/584/377 537/537/330
f 537/537/330 584/584/377 535/535/328
f 614/614/405 587/587/380 533/533/326
f 533/533/326 587/587/380 537/537/330
f 615/615/406 614/614/405 534/534/327
f 534/534/327 614/614/405 533/533/326
f 616/616/407 586/586/379 614/614/405
f 614/614/405 586/586/379 587/587/380
f 534/534/327 617/617/408 615/615/406
f 615/615/406 617/617/408 618/618/409
f 472/472/266 473/473/267 534/534/327
f 534/534/327 473/473/267 617/617/408
f 471/471/265 619/619/410 473/473/267
f 473/473/267 619/619/410 620/620/411
f 621/621/412 622/622/413 545/545/338
f 545/545/338 622/622/413 544/544/337
f 623/623/414 621/621/412 574/574/367
f 574/574/367 621/621/412 545/545/338
f 624/624/415 623/623/414 569/569/362
f 569/569/362 623/623/414 574/574/367
f 623/623/414 624/624/415 625/625/416
f 625/625/416 624/624/415 626/626/417
f 621/621/412 623/623/414 627/627/418
f 627/627/418 623/623/414 625/625/416
f 628/628/419 624/624/415 568/568/361
f 568/568/361 624/624/415 569/569/362
f 629/629/420 628/628/419 572/572/365
f 572/572/365 628/628/419 568/568/361
f 629/629/420 630/630/421 628/628/419
f 628/628/419 630/630/421 631/631/422
f 624/624/415 628/628/419 626/626/417
f 626/626/417 628/628/419 631/631/422
f 632/632/423 629/629/420 517/517/311
f 517/517/311 629/629/420 599/599/382
f 629/629/420 572/572/365 599/599/382
f 572/572/365 573/573/366 599/599/382
f 573/573/366 589/589/382 599/599/382
f 599/599/382 589/589/382 593/593/382
f 633/633/424 634/634/425 531/531/325
f 531/531/325 634/634/425 529/529/323
f 635/635/426 633/633/424 608/608/399
f 608/608/399 633/633/424 531/531/325
f 635/635/426 608/608/399 636/636/427
f 636/636/427 608/608/399 606/606/397
f 636/636/427 637/637/428 635/635/426
f 635/635/426 637/637/428 638/638/429
f 633/633/424 635/635/426 639/639/430
f 639/639/430 635/635/426 638/638/429
f 607/607/398 640/640/431 606/606/397
f 606/606/397 640/640/431 636/636/427
f 640/640/431 607/607/398 641/641/432
f 641/641/432 607/607/398 553/553/346
f 641/641/432 642/642/433 640/640/431
f 640/640/431 642/642/433 643/643/434
f 640/640/431 643/643/434 636/636/427
f 636/636/427 643/643/434 637/637/428
f 644/644/435 645/645/436 641/641/432
f 641/641/432 645/645/436 642/642/433
f 551/551/344 644/644/435 553/553/346
f 553/553/346 644/644/435 641/641/432
f 496/496/290 497/497/291 646/646/437
f 646/646/437 497/497/291 647/647/438
f 497/497/291 502/502/296 647/647/438
f 647/647/438 502/502/296 648/648/439
f 649/649/440 612/612/403 650/650/441
f 612/612/403 611/611/402 650/650/441
f 651/651/442 652/652/443 611/611/402
f 652/652/443 650/650/441 611/611/402
f 653/653/444 618/618/409 654/654/445
f 654/654/445 618/618/409 617/617/408
f 654/654/445 617/617/408 620/620/411
f 620/620/411 617/617/408 473/473/267
f 627/627/418 655/655/446 621/621/412
f 621/621/412 655/655/446 622/622/413
f 639/639/430 656/656/447 633/633/424
f 633/633/424 656/656/447 634/634/425
f 629/629/420 632/632/423 630/630/421
f 630/630/421 632/632/423 657/657/261
f 649/649/440 648/648/439 612/612/403
f 612/612/403 648/648/439 502/502/296
f 658/658/448 659/659/449 660/660/450
f 660/660/450 659/659/449 661/661/451
f 659/659/449 662/662/452 661/661/451
f 661/661/451 662/662/452 663/663/453
f 664/664/454 665/665/455 659/659/449
f 659/659/449 665/665/455 662/662/452
f 659/659/449 658/658/448 664/664/454
f 664/664/454 658/658/448 666/666/456
f 667/667/457 668/668/458 669/669/459
f 669/669/459 668/668/458 670/670/460
f 671/671/461 672/672/462 673/673/463
f 673/673/463 672/672/462 674/674/464
f 672/672/462 675/675/465 674/674/464
f 675/675/465 676/676/466 674/674/464
f 676/676/466 677/677/467 674/674/464
f 677/677/467 678/678/467 674/674/464
f 678/678/467 679/679/468 674/674/464
f 680/680/469 681/681/470 682/682/471
f 682/682/471 681/681/470 683/683/472
f 680/680/469 684/684/473 681/681/470
f 681/681/470 684/684/473 685/685/474
f 686/686/475 687/687/476 680/680/469
f 680/680/469 687/687/476 684/684/473
f 688/688/477 686/686/475 682/682/471
f 682/682/471 686/686/475 680/680/469
f 689/689/478 690/690/479 691/691/480
f 691/691/480 690/690/479 692/692/481
f 690/690/479 693/693/482 692/692/481
f 692/692/481 693/693/482 694/694/483
f 695/695/484 696/696/485 697/697/486
f 697/697/486 696/696/485 698/698/487
f 699/699/488 697/697/486 700/700/489
f 700/700/489 697/697/486 698/698/487
f 701/701/484 702/702/490 696/696/485
f 696/696/485 702/702/490 698/698/487
f 703/703/491 704/704/492 705/705/493
f 705/705/493 704/704/492 706/706/494
f 704/704/492 707/707/495 706/706/494
f 706/706/494 707/707/495 708/708/496
f 681/681/470 709/709/497 683/683/472
f 683/683/472 709/709/497 710/710/498
f 710/710/498 709/709/497 711/711/499
f 711/711/499 709/709/497 712/712/500
f 713/713/501 714/714/502 709/709/497
f 709/709/497 714/714/502 712/712/500
f 685/685/474 713/713/501 681/681/470
f 681/681/470 713/713/501 709/709/497
f 711/711/499 712/712/500 715/715/503
f 715/715/503 712/712/500 716/716/504
f 715/715/503 716/716/504 703/703/491
f 703/703/491 716/716/504 704/704/492
f 716/716/504 717/717/505 704/704/492
f 704/704/492 717/717/505 707/707/495
f 714/714/502 717/717/505 712/712/500
f 712/712/500 717/717/505 716/716/504
f 718/718/506 719/719/507 691/691/480
f 691/691/480 719/719/507 689/689/478
f 720/720/508 719/719/507 721/721/509
f 721/721/509 719/719/507 718/718/506
f 722/722/510 723/723/511 724/724/512
f 724/724/512 723/723/511 725/725/513
f 726/726/514 720/720/508 727/727/515
f 727/727/515 720/720/508 721/721/509
f 723/723/511 726/726/514 725/725/513
f 725/725/513 726/726/514 727/727/515
f 728/728/516 729/729/517 730/730/518
f 730/730/518 729/729/517 731/731/519
f 731/731/519 729/729/517 688/688/477
f 688/688/477 729/729/517 686/686/475
f 729/729/517 732/732/520 686/686/475
f 686/686/475 732/732/520 687/687/476
f 728/728/516 733/733/521 729/729/517
f 729/729/517 733/733/521 732/732/520
f 734/734/522 735/735/523 736/736/524
f 736/736/524 735/735/523 737/737/525
f 738/738/526 739/739/527 740/740/528
f 740/740/528 739/739/527 741/741/529
f 693/693/482 739/739/527 694/694/483
f 694/694/483 739/739/527 738/738/526
f 742/742/530 743/743/531 734/734/522
f 734/734/522 743/743/531 735/735/523
f 740/740/528 741/741/529 742/742/530
f 742/742/530 741/741/529 743/743/531
f 733/733/521 728/728/516 744/744/532
f 744/744/532 728/728/516 745/745/533
f 744/744/532 745/745/533 665/665/455
f 665/665/455 745/745/533 662/662/452
f 662/662/452 745/745/533 663/663/453
f 663/663/453 745/745/533 746/746/534
f 745/745/533 728/728/516 746/746/534
f 746/746/534 728/728/516 730/730/518
f 747/747/535 748/748/536 670/670/460
f 670/670/460 748/748/536 669/669/459
f 702/702/490 749/749/537 675/675/465
f 675/675/465 749/749/537 750/750/538
f 749/749/537 751/751/539 750/750/538
f 750/750/538 751/751/539 752/752/540
f 749/749/537 753/753/541 751/751/539
f 751/751/539 753/753/541 754/754/542
f 701/701/484 753/753/541 702/702/490
f 702/702/490 753/753/541 749/749/537
f 751/751/539 755/755/543 752/752/540
f 752/752/540 755/755/543 756/756/544
f 756/756/544 755/755/543 689/689/478
f 689/689/478 755/755/543 690/690/479
f 755/755/543 757/757/545 690/690/479
f 690/690/479 757/757/545 693/693/482
f 751/751/539 754/754/542 755/755/543
f 755/755/543 754/754/542 757/757/545
f 758/758/546 759/759/547 760/760/548
f 760/760/548 759/759/547 761/761/549
f 668/668/458 667/667/457 761/761/549
f 761/761/549 667/667/457 760/760/548
f 762/762/550 763/763/551 764/764/552
f 764/764/552 763/763/551 765/765/553
f 679/679/468 763/763/551 674/674/464
f 674/674/464 763/763/551 762/762/550
f 766/766/554 767/767/555 722/722/510
f 722/722/510 767/767/555 723/723/511
f 764/764/552 765/765/553 766/766/554
f 766/766/554 765/765/553 767/767/555
f 696/696/485 768/768/556 701/701/484
f 701/701/484 768/768/556 753/753/541
f 753/753/541 768/768/556 754/754/542
f 754/754/542 768/768/556 769/769/557
f 768/768/556 770/770/558 769/769/557
f 769/769/557 770/770/558 771/771/559
f 696/696/485 695/695/484 768/768/556
f 768/768/556 695/695/484 770/770/558
f 754/754/542 769/769/557 757/757/545
f 757/757/545 769/769/557 772/772/560
f 757/757/545 772/772/560 693/693/482
f 693/693/482 772/772/560 739/739/527
f 773/773/561 741/741/529 772/772/560
f 772/772/560 741/741/529 739/739/527
f 771/771/559 773/773/561 769/769/557
f 769/769/557 773/773/561 772/772/560
f 774/774/562 775/775/563 747/747/535
f 747/747/535 775/775/563 748/748/536
f 776/776/564 777/777/565 774/774/562
f 774/774/562 777/777/565 775/775/563
f 778/778/566 779/779/567 776/776/564
f 776/776/564 779/779/567 777/777/565
f 780/780/568 781/781/569 782/782/570
f 782/782/570 781/781/569 783/783/571
f 678/678/467 784/784/572 679/679/468
f 679/679/468 784/784/572 763/763/551
f 763/763/551 784/784/572 765/765/553
f 765/765/553 784/784/572 785/785/573
f 784/784/572 786/786/574 785/785/573
f 785/785/573 786/786/574 787/787/575
f 677/677/467 786/786/574 678/678/467
f 678/678/467 786/786/574 784/784/572
f 765/765/553 785/785/573 767/767/555
f 767/767/555 785/785/573 788/788/576
f 767/767/555 788/788/576 723/723/511
f 723/723/511 788/788/576 726/726/514
f 788/788/576 789/789/577 726/726/514
f 726/726/514 789/789/577 720/720/508
f 785/785/573 787/787/575 788/788/576
f 788/788/576 787/787/575 789/789/577
f 719/719/507 790/790/578 689/689/478
f 689/689/478 790/790/578 756/756/544
f 790/790/578 791/791/579 756/756/544
f 756/756/544 791/791/579 752/752/540
f 790/790/578 789/789/577 791/791/579
f 791/791/579 789/789/577 787/787/575
f 719/719/507 720/720/508 790/790/578
f 790/790/578 720/720/508 789/789/577
f 791/791/579 792/792/580 752/752/540
f 752/752/540 792/792/580 750/750/538
f 792/792/580 676/676/466 750/750/538
f 750/750/538 676/676/466 675/675/465
f 786/786/574 677/677/467 792/792/580
f 792/792/580 677/677/467 676/676/466
f 787/787/575 786/786/574 791/791/579
f 791/791/579 786/786/574 792/792/580
f 697/697/486 793/793/581 695/695/484
f 695/695/484 793/793/581 770/770/558
f 793/793/581 794/794/582 770/770/558
f 770/770/558 794/794/582 771/771/559
f 795/795/583 796/796/584 793/793/581
f 793/793/581 796/796/584 794/794/582
f 697/697/486 699/699/488 793/793/581
f 793/793/581 699/699/488 795/795/583
f 794/794/582 797/797/585 771/771/559
f 771/771/559 797/797/585 773/773/561
f 797/797/585 743/743/531 773/773/561
f 773/773/561 743/743/531 741/741/529
f 798/798/586 735/735/523 797/797/585
f 797/797/585 735/735/523 743/743/531
f 796/796/584 798/798/586 794/794/582
f 794/794/582 798/798/586 797/797/585
f 798/798/586 796/796/584 799/799/587
f 799/799/587 796/796/584 800/800/588
f 735/735/523 798/798/586 737/737/525
f 737/737/525 798/798/586 799/799/587
f 801/801/589 795/795/583 700/700/489
f 700/700/489 795/795/583 699/699/488
f 796/796/584 795/795/583 800/800/588
f 800/800/588 795/795/583 801/801/589
f 802/802/590 803/803/591 758/758/546
f 758/758/546 803/803/591 759/759/547
f 804/804/592 805/805/593 666/666/456
f 666/666/456 805/805/593 664/664/454
f 664/664/454 805/805/593 665/665/455
f 665/665/455 805/805/593 806/806/594
f 802/802/590 744/744/532 806/806/594
f 806/806/594 744/744/532 665/665/455
f 758/758/546 733/733/521 802/802/590
f 802/802/590 733/733/521 744/744/532
f 732/732/520 760/760/548 687/687/476
f 687/687/476 760/760/548 667/667/457
f 733/733/521 758/758/546 732/732/520
f 732/732/520 758/758/546 760/760/548
f 687/687/476 667/667/457 684/684/473
f 684/684/473 667/667/457 669/669/459
f 748/748/536 685/685/474 669/669/459
f 669/669/459 685/685/474 684/684/473
f 775/775/563 713/713/501 748/748/536
f 748/748/536 713/713/501 685/685/474
f 777/777/565 714/714/502 775/775/563
f 775/775/563 714/714/502 713/713/501
f 779/779/567 717/717/505 777/777/565
f 777/777/565 717/717/505 714/714/502
f 807/807/595 707/707/495 779/779/567
f 779/779/567 707/707/495 717/717/505
f 707/707/495 807/807/595 708/708/496
f 708/708/496 807/807/595 808/808/596
f 708/708/496 808/808/596 809/809/597
f 809/809/597 808/808/596 780/780/568
f 706/706/494 708/708/496 810/810/598
f 810/810/598 708/708/496 809/809/597
f 705/705/493 706/706/494 811/811/599
f 811/811/599 706/706/494 810/810/598
f 724/724/512 812/812/600 722/722/510
f 722/722/510 812/812/600 813/813/601
f 722/722/510 813/813/601 766/766/554
f 766/766/554 813/813/601 814/814/602
f 815/815/603 764/764/552 814/814/602
f 814/814/602 764/764/552 766/766/554
f 814/814/602 816/816/604 815/815/603
f 815/815/603 816/816/604 817/817/417
f 813/813/601 818/818/418 814/814/602
f 814/814/602 818/818/418 816/816/604
f 764/764/552 815/815/603 762/762/550
f 762/762/550 815/815/603 819/819/605
f 673/673/463 674/674/464 819/819/605
f 819/819/605 674/674/464 762/762/550
f 820/820/606 821/821/607 819/819/605
f 819/819/605 821/821/607 673/673/463
f 815/815/603 817/817/417 819/819/605
f 819/819/605 817/817/417 820/820/606
f 698/698/487 822/822/608 700/700/489
f 700/700/489 822/822/608 823/823/609
f 700/700/489 823/823/609 801/801/589
f 801/801/589 823/823/609 824/824/610
f 800/800/588 801/801/589 825/825/611
f 825/825/611 801/801/589 824/824/610
f 826/826/612 827/827/428 824/824/610
f 824/824/610 827/827/428 825/825/611
f 823/823/609 828/828/430 824/824/610
f 824/824/610 828/828/430 826/826/612
f 799/799/587 800/800/588 829/829/613
f 829/829/613 800/800/588 825/825/611
f 737/737/525 799/799/587 830/830/614
f 830/830/614 799/799/587 829/829/613
f 831/831/615 832/832/616 829/829/613
f 829/829/613 832/832/616 830/830/614
f 827/827/428 831/831/615 825/825/611
f 825/825/611 831/831/615 829/829/613
f 833/833/617 830/830/614 834/834/436
f 834/834/436 830/830/614 832/832/616
f 736/736/524 737/737/525 833/833/617
f 833/833/617 737/737/525 830/830/614
f 658/658/448 835/835/438 666/666/456
f 666/666/456 835/835/438 836/836/439
f 835/835/438 658/658/448 837/837/437
f 837/837/437 658/658/448 660/660/450
f 809/809/597 780/780/568 838/838/445
f 838/838/445 780/780/568 782/782/570
f 811/811/599 810/810/598 839/839/618
f 839/839/618 810/810/598 840/840/411
f 810/810/598 809/809/597 840/840/411
f 840/840/411 809/809/597 838/838/445
f 818/818/418 813/813/601 841/841/619
f 841/841/619 813/813/601 812/812/600
f 842/842/261 671/671/461 821/821/607
f 821/821/607 671/671/461 673/673/463
f 828/828/430 823/823/609 843/843/620
f 843/843/620 823/823/609 822/822/608
f 844/844/621 804/804/592 836/836/439
f 836/836/439 804/804/592 666/666/456
f 845/845/622 807/807/595 778/778/566
f 778/778/566 807/807/595 779/779/567
f 846/846/623 808/808/596 845/845/622
f 845/845/622 808/808/596 807/807/595
f 808/808/596 846/846/623 780/780/568
f 780/780/568 846/846/623 781/781/569
f 653/653/444 847/847/624 618/618/409
f 618/618/409 847/847/624 848/848/625
f 618/618/409 848/848/625 615/615/406
f 615/615/406 848/848/625 849/849/626
f 849/849/626 616/616/407 615/615/406
f 615/615/406 616/616/407 614/614/405
f 613/613/404 609/609/400 850/850/627
f 850/850/627 609/609/400 610/610/401
f 611/611/402 613/613/404 651/651/442
f 651/651/442 613/613/404 850/850/627
f 844/844/621 851/851/628 804/804/592
f 852/852/629 853/853/630 851/851/628
f 853/853/630 804/804/592 851/851/628
f 804/804/592 853/853/630 805/805/593
f 805/805/593 853/853/630 854/854/631
f 805/805/593 854/854/631 806/806/594
f 806/806/594 854/854/631 855/855/632
f 806/806/594 855/855/632 802/802/590
f 802/802/590 855/855/632 803/803/591
f 856/856/633 857/857/634 858/858/635
f 858/858/635 857/857/634 859/859/636
f 856/856/633 860/860/637 857/857/634
f 857/857/634 860/860/637 861/861/638
f 862/862/639 863/863/640 864/864/641
f 864/864/641 863/863/640 865/865/642
f 864/864/641 866/866/643 862/862/639
f 862/862/639 866/866/643 867/867/644
f 863/863/640 868/868/645 865/865/642
f 865/865/642 868/868/645 869/869/646
f 868/868/645 870/870/647 869/869/646
f 869/869/646 870/870/647 871/871/648
f 872/872/649 867/867/644 873/873/650
f 873/873/650 867/867/644 866/866/643
f 873/873/650 861/861/638 872/872/649
f 872/872/649 861/861/638 860/860/637
f 874/874/651 875/875/652 876/876/653
f 876/876/653 875/875/652 877/877/654
f 875/875/652 874/874/651 878/878/655
f 878/878/655 874/874/651 879/879/656
f 876/876/653 877/877/654 880/880/657
f 880/880/657 877/877/654 881/881/658
f 880/880/657 881/881/658 859/859/636
f 859/859/636 881/881/658 858/858/635
f 882/882/659 883/883/660 879/879/656
f 879/879/656 883/883/660 878/878/655
f 883/883/660 882/882/659 884/884/661
f 884/884/661 882/882/659 885/885/662
f 884/884/661 885/885/662 886/886/663
f 886/886/663 885/885/662 887/887/664
f 888/888/648 889/889/665 890/890/666
f 890/890/666 889/889/665 891/891/667
f 886/886/663 887/887/664 892/892/668
f 892/892/668 887/887/664 893/893/669
f 894/894/669 895/895/670 896/896/668
f 896/896/668 895/895/670 897/897/671
f 898/898/672 899/899/673 900/900/674
f 900/900/674 899/899/673 901/901/675
f 899/899/673 898/898/672 902/902/676
f 902/902/676 898/898/672 903/903/677
f 902/902/676 903/903/677 891/891/667
f 891/891/667 903/903/677 890/890/666
f 904/904/678 905/905/679 906/906/680
f 906/906/680 905/905/679 907/907/681
f 905/905/679 904/904/678 901/901/675
f 901/901/675 904/904/678 900/900/674
f 908/908/682 909/909/683 910/910/684
f 910/910/684 909/909/683 911/911/685
f 908/908/682 910/910/684 907/907/681
f 907/907/681 910/910/684 906/906/680
f 912/912/686 913/913/687 914/914/688
f 914/914/688 913/913/687 915/915/689
f 914/914/688 916/916/690 912/912/686
f 912/912/686 916/916/690 917/917/691
f 916/916/690 918/918/692 917/917/691
f 917/917/691 918/918/692 919/919/693
f 918/918/692 911/911/685 919/919/693
f 919/919/693 911/911/685 909/909/683
f 920/920/694 921/921/695 922/922/696
f 922/922/696 921/921/695 923/923/697
f 922/922/696 915/915/689 920/920/694
f 920/920/694 915/915/689 913/913/687
f 895/895/670 923/923/697 897/897/671
f 897/897/671 923/923/697 921/921/695
f 924/924/698 925/925/699 865/865/642
f 865/865/642 925/925/699 864/864/641
f 865/865/642 869/869/646 924/924/698
f 924/924/698 869/869/646 926/926/265
f 927/927/700 928/928/701 866/866/643
f 866/866/643 928/928/701 873/873/650
f 925/925/699 927/927/700 864/864/641
f 864/864/641 927/927/700 866/866/643
f 929/929/702 857/857/634 930/930/703
f 930/930/703 857/857/634 861/861/638
f 928/928/701 930/930/703 873/873/650
f 873/873/650 930/930/703 861/861/638
f 931/931/704 874/874/651 932/932/705
f 932/932/705 874/874/651 876/876/653
f 932/932/705 876/876/653 933/933/706
f 933/933/706 876/876/653 880/880/657
f 934/934/707 882/882/659 935/935/708
f 935/935/708 882/882/659 879/879/656
f 935/935/708 879/879/656 931/931/704
f 931/931/704 879/879/656 874/874/651
f 885/885/662 936/936/709 887/887/664
f 887/887/664 936/936/709 937/937/290
f 936/936/709 885/885/662 934/934/707
f 934/934/707 885/885/662 882/882/659
f 857/857/634 929/929/702 859/859/636
f 859/859/636 929/929/702 938/938/710
f 880/880/657 859/859/636 933/933/706
f 933/933/706 859/859/636 938/938/710
f 522/522/316 521/521/315 858/858/635
f 858/858/635 521/521/315 856/856/633
f 522/522/316 858/858/635 525/525/319
f 525/525/319 858/858/635 881/881/658
f 872/872/649 860/860/637 540/540/333
f 540/540/333 860/860/637 538/538/331
f 860/860/637 856/856/633 538/538/331
f 538/538/331 856/856/633 521/521/315
f 862/862/639 542/542/335 863/863/640
f 863/863/640 542/542/335 544/544/337
f 867/867/644 546/546/339 862/862/639
f 862/862/639 546/546/339 542/542/335
f 872/872/649 540/540/333 867/867/644
f 867/867/644 540/540/333 546/546/339
f 883/883/660 884/884/661 550/550/343
f 550/550/343 884/884/661 551/551/344
f 877/877/654 554/554/347 881/881/658
f 881/881/658 554/554/347 525/525/319
f 875/875/652 555/555/348 877/877/654
f 877/877/654 555/555/348 554/554/347
f 875/875/652 878/878/655 555/555/348
f 555/555/348 878/878/655 558/558/351
f 878/878/655 883/883/660 558/558/351
f 558/558/351 883/883/660 550/550/343
f 869/869/646 871/871/648 926/926/265
f 926/926/265 871/871/648 939/939/410
f 622/622/413 868/868/645 544/544/337
f 544/544/337 868/868/645 863/863/640
f 884/884/661 886/886/663 551/551/344
f 551/551/344 886/886/663 644/644/435
f 886/886/663 892/892/668 644/644/435
f 644/644/435 892/892/668 645/645/436
f 887/887/664 937/937/290 893/893/669
f 893/893/669 937/937/290 940/940/711
f 655/655/446 870/870/647 622/622/413
f 622/622/413 870/870/647 868/868/645
f 941/941/493 903/903/677 942/942/712
f 942/942/712 903/903/677 898/898/672
f 943/943/713 890/890/666 941/941/493
f 941/941/493 890/890/666 903/903/677
f 944/944/714 900/900/674 945/945/715
f 945/945/715 900/900/674 904/904/678
f 942/942/712 898/898/672 944/944/714
f 944/944/714 898/898/672 900/900/674
f 906/906/680 910/910/684 946/946/716
f 946/946/716 910/910/684 947/947/717
f 945/945/715 904/904/678 946/946/716
f 946/946/716 904/904/678 906/906/680
f 916/916/690 914/914/688 948/948/718
f 948/948/718 914/914/688 949/949/719
f 950/950/720 918/918/692 948/948/718
f 948/948/718 918/918/692 916/916/690
f 915/915/689 922/922/696 951/951/721
f 951/951/721 922/922/696 952/952/722
f 914/914/688 915/915/689 949/949/719
f 949/949/719 915/915/689 951/951/721
f 923/923/697 895/895/670 953/953/723
f 953/953/723 895/895/670 954/954/450
f 922/922/696 923/923/697 952/952/722
f 952/952/722 923/923/697 953/953/723
f 955/955/724 947/947/717 911/911/685
f 911/911/685 947/947/717 910/910/684
f 955/955/724 911/911/685 950/950/720
f 950/950/720 911/911/685 918/918/692
f 908/908/682 691/691/480 909/909/683
f 909/909/683 691/691/480 692/692/481
f 692/692/481 694/694/483 909/909/683
f 909/909/683 694/694/483 919/919/693
f 905/905/679 721/721/509 907/907/681
f 907/907/681 721/721/509 718/718/506
f 907/907/681 718/718/506 908/908/682
f 908/908/682 718/718/506 691/691/480
f 724/724/512 725/725/513 902/902/676
f 902/902/676 725/725/513 899/899/673
f 725/725/513 727/727/515 899/899/673
f 899/899/673 727/727/515 901/901/675
f 727/727/515 721/721/509 901/901/675
f 901/901/675 721/721/509 905/905/679
f 920/920/694 734/734/522 921/921/695
f 921/921/695 734/734/522 736/736/524
f 694/694/483 738/738/526 919/919/693
f 919/919/693 738/738/526 917/917/691
f 738/738/526 740/740/528 917/917/691
f 917/917/691 740/740/528 912/912/686
f 912/912/686 740/740/528 913/913/687
f 913/913/687 740/740/528 742/742/530
f 913/913/687 742/742/530 920/920/694
f 920/920/694 742/742/530 734/734/522
f 956/956/618 888/888/648 943/943/713
f 943/943/713 888/888/648 890/890/666
f 902/902/676 891/891/667 724/724/512
f 724/724/512 891/891/667 812/812/600
f 921/921/695 736/736/524 897/897/671
f 897/897/671 736/736/524 833/833/617
f 897/897/671 833/833/617 896/896/668
f 896/896/668 833/833/617 834/834/436
f 895/895/670 894/894/669 954/954/450
f 954/954/450 894/894/669 957/957/437
f 841/841/619 812/812/600 889/889/665
f 889/889/665 812/812/600 891/891/667
f 517/517/311 518/518/312 632/632/423
f 634/634/425 632/632/423 529/529/323
f 529/529/323 632/632/423 518/518/312
f 657/657/261 632/632/423 656/656/447
f 656/656/447 632/632/423 634/634/425
f 822/822/608 671/671/461 843/843/620
f 843/843/620 671/671/461 842/842/261
f 698/698/487 672/672/462 822/822/608
f 822/822/608 672/672/462 671/671/461
f 698/698/487 702/702/490 672/672/462
f 672/672/462 702/702/490 675/675/465
f 958/958/725 959/959/726 960/960/727
f 960/960/727 959/959/726 961/961/728
f 962/962/729 963/963/730 964/964/731
f 964/964/731 963/963/730 965/965/732
f 966/966/91 967/967/91 968/968/91
f 968/968/91 967/967/91 969/969/91
f 970/970/733 971/971/734 972/972/735
f 972/972/735 971/971/734 973/973/736
f 974/974/737 975/975/738 976/976/739
f 976/976/739 975/975/738 977/977/740
f 978/978/741 979/979/742 980/980/743
f 980/980/743 979/979/742 981/981/744
f 982/982/745 983/983/746 984/984/747
f 984/984/747 983/983/746 985/985/748
f 986/986/749 987/987/750 988/988/751
f 988/988/751 987/987/750 989/989/752
f 990/990/753 991/991/754 992/992/755
f 992/992/755 991/991/754 993/993/755
f 981/981/744 994/994/756 995/995/757
f 995/995/757 994/994/756 996/996/758
f 997/997/759 972/972/735 973/973/736
f 998/998/760 999/999/761 1000/1000/762
f 1000/1000/762 999/999/761 1001/1001/763
f 1002/1002/764 1003/1003/765 1004/1004/766
f 1004/1004/766 1003/1003/765 1005/1005/767
f 1006/1006/768 1007/1007/769 1008/1008/770
f 1008/1008/770 1007/1007/769 1009/1009/771
f 1010/1010/772 1011/1011/773 1012/1012/774
f 1012/1012/774 1011/1011/773 1013/1013/775
f 962/962/729 964/964/731 998/998/760
f 998/998/760 964/964/731 999/999/761
f 958/958/725 960/960/727 1002/1002/764
f 1002/1002/764 960/960/727 1003/1003/765
f 1006/1006/768 997/997/759 1007/1007/769
f 1007/1007/769 997/997/759 973/973/736
f 1012/1012/774 995/995/757 1010/1010/772
f 1010/1010/772 995/995/757 996/996/758
f 964/964/731 1014/1014/776 1015/1015/777
f 964/964/731 1015/1015/777 999/999/761
f 999/999/761 1015/1015/777 1016/1016/778
f 999/999/761 1016/1016/778 1001/1001/763
f 1001/1001/763 1016/1016/778 1017/1017/779
f 1006/1006/768 1008/1008/770 1018/1018/780
f 1018/1018/780 1008/1008/770 1019/1019/781
f 997/997/759 1006/1006/768 1020/1020/782
f 1020/1020/782 1006/1006/768 1018/1018/780
f 972/972/735 997/997/759 1021/1021/783
f 1021/1021/783 997/997/759 1020/1020/782
f 1021/1021/783 970/970/733 972/972/735
f 964/964/731 965/965/732 1014/1014/776
f 981/981/744 979/979/742 994/994/756
f 965/965/732 991/991/754 1014/1014/776
f 1014/1014/776 991/991/754 990/990/753
f 987/987/750 975/975/738 989/989/752
f 989/989/752 975/975/738 974/974/737
f 984/984/747 985/985/748 1021/1021/783
f 1021/1021/783 985/985/748 970/970/733
f 1003/1003/765 960/960/727 1022/1022/784
f 1022/1022/784 960/960/727 1023/1023/785
f 1022/1022/784 1024/1024/786 1003/1003/765
f 1003/1003/765 1024/1024/786 1005/1005/767
f 1025/1025/787 1012/1012/774 1026/1026/788
f 1026/1026/788 1012/1012/774 1013/1013/775
f 1027/1027/789 995/995/757 1025/1025/787
f 1025/1025/787 995/995/757 1012/1012/774
f 981/981/744 995/995/757 1028/1028/790
f 1028/1028/790 995/995/757 1027/1027/789
f 1029/1029/791 981/981/744 1028/1028/790
f 981/981/744 1029/1029/791 980/980/743
f 980/980/743 1029/1029/791 1030/1030/792
f 1031/1031/91 1032/1032/91 966/966/91
f 966/966/91 1032/1032/91 967/967/91
f 1033/1033/793 987/987/750 1034/1034/794
f 1034/1034/794 987/987/750 986/986/749
f 1035/1035/795 975/975/738 1033/1033/793
f 1033/1033/793 975/975/738 987/987/750
f 977/977/740 975/975/738 1036/1036/796
f 1036/1036/796 975/975/738 1035/1035/795
f 961/961/728 1037/1037/797 960/960/727
f 960/960/727 1037/1037/797 1023/1023/785
f 1038/1038/798 1039/1039/799 1040/1040/800
f 1040/1040/800 1039/1039/799 1041/1041/801
f 1039/1039/799 1042/1042/802 1041/1041/801
f 1041/1041/801 1042/1042/802 1043/1043/803
f 1044/1044/804 1045/1045/805 1046/1046/806
f 1046/1046/806 1045/1045/805 1047/1047/807
f 1048/1048/808 1049/1049/809 1044/1044/804
f 1044/1044/804 1049/1049/809 1045/1045/805
f 1050/1050/810 1051/1051/811 1042/1042/802
f 1042/1042/802 1051/1051/811 1043/1043/803
f 1052/1052/812 1053/1053/813 1050/1050/810
f 1050/1050/810 1053/1053/813 1051/1051/811
f 1054/1054/814 1046/1046/806 1055/1055/815
f 1055/1055/815 1046/1046/806 1047/1047/807
f 1054/1054/814 1055/1055/815 1052/1052/812
f 1052/1052/812 1055/1055/815 1053/1053/813
f 1043/1043/803 1056/1056/816 1041/1041/801
f 1041/1041/801 1056/1056/816 1057/1057/817
f 1041/1041/801 1057/1057/817 1040/1040/800
f 1040/1040/800 1057/1057/817 1058/1058/818
f 1049/1049/809 1059/1059/819 1045/1045/805
f 1045/1045/805 1059/1059/819 1060/1060/820
f 1045/1045/805 1060/1060/820 1047/1047/807
f 1047/1047/807 1060/1060/820 1061/1061/821
f 1055/1055/815 1047/1047/807 1062/1062/822
f 1062/1062/822 1047/1047/807 1061/1061/821
f 1053/1053/813 1055/1055/815 1063/1063/823
f 1063/1063/823 1055/1055/815 1062/1062/822
f 1051/1051/811 1053/1053/813 1064/1064/824
f 1064/1064/824 1053/1053/813 1063/1063/823
f 1043/1043/803 1051/1051/811 1056/1056/816
f 1056/1056/816 1051/1051/811 1064/1064/824
f 1065/1065/825 1066/1066/826 1067/1067/827
f 1067/1067/827 1066/1066/826 1068/1068/828
f 1069/1069/829 1065/1065/825 1070/1070/830
f 1070/1070/830 1065/1065/825 1067/1067/827
f 1071/1071/831 1069/1069/829 1072/1072/832
f 1072/1072/832 1069/1069/829 1070/1070/830
f 1073/1073/833 1071/1071/831 1074/1074/834
f 1074/1074/834 1071/1071/831 1072/1072/832
f 1075/1075/835 1073/1073/833 1076/1076/836
f 1076/1076/836 1073/1073/833 1074/1074/834
f 1077/1077/837 1075/1075/835 1078/1078/838
f 1078/1078/838 1075/1075/835 1076/1076/836
f 1079/1079/839 1077/1077/837 1080/1080/840
f 1080/1080/840 1077/1077/837 1078/1078/838
f 1081/1081/841 1079/1079/839 1082/1082/842
f 1082/1082/842 1079/1079/839 1080/1080/840
f 1081/1081/841 1082/1082/842 1083/1083/843
f 1083/1083/843 1082/1082/842 1084/1084/844
f 1083/1083/843 1084/1084/844 1085/1085/845
f 1085/1085/845 1084/1084/844 1086/1086/846
f 1085/1085/845 1086/1086/846 1087/1087/847
f 1087/1087/847 1086/1086/846 1088/1088/848
f 1087/1087/847 1088/1088/848 1089/1089/849
f 1089/1089/849 1088/1088/848 1090/1090/850
f 1089/1089/849 1090/1090/850 1091/1091/851
f 1091/1091/851 1090/1090/850 1092/1092/852
f 1091/1091/851 1092/1092/852 1093/1093/853
f 1093/1093/853 1092/1092/852 1094/1094/854
f 1093/1093/853 1094/1094/854 1095/1095/855
f 1095/1095/855 1094/1094/854 1096/1096/856
f 1095/1095/855 1096/1096/856 1097/1097/857
f 1097/1097/857 1096/1096/856 1098/1098/858
f 1097/1097/857 1098/1098/858 1099/1099/859
f 1099/1099/859 1098/1098/858 1100/1100/860
f 1101/1101/861 1102/1102/862 1103/1103/863
f 1103/1103/863 1102/1102/862 1104/1104/862
f 1101/1101/861 1103/1103/863 1105/1105/864
f 1105/1105/864 1103/1103/863 1106/1106/864
f 1107/1107/865 1108/1108/866 1109/1109/867
f 1109/1109/867 1108/1108/866 1110/1110/868
f 1108/1108/866 1107/1107/865 1111/1111/869
f 1111/1111/869 1107/1107/865 1112/1112/870
f 1112/1112/870 1113/1113/871 1111/1111/869
f 1111/1111/869 1113/1113/871 1114/1114/872
f 1113/1113/871 1115/1115/873 1114/1114/872
f 1114/1114/872 1115/1115/873 1116/1116/874
f 1115/1115/873 1117/1117/875 1116/1116/874
f 1116/1116/874 1117/1117/875 1118/1118/876
f 1117/1117/875 1119/1119/877 1118/1118/876
f 1118/1118/876 1119/1119/877 1120/1120/878
f 1121/1121/879 1122/1122/880 1119/1119/877
f 1119/1119/877 1122/1122/880 1120/1120/878
f 1123/1123/881 1124/1124/882 1121/1121/879
f 1121/1121/879 1124/1124/882 1122/1122/880
f 1125/1125/883 1126/1126/884 1123/1123/881
f 1123/1123/881 1126/1126/884 1124/1124/882
f 1127/1127/885 1128/1128/886 1125/1125/883
f 1125/1125/883 1128/1128/886 1126/1126/884
f 1129/1129/887 1130/1130/888 1127/1127/885
f 1127/1127/885 1130/1130/888 1128/1128/886
f 1131/1131/889 1132/1132/890 1133/1133/891
f 1133/1133/891 1132/1132/890 1134/1134/892
f 1132/1132/890 1135/1135/893 1134/1134/892
f 1134/1134/892 1135/1135/893 1136/1136/894
f 1135/1135/893 1137/1137/895 1136/1136/894
f 1136/1136/894 1137/1137/895 1138/1138/896
f 1137/1137/895 1139/1139/897 1138/1138/896
f 1138/1138/896 1139/1139/897 1140/1140/898
f 1139/1139/897 1141/1141/899 1140/1140/898
f 1140/1140/898 1141/1141/899 1142/1142/900
f 1141/1141/899 1143/1143/901 1142/1142/900
f 1142/1142/900 1143/1143/901 1144/1144/902
f 1145/1145/903 1146/1146/904 1143/1143/901
f 1143/1143/901 1146/1146/904 1144/1144/902
f 1109/1109/867 1110/1110/868 1145/1145/903
f 1145/1145/903 1110/1110/868 1146/1146/904
f 1108/1108/866 1147/1147/905 1110/1110/868
f 1110/1110/868 1147/1147/905 1148/1148/906
f 1147/1147/905 1108/1108/866 1149/1149/907
f 1149/1149/907 1108/1108/866 1111/1111/869
f 1111/1111/869 1114/1114/872 1149/1149/907
f 1149/1149/907 1114/1114/872 1150/1150/908
f 1114/1114/872 1116/1116/874 1150/1150/908
f 1150/1150/908 1116/1116/874 1151/1151/909
f 1116/1116/874 1118/1118/876 1151/1151/909
f 1151/1151/909 1118/1118/876 1152/1152/910
f 1118/1118/876 1120/1120/878 1152/1152/910
f 1152/1152/910 1120/1120/878 1153/1153/911
f 1120/1120/878 1122/1122/880 1153/1153/911
f 1153/1153/911 1122/1122/880 1154/1154/912
f 1122/1122/880 1124/1124/882 1154/1154/912
f 1154/1154/912 1124/1124/882 1155/1155/913
f 1124/1124/882 1126/1126/884 1155/1155/913
f 1155/1155/913 1126/1126/884 1156/1156/914
f 1126/1126/884 1128/1128/886 1156/1156/914
f 1156/1156/914 1128/1128/886 1157/1157/915
f 1128/1128/886 1130/1130/888 1157/1157/915
f 1157/1157/915 1130/1130/888 1158/1158/916
f 1134/1134/892 1159/1159/917 1133/1133/891
f 1133/1133/891 1159/1159/917 1160/1160/918
f 1136/1136/894 1161/1161/919 1134/1134/892
f 1134/1134/892 1161/1161/919 1159/1159/917
f 1138/1138/896 1162/1162/920 1136/1136/894
f 1136/1136/894 1162/1162/920 1161/1161/919
f 1140/1140/898 1163/1163/921 1138/1138/896
f 1138/1138/896 1163/1163/921 1162/1162/920
f 1142/1142/900 1164/1164/922 1140/1140/898
f 1140/1140/898 1164/1164/922 1163/1163/921
f 1144/1144/902 1165/1165/923 1142/1142/900
f 1142/1142/900 1165/1165/923 1164/1164/922
f 1146/1146/904 1166/1166/924 1144/1144/902
f 1144/1144/902 1166/1166/924 1165/1165/923
f 1110/1110/868 1148/1148/906 1146/1146/904
f 1146/1146/904 1148/1148/906 1166/1166/924
f 1148/1148/906 1147/1147/905 1080/1080/840
f 1080/1080/840 1147/1147/905 1082/1082/842
f 1082/1082/842 1147/1147/905 1084/1084/844
f 1084/1084/844 1147/1147/905 1149/1149/907
f 1150/1150/908 1086/1086/846 1149/1149/907
f 1149/1149/907 1086/1086/846 1084/1084/844
f 1151/1151/909 1088/1088/848 1150/1150/908
f 1150/1150/908 1088/1088/848 1086/1086/846
f 1152/1152/910 1090/1090/850 1151/1151/909
f 1151/1151/909 1090/1090/850 1088/1088/848
f 1153/1153/911 1092/1092/852 1152/1152/910
f 1152/1152/910 1092/1092/852 1090/1090/850
f 1154/1154/912 1094/1094/854 1153/1153/911
f 1153/1153/911 1094/1094/854 1092/1092/852
f 1155/1155/913 1096/1096/856 1154/1154/912
f 1154/1154/912 1096/1096/856 1094/1094/854
f 1156/1156/914 1098/1098/858 1155/1155/913
f 1155/1155/913 1098/1098/858 1096/1096/856
f 1157/1157/915 1100/1100/860 1156/1156/914
f 1156/1156/914 1100/1100/860 1098/1098/858
f 1158/1158/916 1167/1167/925 1157/1157/915
f 1157/1157/915 1167/1167/925 1100/1100/860
f 1160/1160/918 1159/1159/917 1168/1168/925
f 1168/1168/925 1159/1159/917 1068/1068/828
f 1159/1159/917 1161/1161/919 1068/1068/828
f 1068/1068/828 1161/1161/919 1067/1067/827
f 1161/1161/919 1162/1162/920 1067/1067/827
f 1067/1067/827 1162/1162/920 1070/1070/830
f 1162/1162/920 1163/1163/921 1070/1070/830
f 1070/1070/830 1163/1163/921 1072/1072/832
f 1163/1163/921 1164/1164/922 1072/1072/832
f 1072/1072/832 1164/1164/922 1074/1074/834
f 1164/1164/922 1165/1165/923 1074/1074/834
f 1074/1074/834 1165/1165/923 1076/1076/836
f 1165/1165/923 1166/1166/924 1076/1076/836
f 1076/1076/836 1166/1166/924 1078/1078/838
f 1166/1166/924 1148/1148/906 1078/1078/838
f 1078/1078/838 1148/1148/906 1080/1080/840
f 1169/1169/926 1170/1170/927 1171/1171/928
f 1171/1171/928 1170/1170/927 1172/1172/929
f 1099/1099/859 1100/1100/860 1173/1173/930
f 1173/1173/930 1100/1100/860 1174/1174/931
f 1175/1175/932 1171/1171/928 1176/1176/933
f 1176/1176/933 1171/1171/928 1172/1172/929
f 1177/1177/934 1178/1178/935 1179/1179/936
f 1179/1179/936 1178/1178/935 1180/1180/937
f 1181/1181/938 1182/1182/939 1183/1183/940
f 1183/1183/940 1182/1182/939 1184/1184/937
f 1185/1185/941 1068/1068/828 1186/1186/942
f 1186/1186/942 1068/1068/828 1066/1066/826
f 1187/1187/943 1188/1188/944 1189/1189/945
f 1189/1189/945 1188/1188/944 1190/1190/946
f 1188/1188/944 1191/1191/947 1190/1190/946
f 1190/1190/946 1191/1191/947 1192/1192/948
f 1191/1191/947 1193/1193/949 1192/1192/948
f 1192/1192/948 1193/1193/949 1194/1194/950
f 1193/1193/949 1195/1195/951 1194/1194/950
f 1194/1194/950 1195/1195/951 1196/1196/952
f 1195/1195/951 1197/1197/953 1196/1196/952
f 1196/1196/952 1197/1197/953 1198/1198/954
f 1197/1197/953 1199/1199/955 1198/1198/954
f 1198/1198/954 1199/1199/955 1200/1200/956
f 1199/1199/955 1201/1201/957 1200/1200/956
f 1200/1200/956 1201/1201/957 1202/1202/958
f 1201/1201/957 1203/1203/959 1202/1202/958
f 1202/1202/958 1203/1203/959 1204/1204/960
f 1203/1203/959 1205/1205/961 1204/1204/960
f 1204/1204/960 1205/1205/961 1206/1206/962
f 1205/1205/961 1207/1207/963 1206/1206/962
f 1206/1206/962 1207/1207/963 1208/1208/964
f 1207/1207/963 1209/1209/965 1208/1208/964
f 1208/1208/964 1209/1209/965 1210/1210/966
f 1209/1209/965 1211/1211/967 1210/1210/966
f 1210/1210/966 1211/1211/967 1212/1212/968
f 1211/1211/967 1213/1213/969 1212/1212/968
f 1212/1212/968 1213/1213/969 1214/1214/970
f 1213/1213/969 1215/1215/971 1214/1214/970
f 1214/1214/970 1215/1215/971 1216/1216/972
f 1215/1215/971 1217/1217/973 1216/1216/972
f 1216/1216/972 1217/1217/973 1218/1218/974
f 1217/1217/973 1219/1219/975 1218/1218/974
f 1218/1218/974 1219/1219/975 1220/1220/976
f 1219/1219/975 1221/1221/977 1220/1220/976
f 1220/1220/976 1221/1221/977 1222/1222/978
f 1221/1221/977 1223/1223/979 1222/1222/978
f 1222/1222/978 1223/1223/979 1224/1224/980
f 1223/1223/979 1225/1225/981 1224/1224/980
f 1224/1224/980 1225/1225/981 1226/1226/982
f 1225/1225/981 1187/1187/943 1226/1226/982
f 1226/1226/982 1187/1187/943 1189/1189/945
f 1227/1227/983 1228/1228/984 1229/1229/985
f 1229/1229/985 1228/1228/984 1230/1230/984
f 1231/1231/986 1227/1227/983 1232/1232/986
f 1232/1232/986 1227/1227/983 1229/1229/985
f 1233/1233/987 1231/1231/986 1234/1234/988
f 1234/1234/988 1231/1231/986 1232/1232/986
f 1235/1235/989 1233/1233/987 1236/1236/990
f 1236/1236/990 1233/1233/987 1234/1234/988
f 1237/1237/991 1235/1235/989 1238/1238/220
f 1238/1238/220 1235/1235/989 1236/1236/990
f 1239/1239/992 1237/1237/991 1240/1240/992
f 1240/1240/992 1237/1237/991 1238/1238/220
f 1241/1241/993 1242/1242/994 1243/1243/993
f 1243/1243/993 1242/1242/994 1244/1244/994
f 1245/1245/995 1241/1241/993 1246/1246/995
f 1246/1246/995 1241/1241/993 1243/1243/993
f 1247/1247/996 1245/1245/995 1248/1248/996
f 1248/1248/996 1245/1245/995 1246/1246/995
f 1249/1249/192 1247/1247/996 1250/1250/91
f 1250/1250/91 1247/1247/996 1248/1248/996
f 1251/1251/997 1249/1249/192 1252/1252/997
f 1252/1252/997 1249/1249/192 1250/1250/91
f 1253/1253/998 1251/1251/997 1254/1254/998
f 1254/1254/998 1251/1251/997 1252/1252/997
f 1112/1112/870 1107/1107/865 1255/1255/999
f 1255/1255/999 1107/1107/865 1256/1256/1000
f 1256/1256/1000 1107/1107/865 1257/1257/1001
f 1257/1257/1001 1107/1107/865 1109/1109/867
f 1255/1255/999 1258/1258/1002 1112/1112/870
f 1112/1112/870 1258/1258/1002 1113/1113/871
f 1258/1258/1002 1259/1259/1003 1113/1113/871
f 1113/1113/871 1259/1259/1003 1115/1115/873
f 1259/1259/1003 1260/1260/1004 1115/1115/873
f 1115/1115/873 1260/1260/1004 1117/1117/875
f 1260/1260/1004 1261/1261/1005 1117/1117/875
f 1117/1117/875 1261/1261/1005 1119/1119/877
f 1261/1261/1005 1262/1262/1006 1119/1119/877
f 1119/1119/877 1262/1262/1006 1121/1121/879
f 1262/1262/1006 1263/1263/1007 1121/1121/879
f 1121/1121/879 1263/1263/1007 1123/1123/881
f 1263/1263/1007 1264/1264/1008 1123/1123/881
f 1123/1123/881 1264/1264/1008 1125/1125/883
f 1264/1264/1008 1265/1265/1009 1125/1125/883
f 1125/1125/883 1265/1265/1009 1127/1127/885
f 1265/1265/1009 1266/1266/1010 1127/1127/885
f 1127/1127/885 1266/1266/1010 1129/1129/887
f 1267/1267/1011 1132/1132/890 1268/1268/1012
f 1268/1268/1012 1132/1132/890 1131/1131/889
f 1269/1269/1013 1135/1135/893 1267/1267/1011
f 1267/1267/1011 1135/1135/893 1132/1132/890
f 1270/1270/1014 1137/1137/895 1269/1269/1013
f 1269/1269/1013 1137/1137/895 1135/1135/893
f 1271/1271/1015 1139/1139/897 1270/1270/1014
f 1270/1270/1014 1139/1139/897 1137/1137/895
f 1272/1272/1016 1141/1141/899 1271/1271/1015
f 1271/1271/1015 1141/1141/899 1139/1139/897
f 1273/1273/1017 1143/1143/901 1272/1272/1016
f 1272/1272/1016 1143/1143/901 1141/1141/899
f 1274/1274/1018 1145/1145/903 1273/1273/1017
f 1273/1273/1017 1145/1145/903 1143/1143/901
f 1257/1257/1001 1109/1109/867 1274/1274/1018
f 1274/1274/1018 1109/1109/867 1145/1145/903
f 1275/1275/1019 1276/1276/1020 1277/1277/1021
f 1277/1277/1021 1276/1276/1020 1278/1278/1022
f 1276/1276/1020 1275/1275/1019 1279/1279/1023
f 1279/1279/1023 1275/1275/1019 1280/1280/1024
f 1279/1279/1023 1280/1280/1024 1281/1281/1025
f 1281/1281/1025 1280/1280/1024 1282/1282/1026
f 1281/1281/1025 1282/1282/1026 1283/1283/1027
f 1283/1283/1027 1282/1282/1026 1284/1284/1028
f 1283/1283/1027 1284/1284/1028 1285/1285/1029
f 1285/1285/1029 1284/1284/1028 1286/1286/1030
f 1285/1285/1029 1286/1286/1030 1287/1287/1031
f 1287/1287/1031 1286/1286/1030 1288/1288/1032
f 1287/1287/1031 1288/1288/1032 1289/1289/1033
f 1289/1289/1033 1288/1288/1032 1290/1290/1034
f 1289/1289/1033 1290/1290/1034 1291/1291/1035
f 1291/1291/1035 1290/1290/1034 1292/1292/1036
f 1291/1291/1035 1292/1292/1036 1293/1293/1037
f 1293/1293/1037 1292/1292/1036 1294/1294/1038
f 1293/1293/1037 1294/1294/1038 1295/1295/1039
f 1295/1295/1039 1294/1294/1038 1296/1296/1040
f 1295/1295/1039 1296/1296/1040 1297/1297/1041
f 1297/1297/1041 1296/1296/1040 1298/1298/1042
f 1299/1299/1043 1300/1300/1044 1301/1301/1045
f 1301/1301/1045 1300/1300/1044 1302/1302/1046
f 1301/1301/1045 1302/1302/1046 1303/1303/1047
f 1303/1303/1047 1302/1302/1046 1304/1304/1048
f 1303/1303/1047 1304/1304/1048 1305/1305/1049
f 1305/1305/1049 1304/1304/1048 1306/1306/1050
f 1305/1305/1049 1306/1306/1050 1307/1307/1051
f 1307/1307/1051 1306/1306/1050 1308/1308/1052
f 1307/1307/1051 1308/1308/1052 1309/1309/1053
f 1309/1309/1053 1308/1308/1052 1310/1310/1054
f 1309/1309/1053 1310/1310/1054 1311/1311/1055
f 1311/1311/1055 1310/1310/1054 1312/1312/1056
f 1311/1311/1055 1312/1312/1056 1313/1313/1057
f 1313/1313/1057 1312/1312/1056 1314/1314/1058
f 1313/1313/1057 1314/1314/1058 1278/1278/1022
f 1278/1278/1022 1314/1314/1058 1277/1277/1021
f 1315/1315/1059 1316/1316/1060 1275/1275/1019
f 1275/1275/1019 1316/1316/1060 1280/1280/1024
f 1282/1282/1026 1280/1280/1024 1317/1317/1061
f 1317/1317/1061 1280/1280/1024 1316/1316/1060
f 1284/1284/1028 1282/1282/1026 1318/1318/1062
f 1318/1318/1062 1282/1282/1026 1317/1317/1061
f 1286/1286/1030 1284/1284/1028 1319/1319/1063
f 1319/1319/1063 1284/1284/1028 1318/1318/1062
f 1288/1288/1032 1286/1286/1030 1320/1320/1064
f 1320/1320/1064 1286/1286/1030 1319/1319/1063
f 1290/1290/1034 1288/1288/1032 1321/1321/1065
f 1321/1321/1065 1288/1288/1032 1320/1320/1064
f 1292/1292/1036 1290/1290/1034 1322/1322/1066
f 1322/1322/1066 1290/1290/1034 1321/1321/1065
f 1294/1294/1038 1292/1292/1036 1323/1323/1067
f 1323/1323/1067 1292/1292/1036 1322/1322/1066
f 1296/1296/1040 1294/1294/1038 1324/1324/1068
f 1324/1324/1068 1294/1294/1038 1323/1323/1067
f 1298/1298/1042 1296/1296/1040 1325/1325/1069
f 1325/1325/1069 1296/1296/1040 1324/1324/1068
f 1302/1302/1046 1300/1300/1044 1326/1326/1070
f 1326/1326/1070 1300/1300/1044 1327/1327/1071
f 1304/1304/1048 1302/1302/1046 1328/1328/1072
f 1328/1328/1072 1302/1302/1046 1326/1326/1070
f 1306/1306/1050 1304/1304/1048 1329/1329/1073
f 1329/1329/1073 1304/1304/1048 1328/1328/1072
f 1308/1308/1052 1306/1306/1050 1330/1330/1074
f 1330/1330/1074 1306/1306/1050 1329/1329/1073
f 1310/1310/1054 1308/1308/1052 1331/1331/1075
f 1331/1331/1075 1308/1308/1052 1330/1330/1074
f 1312/1312/1056 1310/1310/1054 1332/1332/1076
f 1332/1332/1076 1310/1310/1054 1331/1331/1075
f 1314/1314/1058 1312/1312/1056 1333/1333/1077
f 1333/1333/1077 1312/1312/1056 1332/1332/1076
f 1277/1277/1021 1314/1314/1058 1334/1334/1078
f 1334/1334/1078 1314/1314/1058 1333/1333/1077
f 1315/1315/1059 1275/1275/1019 1334/1334/1078
f 1334/1334/1078 1275/1275/1019 1277/1277/1021
f 1335/1335/1079 1336/1336/1080 1337/1337/1081
f 1337/1337/1081 1336/1336/1080 1338/1338/1082
f 1339/1339/1083 1340/1340/1084 1341/1341/1085
f 1341/1341/1085 1340/1340/1084 1342/1342/1023
f 1343/1343/1079 1335/1335/1079 1344/1344/1086
f 1344/1344/1086 1335/1335/1079 1337/1337/1081
f 1342/1342/1023 1345/1345/1025 1341/1341/1085
f 1341/1341/1085 1345/1345/1025 1346/1346/1087
f 1347/1347/1080 1343/1343/1079 1348/1348/1088
f 1348/1348/1088 1343/1343/1079 1344/1344/1086
f 1345/1345/1025 1349/1349/1089 1346/1346/1087
f 1346/1346/1087 1349/1349/1089 1350/1350/1090
f 1351/1351/1080 1347/1347/1080 1352/1352/1091
f 1352/1352/1091 1347/1347/1080 1348/1348/1088
f 1349/1349/1089 1353/1353/1029 1350/1350/1090
f 1350/1350/1090 1353/1353/1029 1354/1354/1092
f 1355/1355/1080 1351/1351/1080 1356/1356/1093
f 1356/1356/1093 1351/1351/1080 1352/1352/1091
f 1353/1353/1029 1357/1357/1031 1354/1354/1092
f 1354/1354/1092 1357/1357/1031 1358/1358/1094
f 1359/1359/1079 1355/1355/1080 1360/1360/1079
f 1360/1360/1079 1355/1355/1080 1356/1356/1093
f 1357/1357/1031 1361/1361/1095 1358/1358/1094
f 1358/1358/1094 1361/1361/1095 1362/1362/262
f 1363/1363/1079 1359/1359/1079 1364/1364/1079
f 1364/1364/1079 1359/1359/1079 1360/1360/1079
f 1361/1361/1095 1365/1365/1035 1362/1362/262
f 1362/1362/262 1365/1365/1035 1366/1366/261
f 1367/1367/1096 1363/1363/1079 1368/1368/1096
f 1368/1368/1096 1363/1363/1079 1364/1364/1079
f 1365/1365/1035 1369/1369/1097 1366/1366/261
f 1366/1366/261 1369/1369/1097 1370/1370/261
f 1371/1371/1096 1367/1367/1096 1372/1372/1096
f 1372/1372/1096 1367/1367/1096 1368/1368/1096
f 1369/1369/1097 1373/1373/1039 1370/1370/261
f 1370/1370/261 1373/1373/1039 1374/1374/261
f 1375/1375/1098 1371/1371/1096 1376/1376/1099
f 1376/1376/1099 1371/1371/1096 1372/1372/1096
f 1373/1373/1039 1377/1377/1100 1374/1374/261
f 1374/1374/261 1377/1377/1100 1378/1378/261
f 1379/1379/1099 1375/1375/1098 1380/1380/1099
f 1380/1380/1099 1375/1375/1098 1376/1376/1099
f 1381/1381/1101 1382/1382/1045 1383/1383/261
f 1383/1383/261 1382/1382/1045 1384/1384/261
f 1385/1385/1098 1379/1379/1099 1386/1386/1099
f 1386/1386/1099 1379/1379/1099 1380/1380/1099
f 1382/1382/1045 1387/1387/1102 1384/1384/261
f 1384/1384/261 1387/1387/1102 1388/1388/261
f 1389/1389/1099 1385/1385/1098 1390/1390/1099
f 1390/1390/1099 1385/1385/1098 1386/1386/1099
f 1387/1387/1102 1391/1391/1103 1388/1388/261
f 1388/1388/261 1391/1391/1103 1392/1392/1104
f 1393/1393/1080 1389/1389/1099 1394/1394/1080
f 1394/1394/1080 1389/1389/1099 1390/1390/1099
f 1391/1391/1103 1395/1395/1051 1392/1392/1104
f 1392/1392/1104 1395/1395/1051 1396/1396/1104
f 1397/1397/1080 1393/1393/1080 1398/1398/1080
f 1398/1398/1080 1393/1393/1080 1394/1394/1080
f 1395/1395/1051 1399/1399/1105 1396/1396/1104
f 1396/1396/1104 1399/1399/1105 1400/1400/1104
f 1401/1401/1079 1397/1397/1080 1402/1402/1079
f 1402/1402/1079 1397/1397/1080 1398/1398/1080
f 1399/1399/1105 1403/1403/1055 1400/1400/1104
f 1400/1400/1104 1403/1403/1055 1404/1404/261
f 1405/1405/1079 1401/1401/1079 1406/1406/1106
f 1406/1406/1106 1401/1401/1079 1402/1402/1079
f 1403/1403/1055 1407/1407/1057 1404/1404/261
f 1404/1404/261 1407/1407/1057 1408/1408/1107
f 1409/1409/1080 1405/1405/1079 1410/1410/1108
f 1410/1410/1108 1405/1405/1079 1406/1406/1106
f 1407/1407/1057 1411/1411/1109 1408/1408/1107
f 1408/1408/1107 1411/1411/1109 1412/1412/1110
f 1336/1336/1080 1409/1409/1080 1338/1338/1082
f 1338/1338/1082 1409/1409/1080 1410/1410/1108
f 1411/1411/1109 1340/1340/1084 1412/1412/1110
f 1412/1412/1110 1340/1340/1084 1339/1339/1083
f 1413/1413/1111 1414/1414/1112 1415/1415/1113
f 1415/1415/1113 1414/1414/1112 1416/1416/1114
f 1414/1414/1112 1413/1413/1111 1417/1417/1115
f 1417/1417/1115 1413/1413/1111 1418/1418/1116
f 1419/1419/1117 1420/1420/1118 1421/1421/1119
f 1421/1421/1119 1420/1420/1118 1422/1422/1120
f 1420/1420/1118 1419/1419/1117 1423/1423/1121
f 1423/1423/1121 1419/1419/1117 1424/1424/1122
f 1418/1418/1116 1425/1425/1123 1417/1417/1115
f 1417/1417/1115 1425/1425/1123 1426/1426/1124
f 1423/1423/1121 1424/1424/1122 1427/1427/1125
f 1427/1427/1125 1424/1424/1122 1428/1428/1126
f 1425/1425/1123 1429/1429/1127 1426/1426/1124
f 1426/1426/1124 1429/1429/1127 1430/1430/1128
f 1427/1427/1125 1428/1428/1126 1431/1431/1129
f 1431/1431/1129 1428/1428/1126 1432/1432/1130
f 1429/1429/1127 1433/1433/1131 1430/1430/1128
f 1430/1430/1128 1433/1433/1131 1434/1434/1132
f 1431/1431/1129 1432/1432/1130 1435/1435/1133
f 1435/1435/1133 1432/1432/1130 1436/1436/1134
f 1433/1433/1131 1437/1437/1135 1434/1434/1132
f 1434/1434/1132 1437/1437/1135 1438/1438/1136
f 1435/1435/1133 1436/1436/1134 1439/1439/1137
f 1439/1439/1137 1436/1436/1134 1440/1440/1138
f 1438/1438/1136 1437/1437/1135 1440/1440/1138
f 1440/1440/1138 1437/1437/1135 1439/1439/1137
f 1441/1441/1139 1442/1442/1140 1443/1443/1141
f 1443/1443/1141 1442/1442/1140 1444/1444/1142
f 1441/1441/1139 1443/1443/1141 1416/1416/1114
f 1416/1416/1114 1443/1443/1141 1415/1415/1113
f 1442/1442/1140 1421/1421/1119 1444/1444/1142
f 1444/1444/1142 1421/1421/1119 1422/1422/1120
f 1418/1418/1116 1413/1413/1111 1423/1423/1121
f 1423/1423/1121 1413/1413/1111 1420/1420/1118
f 1425/1425/1123 1418/1418/1116 1427/1427/1125
f 1427/1427/1125 1418/1418/1116 1423/1423/1121
f 1429/1429/1127 1425/1425/1123 1431/1431/1129
f 1431/1431/1129 1425/1425/1123 1427/1427/1125
f 1433/1433/1131 1429/1429/1127 1435/1435/1133
f 1435/1435/1133 1429/1429/1127 1431/1431/1129
f 1433/1433/1131 1435/1435/1133 1437/1437/1135
f 1437/1437/1135 1435/1435/1133 1439/1439/1137
f 1415/1415/1113 1443/1443/1141 1422/1422/1120
f 1422/1422/1120 1443/1443/1141 1444/1444/1142
f 1413/1413/1111 1415/1415/1113 1420/1420/1118
f 1420/1420/1118 1415/1415/1113 1422/1422/1120
f 1337/1337/1081 1338/1338/1082 1445/1445/1143
f 1445/1445/1143 1338/1338/1082 1446/1446/1144
f 1447/1447/1145 1448/1448/1146 1341/1341/1085
f 1341/1341/1085 1448/1448/1146 1339/1339/1083
f 1344/1344/1086 1337/1337/1081 1449/1449/1147
f 1449/1449/1147 1337/1337/1081 1445/1445/1143
f 1346/1346/1087 1450/1450/1148 1341/1341/1085
f 1341/1341/1085 1450/1450/1148 1447/1447/1145
f 1348/1348/1088 1344/1344/1086 1451/1451/1149
f 1451/1451/1149 1344/1344/1086 1449/1449/1147
f 1350/1350/1090 1452/1452/1150 1346/1346/1087
f 1346/1346/1087 1452/1452/1150 1450/1450/1148
f 1352/1352/1091 1348/1348/1088 1453/1453/1151
f 1453/1453/1151 1348/1348/1088 1451/1451/1149
f 1354/1354/1092 1454/1454/1152 1350/1350/1090
f 1350/1350/1090 1454/1454/1152 1452/1452/1150
f 1356/1356/1093 1352/1352/1091 1455/1455/1153
f 1455/1455/1153 1352/1352/1091 1453/1453/1151
f 1358/1358/1094 1456/1456/1154 1354/1354/1092
f 1354/1354/1092 1456/1456/1154 1454/1454/1152
f 1230/1230/984 1228/1228/984 1440/1440/1138
f 1440/1440/1138 1228/1228/984 1438/1438/1136
f 1406/1406/1106 1457/1457/1155 1410/1410/1108
f 1410/1410/1108 1457/1457/1155 1458/1458/1156
f 1253/1253/998 1254/1254/998 1441/1441/1139
f 1441/1441/1139 1254/1254/998 1442/1442/1140
f 1408/1408/1107 1412/1412/1110 1459/1459/1157
f 1459/1459/1157 1412/1412/1110 1460/1460/1158
f 1410/1410/1108 1458/1458/1156 1338/1338/1082
f 1338/1338/1082 1458/1458/1156 1446/1446/1144
f 1412/1412/1110 1339/1339/1083 1460/1460/1158
f 1460/1460/1158 1339/1339/1083 1448/1448/1146
f 1461/1461/1159 1462/1462/1160 1463/1463/1161
f 1171/1171/928 1175/1175/932 1463/1463/1161
f 1463/1463/1161 1175/1175/932 1464/1464/1162
f 1463/1463/1161 1464/1464/1162 1465/1465/1163
f 1463/1463/1161 1465/1465/1163 1466/1466/1163
f 1463/1463/1161 1466/1466/1163 1467/1467/1163
f 1463/1463/1161 1467/1467/1163 1468/1468/1163
f 1463/1463/1161 1468/1468/1163 1469/1469/1163
f 1463/1463/1161 1469/1469/1163 1470/1470/1159
f 1463/1463/1161 1470/1470/1159 1461/1461/1159
f 1471/1471/1164 1463/1463/1161 1462/1462/1160
f 1472/1472/1164 1463/1463/1161 1471/1471/1164
f 1473/1473/1160 1463/1463/1161 1472/1472/1164
f 1474/1474/1160 1463/1463/1161 1473/1473/1160
f 1475/1475/1164 1463/1463/1161 1474/1474/1160
f 1476/1476/1160 1463/1463/1161 1475/1475/1164
f 1477/1477/1165 1463/1463/1161 1476/1476/1160
f 1169/1169/926 1463/1463/1161 1477/1477/1165
f 1171/1171/928 1463/1463/1161 1169/1169/926
f 1190/1190/946 1478/1478/1166 1189/1189/945
f 1189/1189/945 1478/1478/1166 1479/1479/1167
f 1189/1189/945 1479/1479/1167 1226/1226/982
f 1226/1226/982 1479/1479/1167 1480/1480/1168
f 1226/1226/982 1480/1480/1168 1224/1224/980
f 1224/1224/980 1480/1480/1168 1481/1481/1169
f 1192/1192/948 1482/1482/1170 1190/1190/946
f 1190/1190/946 1482/1482/1170 1478/1478/1166
f 1194/1194/950 1483/1483/1171 1192/1192/948
f 1192/1192/948 1483/1483/1171 1482/1482/1170
f 1194/1194/950 1196/1196/952 1483/1483/1171
f 1483/1483/1171 1196/1196/952 1484/1484/1172
f 1196/1196/952 1198/1198/954 1484/1484/1172
f 1484/1484/1172 1198/1198/954 1485/1485/1173
f 1198/1198/954 1200/1200/956 1485/1485/1173
f 1485/1485/1173 1200/1200/956 1486/1486/1174
f 1200/1200/956 1202/1202/958 1486/1486/1174
f 1486/1486/1174 1202/1202/958 1487/1487/1175
f 1202/1202/958 1204/1204/960 1487/1487/1175
f 1487/1487/1175 1204/1204/960 1488/1488/1176
f 1204/1204/960 1206/1206/962 1488/1488/1176
f 1488/1488/1176 1206/1206/962 1489/1489/1177
f 1206/1206/962 1208/1208/964 1489/1489/1177
f 1489/1489/1177 1208/1208/964 1490/1490/1178
f 1208/1208/964 1210/1210/966 1490/1490/1178
f 1490/1490/1178 1210/1210/966 1491/1491/1179
f 1210/1210/966 1212/1212/968 1491/1491/1179
f 1491/1491/1179 1212/1212/968 1492/1492/1180
f 1212/1212/968 1214/1214/970 1492/1492/1180
f 1492/1492/1180 1214/1214/970 1493/1493/1181
f 1216/1216/972 1494/1494/1182 1214/1214/970
f 1214/1214/970 1494/1494/1182 1493/1493/1181
f 1218/1218/974 1495/1495/1183 1216/1216/972
f 1216/1216/972 1495/1495/1183 1494/1494/1182
f 1220/1220/976 1496/1496/1184 1218/1218/974
f 1218/1218/974 1496/1496/1184 1495/1495/1183
f 1222/1222/978 1497/1497/1185 1220/1220/976
f 1220/1220/976 1497/1497/1185 1496/1496/1184
f 1224/1224/980 1481/1481/1169 1222/1222/978
f 1222/1222/978 1481/1481/1169 1497/1497/1185
f 1492/1492/1180 1498/1498/1163 1491/1491/1179
f 1478/1478/1166 1482/1482/1170 1498/1498/1163
f 1498/1498/1163 1482/1482/1170 1483/1483/1171
f 1498/1498/1163 1483/1483/1171 1484/1484/1172
f 1498/1498/1163 1484/1484/1172 1485/1485/1173
f 1498/1498/1163 1485/1485/1173 1486/1486/1174
f 1498/1498/1163 1486/1486/1174 1487/1487/1175
f 1498/1498/1163 1487/1487/1175 1488/1488/1176
f 1498/1498/1163 1488/1488/1176 1489/1489/1177
f 1498/1498/1163 1489/1489/1177 1490/1490/1178
f 1498/1498/1163 1490/1490/1178 1491/1491/1179
f 1493/1493/1181 1498/1498/1163 1492/1492/1180
f 1494/1494/1182 1498/1498/1163 1493/1493/1181
f 1495/1495/1183 1498/1498/1163 1494/1494/1182
f 1496/1496/1184 1498/1498/1163 1495/1495/1183
f 1497/1497/1185 1498/1498/1163 1496/1496/1184
f 1481/1481/1169 1498/1498/1163 1497/1497/1185
f 1480/1480/1168 1498/1498/1163 1481/1481/1169
f 1479/1479/1167 1498/1498/1163 1480/1480/1168
f 1478/1478/1166 1498/1498/1163 1479/1479/1167
f 1499/1499/1186 1500/1500/1187 1501/1501/1188
f 1501/1501/1188 1500/1500/1187 1502/1502/1189
f 1500/1500/1187 1503/1503/1190 1502/1502/1189
f 1502/1502/1189 1503/1503/1190 1504/1504/1191
f 1502/1502/1189 1504/1504/1191 1505/1505/1192
f 1505/1505/1192 1504/1504/1191 1506/1506/1193
f 1501/1501/1188 1502/1502/1189 1507/1507/1194
f 1507/1507/1194 1502/1502/1189 1505/1505/1192
f 1508/1508/1195 1509/1509/1196 1510/1510/1197
f 1510/1510/1197 1509/1509/1196 1511/1511/1198
f 1512/1512/1199 1513/1513/1200 1514/1514/1201
f 1514/1514/1201 1513/1513/1200 1515/1515/1202
f 1514/1514/1201 1515/1515/1202 1516/1516/1203
f 1516/1516/1203 1515/1515/1202 1517/1517/1204
f 1509/1509/1196 1518/1518/1205 1511/1511/1198
f 1511/1511/1198 1518/1518/1205 1519/1519/1206
f 1520/1520/1207 1521/1521/1208 1522/1522/1209
f 1522/1522/1209 1521/1521/1208 1523/1523/1210
f 1521/1521/1208 1524/1524/1211 1523/1523/1210
f 1523/1523/1210 1524/1524/1211 1525/1525/1212
f 1525/1525/1212 1526/1526/1213 1523/1523/1210
f 1523/1523/1210 1526/1526/1213 1527/1527/1214
f 1522/1522/1209 1523/1523/1210 1528/1528/1215
f 1528/1528/1215 1523/1523/1210 1527/1527/1214
f 1526/1526/1213 1525/1525/1212 1529/1529/1216
f 1529/1529/1216 1525/1525/1212 1530/1530/1217
f 1531/1531/1218 1530/1530/1217 1524/1524/1211
f 1524/1524/1211 1530/1530/1217 1525/1525/1212
f 1529/1529/1216 1530/1530/1217 1532/1532/1219
f 1532/1532/1219 1530/1530/1217 1531/1531/1218
f 1533/1533/1220 1534/1534/1221 1535/1535/1222
f 1535/1535/1222 1534/1534/1221 1536/1536/1223
f 1537/1537/1224 1534/1534/1221 1538/1538/1225
f 1538/1538/1225 1534/1534/1221 1533/1533/1220
f 1528/1528/1215 1536/1536/1223 1537/1537/1224
f 1537/1537/1224 1536/1536/1223 1534/1534/1221
f 1539/1539/1226 1540/1540/1227 1507/1507/1194
f 1507/1507/1194 1540/1540/1227 1501/1501/1188
f 1541/1541/1228 1540/1540/1227 1542/1542/1229
f 1542/1542/1229 1540/1540/1227 1539/1539/1226
f 1499/1499/1186 1501/1501/1188 1541/1541/1228
f 1541/1541/1228 1501/1501/1188 1540/1540/1227
f 1543/1543/1230 1544/1544/1231 1545/1545/1232
f 1545/1545/1232 1544/1544/1231 1546/1546/1233
f 1547/1547/1234 1548/1548/1235 1549/1549/1236
f 1549/1549/1236 1548/1548/1235 1550/1550/1237
f 1548/1548/1235 1551/1551/1238 1550/1550/1237
f 1550/1550/1237 1551/1551/1238 1552/1552/1239
f 1546/1546/1233 1553/1553/1240 1545/1545/1232
f 1545/1545/1232 1553/1553/1240 1554/1554/1241
f 1503/1503/1190 1555/1555/1242 1556/1556/1243
f 1556/1556/1243 1555/1555/1242 1557/1557/1244
f 1558/1558/1245 1557/1557/1244 1559/1559/1246
f 1559/1559/1246 1557/1557/1244 1555/1555/1242
f 1556/1556/1243 1557/1557/1244 1560/1560/1247
f 1560/1560/1247 1557/1557/1244 1558/1558/1245
f 1542/1542/1229 1561/1561/1248 1541/1541/1228
f 1541/1541/1228 1561/1561/1248 1562/1562/1249
f 1541/1541/1228 1562/1562/1249 1499/1499/1186
f 1499/1499/1186 1562/1562/1249 1563/1563/1250
f 1564/1564/1251 1565/1565/1252 1500/1500/1187
f 1500/1500/1187 1565/1565/1252 1503/1503/1190
f 1566/1566/1253 1500/1500/1187 1563/1563/1250
f 1563/1563/1250 1500/1500/1187 1499/1499/1186
f 1567/1567/1254 1568/1568/1255 1555/1555/1242
f 1555/1555/1242 1568/1568/1255 1559/1559/1246
f 1565/1565/1252 1567/1567/1254 1503/1503/1190
f 1503/1503/1190 1567/1567/1254 1555/1555/1242
f 1553/1553/1240 1569/1569/1256 1554/1554/1241
f 1554/1554/1241 1569/1569/1256 1570/1570/1257
f 1551/1551/1238 1571/1571/1258 1552/1552/1239
f 1552/1552/1239 1571/1571/1258 1572/1572/1259
f 1573/1573/1260 1574/1574/1261 1561/1561/1248
f 1561/1561/1248 1574/1574/1261 1562/1562/1249
f 1535/1535/1222 1536/1536/1223 1573/1573/1260
f 1573/1573/1260 1536/1536/1223 1574/1574/1261
f 1536/1536/1223 1528/1528/1215 1574/1574/1261
f 1574/1574/1261 1528/1528/1215 1575/1575/1262
f 1574/1574/1261 1575/1575/1262 1562/1562/1249
f 1562/1562/1249 1575/1575/1262 1563/1563/1250
f 1569/1569/1256 1576/1576/1263 1570/1570/1257
f 1570/1570/1257 1576/1576/1263 1577/1577/1264
f 1578/1578/1265 1579/1579/1266 1571/1571/1258
f 1571/1571/1258 1579/1579/1266 1572/1572/1259
f 1579/1579/1266 1578/1578/1265 1512/1512/1199
f 1512/1512/1199 1578/1578/1265 1513/1513/1200
f 1576/1576/1263 1508/1508/1195 1577/1577/1264
f 1577/1577/1264 1508/1508/1195 1510/1510/1197
f 1529/1529/1216 1580/1580/1267 1526/1526/1213
f 1526/1526/1213 1580/1580/1267 1581/1581/1268
f 1532/1532/1219 1582/1582/1269 1529/1529/1216
f 1529/1529/1216 1582/1582/1269 1580/1580/1267
f 1580/1580/1267 1582/1582/1269 1567/1567/1254
f 1567/1567/1254 1582/1582/1269 1568/1568/1255
f 1581/1581/1268 1580/1580/1267 1565/1565/1252
f 1565/1565/1252 1580/1580/1267 1567/1567/1254
f 1528/1528/1215 1527/1527/1214 1575/1575/1262
f 1575/1575/1262 1527/1527/1214 1583/1583/1270
f 1526/1526/1213 1581/1581/1268 1527/1527/1214
f 1527/1527/1214 1581/1581/1268 1584/1584/1271
f 1584/1584/1271 1581/1581/1268 1564/1564/1251
f 1564/1564/1251 1581/1581/1268 1565/1565/1252
f 1575/1575/1262 1583/1583/1270 1563/1563/1250
f 1563/1563/1250 1583/1583/1270 1566/1566/1253
f 1585/1585/1272 1586/1586/1273 1554/1554/1241
f 1554/1554/1241 1586/1586/1273 1545/1545/1232
f 1542/1542/1229 1539/1539/1226 1585/1585/1272
f 1585/1585/1272 1539/1539/1226 1586/1586/1273
f 1586/1586/1273 1539/1539/1226 1587/1587/1274
f 1587/1587/1274 1539/1539/1226 1507/1507/1194
f 1545/1545/1232 1586/1586/1273 1543/1543/1230
f 1543/1543/1230 1586/1586/1273 1587/1587/1274
f 1561/1561/1248 1542/1542/1229 1588/1588/1275
f 1588/1588/1275 1542/1542/1229 1585/1585/1272
f 1588/1588/1275 1585/1585/1272 1570/1570/1257
f 1570/1570/1257 1585/1585/1272 1554/1554/1241
f 1589/1589/1276 1590/1590/1277 1510/1510/1197
f 1510/1510/1197 1590/1590/1277 1577/1577/1264
f 1535/1535/1222 1573/1573/1260 1589/1589/1276
f 1589/1589/1276 1573/1573/1260 1590/1590/1277
f 1588/1588/1275 1590/1590/1277 1561/1561/1248
f 1561/1561/1248 1590/1590/1277 1573/1573/1260
f 1570/1570/1257 1577/1577/1264 1588/1588/1275
f 1588/1588/1275 1577/1577/1264 1590/1590/1277
f 1591/1591/1278 1592/1592/1279 1519/1519/1206
f 1519/1519/1206 1592/1592/1279 1511/1511/1198
f 1538/1538/1225 1533/1533/1220 1591/1591/1278
f 1591/1591/1278 1533/1533/1220 1592/1592/1279
f 1533/1533/1220 1535/1535/1222 1592/1592/1279
f 1592/1592/1279 1535/1535/1222 1589/1589/1276
f 1592/1592/1279 1589/1589/1276 1511/1511/1198
f 1511/1511/1198 1589/1589/1276 1510/1510/1197
f 1516/1516/1203 1593/1593/1280 1594/1594/1281
f 1594/1594/1281 1593/1593/1280 1595/1595/1282
f 1517/1517/1204 1596/1596/1283 1516/1516/1203
f 1516/1516/1203 1596/1596/1283 1593/1593/1280
f 1596/1596/1283 1524/1524/1211 1593/1593/1280
f 1593/1593/1280 1524/1524/1211 1521/1521/1208
f 1593/1593/1280 1521/1521/1208 1595/1595/1282
f 1595/1595/1282 1521/1521/1208 1520/1520/1207
f 1531/1531/1218 1597/1597/1284 1532/1532/1219
f 1532/1532/1219 1597/1597/1284 1598/1598/1285
f 1524/1524/1211 1596/1596/1283 1531/1531/1218
f 1531/1531/1218 1596/1596/1283 1597/1597/1284
f 1596/1596/1283 1517/1517/1204 1597/1597/1284
f 1597/1597/1284 1517/1517/1204 1515/1515/1202
f 1597/1597/1284 1515/1515/1202 1598/1598/1285
f 1598/1598/1285 1515/1515/1202 1513/1513/1200
f 1582/1582/1269 1599/1599/1286 1568/1568/1255
f 1568/1568/1255 1599/1599/1286 1600/1600/1287
f 1532/1532/1219 1598/1598/1285 1582/1582/1269
f 1582/1582/1269 1598/1598/1285 1599/1599/1286
f 1598/1598/1285 1513/1513/1200 1599/1599/1286
f 1599/1599/1286 1513/1513/1200 1578/1578/1265
f 1599/1599/1286 1578/1578/1265 1600/1600/1287
f 1600/1600/1287 1578/1578/1265 1571/1571/1258
f 1559/1559/1246 1568/1568/1255 1601/1601/1288
f 1601/1601/1288 1568/1568/1255 1600/1600/1287
f 1601/1601/1288 1600/1600/1287 1551/1551/1238
f 1551/1551/1238 1600/1600/1287 1571/1571/1258
f 1560/1560/1247 1558/1558/1245 1602/1602/1289
f 1602/1602/1289 1558/1558/1245 1603/1603/1290
f 1558/1558/1245 1559/1559/1246 1603/1603/1290
f 1603/1603/1290 1559/1559/1246 1601/1601/1288
f 1603/1603/1290 1601/1601/1288 1548/1548/1235
f 1548/1548/1235 1601/1601/1288 1551/1551/1238
f 1602/1602/1289 1603/1603/1290 1547/1547/1234
f 1547/1547/1234 1603/1603/1290 1548/1548/1235
f 1505/1505/1192 1604/1604/1291 1507/1507/1194
f 1507/1507/1194 1604/1604/1291 1587/1587/1274
f 1506/1506/1193 1605/1605/1292 1505/1505/1192
f 1505/1505/1192 1605/1605/1292 1604/1604/1291
f 1605/1605/1292 1606/1606/1293 1604/1604/1291
f 1604/1604/1291 1606/1606/1293 1544/1544/1231
f 1587/1587/1274 1604/1604/1291 1543/1543/1230
f 1543/1543/1230 1604/1604/1291 1544/1544/1231
f 1607/1607/1294 1608/1608/1295 1609/1609/1296
f 1609/1609/1296 1608/1608/1295 1610/1610/1297
f 1608/1608/1295 1611/1611/1298 1610/1610/1297
f 1610/1610/1297 1611/1611/1298 1612/1612/1299
f 1610/1610/1297 1612/1612/1299 1613/1613/1300
f 1613/1613/1300 1612/1612/1299 1614/1614/1301
f 1609/1609/1296 1610/1610/1297 1615/1615/1302
f 1615/1615/1302 1610/1610/1297 1613/1613/1300
f 1616/1616/1303 1617/1617/1304 1618/1618/1305
f 1618/1618/1305 1617/1617/1304 1619/1619/1306
f 1620/1620/1307 1621/1621/1308 1622/1622/1309
f 1622/1622/1309 1621/1621/1308 1623/1623/1310
f 1622/1622/1309 1623/1623/1310 1624/1624/1311
f 1624/1624/1311 1623/1623/1310 1625/1625/1312
f 1617/1617/1304 1624/1624/1311 1619/1619/1306
f 1619/1619/1306 1624/1624/1311 1626/1626/1313
f 1627/1627/1314 1628/1628/1315 1629/1629/1316
f 1629/1629/1316 1628/1628/1315 1630/1630/1317
f 1628/1628/1315 1631/1631/1318 1630/1630/1317
f 1630/1630/1317 1631/1631/1318 1632/1632/1319
f 1632/1632/1319 1633/1633/1320 1630/1630/1317
f 1630/1630/1317 1633/1633/1320 1634/1634/1321
f 1629/1629/1316 1630/1630/1317 1635/1635/1322
f 1635/1635/1322 1630/1630/1317 1634/1634/1321
f 1633/1633/1320 1632/1632/1319 1636/1636/1323
f 1636/1636/1323 1632/1632/1319 1637/1637/1324
f 1638/1638/1325 1637/1637/1324 1631/1631/1318
f 1631/1631/1318 1637/1637/1324 1632/1632/1319
f 1636/1636/1323 1637/1637/1324 1639/1639/1326
f 1639/1639/1326 1637/1637/1324 1638/1638/1325
f 1640/1640/1327 1641/1641/1328 1642/1642/1329
f 1642/1642/1329 1641/1641/1328 1643/1643/1330
f 1644/1644/1331 1641/1641/1328 1645/1645/1332
f 1645/1645/1332 1641/1641/1328 1640/1640/1327
f 1646/1646/1333 1643/1643/1330 1644/1644/1331
f 1644/1644/1331 1643/1643/1330 1641/1641/1328
f 1647/1647/1334 1648/1648/1335 1615/1615/1302
f 1615/1615/1302 1648/1648/1335 1609/1609/1296
f 1649/1649/1336 1648/1648/1335 1650/1650/1337
f 1650/1650/1337 1648/1648/1335 1647/1647/1334
f 1607/1607/1294 1609/1609/1296 1649/1649/1336
f 1649/1649/1336 1609/1609/1296 1648/1648/1335
f 1651/1651/1338 1652/1652/1339 1653/1653/1340
f 1653/1653/1340 1652/1652/1339 1654/1654/1341
f 1655/1655/1342 1656/1656/1343 1652/1652/1339
f 1652/1652/1339 1656/1656/1343 1657/1657/1344
f 1656/1656/1343 1658/1658/1345 1657/1657/1344
f 1657/1657/1344 1658/1658/1345 1659/1659/1346
f 1654/1654/1341 1660/1660/1347 1653/1653/1340
f 1653/1653/1340 1660/1660/1347 1661/1661/1348
f 1662/1662/1349 1663/1663/1350 1664/1664/1351
f 1664/1664/1351 1663/1663/1350 1665/1665/1352
f 1666/1666/1353 1665/1665/1352 1667/1667/1354
f 1667/1667/1354 1665/1665/1352 1663/1663/1350
f 1664/1664/1351 1665/1665/1352 1668/1668/1355
f 1668/1668/1355 1665/1665/1352 1666/1666/1353
f 1650/1650/1337 1669/1669/1356 1649/1649/1336
f 1649/1649/1336 1669/1669/1356 1670/1670/1357
f 1671/1671/1358 1672/1672/1359 1669/1669/1356
f 1669/1669/1356 1672/1672/1359 1670/1670/1357
f 1672/1672/1359 1673/1673/1360 1670/1670/1357
f 1670/1670/1357 1673/1673/1360 1674/1674/1361
f 1649/1649/1336 1670/1670/1357 1607/1607/1294
f 1607/1607/1294 1670/1670/1357 1674/1674/1361
f 1673/1673/1360 1675/1675/1362 1674/1674/1361
f 1674/1674/1361 1675/1675/1362 1676/1676/1363
f 1677/1677/1364 1678/1678/1365 1679/1679/1366
f 1679/1679/1366 1678/1678/1365 1680/1680/1367
f 1679/1679/1366 1680/1680/1367 1681/1681/1368
f 1681/1681/1368 1680/1680/1367 1662/1662/1349
f 1676/1676/1363 1608/1608/1295 1674/1674/1361
f 1674/1674/1361 1608/1608/1295 1607/1607/1294
f 1678/1678/1365 1682/1682/1369 1680/1680/1367
f 1680/1680/1367 1682/1682/1369 1683/1683/1370
f 1682/1682/1369 1684/1684/1371 1683/1683/1370
f 1683/1683/1370 1684/1684/1371 1685/1685/1372
f 1683/1683/1370 1685/1685/1372 1663/1663/1350
f 1663/1663/1350 1685/1685/1372 1667/1667/1354
f 1680/1680/1367 1683/1683/1370 1662/1662/1349
f 1662/1662/1349 1683/1683/1370 1663/1663/1350
f 1660/1660/1347 1686/1686/1373 1661/1661/1348
f 1661/1661/1348 1686/1686/1373 1687/1687/1374
f 1658/1658/1345 1688/1688/1375 1659/1659/1346
f 1659/1659/1346 1688/1688/1375 1689/1689/1376
f 1688/1688/1375 1690/1690/1377 1689/1689/1376
f 1689/1689/1376 1690/1690/1377 1691/1691/1378
f 1686/1686/1373 1692/1692/1379 1687/1687/1374
f 1687/1687/1374 1692/1692/1379 1693/1693/1380
f 1694/1694/1381 1695/1695/1382 1671/1671/1358
f 1671/1671/1358 1695/1695/1382 1672/1672/1359
f 1642/1642/1329 1643/1643/1330 1694/1694/1381
f 1694/1694/1381 1643/1643/1330 1695/1695/1382
f 1643/1643/1330 1646/1646/1333 1695/1695/1382
f 1695/1695/1382 1646/1646/1333 1696/1696/1383
f 1695/1695/1382 1696/1696/1383 1672/1672/1359
f 1672/1672/1359 1696/1696/1383 1673/1673/1360
f 1692/1692/1379 1697/1697/1384 1693/1693/1380
f 1693/1693/1380 1697/1697/1384 1698/1698/1385
f 1691/1691/1378 1690/1690/1377 1699/1699/1386
f 1699/1699/1386 1690/1690/1377 1700/1700/1387
f 1699/1699/1386 1700/1700/1387 1620/1620/1307
f 1620/1620/1307 1700/1700/1387 1621/1621/1308
f 1697/1697/1384 1616/1616/1303 1698/1698/1385
f 1698/1698/1385 1616/1616/1303 1618/1618/1305
f 1636/1636/1323 1701/1701/1388 1633/1633/1320
f 1633/1633/1320 1701/1701/1388 1702/1702/1389
f 1639/1639/1326 1703/1703/1390 1636/1636/1323
f 1636/1636/1323 1703/1703/1390 1701/1701/1388
f 1701/1701/1388 1703/1703/1390 1682/1682/1369
f 1682/1682/1369 1703/1703/1390 1684/1684/1371
f 1702/1702/1389 1701/1701/1388 1678/1678/1365
f 1678/1678/1365 1701/1701/1388 1682/1682/1369
f 1646/1646/1333 1704/1704/1391 1696/1696/1383
f 1696/1696/1383 1704/1704/1391 1705/1705/1392
f 1633/1633/1320 1702/1702/1389 1634/1634/1321
f 1634/1634/1321 1702/1702/1389 1706/1706/1393
f 1706/1706/1393 1702/1702/1389 1677/1677/1364
f 1677/1677/1364 1702/1702/1389 1678/1678/1365
f 1696/1696/1383 1705/1705/1392 1673/1673/1360
f 1673/1673/1360 1705/1705/1392 1675/1675/1362
f 1707/1707/1394 1708/1708/1395 1661/1661/1348
f 1661/1661/1348 1708/1708/1395 1653/1653/1340
f 1650/1650/1337 1647/1647/1334 1707/1707/1394
f 1707/1707/1394 1647/1647/1334 1708/1708/1395
f 1708/1708/1395 1647/1647/1334 1709/1709/1396
f 1709/1709/1396 1647/1647/1334 1615/1615/1302
f 1653/1653/1340 1708/1708/1395 1651/1651/1338
f 1651/1651/1338 1708/1708/1395 1709/1709/1396
f 1710/1710/1397 1711/1711/1398 1693/1693/1380
f 1693/1693/1380 1711/1711/1398 1687/1687/1374
f 1671/1671/1358 1669/1669/1356 1710/1710/1397
f 1710/1710/1397 1669/1669/1356 1711/1711/1398
f 1669/1669/1356 1650/1650/1337 1711/1711/1398
f 1711/1711/1398 1650/1650/1337 1707/1707/1394
f 1711/1711/1398 1707/1707/1394 1687/1687/1374
f 1687/1687/1374 1707/1707/1394 1661/1661/1348
f 1712/1712/1399 1713/1713/1400 1618/1618/1305
f 1618/1618/1305 1713/1713/1400 1698/1698/1385
f 1642/1642/1329 1694/1694/1381 1712/1712/1399
f 1712/1712/1399 1694/1694/1381 1713/1713/1400
f 1694/1694/1381 1671/1671/1358 1713/1713/1400
f 1713/1713/1400 1671/1671/1358 1710/1710/1397
f 1713/1713/1400 1710/1710/1397 1698/1698/1385
f 1698/1698/1385 1710/1710/1397 1693/1693/1380
f 1714/1714/1401 1715/1715/1402 1626/1626/1313
f 1626/1626/1313 1715/1715/1402 1619/1619/1306
f 1645/1645/1332 1640/1640/1327 1714/1714/1401
f 1714/1714/1401 1640/1640/1327 1715/1715/1402
f 1640/1640/1327 1642/1642/1329 1715/1715/1402
f 1715/1715/1402 1642/1642/1329 1712/1712/1399
f 1715/1715/1402 1712/1712/1399 1619/1619/1306
f 1619/1619/1306 1712/1712/1399 1618/1618/1305
f 1624/1624/1311 1716/1716/1403 1626/1626/1313
f 1626/1626/1313 1716/1716/1403 1717/1717/1404
f 1625/1625/1312 1718/1718/1405 1624/1624/1311
f 1624/1624/1311 1718/1718/1405 1716/1716/1403
f 1718/1718/1405 1631/1631/1318 1716/1716/1403
f 1716/1716/1403 1631/1631/1318 1628/1628/1315
f 1716/1716/1403 1628/1628/1315 1717/1717/1404
f 1717/1717/1404 1628/1628/1315 1627/1627/1314
f 1638/1638/1325 1719/1719/1406 1639/1639/1326
f 1639/1639/1326 1719/1719/1406 1720/1720/1407
f 1631/1631/1318 1718/1718/1405 1638/1638/1325
f 1638/1638/1325 1718/1718/1405 1719/1719/1406
f 1718/1718/1405 1625/1625/1312 1719/1719/1406
f 1719/1719/1406 1625/1625/1312 1623/1623/1310
f 1719/1719/1406 1623/1623/1310 1720/1720/1407
f 1720/1720/1407 1623/1623/1310 1621/1621/1308
f 1703/1703/1390 1721/1721/1408 1684/1684/1371
f 1684/1684/1371 1721/1721/1408 1722/1722/1409
f 1639/1639/1326 1720/1720/1407 1703/1703/1390
f 1703/1703/1390 1720/1720/1407 1721/1721/1408
f 1720/1720/1407 1621/1621/1308 1721/1721/1408
f 1721/1721/1408 1621/1621/1308 1700/1700/1387
f 1721/1721/1408 1700/1700/1387 1722/1722/1409
f 1722/1722/1409 1700/1700/1387 1690/1690/1377
f 1667/1667/1354 1685/1685/1372 1723/1723/1410
f 1723/1723/1410 1685/1685/1372 1724/1724/1411
f 1685/1685/1372 1684/1684/1371 1724/1724/1411
f 1724/1724/1411 1684/1684/1371 1722/1722/1409
f 1724/1724/1411 1722/1722/1409 1688/1688/1375
f 1688/1688/1375 1722/1722/1409 1690/1690/1377
f 1723/1723/1410 1724/1724/1411 1658/1658/1345
f 1658/1658/1345 1724/1724/1411 1688/1688/1375
f 1668/1668/1355 1666/1666/1353 1725/1725/1412
f 1725/1725/1412 1666/1666/1353 1726/1726/1413
f 1666/1666/1353 1667/1667/1354 1726/1726/1413
f 1726/1726/1413 1667/1667/1354 1723/1723/1410
f 1726/1726/1413 1723/1723/1410 1656/1656/1343
f 1656/1656/1343 1723/1723/1410 1658/1658/1345
f 1725/1725/1412 1726/1726/1413 1655/1655/1342
f 1655/1655/1342 1726/1726/1413 1656/1656/1343
f 1613/1613/1300 1727/1727/1414 1615/1615/1302
f 1615/1615/1302 1727/1727/1414 1709/1709/1396
f 1614/1614/1301 1728/1728/1415 1613/1613/1300
f 1613/1613/1300 1728/1728/1415 1727/1727/1414
f 1728/1728/1415 1655/1655/1342 1727/1727/1414
f 1727/1727/1414 1655/1655/1342 1652/1652/1339
f 1709/1709/1396 1727/1727/1414 1651/1651/1338
f 1651/1651/1338 1727/1727/1414 1652/1652/1339
f 1729/1729/1416 1730/1730/1417 1731/1731/1418
f 1731/1731/1418 1730/1730/1417 1732/1732/1419
f 1730/1730/1417 1733/1733/1420 1732/1732/1419
f 1732/1732/1419 1733/1733/1420 1734/1734/1421
f 1732/1732/1419 1734/1734/1421 1735/1735/1422
f 1735/1735/1422 1734/1734/1421 1736/1736/1423
f 1731/1731/1418 1732/1732/1419 1737/1737/1424
f 1737/1737/1424 1732/1732/1419 1735/1735/1422
f 1738/1738/1425 1739/1739/1426 1740/1740/1427
f 1740/1740/1427 1739/1739/1426 1741/1741/1428
f 1742/1742/1429 1743/1743/1430 1744/1744/1431
f 1744/1744/1431 1743/1743/1430 1745/1745/1432
f 1744/1744/1431 1745/1745/1432 1746/1746/1433
f 1746/1746/1433 1745/1745/1432 1747/1747/1434
f 1739/1739/1426 1746/1746/1433 1741/1741/1428
f 1741/1741/1428 1746/1746/1433 1748/1748/1435
f 1749/1749/1436 1750/1750/1437 1751/1751/1438
f 1751/1751/1438 1750/1750/1437 1752/1752/1439
f 1753/1753/1440 1754/1754/1441 1749/1749/1436
f 1749/1749/1436 1754/1754/1441 1750/1750/1437
f 1754/1754/1441 1755/1755/1442 1750/1750/1437
f 1750/1750/1437 1755/1755/1442 1756/1756/1443
f 1752/1752/1439 1750/1750/1437 1757/1757/1444
f 1757/1757/1444 1750/1750/1437 1756/1756/1443
f 1755/1755/1442 1754/1754/1441 1758/1758/1445
f 1758/1758/1445 1754/1754/1441 1759/1759/1446
f 1760/1760/1447 1759/1759/1446 1753/1753/1440
f 1753/1753/1440 1759/1759/1446 1754/1754/1441
f 1758/1758/1445 1759/1759/1446 1761/1761/1448
f 1761/1761/1448 1759/1759/1446 1760/1760/1447
f 1762/1762/1449 1763/1763/1450 1764/1764/1451
f 1764/1764/1451 1763/1763/1450 1765/1765/1452
f 1766/1766/1453 1763/1763/1450 1767/1767/1454
f 1767/1767/1454 1763/1763/1450 1762/1762/1449
f 1768/1768/1455 1765/1765/1452 1766/1766/1453
f 1766/1766/1453 1765/1765/1452 1763/1763/1450
f 1769/1769/1456 1770/1770/1457 1737/1737/1424
f 1737/1737/1424 1770/1770/1457 1731/1731/1418
f 1771/1771/1458 1770/1770/1457 1772/1772/1459
f 1772/1772/1459 1770/1770/1457 1769/1769/1456
f 1729/1729/1416 1731/1731/1418 1771/1771/1458
f 1771/1771/1458 1731/1731/1418 1770/1770/1457
f 1773/1773/1460 1774/1774/1461 1775/1775/1462
f 1775/1775/1462 1774/1774/1461 1776/1776/1463
f 1777/1777/1464 1778/1778/1465 1774/1774/1461
f 1774/1774/1461 1778/1778/1465 1779/1779/1466
f 1778/1778/1465 1780/1780/1467 1779/1779/1466
f 1779/1779/1466 1780/1780/1467 1781/1781/1468
f 1776/1776/1463 1782/1782/1469 1775/1775/1462
f 1775/1775/1462 1782/1782/1469 1783/1783/1470
f 1784/1784/1471 1785/1785/1472 1786/1786/1473
f 1786/1786/1473 1785/1785/1472 1787/1787/1474
f 1788/1788/1475 1787/1787/1474 1789/1789/1476
f 1789/1789/1476 1787/1787/1474 1785/1785/1472
f 1786/1786/1473 1787/1787/1474 1790/1790/1477
f 1790/1790/1477 1787/1787/1474 1788/1788/1475
f 1772/1772/1459 1791/1791/1478 1771/1771/1458
f 1771/1771/1458 1791/1791/1478 1792/1792/1479
f 1793/1793/1480 1794/1794/1481 1791/1791/1478
f 1791/1791/1478 1794/1794/1481 1792/1792/1479
f 1794/1794/1481 1795/1795/1482 1792/1792/1479
f 1792/1792/1479 1795/1795/1482 1796/1796/1483
f 1771/1771/1458 1792/1792/1479 1729/1729/1416
f 1729/1729/1416 1792/1792/1479 1796/1796/1483
f 1795/1795/1482 1797/1797/1484 1796/1796/1483
f 1796/1796/1483 1797/1797/1484 1798/1798/1485
f 1799/1799/1486 1800/1800/1487 1801/1801/1488
f 1801/1801/1488 1800/1800/1487 1802/1802/1489
f 1801/1801/1488 1802/1802/1489 1803/1803/1490
f 1803/1803/1490 1802/1802/1489 1784/1784/1471
f 1798/1798/1485 1730/1730/1417 1796/1796/1483
f 1796/1796/1483 1730/1730/1417 1729/1729/1416
f 1800/1800/1487 1804/1804/1491 1802/1802/1489
f 1802/1802/1489 1804/1804/1491 1805/1805/1492
f 1804/1804/1491 1806/1806/1493 1805/1805/1492
f 1805/1805/1492 1806/1806/1493 1807/1807/1494
f 1805/1805/1492 1807/1807/1494 1785/1785/1472
f 1785/1785/1472 1807/1807/1494 1789/1789/1476
f 1802/1802/1489 1805/1805/1492 1784/1784/1471
f 1784/1784/1471 1805/1805/1492 1785/1785/1472
f 1782/1782/1469 1808/1808/1495 1783/1783/1470
f 1783/1783/1470 1808/1808/1495 1809/1809/1496
f 1780/1780/1467 1810/1810/1497 1781/1781/1468
f 1781/1781/1468 1810/1810/1497 1811/1811/1498
f 1810/1810/1497 1812/1812/1499 1811/1811/1498
f 1811/1811/1498 1812/1812/1499 1813/1813/1500
f 1808/1808/1495 1814/1814/1501 1809/1809/1496
f 1809/1809/1496 1814/1814/1501 1815/1815/1502
f 1793/1793/1480 1816/1816/1503 1794/1794/1481
f 1794/1794/1481 1816/1816/1503 1817/1817/1504
f 1816/1816/1503 1764/1764/1451 1817/1817/1504
f 1817/1817/1504 1764/1764/1451 1765/1765/1452
f 1765/1765/1452 1768/1768/1455 1817/1817/1504
f 1817/1817/1504 1768/1768/1455 1818/1818/1505
f 1817/1817/1504 1818/1818/1505 1794/1794/1481
f 1794/1794/1481 1818/1818/1505 1795/1795/1482
f 1814/1814/1501 1819/1819/1506 1815/1815/1502
f 1815/1815/1502 1819/1819/1506 1820/1820/1507
f 1813/1813/1500 1812/1812/1499 1821/1821/1508
f 1821/1821/1508 1812/1812/1499 1822/1822/1509
f 1821/1821/1508 1822/1822/1509 1742/1742/1429
f 1742/1742/1429 1822/1822/1509 1743/1743/1430
f 1819/1819/1506 1738/1738/1425 1820/1820/1507
f 1820/1820/1507 1738/1738/1425 1740/1740/1427
f 1755/1755/1442 1758/1758/1445 1823/1823/1510
f 1823/1823/1510 1758/1758/1445 1824/1824/1511
f 1758/1758/1445 1761/1761/1448 1824/1824/1511
f 1824/1824/1511 1761/1761/1448 1825/1825/1512
f 1824/1824/1511 1825/1825/1512 1804/1804/1491
f 1804/1804/1491 1825/1825/1512 1806/1806/1493
f 1823/1823/1510 1824/1824/1511 1800/1800/1487
f 1800/1800/1487 1824/1824/1511 1804/1804/1491
f 1768/1768/1455 1826/1826/1513 1818/1818/1505
f 1818/1818/1505 1826/1826/1513 1827/1827/1514
f 1756/1756/1443 1755/1755/1442 1828/1828/1515
f 1828/1828/1515 1755/1755/1442 1823/1823/1510
f 1828/1828/1515 1823/1823/1510 1799/1799/1486
f 1799/1799/1486 1823/1823/1510 1800/1800/1487
f 1818/1818/1505 1827/1827/1514 1795/1795/1482
f 1795/1795/1482 1827/1827/1514 1797/1797/1484
f 1829/1829/1516 1830/1830/1517 1783/1783/1470
f 1783/1783/1470 1830/1830/1517 1775/1775/1462
f 1772/1772/1459 1769/1769/1456 1829/1829/1516
f 1829/1829/1516 1769/1769/1456 1830/1830/1517
f 1830/1830/1517 1769/1769/1456 1831/1831/1518
f 1831/1831/1518 1769/1769/1456 1737/1737/1424
f 1775/1775/1462 1830/1830/1517 1773/1773/1460
f 1773/1773/1460 1830/1830/1517 1831/1831/1518
f 1832/1832/1519 1833/1833/1520 1815/1815/1502
f 1815/1815/1502 1833/1833/1520 1809/1809/1496
f 1793/1793/1480 1791/1791/1478 1832/1832/1519
f 1832/1832/1519 1791/1791/1478 1833/1833/1520
f 1791/1791/1478 1772/1772/1459 1833/1833/1520
f 1833/1833/1520 1772/1772/1459 1829/1829/1516
f 1833/1833/1520 1829/1829/1516 1809/1809/1496
f 1809/1809/1496 1829/1829/1516 1783/1783/1470
f 1834/1834/1521 1835/1835/1522 1740/1740/1427
f 1740/1740/1427 1835/1835/1522 1820/1820/1507
f 1764/1764/1451 1816/1816/1503 1834/1834/1521
f 1834/1834/1521 1816/1816/1503 1835/1835/1522
f 1816/1816/1503 1793/1793/1480 1835/1835/1522
f 1835/1835/1522 1793/1793/1480 1832/1832/1519
f 1835/1835/1522 1832/1832/1519 1820/1820/1507
f 1820/1820/1507 1832/1832/1519 1815/1815/1502
f 1836/1836/1523 1837/1837/1524 1748/1748/1435
f 1748/1748/1435 1837/1837/1524 1741/1741/1428
f 1767/1767/1454 1762/1762/1449 1836/1836/1523
f 1836/1836/1523 1762/1762/1449 1837/1837/1524
f 1762/1762/1449 1764/1764/1451 1837/1837/1524
f 1837/1837/1524 1764/1764/1451 1834/1834/1521
f 1837/1837/1524 1834/1834/1521 1741/1741/1428
f 1741/1741/1428 1834/1834/1521 1740/1740/1427
f 1746/1746/1433 1838/1838/1525 1748/1748/1435
f 1748/1748/1435 1838/1838/1525 1839/1839/1526
f 1747/1747/1434 1840/1840/1527 1746/1746/1433
f 1746/1746/1433 1840/1840/1527 1838/1838/1525
f 1840/1840/1527 1753/1753/1440 1838/1838/1525
f 1838/1838/1525 1753/1753/1440 1749/1749/1436
f 1838/1838/1525 1749/1749/1436 1839/1839/1526
f 1839/1839/1526 1749/1749/1436 1751/1751/1438
f 1760/1760/1447 1841/1841/1528 1761/1761/1448
f 1761/1761/1448 1841/1841/1528 1842/1842/1529
f 1753/1753/1440 1840/1840/1527 1760/1760/1447
f 1760/1760/1447 1840/1840/1527 1841/1841/1528
f 1840/1840/1527 1747/1747/1434 1841/1841/1528
f 1841/1841/1528 1747/1747/1434 1745/1745/1432
f 1841/1841/1528 1745/1745/1432 1842/1842/1529
f 1842/1842/1529 1745/1745/1432 1743/1743/1430
f 1825/1825/1512 1843/1843/1530 1806/1806/1493
f 1806/1806/1493 1843/1843/1530 1844/1844/1531
f 1761/1761/1448 1842/1842/1529 1825/1825/1512
f 1825/1825/1512 1842/1842/1529 1843/1843/1530
f 1842/1842/1529 1743/1743/1430 1843/1843/1530
f 1843/1843/1530 1743/1743/1430 1822/1822/1509
f 1843/1843/1530 1822/1822/1509 1844/1844/1531
f 1844/1844/1531 1822/1822/1509 1812/1812/1499
f 1789/1789/1476 1807/1807/1494 1845/1845/1532
f 1845/1845/1532 1807/1807/1494 1846/1846/1533
f 1806/1806/1493 1844/1844/1531 1807/1807/1494
f 1807/1807/1494 1844/1844/1531 1846/1846/1533
f 1846/1846/1533 1844/1844/1531 1810/1810/1497
f 1810/1810/1497 1844/1844/1531 1812/1812/1499
f 1845/1845/1532 1846/1846/1533 1780/1780/1467
f 1780/1780/1467 1846/1846/1533 1810/1810/1497
f 1790/1790/1477 1788/1788/1475 1847/1847/1534
f 1847/1847/1534 1788/1788/1475 1848/1848/1535
f 1788/1788/1475 1789/1789/1476 1848/1848/1535
f 1848/1848/1535 1789/1789/1476 1845/1845/1532
f 1848/1848/1535 1845/1845/1532 1778/1778/1465
f 1778/1778/1465 1845/1845/1532 1780/1780/1467
f 1847/1847/1534 1848/1848/1535 1777/1777/1464
f 1777/1777/1464 1848/1848/1535 1778/1778/1465
f 1735/1735/1422 1849/1849/1536 1737/1737/1424
f 1737/1737/1424 1849/1849/1536 1831/1831/1518
f 1736/1736/1423 1850/1850/1537 1735/1735/1422
f 1735/1735/1422 1850/1850/1537 1849/1849/1536
f 1850/1850/1537 1777/1777/1464 1849/1849/1536
f 1849/1849/1536 1777/1777/1464 1774/1774/1461
f 1831/1831/1518 1849/1849/1536 1773/1773/1460
f 1773/1773/1460 1849/1849/1536 1774/1774/1461
f 1851/1851/1538 1852/1852/1538 1853/1853/1539
f 1852/1852/1538 1854/1854/1539 1853/1853/1539
f 1853/1853/1539 1854/1854/1539 1855/1855/1538
f 1854/1854/1539 1856/1856/1540 1855/1855/1538
f 1857/1857/1541 1858/1858/1538 1856/1856/1540
f 1856/1856/1540 1858/1858/1538 1855/1855/1538
f 1859/1859/1542 1860/1860/1543 1861/1861/1544
f 1861/1861/1544 1860/1860/1543 1862/1862/1545
f 1860/1860/1543 1859/1859/1542 1863/1863/1546
f 1863/1863/1546 1859/1859/1542 1864/1864/1547
f 1861/1861/1544 1862/1862/1545 1865/1865/1548
f 1865/1865/1548 1862/1862/1545 1866/1866/1549
f 1863/1863/1546 1864/1864/1547 1867/1867/1550
f 1867/1867/1550 1864/1864/1547 1868/1868/1551
f 1865/1865/1548 1866/1866/1549 1869/1869/1552
f 1869/1869/1552 1866/1866/1549 1870/1870/1553
f 1869/1869/1552 1870/1870/1553 1871/1871/1554
f 1871/1871/1554 1870/1870/1553 1872/1872/1555
f 1871/1871/1554 1872/1872/1555 1873/1873/1556
f 1873/1873/1556 1872/1872/1555 1874/1874/1557
f 1874/1874/1557 1867/1867/1550 1873/1873/1556
f 1873/1873/1556 1867/1867/1550 1868/1868/1551
f 1860/1860/1543 1875/1875/1558 1862/1862/1545
f 1862/1862/1545 1875/1875/1558 1876/1876/1559
f 1866/1866/1549 1877/1877/1560 1870/1870/1553
f 1870/1870/1553 1877/1877/1560 1878/1878/1561
f 1872/1872/1555 1879/1879/1562 1874/1874/1557
f 1874/1874/1557 1879/1879/1562 1880/1880/1563
f 1867/1867/1550 1881/1881/1564 1863/1863/1546
f 1863/1863/1546 1881/1881/1564 1882/1882/1565
f 1861/1861/1544 1865/1865/1548 1859/1859/1542
f 1865/1865/1548 1869/1869/1552 1859/1859/1542
f 1869/1869/1552 1871/1871/1554 1859/1859/1542
f 1859/1859/1542 1871/1871/1554 1864/1864/1547
f 1873/1873/1556 1868/1868/1551 1871/1871/1554
f 1868/1868/1551 1864/1864/1547 1871/1871/1554
f 1860/1860/1543 1863/1863/1546 1875/1875/1558
f 1875/1875/1558 1863/1863/1546 1882/1882/1565
f 1862/1862/1545 1876/1876/1559 1866/1866/1549
f 1866/1866/1549 1876/1876/1559 1877/1877/1560
f 1872/1872/1555 1870/1870/1553 1879/1879/1562
f 1879/1879/1562 1870/1870/1553 1878/1878/1561
f 1874/1874/1557 1880/1880/1563 1867/1867/1550
f 1867/1867/1550 1880/1880/1563 1881/1881/1564
f 1883/1883/1566 1884/1884/1098 1885/1885/1567
f 1886/1886/1568 1887/1887/1569 1884/1884/1098
f 1884/1884/1098 1887/1887/1569 1888/1888/1569
f 1884/1884/1098 1888/1888/1569 1889/1889/1570
f 1884/1884/1098 1889/1889/1570 1890/1890/1571
f 1884/1884/1098 1890/1890/1571 1891/1891/1572
f 1884/1884/1098 1891/1891/1572 1892/1892/1573
f 1884/1884/1098 1892/1892/1573 1893/1893/1572
f 1884/1884/1098 1893/1893/1572 1894/1894/1574
f 1884/1884/1098 1894/1894/1574 1895/1895/1575
f 1884/1884/1098 1895/1895/1575 1896/1896/1576
f 1884/1884/1098 1896/1896/1576 1897/1897/1577
f 1884/1884/1098 1897/1897/1577 1898/1898/1578
f 1884/1884/1098 1898/1898/1578 1899/1899/1579
f 1884/1884/1098 1899/1899/1579 1900/1900/1567
f 1884/1884/1098 1900/1900/1567 1885/1885/1567
f 1901/1901/1580 1884/1884/1098 1883/1883/1566
f 1902/1902/549 1884/1884/1098 1901/1901/1580
f 1903/1903/547 1884/1884/1098 1902/1902/549
f 1904/1904/1581 1884/1884/1098 1903/1903/547
f 1905/1905/1582 1884/1884/1098 1904/1904/1581
f 1906/1906/1583 1884/1884/1098 1905/1905/1582
f 1907/1907/1584 1884/1884/1098 1906/1906/1583
f 1908/1908/629 1884/1884/1098 1907/1907/1584
f 1909/1909/1585 1884/1884/1098 1908/1908/629
f 1910/1910/1586 1884/1884/1098 1909/1909/1585
f 1911/1911/1587 1884/1884/1098 1910/1910/1586
f 1912/1912/1588 1884/1884/1098 1911/1911/1587
f 1913/1913/1589 1884/1884/1098 1912/1912/1588
f 1914/1914/299 1884/1884/1098 1913/1913/1589
f 1886/1886/1568 1884/1884/1098 1914/1914/299
f 1915/1915/1590 1916/1916/1591 1917/1917/1592
f 1916/1916/1591 1918/1918/1593 1917/1917/1592
f 1918/1918/1593 1919/1919/1594 1917/1917/1592
f 1919/1919/1594 1920/1920/1594 1917/1917/1592
f 1920/1920/1594 1921/1921/1591 1917/1917/1592
f 1921/1921/1591 1922/1922/1595 1917/1917/1592
f 1923/1923/1596 1924/1924/1597 1925/1925/1598
f 1926/1926/1599 1927/1927/1600 1928/1928/1601
f 1929/1929/1598 1925/1925/1598 1927/1927/1600
f 1927/1927/1600 1925/1925/1598 1928/1928/1601
f 1928/1928/1601 1925/1925/1598 1930/1930/1599
f 1930/1930/1599 1925/1925/1598 1924/1924/1597
f 1931/1931/1602 1932/1932/1603 1933/1933/1604
f 1934/1934/1603 1935/1935/1605 1932/1932/1603
f 1932/1932/1603 1935/1935/1605 1936/1936/1603
f 1932/1932/1603 1936/1936/1603 1937/1937/1602
f 1932/1932/1603 1937/1937/1602 1933/1933/1604
f 1938/1938/1604 1932/1932/1603 1931/1931/1602
f 1939/1939/1603 1932/1932/1603 1938/1938/1604
f 1934/1934/1603 1932/1932/1603 1939/1939/1603
f 208/208/139 209/209/141 211/211/143
f 211/211/143 209/209/141 213/213/139
