# Blender 5.1.1
# www.blender.org
mtllib motorboat.mtl
o Boat
v 0.665971 0.305934 0.215898
v 0.661475 0.315356 0.216451
v 0.667039 0.308046 0.214974
v 0.664151 0.316799 0.215097
v 0.665971 0.305934 0.215898
v 0.667331 0.302626 0.233166
v 0.661475 0.315356 0.216451
v 0.664449 0.311756 0.251127
v 0.671087 0.301773 0.255399
v 0.669415 0.310364 0.281670
v 0.660863 0.332280 0.221828
v 0.663810 0.327707 0.257850
v 0.669629 0.325508 0.289846
v 0.660863 0.332280 0.221828
v 0.663671 0.333652 0.220457
v 0.710779 0.301742 0.252888
v 0.705958 0.302464 0.230754
v 0.711750 0.312178 0.252112
v 0.706942 0.312760 0.231014
v 0.700117 0.305511 0.215669
v 0.700389 0.314868 0.216202
v 0.697931 0.307585 0.214814
v 0.697048 0.316252 0.214967
v 0.700240 0.331844 0.221559
v 0.707255 0.330885 0.233471
v 0.696827 0.333142 0.220320
v 0.710647 0.331568 0.246720
v 0.668389 0.580645 0.345940
v 0.666576 0.636215 0.389918
v 0.671450 0.581652 0.345517
v 0.669684 0.637277 0.390006
v 0.666576 0.636215 0.389918
v 0.668389 0.580645 0.345940
v 0.663530 0.627692 0.395805
v 0.665085 0.573528 0.355745
v 0.659868 0.685568 0.439777
v 0.657486 0.676611 0.442183
v 0.659868 0.685568 0.439777
v 0.663008 0.686734 0.440443
v 0.665868 0.569219 0.362459
v 0.664554 0.622401 0.399949
v 0.659035 0.671134 0.444161
v 0.643922 0.716951 0.497011
v 0.645758 0.726662 0.495324
v 0.645863 0.711100 0.498951
v 0.622545 0.740749 0.561370
v 0.620353 0.746977 0.558552
v 0.621741 0.757456 0.556365
v 0.645758 0.726662 0.495324
v 0.648910 0.727954 0.496558
v 0.621741 0.757456 0.556365
v 0.624880 0.758866 0.558082
v 0.710488 0.576248 0.360938
v 0.710938 0.578033 0.357354
v 0.709042 0.627218 0.408282
v 0.709262 0.631034 0.406044
v 0.707263 0.581143 0.351781
v 0.705310 0.636841 0.402121
v 0.703083 0.677971 0.462818
v 0.698571 0.686280 0.459492
v 0.703301 0.672301 0.464396
v 0.704191 0.581880 0.350877
v 0.702267 0.637594 0.401015
v 0.695541 0.687104 0.458086
v 0.689665 0.717685 0.526467
v 0.684653 0.727439 0.522268
v 0.681634 0.728354 0.520523
v 0.658171 0.759292 0.586759
v 0.661165 0.758295 0.588823
v 0.666526 0.747783 0.594420
v 0.690290 0.710946 0.528401
v 0.667493 0.740471 0.597054
v -0.670054 0.305039 0.215670
v -0.670396 0.314390 0.216202
v -0.667920 0.307038 0.214814
v -0.667127 0.315665 0.214967
v -0.676768 0.312460 0.231014
v -0.675753 0.302150 0.230754
v -0.680507 0.301489 0.252888
v -0.681502 0.311935 0.252112
v -0.670227 0.331391 0.221559
v -0.677050 0.330616 0.233471
v -0.680371 0.331354 0.246720
v -0.666886 0.332582 0.220320
v -0.635116 0.305396 0.215898
v -0.636168 0.307427 0.214974
v -0.673745 0.581813 0.350877
v -0.676806 0.581089 0.351781
v -0.671761 0.637580 0.401015
v -0.674800 0.636829 0.402121
v -0.678739 0.631026 0.406044
v -0.680452 0.577998 0.357354
v -0.668032 0.686286 0.459492
v -0.672539 0.677975 0.462818
v -0.665002 0.687111 0.458086
v -0.679997 0.576216 0.360938
v -0.678517 0.627210 0.408281
v -0.672756 0.672304 0.464396
v -0.659113 0.717691 0.526467
v -0.654103 0.727447 0.522268
v -0.659738 0.710951 0.528401
v -0.636939 0.740473 0.597054
v -0.635972 0.747786 0.594420
v -0.630613 0.758299 0.588823
v -0.651084 0.728365 0.520523
v -0.627619 0.759297 0.586759
v -0.635262 0.569189 0.362458
v -0.634466 0.573494 0.355745
v -0.633971 0.622400 0.399949
v -0.632937 0.627690 0.395805
v -0.637732 0.580588 0.345940
v -0.635960 0.636207 0.389918
v -0.626909 0.676619 0.442183
v -0.629278 0.685580 0.439777
v -0.628461 0.671141 0.444161
v -0.637732 0.580588 0.345940
v -0.640785 0.581583 0.345517
v -0.635960 0.636207 0.389918
v -0.639061 0.637267 0.390006
v -0.629278 0.685580 0.439777
v -0.632413 0.686748 0.440443
v -0.613354 0.716960 0.497011
v -0.615185 0.726675 0.495324
v -0.615185 0.726675 0.495324
v -0.618334 0.727970 0.496558
v -0.591176 0.757463 0.556365
v -0.594314 0.758874 0.558082
v -0.591176 0.757463 0.556365
v -0.589792 0.746982 0.558552
v -0.615297 0.711108 0.498951
v -0.591984 0.740753 0.561370
v -0.632721 0.333010 0.220457
v -0.629933 0.331752 0.221828
v -0.633195 0.316125 0.215097
v -0.630538 0.314800 0.216451
v -0.630538 0.314800 0.216451
v -0.629933 0.331752 0.221828
v -0.633686 0.311486 0.251127
v -0.633060 0.327464 0.257850
v -0.638977 0.325388 0.289845
v -0.638739 0.310206 0.281670
v -0.636559 0.302277 0.233166
v -0.635116 0.305396 0.215898
v -0.640364 0.301499 0.255399
v 0.444345 0.770094 0.837120
v 0.442972 0.778068 0.834026
v 0.398462 0.770063 0.853245
v 0.397183 0.778033 0.850164
v 0.393290 0.789214 0.842296
v 0.438647 0.789258 0.826236
v 0.294684 0.789289 0.861669
v 0.297616 0.778116 0.869626
v 0.346402 0.789274 0.853214
v 0.349860 0.778097 0.861130
v 0.351049 0.770133 0.864196
v 0.298653 0.770160 0.872687
v 0.436327 0.790282 0.823566
v 0.391197 0.790233 0.839595
v 0.344537 0.790290 0.850499
v 0.293100 0.790302 0.858938
v 0.244909 0.778111 0.874682
v 0.242503 0.789282 0.866704
v 0.132066 0.778115 0.879200
v 0.130833 0.789285 0.871200
v 0.241200 0.790294 0.863965
v 0.130163 0.790295 0.868454
v 0.015277 0.789284 0.871201
v 0.015277 0.790295 0.868454
v 0.015277 0.778115 0.879201
v 0.245794 0.770162 0.877738
v 0.132536 0.770176 0.882251
v 0.015277 0.770178 0.882250
v 0.476301 0.790559 0.804229
v 0.478782 0.789528 0.806875
v 0.483436 0.778322 0.814594
v 0.548099 0.788461 0.754008
v 0.515351 0.789230 0.781273
v 0.553272 0.777257 0.761433
v 0.520300 0.778019 0.788854
v 0.512719 0.790268 0.778679
v 0.545359 0.789505 0.751461
v 0.484839 0.770344 0.817725
v 0.521725 0.770053 0.792004
v 0.554683 0.769313 0.764600
v 0.582738 0.774953 0.730562
v 0.608760 0.771657 0.698392
v 0.577409 0.786112 0.723360
v 0.603318 0.782748 0.691472
v 0.584103 0.767067 0.733713
v 0.610073 0.763846 0.701490
v 0.632395 0.758192 0.667111
v 0.631182 0.765874 0.664101
v 0.625715 0.776827 0.657532
v 0.574579 0.787159 0.720884
v 0.600423 0.783794 0.689073
v 0.622775 0.777863 0.655229
v 0.585309 0.775908 0.622706
v 0.588407 0.777402 0.624747
v 0.585309 0.775908 0.622706
v 0.584295 0.764951 0.625071
v 0.562447 0.781824 0.656428
v 0.561604 0.770704 0.658788
v 0.536487 0.785108 0.688379
v 0.535776 0.773893 0.690698
v 0.565511 0.783347 0.658577
v 0.562447 0.781824 0.656428
v 0.539483 0.786656 0.690617
v 0.536487 0.785108 0.688379
v 0.586585 0.758529 0.628473
v 0.563899 0.764227 0.662389
v 0.538016 0.767398 0.694453
v 0.507444 0.787414 0.719378
v 0.506863 0.776125 0.721625
v 0.475300 0.788144 0.747415
v 0.474826 0.776821 0.749565
v 0.509027 0.769618 0.725493
v 0.476871 0.770317 0.753505
v 0.439915 0.777054 0.775617
v 0.441811 0.770556 0.779615
v 0.401475 0.776756 0.795806
v 0.403205 0.770263 0.799827
v 0.440301 0.788399 0.773562
v 0.401771 0.788106 0.793846
v 0.510355 0.788982 0.721684
v 0.507444 0.787414 0.719378
v 0.478100 0.789725 0.749761
v 0.475300 0.788144 0.747415
v 0.442945 0.789991 0.775950
v 0.440301 0.788399 0.773562
v 0.404249 0.789706 0.796244
v 0.401771 0.788106 0.793846
v 0.361911 0.789649 0.812731
v 0.359674 0.788043 0.810309
v 0.359434 0.776684 0.812204
v 0.359674 0.788043 0.810309
v 0.268511 0.776714 0.832213
v 0.268646 0.788086 0.830403
v 0.315751 0.776717 0.823549
v 0.315925 0.788083 0.821704
v 0.317922 0.789694 0.824134
v 0.315925 0.788083 0.821704
v 0.270342 0.789700 0.832844
v 0.268646 0.788086 0.830403
v 0.360960 0.770188 0.816254
v 0.317073 0.770213 0.827616
v 0.269606 0.770200 0.836293
v 0.220841 0.788072 0.835633
v 0.220748 0.776698 0.837421
v 0.119599 0.788068 0.840275
v 0.119559 0.776691 0.842044
v 0.221619 0.770175 0.841508
v 0.119992 0.770157 0.846141
v 0.015278 0.770154 0.846142
v 0.015278 0.776691 0.842044
v 0.015277 0.788068 0.840275
v 0.222238 0.789689 0.838078
v 0.220841 0.788072 0.835633
v 0.120317 0.789687 0.842725
v 0.119599 0.788068 0.840275
v 0.015277 0.789687 0.842725
v 0.015277 0.788068 0.840275
v -0.592221 0.777865 0.655229
v -0.595161 0.776828 0.657532
v -0.600627 0.765875 0.664101
v -0.578206 0.771657 0.698392
v -0.572764 0.782749 0.691472
v -0.569869 0.783795 0.689073
v -0.601839 0.758192 0.667109
v -0.579516 0.763845 0.701488
v -0.546854 0.786112 0.723360
v -0.552183 0.774954 0.730562
v -0.517544 0.788461 0.754008
v -0.522717 0.777257 0.761433
v -0.553546 0.767065 0.733711
v -0.524126 0.769312 0.764598
v -0.489745 0.778019 0.788854
v -0.491168 0.770052 0.792003
v -0.452881 0.778322 0.814594
v -0.454283 0.770343 0.817725
v -0.448227 0.789528 0.806875
v -0.484796 0.789230 0.781273
v -0.544025 0.787159 0.720884
v -0.514805 0.789505 0.751461
v -0.482164 0.790268 0.778679
v -0.445746 0.790559 0.804228
v -0.408092 0.789258 0.826236
v -0.362735 0.789214 0.842296
v -0.405772 0.790282 0.823566
v -0.360642 0.790233 0.839595
v -0.366628 0.778033 0.850165
v -0.412417 0.778068 0.834026
v -0.211947 0.789282 0.866704
v -0.315847 0.789274 0.853214
v -0.214354 0.778111 0.874682
v -0.319305 0.778097 0.861130
v -0.313982 0.790290 0.850499
v -0.210645 0.790294 0.863965
v -0.413790 0.770093 0.837120
v -0.367907 0.770063 0.853245
v -0.320494 0.770133 0.864196
v -0.215239 0.770163 0.877738
v -0.101512 0.778115 0.879200
v -0.100278 0.789285 0.871201
v -0.101981 0.770176 0.882251
v -0.099608 0.790295 0.868454
v -0.553737 0.764953 0.625071
v -0.556027 0.758530 0.628473
v -0.554750 0.775911 0.622706
v -0.531047 0.770705 0.658788
v -0.531890 0.781825 0.656428
v -0.533342 0.764228 0.662389
v -0.554750 0.775911 0.622706
v -0.557848 0.777405 0.624747
v -0.531890 0.781825 0.656428
v -0.534953 0.783348 0.658577
v -0.505931 0.785108 0.688379
v -0.476888 0.787414 0.719378
v -0.505220 0.773893 0.690698
v -0.476307 0.776125 0.721625
v -0.508927 0.786656 0.690618
v -0.479799 0.788982 0.721685
v -0.505931 0.785108 0.688379
v -0.476888 0.787414 0.719378
v -0.447544 0.789725 0.749761
v -0.412389 0.789991 0.775950
v -0.444745 0.788144 0.747414
v -0.409746 0.788398 0.773562
v -0.444745 0.788144 0.747414
v -0.409746 0.788398 0.773562
v -0.444270 0.776821 0.749565
v -0.409359 0.777054 0.775617
v -0.507460 0.767398 0.694453
v -0.478471 0.769618 0.725493
v -0.446316 0.770317 0.753505
v -0.411256 0.770555 0.779615
v -0.372650 0.770263 0.799827
v -0.370919 0.776756 0.795806
v -0.330405 0.770188 0.816254
v -0.328879 0.776684 0.812204
v -0.329119 0.788043 0.810309
v -0.371216 0.788106 0.793846
v -0.190193 0.776698 0.837420
v -0.285196 0.776717 0.823549
v -0.190286 0.788072 0.835633
v -0.285370 0.788083 0.821704
v -0.286517 0.770213 0.827616
v -0.191064 0.770175 0.841508
v -0.373693 0.789706 0.796244
v -0.331355 0.789649 0.812731
v -0.371216 0.788106 0.793846
v -0.329119 0.788043 0.810309
v -0.287367 0.789694 0.824134
v -0.191684 0.789689 0.838078
v -0.285370 0.788083 0.821704
v -0.190286 0.788072 0.835633
v -0.089044 0.788068 0.840275
v -0.089004 0.776691 0.842044
v -0.089763 0.789687 0.842725
v -0.089044 0.788068 0.840275
v -0.089436 0.770157 0.846141
v 0.588596 0.298703 1.047980
v 0.631336 0.298703 1.021822
v 0.589395 0.308592 1.046003
v 0.632179 0.308591 1.019845
v 0.667871 0.298703 0.993133
v 0.697706 0.298703 0.957619
v 0.668734 0.308587 0.991175
v 0.698599 0.308576 0.955680
v 0.742410 0.298702 0.874675
v 0.743340 0.308539 0.872846
v 0.766116 0.298702 0.772758
v 0.767093 0.308467 0.771149
v 0.694936 0.321600 0.948954
v 0.739627 0.321418 0.866722
v 0.763563 0.321010 0.766038
v 0.586239 0.321649 1.038906
v 0.628794 0.321651 1.012824
v 0.665173 0.321641 0.984268
v 0.696409 0.298678 0.838257
v 0.689464 0.309383 0.829963
v 0.720135 0.298680 0.740046
v 0.713262 0.309287 0.732649
v 0.652414 0.298676 0.919348
v 0.645543 0.309428 0.910607
v 0.616741 0.309438 0.945470
v 0.623488 0.298675 0.954326
v 0.588197 0.298674 0.982934
v 0.547601 0.298673 1.008938
v 0.581643 0.309440 0.974044
v 0.541370 0.309439 1.000023
v 0.612476 0.329124 0.936577
v 0.641340 0.329013 0.901760
v 0.537262 0.329174 0.991206
v 0.577404 0.329163 0.965176
v 0.685548 0.328591 0.821523
v 0.709864 0.327796 0.725249
v -0.711855 0.298702 0.874675
v -0.712785 0.308539 0.872846
v -0.735561 0.298702 0.772758
v -0.736537 0.308466 0.771149
v -0.693033 0.298703 0.917945
v -0.693939 0.308561 0.916061
v -0.668044 0.308576 0.955680
v -0.667152 0.298703 0.957619
v -0.637812 0.308586 0.990535
v -0.636949 0.298703 0.992494
v -0.558633 0.298703 1.048658
v -0.559431 0.308593 1.046682
v -0.600781 0.298703 1.021822
v -0.601624 0.308591 1.019845
v -0.634253 0.321641 0.983633
v -0.664382 0.321600 0.948954
v -0.556268 0.321652 1.039578
v -0.598239 0.321651 1.012824
v -0.709077 0.321420 0.866723
v -0.733015 0.321012 0.766040
v -0.690206 0.321535 0.909623
v -0.679309 0.327796 0.725249
v -0.654993 0.328591 0.821523
v -0.682707 0.309287 0.732649
v -0.658908 0.309383 0.829963
v -0.636134 0.328847 0.863319
v -0.640249 0.309411 0.871972
v -0.610785 0.329013 0.901760
v -0.581553 0.329122 0.935972
v -0.614988 0.309428 0.910606
v -0.585817 0.309438 0.944862
v -0.546848 0.329163 0.965176
v -0.507249 0.329181 0.991808
v -0.551088 0.309440 0.974044
v -0.511365 0.309439 1.000634
v -0.621859 0.298676 0.919348
v -0.592564 0.298675 0.953713
v -0.517602 0.298673 1.009559
v -0.557642 0.298674 0.982934
v -0.689580 0.298680 0.740046
v -0.665854 0.298678 0.838257
v -0.647197 0.298677 0.880506
v 0.746375 0.309158 0.426626
v 0.730937 0.310153 0.345416
v 0.741172 0.323504 0.409988
v 0.724693 0.326871 0.321472
v 0.757800 0.320639 0.523356
v 0.761155 0.308481 0.529307
v 0.767442 0.320279 0.646812
v 0.770546 0.308349 0.650391
v 0.760156 0.298811 0.530808
v 0.769492 0.298702 0.651635
v 0.745724 0.299139 0.429776
v 0.730536 0.299756 0.349669
v 0.487521 0.298704 1.084096
v 0.542630 0.298704 1.067515
v 0.488208 0.308594 1.082119
v 0.543388 0.308593 1.065537
v 0.431538 0.308594 1.092953
v 0.302393 0.308595 1.106660
v 0.430921 0.298704 1.094931
v 0.301958 0.298704 1.108639
v 0.485609 0.321649 1.074947
v 0.540475 0.321645 1.058403
v 0.429253 0.321656 1.085759
v 0.300835 0.321672 1.099441
v 0.161718 0.308595 1.111230
v 0.160929 0.321680 1.104000
v 0.015278 0.308595 1.111230
v 0.015277 0.321683 1.103999
v 0.161493 0.298704 1.113209
v 0.015277 0.298704 1.113209
v 0.015277 0.329118 1.056827
v 0.146975 0.329121 1.056826
v 0.015277 0.309432 1.065435
v 0.148242 0.309432 1.065435
v 0.273864 0.329132 1.052243
v 0.276284 0.309432 1.060866
v 0.391138 0.329153 1.038502
v 0.394480 0.309434 1.047157
v 0.443317 0.329161 1.027543
v 0.493937 0.329168 1.011010
v 0.446968 0.309434 1.036237
v 0.497907 0.309436 1.019740
v 0.279670 0.298671 1.069753
v 0.399286 0.298672 1.056045
v 0.452316 0.298672 1.045137
v 0.503806 0.298673 1.028628
v 0.015277 0.298671 1.074322
v 0.149989 0.298671 1.074322
v 0.723547 0.298681 0.625101
v 0.716793 0.309122 0.619201
v 0.714447 0.298802 0.511322
v 0.707849 0.309050 0.507131
v 0.714122 0.326527 0.613724
v 0.705967 0.325222 0.503930
v 0.694218 0.309231 0.413949
v 0.693045 0.324317 0.412850
v 0.681162 0.309516 0.345392
v 0.680649 0.323747 0.346663
v 0.700637 0.299159 0.416606
v 0.686694 0.299793 0.342425
v -0.739991 0.308348 0.650392
v -0.736890 0.320280 0.646813
v -0.727268 0.320619 0.523357
v -0.730613 0.308470 0.529307
v -0.700501 0.310059 0.345417
v -0.694322 0.326728 0.321471
v -0.689228 0.311067 0.288746
v -0.685179 0.328552 0.272572
v -0.700079 0.299668 0.349669
v -0.688564 0.300563 0.291616
v -0.738937 0.298702 0.651635
v -0.729611 0.298802 0.530808
v -0.512833 0.308593 1.065537
v -0.512076 0.298704 1.067515
v -0.400983 0.308594 1.092953
v -0.400366 0.298704 1.094931
v -0.271403 0.298704 1.108639
v -0.271838 0.308595 1.106660
v -0.131163 0.308595 1.111230
v -0.130938 0.298704 1.113209
v -0.270280 0.321673 1.099442
v -0.130374 0.321681 1.104001
v -0.509920 0.321646 1.058403
v -0.398698 0.321657 1.085760
v -0.467352 0.309436 1.019740
v -0.463382 0.329168 1.011010
v -0.363925 0.309433 1.047157
v -0.360583 0.329153 1.038502
v -0.243309 0.329132 1.052243
v -0.245729 0.309432 1.060866
v -0.117687 0.309432 1.065435
v -0.116420 0.329121 1.056826
v -0.119435 0.298671 1.074322
v -0.249115 0.298671 1.069753
v -0.473251 0.298673 1.028628
v -0.368731 0.298672 1.056045
v -0.692992 0.298681 0.625102
v -0.686238 0.309122 0.619202
v -0.683886 0.298791 0.511322
v -0.677285 0.309039 0.507131
v -0.650546 0.309438 0.345392
v -0.656078 0.299695 0.342425
v -0.643304 0.309650 0.307195
v -0.646525 0.300564 0.290254
v -0.650036 0.323675 0.346662
v -0.643446 0.323355 0.311549
v -0.683567 0.326527 0.613724
v -0.675404 0.325212 0.503929
v 0.661031 0.339124 0.224443
v 0.663846 0.340481 0.223086
v 0.661031 0.339124 0.224443
v 0.663773 0.334601 0.259423
v 0.663896 0.354224 0.263583
v 0.661812 0.357831 0.232043
v 0.661812 0.357831 0.232043
v 0.664648 0.359147 0.230728
v 0.668853 0.332546 0.284247
v 0.668501 0.352819 0.285868
v 0.665186 0.517449 0.319873
v 0.667812 0.520899 0.308039
v 0.664623 0.459725 0.291371
v 0.665888 0.460274 0.276101
v 0.666820 0.460426 0.301704
v 0.666421 0.515904 0.327833
v 0.665888 0.460274 0.276101
v 0.667812 0.520899 0.308039
v 0.668831 0.461385 0.275053
v 0.670816 0.521931 0.307246
v 0.696994 0.339993 0.222945
v 0.697770 0.358722 0.230572
v 0.703688 0.522014 0.309237
v 0.701810 0.461292 0.275385
v 0.709150 0.338464 0.243165
v 0.707392 0.337977 0.235554
v 0.700395 0.338715 0.224166
v 0.707779 0.356974 0.242986
v 0.701142 0.357500 0.231742
v 0.709295 0.357570 0.250529
v 0.705024 0.460359 0.276309
v 0.706822 0.521208 0.310097
v 0.709821 0.460394 0.286229
v 0.710846 0.520130 0.317955
v 0.710105 0.461151 0.292988
v 0.710616 0.519939 0.323247
v -0.671078 0.357094 0.231742
v -0.672755 0.401594 0.249657
v -0.667771 0.358219 0.230572
v -0.669506 0.402606 0.248608
v -0.677540 0.356733 0.242986
v -0.678403 0.401697 0.260558
v -0.679463 0.460254 0.286229
v -0.674759 0.460135 0.276309
v -0.671583 0.461015 0.275385
v -0.679006 0.357367 0.250529
v -0.679311 0.402578 0.267942
v -0.679724 0.461028 0.292987
v -0.680419 0.520048 0.317955
v -0.676451 0.521079 0.310097
v -0.680175 0.519865 0.323246
v -0.673340 0.521855 0.309237
v -0.638038 0.461072 0.275052
v -0.635679 0.402828 0.248799
v -0.640092 0.521754 0.307246
v -0.633729 0.358572 0.230729
v -0.637099 0.520754 0.308039
v -0.637099 0.520754 0.308039
v -0.634520 0.517353 0.319873
v -0.635109 0.460018 0.276101
v -0.633910 0.459564 0.291370
v -0.635109 0.460018 0.276101
v -0.635767 0.515815 0.327832
v -0.636125 0.460285 0.301703
v -0.633450 0.400421 0.273420
v -0.632813 0.401690 0.250016
v -0.636976 0.400605 0.289700
v -0.637828 0.352679 0.285867
v -0.633151 0.353996 0.263583
v -0.630913 0.357359 0.232044
v -0.632813 0.401690 0.250016
v -0.630913 0.357359 0.232044
v -0.682244 0.331706 0.724848
v -0.686757 0.329972 0.613091
v -0.678755 0.328222 0.503267
v -0.678755 0.328222 0.503267
v -0.683745 0.328955 0.502968
v -0.686757 0.329972 0.613091
v -0.691704 0.331030 0.613325
v -0.682244 0.331706 0.724848
v -0.687003 0.333160 0.725825
v -0.658575 0.326651 0.345629
v -0.653589 0.326181 0.346307
v -0.655216 0.326182 0.310550
v -0.647043 0.325757 0.311287
v -0.653589 0.326181 0.346307
v -0.647043 0.325757 0.311287
v -0.644264 0.327207 0.296705
v -0.649242 0.327613 0.295946
v -0.644264 0.327207 0.296705
v -0.642707 0.352510 0.292798
v -0.641475 0.400943 0.294657
v -0.647687 0.352915 0.292051
v -0.646461 0.401357 0.293951
v -0.642707 0.352510 0.292798
v -0.641475 0.400943 0.294657
v -0.640192 0.460810 0.304712
v -0.640192 0.460810 0.304712
v -0.645184 0.461235 0.304060
v -0.639515 0.515595 0.330088
v -0.638864 0.568074 0.364366
v -0.639515 0.515595 0.330088
v -0.638864 0.568074 0.364366
v -0.644512 0.516033 0.329492
v -0.643869 0.568553 0.363872
v -0.637661 0.621021 0.401128
v -0.632309 0.669826 0.444849
v -0.637661 0.621021 0.401128
v -0.632309 0.669826 0.444849
v -0.642677 0.621598 0.400825
v -0.637304 0.670592 0.444891
v -0.619213 0.709877 0.500003
v -0.595828 0.739643 0.563190
v -0.595828 0.739643 0.563190
v -0.600499 0.741092 0.564510
v -0.619213 0.709877 0.500003
v -0.624117 0.710956 0.500613
v -0.559607 0.757593 0.631006
v -0.536729 0.763380 0.665253
v -0.536729 0.763380 0.665253
v -0.540661 0.765347 0.667748
v -0.559607 0.757593 0.631006
v -0.563833 0.759400 0.633105
v -0.510602 0.766631 0.697616
v -0.481334 0.768914 0.728930
v -0.448863 0.769657 0.757183
v -0.413482 0.769928 0.783503
v -0.448863 0.769657 0.757183
v -0.413482 0.769928 0.783503
v -0.451661 0.771918 0.760729
v -0.415874 0.772236 0.787336
v -0.510602 0.766631 0.697616
v -0.481334 0.768914 0.728930
v -0.514195 0.768726 0.700482
v -0.484548 0.771110 0.732153
v -0.508340 0.333957 0.993205
v -0.548232 0.333905 0.966352
v -0.583259 0.333809 0.936897
v -0.612794 0.333609 0.902410
v -0.586492 0.336085 0.940060
v -0.583259 0.333809 0.936897
v -0.616437 0.335778 0.905176
v -0.612794 0.333609 0.902410
v -0.508340 0.333957 0.993205
v -0.548232 0.333905 0.966352
v -0.510684 0.336345 0.997017
v -0.551011 0.336247 0.969863
v -0.638417 0.333314 0.863696
v -0.657527 0.332897 0.821598
v -0.657527 0.332897 0.821598
v -0.661841 0.334746 0.823470
v -0.642426 0.335336 0.866036
v -0.638417 0.333314 0.863696
v -0.331960 0.769561 0.820428
v -0.374529 0.769645 0.803880
v -0.191727 0.769475 0.845874
v -0.287740 0.769566 0.831881
v -0.191727 0.769475 0.845874
v -0.192286 0.771688 0.850380
v -0.287740 0.769566 0.831881
v -0.288913 0.771848 0.836246
v -0.331960 0.769561 0.820428
v -0.333531 0.771870 0.824665
v -0.374529 0.769645 0.803880
v -0.376483 0.771963 0.807949
v -0.089722 0.769426 0.850547
v 0.015278 0.769411 0.850554
v 0.015278 0.769411 0.850554
v 0.015278 0.771566 0.855123
v -0.089722 0.769426 0.850547
v -0.089935 0.771595 0.855110
v 0.015277 0.333773 1.058771
v -0.116376 0.333786 1.058764
v -0.243332 0.333829 1.054143
v -0.116376 0.333786 1.058764
v -0.243332 0.333829 1.054143
v -0.116567 0.336029 1.065827
v -0.243845 0.336113 1.062902
v 0.015277 0.333773 1.058771
v 0.015277 0.336003 1.063304
v -0.360893 0.333903 1.040305
v -0.464160 0.333948 1.012594
v -0.464160 0.333948 1.012594
v -0.466037 0.336343 1.016648
v -0.360893 0.333903 1.040305
v -0.361992 0.336258 1.047598
v 0.270551 0.769526 0.840618
v 0.318295 0.769566 0.831881
v 0.362516 0.769561 0.820429
v 0.405085 0.769645 0.803880
v 0.362516 0.769561 0.820429
v 0.405085 0.769645 0.803880
v 0.364087 0.771870 0.824665
v 0.407039 0.771964 0.807949
v 0.270551 0.769526 0.840618
v 0.318295 0.769566 0.831881
v 0.271420 0.771772 0.845065
v 0.319468 0.771849 0.836246
v 0.443868 0.333932 1.029253
v 0.494715 0.333948 1.012594
v 0.391449 0.333903 1.040305
v 0.273888 0.333829 1.054143
v 0.391449 0.333903 1.040305
v 0.273888 0.333829 1.054143
v 0.392547 0.336258 1.047762
v 0.274400 0.336113 1.063815
v 0.443868 0.333932 1.029253
v 0.445363 0.336314 1.033476
v 0.494715 0.333948 1.012594
v 0.496591 0.336343 1.016648
v 0.146931 0.333786 1.058764
v 0.146931 0.333786 1.058764
v 0.147122 0.336029 1.066547
v 0.120278 0.769426 0.850547
v 0.222282 0.769475 0.845874
v 0.120278 0.769426 0.850547
v 0.222282 0.769475 0.845874
v 0.120490 0.771595 0.855110
v 0.222841 0.771688 0.850380
v 0.688082 0.332897 0.821598
v 0.712799 0.331706 0.724848
v 0.643349 0.333609 0.902410
v 0.688082 0.332897 0.821598
v 0.643349 0.333609 0.902410
v 0.692395 0.334746 0.823470
v 0.646992 0.335778 0.905177
v 0.712799 0.331706 0.724848
v 0.717557 0.333160 0.725825
v 0.614184 0.333815 0.937505
v 0.538352 0.333947 0.992601
v 0.578787 0.333905 0.966352
v 0.578787 0.333905 0.966352
v 0.538352 0.333947 0.992601
v 0.581565 0.336247 0.969863
v 0.541227 0.336330 0.997832
v 0.614184 0.333815 0.937505
v 0.617421 0.336093 0.940673
v 0.444038 0.769928 0.783503
v 0.511890 0.768914 0.728930
v 0.479419 0.769657 0.757183
v 0.479419 0.769657 0.757183
v 0.511890 0.768914 0.728930
v 0.482216 0.771919 0.760729
v 0.515103 0.771110 0.732153
v 0.444038 0.769928 0.783503
v 0.446429 0.772236 0.787336
v 0.567285 0.763379 0.665253
v 0.541158 0.766630 0.697616
v 0.590165 0.757592 0.631006
v 0.626390 0.739639 0.563190
v 0.590165 0.757592 0.631006
v 0.626390 0.739639 0.563190
v 0.594391 0.759398 0.633105
v 0.631060 0.741088 0.564511
v 0.541158 0.766630 0.697616
v 0.567285 0.763379 0.665253
v 0.544751 0.768726 0.700483
v 0.571217 0.765346 0.667748
v 0.684203 0.326252 0.346311
v 0.696517 0.327019 0.412323
v 0.689188 0.326721 0.345635
v 0.701512 0.327574 0.411757
v 0.684203 0.326252 0.346311
v 0.696517 0.327019 0.412323
v 0.709318 0.328231 0.503269
v 0.709318 0.328231 0.503269
v 0.714308 0.328964 0.502971
v 0.678337 0.353023 0.292058
v 0.673357 0.352620 0.292801
v 0.678844 0.332528 0.291255
v 0.673865 0.332128 0.292015
v 0.673357 0.352620 0.292801
v 0.673865 0.332128 0.292015
v 0.674898 0.327302 0.296709
v 0.679876 0.327707 0.295953
v 0.674898 0.327302 0.296709
v 0.717312 0.329972 0.613092
v 0.717312 0.329972 0.613092
v 0.722259 0.331029 0.613326
v 0.649779 0.709870 0.500004
v 0.662882 0.669819 0.444850
v 0.649779 0.709870 0.500004
v 0.662882 0.669819 0.444850
v 0.654683 0.710950 0.500615
v 0.667876 0.670586 0.444894
v 0.668241 0.621022 0.401130
v 0.669466 0.568102 0.364369
v 0.669466 0.568102 0.364369
v 0.674471 0.568583 0.363878
v 0.668241 0.621022 0.401130
v 0.673257 0.621601 0.400829
v 0.670165 0.515681 0.330091
v 0.670880 0.460943 0.304715
v 0.670880 0.460943 0.304715
v 0.675873 0.461369 0.304066
v 0.670165 0.515681 0.330091
v 0.675163 0.516120 0.329498
v 0.660811 0.734757 0.596361
v 0.626504 0.751821 0.665334
v 0.660172 0.733652 0.596469
v 0.625957 0.750676 0.665337
v 0.662246 0.735911 0.596532
v 0.627777 0.753079 0.665749
v 0.605851 0.758497 0.699658
v 0.580321 0.761540 0.731431
v 0.604682 0.757190 0.699110
v 0.579269 0.760194 0.730758
v 0.604191 0.756025 0.699049
v 0.578837 0.759013 0.730637
v 0.684653 0.707025 0.528482
v 0.683118 0.705967 0.528493
v 0.682405 0.704887 0.528649
v 0.695835 0.668191 0.465215
v 0.695080 0.667178 0.465464
v 0.697419 0.669133 0.465021
v 0.702970 0.624946 0.409570
v 0.701376 0.624169 0.410011
v 0.700616 0.623317 0.410501
v 0.702749 0.574280 0.363634
v 0.701989 0.573681 0.364395
v 0.704343 0.574846 0.362952
v 0.755240 0.321429 0.763388
v 0.731968 0.321249 0.862420
v 0.756984 0.321293 0.763958
v 0.733574 0.321262 0.863333
v 0.749137 0.322011 0.760436
v 0.724932 0.321739 0.859141
v 0.681244 0.321344 0.936562
v 0.688369 0.320927 0.943089
v 0.689751 0.321062 0.944326
v 0.758928 0.321223 0.645675
v 0.754101 0.321893 0.644334
v 0.760720 0.320941 0.645929
v 0.751016 0.321723 0.522792
v 0.749244 0.322116 0.522883
v 0.744283 0.322851 0.522914
v 0.732404 0.325596 0.408611
v 0.729265 0.326351 0.409140
v 0.734102 0.325154 0.408091
v 0.715868 0.329461 0.319515
v 0.717485 0.329005 0.318612
v 0.715074 0.330214 0.320521
v 0.702716 0.334626 0.254424
v 0.703432 0.333881 0.253062
v 0.701511 0.339426 0.249592
v 0.702224 0.338704 0.248206
v 0.704989 0.333420 0.251874
v 0.703778 0.338259 0.246999
v 0.703850 0.357373 0.254306
v 0.702284 0.357746 0.255476
v 0.701552 0.358373 0.256817
v 0.702653 0.460815 0.297283
v 0.702968 0.518907 0.326831
v 0.701842 0.460905 0.298378
v 0.702177 0.518642 0.327782
v 0.704272 0.460850 0.296319
v 0.704578 0.519211 0.325988
v 0.659292 0.320798 0.977724
v 0.660529 0.320972 0.979102
v 0.648733 0.321190 0.966626
v 0.615708 0.321090 0.993239
v 0.578000 0.321018 1.021882
v 0.623701 0.320709 1.005715
v 0.581905 0.320644 1.031314
v 0.624772 0.320906 1.007209
v 0.582816 0.320854 1.032908
v 0.537685 0.320837 1.052091
v 0.536944 0.320624 1.050416
v 0.483345 0.320856 1.068421
v 0.482744 0.320648 1.066691
v 0.533546 0.320996 1.038864
v 0.482336 0.321024 1.056078
v 0.426757 0.321082 1.067932
v 0.299536 0.321226 1.081416
v 0.427079 0.320701 1.077312
v 0.299717 0.320831 1.090801
v 0.427535 0.320899 1.079080
v 0.299951 0.321004 1.092607
v 0.550469 0.762273 0.761089
v 0.518179 0.762913 0.787981
v 0.550105 0.761081 0.760910
v 0.517888 0.761715 0.787749
v 0.551390 0.763648 0.761882
v 0.518957 0.764305 0.788881
v 0.482563 0.764539 0.814247
v 0.442597 0.764280 0.833345
v 0.481920 0.763136 0.813253
v 0.442098 0.762875 0.832273
v 0.481695 0.761934 0.812976
v 0.441944 0.761673 0.831957
v 0.396748 0.762865 0.848144
v 0.396643 0.761664 0.847802
v 0.397132 0.764267 0.849269
v 0.350156 0.764371 0.860070
v 0.298053 0.764446 0.868469
v 0.349892 0.762976 0.858904
v 0.297871 0.763062 0.867278
v 0.349841 0.761777 0.858541
v 0.297850 0.761865 0.866902
v 0.160565 0.321063 1.097105
v 0.160469 0.320904 1.095283
v 0.160388 0.321307 1.080628
v 0.015277 0.320927 1.095273
v 0.015277 0.321332 1.094086
v 0.015277 0.321082 1.097097
v -0.129914 0.320906 1.095286
v -0.130010 0.321065 1.097109
v -0.130143 0.321307 1.087717
v -0.268258 0.321226 1.082040
v -0.269162 0.320833 1.090806
v -0.269397 0.321008 1.092614
v 0.245406 0.761921 0.871864
v 0.245397 0.763116 0.872250
v 0.132468 0.762000 0.876290
v 0.132450 0.763192 0.876684
v 0.245495 0.764493 0.873457
v 0.132476 0.764558 0.877908
v 0.015277 0.763215 0.876674
v 0.015277 0.764578 0.877900
v 0.015277 0.762023 0.876279
v -0.101913 0.762000 0.876290
v -0.101896 0.763193 0.876686
v -0.101922 0.764559 0.877910
v -0.214842 0.763117 0.872251
v -0.214941 0.764494 0.873460
v -0.214851 0.761921 0.871864
v -0.396524 0.320703 1.077315
v -0.396980 0.320901 1.079085
v -0.394975 0.321082 1.068380
v -0.502905 0.320996 1.040080
v -0.506389 0.320624 1.050417
v -0.507130 0.320837 1.052092
v -0.552840 0.320852 1.033572
v -0.551927 0.320640 1.031975
v -0.594218 0.320906 1.007209
v -0.593146 0.320709 1.005715
v -0.545249 0.321012 1.022511
v -0.587681 0.321090 0.995125
v -0.621270 0.321195 0.970011
v -0.642679 0.321344 0.942202
v -0.628380 0.320802 0.977099
v -0.657820 0.320929 0.943090
v -0.629617 0.320976 0.978475
v -0.659204 0.321064 0.944328
v -0.319338 0.762977 0.858906
v -0.319286 0.761777 0.858541
v -0.319602 0.764372 0.860072
v -0.366193 0.762865 0.848145
v -0.366576 0.764267 0.849270
v -0.411542 0.762874 0.832272
v -0.412040 0.764279 0.833343
v -0.366089 0.761664 0.847802
v -0.411389 0.761673 0.831957
v -0.451141 0.761934 0.812976
v -0.451362 0.763133 0.813250
v -0.487334 0.761715 0.787750
v -0.487617 0.762909 0.787976
v -0.452003 0.764535 0.814242
v -0.488392 0.764298 0.788873
v -0.519905 0.762267 0.761081
v -0.520822 0.763639 0.761870
v -0.548704 0.760188 0.730750
v -0.549751 0.761530 0.731419
v -0.519552 0.761081 0.760910
v -0.548284 0.759013 0.730637
v -0.684556 0.321181 0.905586
v -0.683043 0.321100 0.904502
v -0.703052 0.321271 0.863339
v -0.701435 0.321255 0.862424
v -0.673184 0.321547 0.903697
v -0.688704 0.321739 0.861714
v -0.716209 0.322008 0.762891
v -0.724716 0.321437 0.763394
v -0.726474 0.321306 0.763966
v -0.730184 0.320947 0.645935
v -0.728386 0.321223 0.645679
v -0.719175 0.321883 0.645393
v -0.718709 0.322088 0.522884
v -0.715298 0.322817 0.522915
v -0.720475 0.321699 0.522793
v -0.573637 0.756026 0.699049
v -0.574118 0.757185 0.699102
v -0.595404 0.750677 0.665337
v -0.595943 0.751817 0.665328
v -0.575282 0.758489 0.699647
v -0.597212 0.753073 0.665740
v -0.630257 0.734758 0.596359
v -0.631690 0.735912 0.596530
v -0.629619 0.733654 0.596469
v -0.652566 0.705971 0.528492
v -0.651854 0.704891 0.528647
v -0.654101 0.707029 0.528482
v -0.666875 0.669135 0.465019
v -0.665291 0.668193 0.465212
v -0.664535 0.667179 0.465461
v -0.670849 0.624160 0.410008
v -0.670089 0.623308 0.410497
v -0.672444 0.624937 0.409568
v -0.673849 0.574813 0.362946
v -0.672254 0.574246 0.363624
v -0.671494 0.573646 0.364380
v -0.671727 0.518560 0.327735
v -0.672521 0.518830 0.326805
v -0.674133 0.519137 0.325978
v -0.672260 0.460691 0.297247
v -0.673882 0.460730 0.296307
v -0.671444 0.460775 0.298313
v -0.671301 0.403013 0.273862
v -0.672082 0.402611 0.272643
v -0.673680 0.402410 0.271576
v -0.671976 0.357561 0.255472
v -0.673544 0.357184 0.254301
v -0.671244 0.358194 0.256816
v -0.673137 0.333688 0.253067
v -0.676781 0.331331 0.272254
v -0.672422 0.334442 0.254441
v -0.676046 0.332092 0.273525
v -0.674694 0.333220 0.251871
v -0.678354 0.330861 0.271140
v -0.687118 0.328853 0.318610
v -0.685504 0.329312 0.319520
v -0.684717 0.330071 0.320535
v 0.687831 0.708039 0.528763
v 0.700661 0.669928 0.464939
v 0.665269 0.737165 0.597261
v 0.760183 0.322046 0.764671
v 0.764031 0.321436 0.646127
v 0.754333 0.322012 0.522581
v 0.737397 0.325337 0.407585
v 0.720749 0.329143 0.317914
v 0.707016 0.338368 0.246149
v 0.708230 0.333526 0.251033
v 0.707087 0.357508 0.253480
v 0.707506 0.461133 0.295619
v 0.707826 0.519594 0.325359
v 0.707606 0.575343 0.362429
v 0.706235 0.625576 0.409225
v 0.584372 0.322231 1.035540
v 0.626628 0.322256 1.009644
v 0.662700 0.322282 0.981308
v 0.692201 0.322298 0.946261
v 0.736479 0.322281 0.864660
v 0.630500 0.754565 0.667001
v 0.608375 0.760088 0.701182
v 0.582615 0.763213 0.733210
v 0.553425 0.765386 0.763900
v 0.520708 0.766083 0.791118
v 0.484042 0.766346 0.816674
v 0.443783 0.766092 0.835926
v 0.160693 0.322347 1.100200
v 0.015277 0.322357 1.100196
v 0.300292 0.322314 1.095671
v 0.428258 0.322256 1.082064
v 0.484332 0.322231 1.071326
v 0.538925 0.322220 1.054886
v 0.398074 0.766070 0.851958
v 0.298556 0.766208 0.871286
v 0.350845 0.766157 0.862838
v 0.132589 0.766271 0.880792
v 0.245809 0.766232 0.876308
v 0.015277 0.766282 0.880788
v -0.508370 0.322221 1.054887
v -0.397703 0.322257 1.082067
v -0.269737 0.322317 1.095675
v -0.130138 0.322349 1.100203
v -0.102034 0.766272 0.880793
v -0.215254 0.766233 0.876310
v -0.320290 0.766158 0.862839
v -0.367519 0.766071 0.851958
v -0.413226 0.766091 0.835925
v -0.705946 0.322287 0.864664
v -0.729657 0.322055 0.764677
v -0.687249 0.322315 0.907232
v -0.631784 0.322283 0.980678
v -0.661651 0.322300 0.946263
v -0.554398 0.322231 1.036207
v -0.596073 0.322256 1.009644
v -0.453483 0.766343 0.816670
v -0.490146 0.766079 0.791112
v -0.522861 0.765379 0.763892
v -0.552050 0.763206 0.733201
v -0.577812 0.760082 0.701174
v -0.599939 0.754562 0.666995
v -0.634714 0.737166 0.597260
v -0.657279 0.708043 0.528762
v -0.670116 0.669931 0.464938
v -0.675709 0.625567 0.409223
v -0.677113 0.575312 0.362427
v -0.677382 0.519522 0.325356
v -0.677117 0.461015 0.295616
v -0.676914 0.402607 0.270812
v -0.676781 0.357318 0.253477
v -0.677935 0.333325 0.251029
v -0.681603 0.330975 0.270339
v -0.690385 0.328991 0.317912
v -0.733488 0.321440 0.646131
v -0.723796 0.321991 0.522582
v -0.662458 0.324277 0.412849
v -0.665930 0.326980 0.412321
v -0.665930 0.326980 0.412321
v -0.670925 0.327536 0.411752
v -0.663631 0.309189 0.413949
v -0.670056 0.299116 0.416605
v -0.715210 0.299103 0.429776
v -0.715873 0.309117 0.426626
v -0.710715 0.323426 0.409988
v -0.703640 0.325066 0.408090
v -0.706939 0.325252 0.407584
v -0.701948 0.325508 0.408614
v -0.701060 0.326263 0.409147
v 0.674073 0.323444 0.311551
v 0.677670 0.325845 0.311290
v 0.677670 0.325845 0.311290
v 0.682650 0.326269 0.310557
v 0.674898 0.327302 0.296709
v 0.679876 0.327707 0.295953
v 0.673940 0.309756 0.307195
v 0.677192 0.300747 0.290254
v 0.719571 0.311234 0.288745
v 0.718930 0.300732 0.291616
v 0.715496 0.328736 0.272573
v 0.708670 0.331048 0.271142
v 0.711918 0.331162 0.270342
v 0.706358 0.332264 0.273508
v 0.707096 0.331511 0.272248
v -0.638188 0.332411 0.284246
v -0.643228 0.332028 0.292012
v -0.643228 0.332028 0.292012
v -0.648205 0.332429 0.291248
v -0.643228 0.332028 0.292012
v -0.648205 0.332429 0.291248
v -0.633025 0.334363 0.259423
v -0.630109 0.338611 0.224443
v -0.632905 0.339856 0.223086
v -0.630109 0.338611 0.224443
v -0.667037 0.339448 0.222945
v -0.670369 0.338275 0.224166
v -0.677176 0.337717 0.235555
v -0.678877 0.338247 0.243164
v -0.673486 0.338058 0.246995
v -0.676725 0.338166 0.246146
v -0.671220 0.339240 0.249607
v -0.671932 0.338509 0.248210
v 0.667668 0.400754 0.289701
v 0.672152 0.401074 0.294660
v 0.672152 0.401074 0.294660
v 0.677139 0.401487 0.293957
v 0.664186 0.400624 0.273420
v 0.663660 0.402066 0.250016
v 0.666542 0.403286 0.248799
v 0.663660 0.402066 0.250016
v 0.699606 0.403008 0.248607
v 0.702908 0.401919 0.249657
v 0.708693 0.401894 0.260558
v 0.709640 0.402747 0.267942
v 0.707255 0.402767 0.270815
v 0.704022 0.402570 0.271586
v 0.702426 0.402772 0.272666
v 0.701648 0.403174 0.273901
v 0.011015 0.318487 1.098819
v 0.009052 0.316951 1.097514
v 0.019539 0.318487 1.098819
v 0.021502 0.316951 1.097514
v -0.008061 0.311468 1.096643
v 0.038615 0.311468 1.096643
v 0.007622 0.274562 2.542485
v 0.008713 0.212893 2.520713
v 0.057258 0.274562 2.534901
v 0.071090 0.218801 2.512887
v 0.489794 -0.409401 0.166486
v 0.664305 -0.304656 0.194756
v 0.474623 -0.393420 0.496886
v 0.644391 -0.291285 0.530474
v -0.828859 0.274562 0.858361
v -0.831862 0.274562 0.336309
v -0.832347 0.081441 0.664528
v -0.831353 0.080038 0.256639
v 0.282459 -0.464149 0.478478
v 0.076877 -0.504065 0.472349
v 0.288306 -0.475197 0.145950
v 0.072508 -0.511370 0.136198
v 0.046624 -0.486320 -1.066480
v 0.045039 -0.464257 -1.315452
v 0.309652 -0.455389 -1.066388
v 0.322644 -0.435139 -1.322530
v 0.402816 -0.290324 1.347252
v 0.531454 -0.198170 1.366135
v 0.375677 -0.246877 1.569053
v 0.497126 -0.156970 1.586318
v -0.738262 0.113844 1.463250
v -0.681048 0.123110 1.673370
v -0.740435 0.274562 1.525064
v -0.678736 0.274562 1.744387
v 0.259573 -0.369487 1.351492
v 0.244586 -0.330292 1.577520
v 0.078975 -0.418070 1.360694
v 0.067446 -0.388928 1.585328
v 0.295781 -0.103303 2.059371
v 0.388699 -0.047616 2.068578
v 0.263053 -0.060962 2.173219
v 0.351310 -0.007556 2.182486
v -0.516846 0.160090 2.077721
v -0.457005 0.171876 2.178949
v -0.534779 0.274562 2.084661
v -0.468013 0.274562 2.187386
v 0.169232 -0.119231 2.179256
v 0.049285 -0.181374 2.195328
v 0.192907 -0.173227 2.066558
v 0.054668 -0.246684 2.079362
v 0.451984 -0.360707 0.807566
v 0.610803 -0.263710 0.839476
v 0.428116 -0.325532 1.093538
v 0.570384 -0.231508 1.117482
v -0.812608 0.090628 0.967051
v -0.779436 0.103284 1.226537
v -0.813107 0.274562 1.080566
v -0.783178 0.274562 1.301374
v 0.274379 -0.433495 0.794906
v 0.269082 -0.399289 1.090323
v 0.079930 -0.476693 0.797539
v 0.094859 -0.440492 1.109993
v 0.497262 -0.414210 -0.167363
v 0.505011 -0.415002 -0.488306
v 0.675904 -0.305128 -0.148095
v 0.710688 -0.276823 -0.476997
v -0.817850 0.080870 -0.180946
v -0.817854 0.274562 -0.185743
v -0.805397 0.084471 -0.567212
v -0.806488 0.274562 -0.707796
v 0.296357 -0.470787 -0.522699
v 0.293863 -0.473833 -0.194349
v 0.068377 -0.503523 -0.499936
v 0.070460 -0.508107 -0.193025
v 0.515486 -0.410168 -0.783821
v 0.725682 -0.268245 -0.776353
v -0.799262 0.274562 -0.915850
v -0.795168 0.086159 -0.863304
v 0.303394 -0.465091 -0.816093
v 0.061901 -0.497536 -0.793958
v 0.347364 -0.199297 1.759391
v 0.461803 -0.116318 1.773070
v -0.626899 0.137218 1.830297
v -0.641754 0.274562 1.863436
v 0.224962 -0.284328 1.768342
v 0.061577 -0.347456 1.781229
v 0.226682 -0.022076 2.267535
v 0.301902 0.028304 2.269603
v -0.397701 0.182985 2.260805
v -0.410430 0.274562 2.264459
v 0.144201 -0.067707 2.274696
v 0.041304 -0.111481 2.293869
v 0.111776 0.093642 2.452631
v 0.159145 0.062597 2.409701
v 0.166648 0.135514 2.446449
v 0.211603 0.100781 2.403600
v -0.259262 0.274562 2.427152
v -0.340174 0.274562 2.348690
v -0.253077 0.212073 2.410850
v -0.324539 0.190764 2.341981
v 0.258221 0.064951 2.344891
v 0.199723 0.018980 2.353435
v -0.049188 0.274562 2.541680
v -0.061238 0.209292 2.512164
v 0.122984 -0.015912 2.355384
v 0.033644 -0.045905 2.371642
v -0.182184 -0.045478 2.272798
v -0.269030 -0.003550 2.275041
v -0.210246 -0.094135 2.173946
v -0.309657 -0.032221 2.173772
v -0.340674 -0.077546 2.054320
v -0.242727 -0.140116 2.058237
v -0.301019 -0.228875 1.771272
v -0.407764 -0.158139 1.758749
v -0.317782 -0.283270 1.581640
v -0.439207 -0.201861 1.571832
v -0.331061 -0.331963 1.357124
v -0.467020 -0.246846 1.352953
v -0.333748 -0.373280 1.092673
v -0.490933 -0.288088 1.100129
v -0.335933 -0.412954 0.796398
v -0.505801 -0.332509 0.810415
v -0.346054 -0.446655 0.479370
v -0.510507 -0.335192 0.493572
v -0.352996 -0.460004 0.153517
v -0.526783 -0.345804 0.164075
v -0.360927 -0.460011 -0.170239
v -0.552919 -0.386604 -0.166973
v -0.372506 -0.456524 -0.485305
v -0.563454 -0.386852 -0.484637
v -0.577046 -0.379368 -0.780409
v -0.390162 -0.449681 -0.782425
v -0.457036 -0.411921 -1.319557
v -0.225324 -0.448513 -1.312705
v -0.420267 -0.435482 -1.060475
v -0.195341 -0.471799 -1.063983
v 0.321137 -0.150920 1.922002
v 0.424719 -0.078715 1.931317
v 0.209094 -0.230357 1.931755
v 0.059528 -0.299595 1.947308
v -0.375997 -0.116528 1.918154
v -0.271044 -0.186025 1.924872
v -0.572937 0.147291 1.961551
v -0.594153 0.274562 1.977842
v 0.133078 0.179371 2.477722
v 0.083898 0.157931 2.489191
v -0.202355 0.230908 2.453737
v -0.205883 0.274562 2.468410
v 0.783223 0.306021 -1.215296
v 0.783258 0.305815 -1.222524
v 0.605670 0.309607 -1.210818
v 0.688755 0.307162 -1.298148
v 0.782960 0.072702 -1.339911
v 0.787067 0.082747 -1.120291
v 0.785968 -0.102453 -1.318675
v 0.789131 -0.086222 -1.072251
v 0.381241 0.304607 -1.413464
v -0.038244 0.309607 -1.205161
v -0.037378 0.304498 -1.413646
v -0.384095 0.304607 -1.413853
v -0.608744 0.307174 -1.214913
v -0.770861 0.304716 -1.386257
v -0.771321 0.309607 -1.216167
v 0.113482 0.041576 2.423576
v 0.028803 0.019786 2.432643
v 0.025820 0.082127 2.470259
v 0.014585 0.147106 2.497000
v -0.153389 0.203024 2.475209
v -0.231879 0.167301 2.416107
v -0.180692 0.076949 2.407785
v -0.143223 0.053005 2.420128
v -0.134396 0.092001 2.442307
v -0.156230 0.002006 2.353282
v -0.223383 0.042333 2.349420
v 0.649366 -0.312524 -1.720085
v 0.581470 -0.354837 -1.538896
v 0.611381 -0.326704 -1.741558
v 0.365707 -0.389507 -1.598803
v 0.531096 -0.349674 -1.711687
v 0.733864 -0.240391 -1.524146
v 0.705253 -0.272676 -1.770260
v 0.737937 -0.235423 -1.782161
v 0.755181 -0.204435 -1.765861
v 0.761381 -0.189706 -1.696339
v -0.689369 -0.287408 -1.588695
v -0.757330 -0.204801 -1.532350
v -0.749348 -0.215307 -1.638756
v -0.763057 -0.186824 -1.644011
v -0.730020 -0.243482 -1.656500
v -0.709690 -0.267137 -1.648847
v -0.687511 -0.287818 -1.647406
v -0.641821 -0.314059 -1.683907
v -0.597225 -0.335062 -1.664047
v -0.519639 -0.369670 -1.586529
v 0.112452 0.226787 2.501412
v 0.097649 0.274562 2.523528
v -0.794056 -0.112013 -0.812930
v -0.801654 -0.115925 -0.506085
v -0.809531 -0.119746 -0.157687
v -0.811016 -0.122827 0.214903
v -0.795840 -0.124133 0.576378
v -0.754669 -0.123092 0.889771
v -0.732233 -0.070543 1.167138
v -0.694591 -0.044065 1.413809
v -0.647787 -0.013809 1.629146
v -0.597349 0.012657 1.802101
v -0.546835 0.039038 1.947957
v -0.492645 0.062781 2.073897
v -0.434728 0.088415 2.181470
v -0.372514 0.113352 2.271426
v -0.304069 0.138158 2.349100
v 0.818874 0.077232 -0.152859
v 0.805503 0.081601 -0.550594
v 0.810245 0.274562 -0.185743
v 0.798540 0.274562 -0.707796
v 0.830367 0.274562 0.336309
v 0.831132 0.074464 0.269524
v 0.824694 0.274562 0.858361
v 0.831510 0.074089 0.670459
v 0.810240 0.274562 1.080689
v 0.810910 0.075618 0.970133
v 0.780753 0.274562 1.301374
v 0.778048 0.079391 1.228356
v 0.734214 0.274562 1.524857
v 0.735858 0.090058 1.464744
v 0.682929 0.274562 1.737857
v 0.677795 0.099983 1.671195
v 0.621008 0.120610 1.830953
v 0.634346 0.274562 1.863883
v 0.589206 0.274562 1.979049
v 0.566533 0.134741 1.966018
v 0.531056 0.274562 2.083533
v 0.510774 0.146481 2.083226
v 0.452084 0.161514 2.182659
v 0.471299 0.274562 2.183924
v 0.397551 0.179079 2.259522
v 0.422974 0.274562 2.244205
v 0.343020 0.196700 2.324436
v 0.378462 0.274562 2.298371
v 0.306560 0.274562 2.380823
v 0.277433 0.208957 2.389504
v 0.225329 0.218725 2.433568
v 0.241013 0.274562 2.446637
v 0.188585 0.223009 2.460079
v 0.214432 0.279634 2.461462
v -0.157291 -0.493671 -0.487408
v -0.171429 -0.486361 -0.782846
v -0.149015 -0.498813 -0.177370
v -0.143904 -0.501870 0.144955
v -0.141096 -0.493990 0.471592
v -0.137352 -0.466690 0.793294
v -0.142113 -0.432420 1.098243
v -0.145102 -0.406021 1.360522
v -0.146160 -0.370599 1.587237
v -0.142627 -0.325431 1.780207
v -0.137195 -0.275172 1.939880
v -0.124045 -0.220806 2.072856
v -0.105304 -0.158502 2.190838
v -0.084589 -0.095809 2.287754
v -0.071046 -0.035451 2.366343
v -0.063579 0.026094 2.427825
v -0.060392 0.083426 2.464742
v -0.062582 0.143288 2.488963
v -0.141952 0.140471 2.460775
v -0.743026 -0.230508 -1.315618
v -0.633810 -0.333492 -1.321776
v -0.720894 -0.243858 -1.062973
v -0.600540 -0.360562 -1.057419
v 0.525561 -0.400783 -1.052481
v 0.544968 -0.383473 -1.305380
v 0.824694 0.309607 0.858361
v 0.601672 0.302939 0.787002
v 0.591789 0.311609 0.841990
v 0.612294 0.305427 0.440481
v 0.830367 0.309607 0.336898
v 0.614637 0.308705 -0.186079
v 0.810245 0.309607 -0.184566
v 0.613242 0.308642 -0.711009
v 0.798354 0.309439 -0.706237
v -0.787321 0.308916 -0.712077
v -0.603034 0.302278 -0.770224
v -0.793777 0.308976 -0.184568
v -0.610692 0.309738 -0.198207
v -0.810521 0.308733 0.378019
v -0.604370 0.310324 0.378481
v 0.773034 0.289889 -1.845280
v 0.764565 0.293501 -1.836539
v 0.775207 0.289994 -1.840490
v 0.766685 0.293612 -1.831612
v 0.767964 0.289845 -1.847259
v 0.759627 0.293455 -1.838574
v -0.771977 0.289889 -1.842819
v -0.763469 0.293501 -1.834108
v -0.766912 0.289845 -1.844817
v -0.758539 0.293455 -1.836162
v -0.774130 0.289995 -1.838020
v -0.765570 0.293613 -1.829172
v 0.591677 -0.320928 -1.847129
v 0.351696 -0.325799 -1.847530
v 0.590653 -0.316057 -1.851485
v 0.351566 -0.320848 -1.851787
v 0.584094 -0.317954 -1.832453
v 0.348800 -0.328609 -1.838058
v -0.775576 -0.105811 -1.845096
v -0.771183 -0.129534 -1.844987
v -0.777685 -0.106142 -1.840182
v -0.773232 -0.130466 -1.840126
v -0.770624 -0.105486 -1.849589
v -0.766351 -0.128402 -1.849450
v -0.037842 -0.329078 -1.843929
v 0.026926 -0.420025 -1.579507
v -0.266535 -0.405623 -1.562739
v -0.318673 -0.328716 -1.842314
v -0.541893 -0.325345 -1.834965
v 0.778687 -0.082600 -1.842632
v 0.778665 -0.046764 -1.843216
v 0.783209 -0.096155 -1.560920
v 0.781505 0.086135 -1.558642
v -0.777648 -0.046765 -1.840754
v -0.781585 0.060856 -1.579351
v -0.777683 0.281289 -1.841411
v -0.782707 0.287522 -1.556673
v 0.099207 0.059282 -1.839949
v 0.117866 0.060143 -1.839910
v 0.100612 0.055667 -1.848649
v 0.119467 0.056529 -1.848609
v 0.101247 0.046951 -1.854677
v 0.120190 0.047813 -1.854638
v 0.778747 0.281289 -1.843839
v 0.785030 0.287521 -1.556434
v 0.781423 0.296222 -1.556404
v 0.772719 0.299826 -1.556332
v -0.779103 0.296222 -1.556478
v -0.782707 0.287522 -1.556673
v -0.777683 0.281289 -1.841411
v -0.770401 0.299826 -1.556346
v -0.380549 0.293455 -1.838297
v -0.384548 0.289842 -1.846977
v -0.386323 0.281129 -1.852998
v -0.770629 0.281137 -1.850830
v 0.635661 -0.309368 -1.842398
v 0.675733 -0.286709 -1.842398
v 0.710858 -0.256217 -1.842416
v 0.739686 -0.219063 -1.842452
v 0.761106 -0.176674 -1.842505
v 0.774297 -0.130679 -1.842593
v -0.783754 -0.095822 -1.571467
v -0.760040 -0.176513 -1.840085
v -0.738618 -0.218948 -1.840107
v -0.713595 -0.260215 -1.833938
v -0.675662 -0.287058 -1.831783
v -0.635731 -0.308285 -1.829640
v -0.592951 -0.323501 -1.830474
v 0.771623 -0.081719 -1.852044
v 0.380795 -0.046765 -1.853007
v 0.771637 -0.046764 -1.852661
v -0.770629 0.281137 -1.850830
v -0.383087 -0.046765 -1.851381
v -0.770627 -0.046765 -1.850205
v 0.101247 0.046951 -1.854677
v 0.120190 0.047813 -1.854638
v -0.037620 -0.046765 -1.853805
v -0.318702 -0.320969 -1.850951
v -0.037620 -0.321129 -1.852308
v 0.778747 0.281289 -1.843839
v 0.785030 0.287521 -1.556434
v 0.101450 0.061841 -1.777980
v 0.120346 0.063385 -1.778006
v -0.382505 0.296706 -1.752246
v -0.037620 -0.321129 -1.852308
v -0.037682 -0.326081 -1.848202
v -0.318702 -0.320969 -1.850951
v -0.318694 -0.325920 -1.846755
v 0.771721 0.281137 -1.853286
v 0.776636 0.281182 -1.848790
v 0.771721 0.281137 -1.853286
v 0.776636 0.281182 -1.848790
v 0.771637 -0.046764 -1.852661
v 0.776580 -0.046764 -1.848160
v -0.775576 0.281182 -1.846332
v -0.775576 0.281182 -1.846332
v -0.775560 -0.046765 -1.845695
v -0.770629 0.281137 -1.850830
v -0.770627 -0.046765 -1.850205
v -0.545781 -0.325569 -1.845488
v -0.545404 -0.320628 -1.849858
v 0.634783 -0.307087 -1.847115
v 0.632826 -0.302504 -1.851474
v 0.674513 -0.284606 -1.847130
v 0.671707 -0.280482 -1.851498
v 0.709339 -0.254347 -1.847172
v 0.705800 -0.250824 -1.851554
v 0.737920 -0.217472 -1.847240
v 0.733784 -0.214666 -1.851641
v 0.759151 -0.175399 -1.847330
v 0.754565 -0.173396 -1.851755
v 0.772207 -0.129746 -1.847446
v 0.767317 -0.128606 -1.851890
v 0.776588 -0.082111 -1.847557
v 0.771623 -0.081719 -1.852044
v -0.758123 -0.175241 -1.844917
v -0.753589 -0.173254 -1.849359
v -0.736887 -0.217363 -1.844901
v -0.732791 -0.214577 -1.849318
v -0.708301 -0.254279 -1.844934
v -0.704792 -0.250778 -1.849329
v -0.673468 -0.284570 -1.845014
v -0.670681 -0.280464 -1.849392
v -0.633730 -0.307073 -1.845138
v -0.631784 -0.302501 -1.849504
v -0.590631 -0.320922 -1.845302
v -0.589649 -0.316046 -1.849660
v 0.722500 -0.268306 -1.299776
v 0.740643 -0.257242 -1.050021
v 0.795282 0.086024 -0.846282
v 0.796557 0.274562 -0.914589
v -0.149003 0.274562 2.523262
v 0.801439 -0.116125 -0.493258
v 0.795593 -0.112395 -0.798378
v 0.806676 -0.123680 -0.142913
v 0.807067 -0.132785 0.226137
v 0.788194 -0.136583 0.583460
v 0.746499 -0.129099 0.894271
v 0.691661 -0.118130 1.164317
v 0.630754 -0.111617 1.403275
v 0.609081 -0.058967 1.622140
v 0.565395 -0.025353 1.801558
v 0.517486 0.004197 1.953004
v 0.466473 0.031620 2.080689
v 0.414240 0.061050 2.186749
v 0.363181 0.093361 2.270928
v 0.308793 0.123865 2.339222
v 0.252544 0.151030 2.395591
v 0.203561 0.175625 2.437731
v 0.166865 0.201293 2.467377
v 0.142280 0.231484 2.489105
v 0.153954 0.274562 2.491679
v -0.713582 -0.254223 -0.784020
v -0.696475 -0.260237 -0.483052
v -0.707036 -0.279435 -0.154776
v -0.700462 -0.277020 0.188782
v -0.680173 -0.265930 0.527021
v -0.649021 -0.236742 0.839745
v -0.620702 -0.192776 1.122264
v -0.589840 -0.153797 1.371990
v -0.554910 -0.115045 1.589067
v -0.537063 -0.066925 1.779450
v -0.476221 -0.048335 1.930290
v -0.427419 -0.015646 2.062079
v -0.380889 0.018641 2.176807
v -0.329326 0.052778 2.272594
v -0.274873 0.090944 2.351592
v -0.212845 0.122768 2.414002
v -0.782565 0.087961 -1.363179
v -0.786314 -0.101938 -1.337783
v -0.786424 0.086888 -1.142920
v -0.788268 -0.107331 -1.091706
v -0.209776 0.288926 2.498887
v -0.264695 0.289368 2.459891
v -0.208554 0.286636 2.496426
v -0.263408 0.286934 2.457530
v -0.149207 0.287383 2.536767
v -0.149083 0.290499 2.538612
v -0.053529 0.287850 2.573083
v -0.053596 0.290260 2.575786
v -0.569679 0.287252 2.090799
v -0.573577 0.289554 2.089323
v -0.617011 0.287261 2.001215
v -0.619013 0.290098 2.002174
v -0.493462 0.289453 2.218251
v -0.491473 0.286763 2.216923
v -0.433944 0.287112 2.290167
v -0.436080 0.289097 2.292708
v -0.527152 0.309607 2.164354
v -0.528210 0.308454 2.168856
v -0.473091 0.309607 2.243865
v -0.477273 0.307712 2.243523
v -0.573506 0.307884 2.089544
v -0.572097 0.309607 2.085778
v -0.433570 0.308176 2.298797
v -0.431199 0.309607 2.296272
v -0.788988 0.287327 1.538267
v -0.791184 0.290128 1.538814
v -0.829364 0.287296 1.310029
v -0.831582 0.290114 1.310347
v -0.717443 0.290117 1.760189
v -0.715317 0.287303 1.759471
v -0.672936 0.290097 1.882409
v -0.670878 0.287260 1.881596
v -0.791183 0.307062 1.538803
v -0.717443 0.307062 1.760189
v -0.788710 0.309607 1.538183
v -0.715031 0.309607 1.759375
v -0.831582 0.307062 1.310347
v -0.829060 0.309607 1.309985
v -0.670624 0.309607 1.881360
v -0.672978 0.307062 1.882331
v -0.849698 0.287178 1.086103
v -0.851845 0.290062 1.086281
v -0.865240 0.287151 0.860415
v -0.867373 0.290050 0.860493
v -0.849310 0.309607 1.086063
v -0.851846 0.307062 1.086274
v -0.859100 0.306098 0.866180
v -0.863354 0.303744 0.860352
v -0.867517 0.287102 0.335750
v -0.869611 0.290029 0.335722
v -0.851170 0.287066 -0.187018
v -0.853238 0.290013 -0.186978
v -0.867068 0.309607 0.336345
v -0.869613 0.307062 0.336310
v -0.853238 0.307066 -0.186057
v -0.850695 0.309607 -0.185822
v -0.835350 0.286988 -0.709164
v -0.837355 0.289980 -0.709084
v -0.834812 0.309607 -0.707373
v -0.837355 0.307069 -0.707699
v -0.814310 0.287058 -1.200983
v -0.816262 0.290163 -1.202528
v -0.813895 0.309607 -1.198878
v -0.816262 0.307131 -1.200694
v 0.814031 0.289725 -1.203490
v 0.813958 0.306871 -1.201640
v 0.815991 0.290027 -1.200336
v 0.815987 0.306928 -1.198599
v 0.813941 0.287062 -1.201119
v 0.832898 0.286988 -0.708795
v 0.834904 0.289979 -0.708690
v 0.849650 0.287066 -0.187342
v 0.851718 0.290014 -0.187322
v 0.813499 0.309358 -1.198838
v 0.834904 0.307069 -0.707304
v 0.832359 0.309607 -0.707011
v 0.851718 0.307066 -0.186401
v 0.849173 0.309607 -0.186142
v 0.868019 0.287103 0.335573
v 0.870114 0.290029 0.335598
v 0.870114 0.295844 0.335755
v 0.869569 0.303029 0.335984
v 0.861067 0.287151 0.860395
v 0.863198 0.290050 0.860472
v 0.860654 0.309607 0.860380
v 0.863496 0.301507 0.880995
v 0.846855 0.287178 1.086020
v 0.849002 0.290062 1.086190
v 0.846467 0.309607 1.085983
v 0.849002 0.307062 1.086184
v 0.825287 0.287296 1.310416
v 0.827504 0.290114 1.310752
v 0.786034 0.287327 1.541440
v 0.788224 0.290128 1.542019
v 0.824984 0.309607 1.310371
v 0.827504 0.307062 1.310752
v 0.785759 0.309607 1.541353
v 0.788220 0.307062 1.542008
v 0.714180 0.287303 1.763022
v 0.716307 0.290117 1.763738
v 0.671708 0.287259 1.884772
v 0.673778 0.290097 1.885560
v 0.713895 0.309607 1.762926
v 0.716307 0.307062 1.763738
v 0.671448 0.309607 1.884548
v 0.673818 0.307061 1.885486
v 0.499648 0.291478 2.201289
v 0.451857 0.290581 2.263223
v 0.495120 0.289056 2.198527
v 0.446805 0.288487 2.261065
v 0.567493 0.287048 2.091483
v 0.569322 0.290043 2.092635
v 0.614518 0.290136 2.002445
v 0.612854 0.287262 2.000927
v 0.509325 0.307811 2.193491
v 0.566726 0.307063 2.097803
v 0.508053 0.309607 2.189554
v 0.564107 0.309607 2.097348
v 0.453548 0.309607 2.265637
v 0.454927 0.307174 2.268255
v 0.612282 0.309607 2.001241
v 0.614583 0.307061 2.002318
v 0.166171 0.287146 2.519434
v 0.234356 0.291538 2.467875
v 0.168610 0.289668 2.523224
v 0.245761 0.290653 2.471079
v 0.270420 0.285661 2.447595
v 0.273422 0.288731 2.451152
v 0.115147 0.288958 2.545139
v 0.115680 0.290088 2.548166
v 0.059907 0.287498 2.567742
v 0.060122 0.290174 2.570287
v 0.059592 0.309497 2.568833
v 0.006253 0.309158 2.580333
v 0.060157 0.306877 2.571225
v 0.006319 0.306503 2.582788
v 0.118191 0.307224 2.553987
v 0.117345 0.309607 2.550937
v -0.616795 0.309607 2.000927
v -0.619083 0.307062 2.002047
v 0.414799 0.289944 2.310678
v 0.412000 0.287424 2.308876
v 0.418103 0.309607 2.307505
v 0.419408 0.307068 2.309955
v -0.364337 0.309607 2.372432
v -0.365131 0.307264 2.375332
v -0.361433 0.287342 2.371060
v -0.362913 0.289581 2.373344
v 0.345386 0.286545 2.381622
v 0.348623 0.289447 2.381837
v 0.287409 0.307128 2.443912
v 0.355755 0.306959 2.379371
v 0.287111 0.309607 2.440686
v 0.354776 0.309607 2.376827
v 0.256925 0.307717 2.467833
v 0.253958 0.309607 2.468847
v -0.262378 0.309607 2.463403
v -0.264105 0.307458 2.466115
v -0.210515 0.309607 2.500419
v -0.211941 0.307420 2.503135
v 0.006313 0.290226 2.581549
v 0.006299 0.287667 2.578897
v 0.173161 0.309242 2.525725
v 0.174417 0.306538 2.526803
v 0.232628 0.308688 2.485777
v 0.235002 0.305775 2.483576
v -0.149159 0.309521 2.541693
v -0.148874 0.306621 2.544021
v -0.053018 0.308952 2.574352
v -0.053322 0.306293 2.576957
v 0.057258 0.274562 2.534901
v 0.007622 0.274562 2.542485
v -0.205883 0.274562 2.468410
v -0.149003 0.274562 2.523262
v -0.468013 0.274562 2.187386
v -0.534779 0.274562 2.084661
v -0.740435 0.274562 1.525064
v -0.678736 0.274562 1.744387
v -0.813107 0.274562 1.080566
v -0.783178 0.274562 1.301374
v -0.831862 0.274562 0.336309
v -0.828859 0.274562 0.858361
v -0.812699 0.310052 0.956956
v -0.614239 0.307234 0.726588
v -0.817854 0.274562 -0.185743
v -0.806488 0.274562 -0.707796
v -0.784091 0.268687 -1.218086
v -0.799262 0.274562 -0.915850
v -0.794855 0.278887 -1.211848
v -0.789470 0.309536 -1.213220
v 0.789501 0.273538 -1.218448
v 0.793716 0.276788 -1.213362
v 0.796557 0.274562 -0.914589
v 0.798540 0.274562 -0.707796
v 0.810245 0.274562 -0.185743
v 0.830367 0.274562 0.336309
v 0.824694 0.274562 0.858361
v 0.810240 0.274562 1.080689
v 0.780753 0.274562 1.301374
v 0.734214 0.274562 1.524857
v 0.682929 0.274562 1.737857
v 0.471299 0.274562 2.183924
v 0.531056 0.274562 2.083533
v 0.097649 0.274562 2.523528
v 0.634346 0.274562 1.863883
v -0.641754 0.274562 1.863436
v 0.422974 0.274562 2.244205
v -0.410430 0.274562 2.264459
v 0.241013 0.274562 2.446637
v 0.306560 0.274562 2.380823
v -0.340174 0.274562 2.348690
v -0.259262 0.274562 2.427152
v 0.378462 0.274562 2.298371
v 0.810242 0.309607 1.080683
v -0.813109 0.309607 1.080559
v -0.573837 0.300213 0.858603
v -0.596195 0.305957 0.842114
v -0.049188 0.274562 2.541680
v -0.594153 0.274562 1.977842
v 0.589206 0.274562 1.979049
v 0.214432 0.279634 2.461462
v 0.793308 0.309607 1.305584
v -0.797365 0.309607 1.305434
v -0.757626 0.309607 1.530414
v -0.684715 0.309607 1.749143
v -0.640971 0.309607 1.869315
v -0.588042 0.309607 1.986881
v -0.544574 0.309607 2.070587
v -0.343732 0.309607 2.349821
v -0.247426 0.309607 2.435302
v -0.050040 0.309607 2.535998
v -0.146436 0.309607 2.500721
v 0.052102 0.309607 2.537130
v 0.102999 0.310563 2.521478
v 0.333749 0.309607 2.353272
v 0.266985 0.309607 2.416289
v 0.399261 0.309607 2.280375
v 0.428702 0.309607 2.245688
v 0.482339 0.309607 2.172088
v 0.535953 0.309607 2.082011
v 0.583261 0.309607 1.987750
v 0.633662 0.309607 1.869398
v 0.675639 0.309607 1.749114
v 0.746853 0.309607 1.529540
v 0.006339 0.309607 2.541729
v 0.154406 0.310119 2.492633
v 0.215913 0.310526 2.455522
v -0.194468 0.309607 2.473716
v -0.500545 0.309607 2.147743
v -0.447956 0.309607 2.225576
v -0.409058 0.309607 2.274401
v 0.235681 0.309607 2.440850
v 0.789343 0.306626 -1.212403
v -0.783595 0.309257 -1.223319
v -0.781349 0.302740 -1.389899
v -0.789643 0.280608 -1.215577
v 0.790954 0.303532 -1.213727
v 0.786317 0.302858 -1.217697
v 0.784630 0.302409 -1.223614
v -0.783608 0.306746 -1.223407
v -0.778680 0.295681 -1.390003
v -0.778680 0.295681 -1.390003
v 0.780884 0.187797 -1.363267
v 0.778818 0.293598 -1.388513
v 0.789501 0.273538 -1.218448
v 0.784630 0.302409 -1.223614
v 0.780612 0.301019 -1.387998
v 0.778818 0.293598 -1.388513
v -0.789838 0.307141 -1.213511
v 0.793004 0.281268 -1.214786
v -0.785302 0.307035 -1.217571
v -0.785206 0.309454 -1.217500
v 0.378876 0.289842 -1.848069
v 0.374580 0.293455 -1.839376
v 0.380812 0.281130 -1.854097
v 0.771721 0.281137 -1.853286
v 0.380812 0.281130 -1.854097
v -0.037578 0.052968 -1.840234
v -0.037608 0.049352 -1.848936
v -0.161854 0.067580 -1.839532
v -0.163322 0.063966 -1.848226
v -0.037620 0.040634 -1.854965
v -0.163973 0.055250 -1.854252
v -0.037620 0.040634 -1.854965
v -0.163973 0.055250 -1.854252
v -0.383277 0.299826 -1.553702
v 0.380323 0.296705 -1.752852
v 0.380853 0.299826 -1.553688
v 0.771840 0.304717 -1.385478
v -0.377876 -0.087416 -1.396765
v -0.335793 -0.234880 -1.393301
v -0.377037 -0.092232 -1.579413
v -0.334822 -0.239675 -1.588498
v -0.288447 -0.282089 -1.391783
v -0.286461 -0.286855 -1.591071
v 0.376429 -0.046764 -1.762949
v 0.330548 -0.242784 -1.778460
v 0.373079 -0.092218 -1.579415
v 0.330980 -0.239672 -1.588559
v 0.262110 -0.290028 -1.780557
v 0.262390 -0.286855 -1.591259
v -0.036973 -0.295793 -1.391675
v -0.036191 -0.300515 -1.589633
v -0.285733 -0.290029 -1.780187
v -0.036662 -0.303693 -1.780349
v 0.263705 -0.282083 -1.391568
v -0.384095 0.304607 -1.413853
v -0.383277 0.299826 -1.553702
v -0.382505 0.296706 -1.752246
v -0.376248 -0.095149 -1.772295
v 0.380323 0.296705 -1.752852
v 0.380853 0.299826 -1.553688
v 0.381241 0.304607 -1.413464
v 0.373484 -0.087415 -1.396314
v -0.036973 -0.295793 -1.391675
v -0.288447 -0.282089 -1.391783
v -0.037378 0.304498 -1.413646
v -0.335793 -0.234880 -1.393301
v -0.377876 -0.087416 -1.396765
v -0.384095 0.304607 -1.413853
v -0.036662 -0.303693 -1.780349
v -0.037074 0.050524 -1.777793
v -0.376248 -0.095149 -1.772295
v -0.162241 0.070822 -1.773553
v 0.120346 0.063385 -1.778006
v 0.101450 0.061841 -1.777980
v 0.376429 -0.046764 -1.762949
v 0.263705 -0.282083 -1.391568
v 0.331522 -0.234878 -1.392905
v 0.373484 -0.087415 -1.396314
v 0.381241 0.304607 -1.413464
v -0.334133 -0.242781 -1.777788
v 0.331522 -0.234878 -1.392905
v -0.285733 -0.290029 -1.780187
v -0.334133 -0.242781 -1.777788
v 0.262110 -0.290028 -1.780557
v 0.330548 -0.242784 -1.778460
v -0.037074 0.050524 -1.777793
v -0.162241 0.070822 -1.773553
v 0.301581 0.185729 -1.762625
v 0.380323 0.296705 -1.752852
v 0.301581 0.185729 -1.762625
v 0.299531 0.180591 -1.839536
v 0.303022 0.176977 -1.848230
v 0.304596 0.168264 -1.854258
v 0.304596 0.168264 -1.854258
v 0.194386 0.068072 -1.854483
v 0.163553 0.053511 -1.854547
v 0.193318 0.076787 -1.848455
v 0.194386 0.068072 -1.854483
v 0.162628 0.062226 -1.848519
v 0.163553 0.053511 -1.854547
v 0.190949 0.080401 -1.839758
v 0.160578 0.065840 -1.839821
v 0.163602 0.069084 -1.776865
v 0.191639 0.085536 -1.774631
v 0.191639 0.085536 -1.774631
v 0.163602 0.069084 -1.776865
v -0.261344 0.124438 -1.853703
v -0.240975 0.098900 -1.853818
v -0.260201 0.133153 -1.847679
v -0.239935 0.107616 -1.847794
v -0.261344 0.124438 -1.853703
v -0.240975 0.098900 -1.853818
v -0.257625 0.136767 -1.838991
v -0.237590 0.111230 -1.839105
v -0.258699 0.140013 -1.767296
v -0.238521 0.114474 -1.769749
v -0.258699 0.140013 -1.767296
v -0.238521 0.114474 -1.769749
v -0.221515 0.087869 -1.853928
v -0.221515 0.087869 -1.853928
v -0.220574 0.096585 -1.847903
v -0.218450 0.100199 -1.839212
v -0.219244 0.103443 -1.770710
v -0.219244 0.103443 -1.770710
v 0.141974 0.066234 -1.777436
v 0.139222 0.062992 -1.839866
v 0.141974 0.066234 -1.777436
v 0.141048 0.059377 -1.848564
v 0.141871 0.050662 -1.854593
v 0.141871 0.050662 -1.854593
v -0.181104 0.081617 -1.772612
v -0.181104 0.081617 -1.772612
v -0.180582 0.078374 -1.839426
v -0.182267 0.074760 -1.848119
v -0.183015 0.066044 -1.854145
v -0.183015 0.066044 -1.854145
v -0.296158 0.163182 -1.853584
v -0.386323 0.281129 -1.852998
v -0.294908 0.171896 -1.847560
v -0.296158 0.163182 -1.853584
v -0.292092 0.175510 -1.838874
v -0.293315 0.178757 -1.764754
v -0.382505 0.296706 -1.752246
v -0.293315 0.178757 -1.764754
v -0.199967 0.092411 -1.771672
v -0.199967 0.092411 -1.771672
v -0.199311 0.089168 -1.839320
v -0.201213 0.085554 -1.848012
v -0.202056 0.076838 -1.854038
v -0.202056 0.076838 -1.854038
v 0.219677 0.101989 -1.772398
v 0.205658 0.093763 -1.773515
v 0.206135 0.087682 -1.839727
v 0.205658 0.093763 -1.773515
v 0.221320 0.094962 -1.839695
v 0.219677 0.101989 -1.772398
v 0.224008 0.091349 -1.848392
v 0.208663 0.084068 -1.848423
v 0.225219 0.082634 -1.854420
v 0.209803 0.075353 -1.854452
v 0.225219 0.082634 -1.854420
v 0.209803 0.075353 -1.854452
v -0.589649 -0.316046 -1.849660
v -0.545404 -0.320628 -1.849858
v -0.631784 -0.302501 -1.849504
v -0.670681 -0.280464 -1.849392
v -0.704792 -0.250778 -1.849329
v -0.732791 -0.214577 -1.849318
v -0.753589 -0.173254 -1.849359
v -0.766351 -0.128402 -1.849450
v -0.770624 -0.105486 -1.849589
v 0.351566 -0.320848 -1.851787
v 0.590653 -0.316057 -1.851485
v 0.632826 -0.302504 -1.851474
v 0.671707 -0.280482 -1.851498
v 0.705800 -0.250824 -1.851554
v 0.733784 -0.214666 -1.851641
v 0.754565 -0.173396 -1.851755
v 0.767317 -0.128606 -1.851890
v -0.784091 0.268687 -1.218086
v 0.153954 0.274562 2.491679
v 0.002460 -0.326177 -1.344968
v -0.595142 -0.323749 -1.358277
v 0.001786 -0.340548 -1.256384
v -0.592933 -0.327762 -1.208531
v 0.581252 -0.306486 -1.238941
v 0.582988 -0.318277 -1.334325
v 0.001786 -0.340548 -1.256384
v 0.002460 -0.326177 -1.344968
v -0.528052 -0.227294 0.680134
v 0.028453 -0.220195 0.738053
v 0.582522 -0.217741 0.690484
v 0.028453 -0.220195 0.738053
v 0.002460 -0.326177 -1.344968
v -0.013203 0.224200 -1.367928
v -0.595142 -0.323749 -1.358277
v -0.607548 0.226479 -1.359056
v 0.582988 -0.318277 -1.334325
v 0.604809 0.226035 -1.363876
v 0.582988 -0.318277 -1.334325
v 0.581252 -0.306486 -1.238941
v 0.604809 0.226035 -1.363876
v 0.608740 0.228805 -1.219044
v 0.581252 -0.306486 -1.238941
v 0.687900 -0.256026 -1.207211
v 0.608740 0.228805 -1.219044
v 0.747194 0.226348 -1.212193
v 0.687900 -0.256026 -1.207211
v 0.704065 -0.184539 -0.848854
v 0.747194 0.226348 -1.212193
v 0.754868 0.221894 -0.732825
v 0.683943 -0.156341 -0.040342
v 0.750523 0.215138 -0.058637
v 0.657661 -0.159787 0.392502
v 0.742136 0.196200 0.483744
v 0.637122 -0.173678 0.512638
v 0.703103 0.163848 0.720020
v 0.559124 0.116484 0.711522
v 0.559124 0.116484 0.711522
v 0.582522 -0.217741 0.690484
v 0.533888 0.115099 0.718126
v 0.028453 -0.220195 0.738053
v -0.595142 -0.323749 -1.358277
v -0.607548 0.226479 -1.359056
v -0.592933 -0.327762 -1.208531
v -0.607054 0.233602 -1.215153
v -0.592933 -0.327762 -1.208531
v -0.607054 0.233602 -1.215153
v -0.721233 -0.233199 -1.211022
v -0.749157 0.226856 -1.211746
v -0.721233 -0.233199 -1.211022
v -0.749157 0.226856 -1.211746
v -0.728003 -0.201521 -0.842231
v -0.756362 0.222537 -0.843428
v -0.689452 -0.170277 -0.187474
v -0.747316 0.221357 -0.192987
v -0.651086 -0.171726 0.419380
v -0.742163 0.202240 0.515740
v -0.651086 -0.171726 0.419380
v -0.742163 0.202240 0.515740
v -0.620274 -0.192669 0.560553
v -0.720548 0.184099 0.698662
v -0.561090 0.115144 0.711596
v -0.528052 -0.227294 0.680134
v -0.013203 0.224200 -1.367928
v 0.604809 0.226035 -1.363876
v -0.010468 0.233913 -1.219402
v 0.608740 0.228805 -1.219044
v -0.607548 0.226479 -1.359056
v -0.607054 0.233602 -1.215153
v -0.038244 0.309607 -1.205161
v -0.010468 0.233913 -1.219402
v 0.605670 0.309607 -1.210818
v 0.608740 0.228805 -1.219044
v -0.608744 0.307174 -1.214913
v -0.607054 0.233602 -1.215153
v -0.749157 0.226856 -1.211746
v -0.607054 0.233602 -1.215153
v -0.756362 0.222537 -0.843428
v -0.604459 0.232508 -0.771517
v -0.747316 0.221357 -0.192987
v -0.583297 0.234041 -0.199775
v -0.742163 0.202240 0.515740
v -0.597173 0.205816 0.413448
v -0.597173 0.205816 0.413448
v -0.583297 0.234041 -0.199775
v -0.604370 0.310324 0.378481
v -0.610692 0.309738 -0.198207
v -0.604459 0.232508 -0.771517
v -0.603034 0.302278 -0.770224
v -0.607054 0.233602 -1.215153
v -0.608744 0.307174 -1.214913
v -0.720548 0.184099 0.698662
v -0.574295 0.129056 0.688113
v -0.561090 0.115144 0.711596
v 0.754868 0.221894 -0.732825
v 0.611964 0.231263 -0.726325
v 0.747194 0.226348 -1.212193
v 0.608740 0.228805 -1.219044
v 0.750523 0.215138 -0.058637
v 0.613090 0.229836 -0.186761
v 0.608740 0.228805 -1.219044
v 0.611964 0.231263 -0.726325
v 0.605670 0.309607 -1.210818
v 0.613242 0.308642 -0.711009
v 0.613090 0.229836 -0.186761
v 0.614637 0.308705 -0.186079
v 0.742136 0.196200 0.483744
v 0.603320 0.210682 0.369475
v 0.603320 0.210682 0.369475
v 0.612294 0.305427 0.440481
v 0.703103 0.163848 0.720020
v 0.586134 0.168736 0.586051
v -0.504283 0.101584 0.714844
v 0.028453 -0.220195 0.738053
v -0.536483 0.101848 0.714175
v -0.620274 -0.192669 0.560553
v -0.473340 0.102356 0.714318
v -0.488003 0.300615 0.862985
v -0.517855 0.300060 0.863232
v 0.470282 0.105780 0.716497
v 0.488356 0.308581 0.863948
v 0.500043 0.110370 0.717515
v 0.518209 0.308026 0.862908
v -0.547004 0.299638 0.862708
v 0.547357 0.307605 0.862341
v 0.574418 0.309755 0.859882
v 0.591789 0.311609 0.841990
v 0.571795 0.127641 0.692755
v -0.596195 0.305957 0.842114
v -0.574295 0.129056 0.688113
v -0.610047 0.307309 0.788555
v -0.581460 0.146766 0.643316
v 0.591789 0.311609 0.841990
v 0.601672 0.302939 0.787002
v 0.571795 0.127641 0.692755
v 0.580628 0.148844 0.641632
v -0.614239 0.307234 0.726588
v -0.586852 0.168575 0.583074
v 0.603741 0.299801 0.704894
v 0.586134 0.168736 0.586051
v -0.573837 0.300213 0.858603
v -0.596195 0.305957 0.842114
v -0.574295 0.129056 0.688113
v -0.001642 0.097240 0.727984
v 0.580628 0.148844 0.641632
v 0.571795 0.127641 0.692755
v 0.559124 0.116484 0.711522
v 0.603741 0.299801 0.704894
v 0.574418 0.309755 0.859882
v 0.547357 0.307605 0.862341
v 0.518209 0.308026 0.862908
v 0.488356 0.308581 0.863948
v -0.610047 0.307309 0.788555
v -0.547004 0.299638 0.862708
v -0.517855 0.300060 0.863232
v -0.488003 0.300615 0.862985
v -0.040518 0.309607 1.080617
v 0.000177 0.300670 0.866508
v -0.001642 0.097240 0.727984
v -0.586852 0.168575 0.583074
v -0.581460 0.146766 0.643316
v 0.000177 0.300670 0.866508
v 0.000177 0.300670 0.866508
v -0.002453 0.309632 1.647228
v -0.783608 0.306746 -1.223407
v 0.406358 -0.233623 0.335914
v 0.395090 -0.222354 0.324646
v 0.230653 -0.233623 0.335914
v 0.241922 -0.222354 0.324646
v 0.406358 -0.233623 0.335914
v 0.395090 -0.222354 0.134651
v 0.406358 -0.233623 0.123383
v 0.406358 -0.233623 0.123383
v 0.241922 -0.222354 0.134651
v 0.230653 -0.233623 0.123383
v 0.230653 -0.233623 0.335914
v 0.230653 -0.233623 0.123383
v 0.406358 -0.258492 0.123383
v 0.406358 -0.248461 0.335914
v 0.230653 -0.248461 0.335914
v 0.230653 -0.258492 0.123383
v 0.406358 -0.258492 0.123383
v 0.230653 -0.258492 0.123383
v 0.230653 -0.248461 0.335914
v 0.406358 -0.248461 0.335914
v 0.311914 -0.244042 0.230094
v 0.304523 -0.244042 0.237484
v 0.311913 -0.033346 0.230094
v 0.304523 -0.033346 0.237484
v 0.301817 -0.244042 0.247580
v 0.301817 -0.033346 0.247580
v 0.304523 -0.244042 0.257675
v 0.304523 -0.033346 0.257675
v 0.311914 -0.244042 0.265066
v 0.311913 -0.033346 0.265066
v 0.322010 -0.244042 0.267771
v 0.322010 -0.033346 0.267771
v 0.322010 -0.244042 0.267771
v 0.332106 -0.244042 0.265066
v 0.322010 -0.033346 0.267771
v 0.332106 -0.033346 0.265066
v 0.339497 -0.244042 0.257675
v 0.339497 -0.033346 0.257675
v 0.342202 -0.244042 0.247580
v 0.342202 -0.033346 0.247580
v 0.339497 -0.244042 0.237484
v 0.339497 -0.033346 0.237484
v 0.332106 -0.244042 0.230094
v 0.332106 -0.033346 0.230094
v 0.322010 -0.244042 0.227389
v 0.322010 -0.033346 0.227389
v -0.272835 -0.233623 0.335914
v -0.284103 -0.222355 0.324646
v -0.448540 -0.233623 0.335914
v -0.437271 -0.222355 0.324646
v -0.272835 -0.233623 0.335914
v -0.284103 -0.222355 0.134651
v -0.272835 -0.233623 0.123383
v -0.272835 -0.233623 0.123383
v -0.437271 -0.222355 0.134651
v -0.448540 -0.233623 0.123383
v -0.448540 -0.233623 0.335914
v -0.448540 -0.233623 0.123383
v -0.272835 -0.260099 0.123383
v -0.272835 -0.252223 0.335914
v -0.448540 -0.252223 0.335914
v -0.448540 -0.260099 0.123383
v -0.272835 -0.260099 0.123383
v -0.448540 -0.260099 0.123383
v -0.448540 -0.252223 0.335914
v -0.272835 -0.252223 0.335914
v -0.367280 -0.244042 0.230094
v -0.374670 -0.244042 0.237484
v -0.367280 -0.033347 0.230094
v -0.374670 -0.033347 0.237484
v -0.377376 -0.244042 0.247580
v -0.377376 -0.033347 0.247580
v -0.374670 -0.244042 0.257675
v -0.374670 -0.033347 0.257675
v -0.367280 -0.244042 0.265066
v -0.367280 -0.033347 0.265066
v -0.357184 -0.244042 0.267771
v -0.357184 -0.033347 0.267771
v -0.357184 -0.244042 0.267771
v -0.347087 -0.244042 0.265066
v -0.357184 -0.033347 0.267771
v -0.347087 -0.033347 0.265066
v -0.339696 -0.244042 0.257675
v -0.339697 -0.033347 0.257675
v -0.336991 -0.244042 0.247580
v -0.336991 -0.033347 0.247580
v -0.339696 -0.244042 0.237484
v -0.339697 -0.033347 0.237484
v -0.347087 -0.244042 0.230094
v -0.347087 -0.033347 0.230094
v -0.357184 -0.244042 0.227389
v -0.357184 -0.033347 0.227389
v 0.520104 0.306787 0.086113
v 0.520270 0.011036 0.152873
v 0.520104 0.294240 0.046399
v 0.520270 -0.030615 0.124891
v 0.520104 0.294240 0.046399
v 0.520270 -0.030615 0.124891
v 0.124204 0.294240 0.046399
v 0.124371 -0.030615 0.124891
v 0.124371 -0.030615 0.124891
v 0.124371 0.011036 0.152873
v 0.124204 0.294240 0.046399
v 0.124204 0.306787 0.086113
v 0.124204 0.306787 0.086113
v 0.124371 0.011036 0.152873
v 0.520104 0.306787 0.086113
v 0.520270 0.011036 0.152873
v 0.124204 0.306787 0.086113
v 0.520104 0.306787 0.086113
v 0.124204 0.294240 0.046399
v 0.520104 0.294240 0.046399
v 0.520270 -0.030615 0.537814
v 0.520270 -0.002849 0.537814
v 0.520270 -0.002849 0.537814
v 0.520270 0.011036 0.152873
v 0.124371 -0.002849 0.537814
v 0.124371 0.011036 0.152873
v 0.124371 -0.002849 0.537814
v 0.124371 -0.030615 0.537814
v 0.124371 -0.030615 0.537814
v 0.124371 -0.030615 0.124891
v 0.520270 -0.030615 0.537814
v 0.520270 -0.030615 0.124891
v 0.124371 -0.030615 0.537814
v 0.520270 -0.030615 0.537814
v 0.124371 -0.002849 0.537814
v 0.520270 -0.002849 0.537814
v 0.169461 0.267002 0.054255
v 0.165007 0.267726 0.041136
v 0.169618 0.267237 0.045479
v 0.168789 0.269987 0.040545
v 0.167656 0.274775 0.037748
v 0.161772 0.277452 0.038590
v 0.166524 0.280320 0.037840
v 0.165695 0.285135 0.040794
v 0.157624 0.286698 0.062362
v 0.165391 0.289498 0.061805
v 0.169461 0.267002 0.054255
v 0.166980 0.263589 0.046434
v 0.163007 0.263188 0.042324
v 0.157579 0.263674 0.040654
v 0.154095 0.278127 0.042628
v 0.154585 0.269750 0.040606
v 0.148178 0.266581 0.045651
v 0.148867 0.276709 0.064349
v 0.151874 0.282628 0.063172
v 0.146723 0.269518 0.065778
v 0.152151 0.264916 0.041872
v 0.484970 0.289498 0.061805
v 0.484666 0.285135 0.040794
v 0.483838 0.280320 0.037840
v 0.482705 0.274775 0.037748
v 0.481572 0.269987 0.040545
v 0.480743 0.267237 0.045479
v 0.480900 0.267002 0.054255
v 0.145801 -0.023267 0.125605
v 0.147294 -0.024677 0.117260
v 0.151371 -0.025710 0.113316
v 0.156941 -0.026088 0.111872
v 0.162511 -0.025710 0.113316
v 0.166588 -0.024677 0.117260
v 0.168081 -0.023267 0.125605
v 0.145755 -0.039262 0.126823
v 0.147259 -0.040674 0.121430
v 0.151358 -0.041706 0.117487
v 0.156939 -0.042080 0.116058
v 0.162504 -0.041699 0.117512
v 0.166572 -0.040667 0.121455
v 0.168061 -0.039257 0.126840
v 0.140399 -0.035229 0.376658
v 0.147221 -0.041639 0.379785
v 0.151358 -0.041706 0.117487
v 0.151344 -0.042671 0.375843
v 0.156939 -0.042154 0.135888
v 0.156936 -0.043042 0.374429
v 0.162503 -0.041773 0.137344
v 0.162496 -0.042658 0.375896
v 0.166555 -0.041625 0.379839
v 0.173322 -0.035219 0.376700
v 0.156939 -0.042080 0.116058
v 0.162504 -0.041699 0.117512
v 0.482432 0.266249 0.045738
v 0.485355 0.267726 0.041136
v 0.489348 0.270777 0.038795
v 0.488589 0.277452 0.038590
v 0.492737 0.286698 0.062362
v 0.483381 0.263589 0.046434
v 0.487355 0.263188 0.042324
v 0.492782 0.263674 0.040654
v 0.496266 0.278127 0.042628
v 0.495776 0.269750 0.040606
v 0.502183 0.266581 0.045651
v 0.498487 0.282628 0.063172
v 0.501494 0.276709 0.064349
v 0.503638 0.269519 0.065778
v 0.498210 0.264916 0.041872
v 0.503102 -0.040674 0.121430
v 0.504560 -0.023267 0.125605
v 0.499003 -0.041706 0.117487
v 0.493422 -0.042080 0.116058
v 0.487857 -0.041699 0.117512
v 0.483789 -0.040667 0.121455
v 0.482280 -0.023267 0.125605
v 0.504606 -0.039262 0.126823
v 0.482300 -0.039257 0.126840
v 0.509963 -0.035229 0.376658
v 0.503140 -0.041639 0.379785
v 0.499017 -0.042671 0.375843
v 0.499003 -0.041706 0.117487
v 0.493425 -0.043042 0.374429
v 0.493422 -0.042080 0.116058
v 0.487857 -0.041699 0.117512
v 0.487865 -0.042658 0.375896
v 0.483806 -0.041625 0.379839
v 0.477039 -0.035219 0.376700
v -0.169118 0.306787 0.086113
v -0.168952 0.011036 0.152873
v -0.169118 0.294240 0.046399
v -0.168952 -0.030615 0.124891
v -0.169118 0.294240 0.046399
v -0.168952 -0.030615 0.124891
v -0.565018 0.294240 0.046399
v -0.564852 -0.030615 0.124891
v -0.564852 -0.030615 0.124891
v -0.564852 0.011036 0.152873
v -0.565018 0.294240 0.046399
v -0.565018 0.306787 0.086113
v -0.565018 0.306787 0.086113
v -0.564852 0.011036 0.152873
v -0.169118 0.306787 0.086113
v -0.168952 0.011036 0.152873
v -0.565018 0.306787 0.086113
v -0.169118 0.306787 0.086113
v -0.565018 0.294240 0.046399
v -0.169118 0.294240 0.046399
v -0.168952 -0.030615 0.537814
v -0.168952 -0.002849 0.537814
v -0.168952 -0.002849 0.537814
v -0.168952 0.011036 0.152873
v -0.564852 -0.002849 0.537814
v -0.564852 0.011036 0.152873
v -0.564852 -0.002849 0.537814
v -0.564852 -0.030615 0.537814
v -0.564852 -0.030615 0.537814
v -0.564852 -0.030615 0.124891
v -0.168952 -0.030615 0.537814
v -0.168952 -0.030615 0.124891
v -0.564852 -0.030615 0.537814
v -0.168952 -0.030615 0.537814
v -0.564852 -0.002849 0.537814
v -0.168952 -0.002849 0.537814
v -0.519762 0.267002 0.054255
v -0.524216 0.267726 0.041136
v -0.519605 0.267237 0.045479
v -0.520434 0.269987 0.040545
v -0.521566 0.274775 0.037748
v -0.527451 0.277452 0.038590
v -0.522699 0.280320 0.037840
v -0.523528 0.285135 0.040794
v -0.531599 0.286698 0.062362
v -0.523832 0.289498 0.061805
v -0.519762 0.267002 0.054255
v -0.522243 0.263589 0.046434
v -0.526216 0.263188 0.042324
v -0.531644 0.263674 0.040654
v -0.535128 0.278127 0.042628
v -0.534637 0.269750 0.040606
v -0.541045 0.266581 0.045651
v -0.540356 0.276709 0.064349
v -0.537349 0.282628 0.063172
v -0.542499 0.269518 0.065779
v -0.537072 0.264916 0.041872
v -0.204252 0.289498 0.061805
v -0.204556 0.285135 0.040794
v -0.205385 0.280320 0.037840
v -0.206518 0.274775 0.037748
v -0.207650 0.269987 0.040545
v -0.208479 0.267237 0.045479
v -0.208323 0.267002 0.054255
v -0.543421 -0.023267 0.125605
v -0.541929 -0.024677 0.117260
v -0.537851 -0.025710 0.113316
v -0.532282 -0.026088 0.111872
v -0.526712 -0.025710 0.113316
v -0.522634 -0.024677 0.117260
v -0.521142 -0.023267 0.125605
v -0.543468 -0.039262 0.126823
v -0.541964 -0.040674 0.121430
v -0.537864 -0.041706 0.117487
v -0.532284 -0.042080 0.116058
v -0.526719 -0.041699 0.117512
v -0.522650 -0.040667 0.121455
v -0.521161 -0.039258 0.126840
v -0.548824 -0.035229 0.376658
v -0.541964 -0.040674 0.121430
v -0.542002 -0.041639 0.379785
v -0.543468 -0.039262 0.126823
v -0.548824 -0.035229 0.376658
v -0.537864 -0.041706 0.117487
v -0.537879 -0.042672 0.375843
v -0.532284 -0.042154 0.135888
v -0.532287 -0.043042 0.374429
v -0.526719 -0.041773 0.137344
v -0.526726 -0.042658 0.375896
v -0.522650 -0.040667 0.121455
v -0.522668 -0.041625 0.379839
v -0.515900 -0.035219 0.376700
v -0.521161 -0.039258 0.126840
v -0.515900 -0.035219 0.376700
v -0.532284 -0.042080 0.116058
v -0.526719 -0.041699 0.117512
v -0.206791 0.266249 0.045738
v -0.203868 0.267726 0.041136
v -0.199874 0.270777 0.038795
v -0.200633 0.277452 0.038590
v -0.196485 0.286698 0.062362
v -0.205841 0.263589 0.046434
v -0.201868 0.263188 0.042324
v -0.196440 0.263674 0.040654
v -0.192956 0.278127 0.042628
v -0.193447 0.269750 0.040606
v -0.187039 0.266581 0.045651
v -0.190735 0.282628 0.063172
v -0.187729 0.276709 0.064349
v -0.185585 0.269518 0.065779
v -0.191012 0.264916 0.041872
v -0.186121 -0.040674 0.121430
v -0.184663 -0.023267 0.125605
v -0.190220 -0.041706 0.117487
v -0.195800 -0.042080 0.116058
v -0.201365 -0.041699 0.117512
v -0.205434 -0.040667 0.121455
v -0.206942 -0.023267 0.125605
v -0.184616 -0.039262 0.126823
v -0.206923 -0.039257 0.126840
v -0.179260 -0.035229 0.376658
v -0.186082 -0.041639 0.379785
v -0.190206 -0.042671 0.375843
v -0.190220 -0.041706 0.117487
v -0.195798 -0.043042 0.374429
v -0.195800 -0.042080 0.116058
v -0.201365 -0.041699 0.117512
v -0.201358 -0.042658 0.375896
v -0.205416 -0.041625 0.379839
v -0.212184 -0.035219 0.376700
v 0.568034 0.306787 -1.140716
v 0.568200 0.011036 -1.073956
v 0.568034 0.294240 -1.180430
v 0.568200 -0.030615 -1.101938
v 0.568034 0.294240 -1.180430
v 0.568200 -0.030615 -1.101938
v -0.565018 0.294240 -1.180430
v -0.564852 -0.030615 -1.101938
v -0.564852 -0.030615 -1.101938
v -0.564852 0.011036 -1.073956
v -0.565018 0.294240 -1.180430
v -0.565018 0.306787 -1.140716
v -0.565018 0.306787 -1.140716
v -0.564852 0.011036 -1.073956
v 0.568034 0.306787 -1.140716
v 0.568200 0.011036 -1.073956
v -0.565018 0.306787 -1.140716
v 0.568034 0.306787 -1.140716
v -0.565018 0.294240 -1.180430
v 0.568034 0.294240 -1.180430
v 0.568200 -0.030615 -0.689015
v 0.568200 -0.002849 -0.689015
v 0.568200 -0.002849 -0.689015
v 0.568200 0.011036 -1.073956
v -0.564852 -0.002849 -0.689015
v -0.564852 0.011036 -1.073956
v -0.564852 -0.002849 -0.689015
v -0.564852 -0.030615 -0.689015
v -0.564852 -0.030615 -0.689015
v -0.564852 -0.030615 -1.101938
v 0.568200 -0.030615 -0.689015
v 0.568200 -0.030615 -1.101938
v -0.564852 -0.030615 -0.689015
v 0.568200 -0.030615 -0.689015
v -0.564852 -0.002849 -0.689015
v 0.568200 -0.002849 -0.689015
v -0.466352 -0.011624 -0.940414
v -0.466352 -0.335571 -0.892984
v -0.466352 -0.011624 -1.014410
v -0.466352 -0.335571 -1.061840
v -0.506307 -0.335571 -0.892984
v -0.506307 -0.011624 -0.940413
v -0.506307 -0.335571 -1.061840
v -0.506307 -0.011624 -1.014410
v -0.466352 -0.011624 -1.014410
v -0.466352 -0.335571 -1.061840
v -0.506307 -0.011624 -1.014410
v -0.506307 -0.335571 -1.061840
v -0.506307 -0.011624 -0.940413
v -0.506307 -0.335571 -0.892984
v -0.466352 -0.011624 -0.940414
v -0.466352 -0.335571 -0.892984
v 0.517970 -0.011624 -0.940414
v 0.517970 -0.327176 -0.892984
v 0.517970 -0.011624 -1.014410
v 0.517970 -0.327176 -1.061840
v 0.478015 -0.327176 -0.892984
v 0.478015 -0.011624 -0.940413
v 0.478015 -0.327176 -1.061840
v 0.478015 -0.011624 -1.014410
v 0.517970 -0.011624 -1.014410
v 0.517970 -0.327176 -1.061840
v 0.478015 -0.011624 -1.014410
v 0.478015 -0.327176 -1.061840
v 0.478015 -0.011624 -0.940413
v 0.478015 -0.327176 -0.892984
v 0.517970 -0.011624 -0.940414
v 0.517970 -0.327176 -0.892984
v -0.519762 0.267002 -1.172574
v -0.524216 0.267726 -1.185693
v -0.519605 0.267237 -1.181350
v -0.520434 0.269987 -1.186284
v -0.521566 0.274775 -1.189081
v -0.527451 0.277452 -1.188239
v -0.522699 0.280320 -1.188990
v -0.523528 0.285135 -1.186035
v -0.531599 0.286698 -1.164467
v -0.523832 0.289498 -1.165024
v -0.519762 0.267002 -1.172574
v -0.522243 0.263589 -1.180395
v -0.526216 0.263188 -1.184505
v -0.531644 0.263674 -1.186175
v -0.535128 0.278127 -1.184201
v -0.534637 0.269750 -1.186222
v -0.541045 0.266581 -1.181178
v -0.540356 0.276709 -1.162480
v -0.537349 0.282628 -1.163657
v -0.542499 0.269518 -1.161051
v -0.537072 0.264916 -1.184957
v 0.532899 0.289498 -1.165024
v 0.532596 0.285135 -1.186035
v 0.531767 0.280320 -1.188990
v 0.530634 0.274775 -1.189081
v 0.529502 0.269987 -1.186284
v 0.528673 0.267237 -1.181350
v 0.528829 0.267002 -1.172574
v -0.543421 -0.023267 -1.101224
v -0.541929 -0.024677 -1.109569
v -0.537851 -0.025710 -1.113513
v -0.532282 -0.026088 -1.114957
v -0.526712 -0.025710 -1.113513
v -0.522634 -0.024677 -1.109569
v -0.521142 -0.023267 -1.101224
v -0.543468 -0.039262 -1.100006
v -0.541964 -0.040674 -1.105399
v -0.537864 -0.041706 -1.109342
v -0.532284 -0.042080 -1.110771
v -0.526719 -0.041699 -1.109317
v -0.522650 -0.040667 -1.105374
v -0.521161 -0.039258 -1.099989
v -0.548824 -0.035229 -0.850171
v -0.542002 -0.041639 -0.847044
v -0.537864 -0.041706 -1.109342
v -0.537879 -0.042672 -0.850986
v -0.532284 -0.042154 -1.090941
v -0.532287 -0.043042 -0.852400
v -0.526719 -0.041773 -1.089485
v -0.526726 -0.042658 -0.850933
v -0.522668 -0.041625 -0.846990
v -0.515900 -0.035219 -0.850129
v -0.532284 -0.042080 -1.110771
v -0.526719 -0.041699 -1.109317
v 0.530361 0.266249 -1.181091
v 0.533284 0.267726 -1.185693
v 0.537278 0.270777 -1.188034
v 0.536519 0.277452 -1.188239
v 0.540667 0.286698 -1.164467
v 0.531311 0.263589 -1.180395
v 0.535284 0.263188 -1.184505
v 0.540712 0.263674 -1.186175
v 0.544196 0.278127 -1.184201
v 0.543705 0.269750 -1.186222
v 0.550113 0.266581 -1.181178
v 0.546417 0.282628 -1.163657
v 0.549423 0.276709 -1.162480
v 0.551567 0.269519 -1.161051
v 0.546139 0.264916 -1.184957
v 0.551031 -0.040674 -1.105399
v 0.552489 -0.023267 -1.101224
v 0.546932 -0.041706 -1.109342
v 0.541352 -0.042080 -1.110771
v 0.535787 -0.041699 -1.109317
v 0.531718 -0.040667 -1.105374
v 0.530210 -0.023267 -1.101224
v 0.552536 -0.039262 -1.100006
v 0.530230 -0.039257 -1.099989
v 0.557892 -0.035229 -0.850171
v 0.551070 -0.041639 -0.847044
v 0.546946 -0.042671 -0.850986
v 0.546932 -0.041706 -1.109342
v 0.541354 -0.043041 -0.852400
v 0.541352 -0.042080 -1.110771
v 0.535787 -0.041699 -1.109317
v 0.535794 -0.042658 -0.850933
v 0.531736 -0.041625 -0.846990
v 0.524968 -0.035218 -0.850129
v 0.363031 0.190421 0.814811
v 0.353730 0.194942 0.816232
v 0.363031 0.205492 0.774537
v 0.353730 0.210013 0.775958
v 0.346348 0.201984 0.818446
v 0.346348 0.217055 0.778171
v 0.341609 0.210857 0.821235
v 0.341609 0.225928 0.780960
v 0.339976 0.220694 0.824326
v 0.339976 0.235765 0.784052
v 0.341609 0.230530 0.827419
v 0.341609 0.245601 0.787144
v 0.346348 0.239403 0.830207
v 0.346348 0.254474 0.789933
v 0.353730 0.246445 0.832421
v 0.353730 0.261516 0.792146
v 0.363031 0.250966 0.833842
v 0.363031 0.266038 0.793568
v 0.373342 0.252524 0.834332
v 0.373342 0.267596 0.794057
v 0.383653 0.250966 0.833842
v 0.383653 0.266038 0.793568
v 0.392954 0.246445 0.832421
v 0.392954 0.261516 0.792146
v 0.400336 0.239403 0.830207
v 0.400336 0.254474 0.789933
v 0.405075 0.230530 0.827419
v 0.405076 0.245601 0.787144
v 0.406709 0.220694 0.824326
v 0.406709 0.235765 0.784052
v 0.405075 0.210857 0.821235
v 0.405076 0.225928 0.780960
v 0.400336 0.201984 0.818446
v 0.400336 0.217055 0.778171
v 0.392954 0.194942 0.816232
v 0.392954 0.210013 0.775958
v 0.383653 0.190421 0.814811
v 0.383653 0.205492 0.774537
v 0.373342 0.188863 0.814322
v 0.373342 0.203934 0.774047
v 0.373342 0.188863 0.814322
v 0.373342 0.203934 0.774047
v 0.365545 0.220832 0.751535
v 0.358511 0.224251 0.752610
v 0.373342 0.243724 0.758731
v 0.352929 0.229576 0.754284
v 0.349345 0.236286 0.756393
v 0.348110 0.243725 0.758731
v 0.349345 0.251163 0.761069
v 0.352929 0.257873 0.763178
v 0.358511 0.263198 0.764852
v 0.365545 0.266617 0.765926
v 0.373342 0.267795 0.766297
v 0.381139 0.266617 0.765926
v 0.388173 0.263198 0.764852
v 0.393755 0.257873 0.763178
v 0.397339 0.251163 0.761069
v 0.398574 0.243725 0.758731
v 0.397339 0.236286 0.756393
v 0.393755 0.229576 0.754284
v 0.388173 0.224251 0.752610
v 0.381139 0.220832 0.751535
v 0.373342 0.219654 0.751165
v 0.363338 0.208326 0.768664
v 0.364474 0.215385 0.757874
v 0.373342 0.206814 0.768189
v 0.373342 0.214046 0.757453
v 0.356475 0.219274 0.759097
v 0.354312 0.212713 0.770043
v 0.350126 0.225330 0.761000
v 0.347150 0.219546 0.772191
v 0.346050 0.232962 0.763399
v 0.342551 0.228155 0.774897
v 0.344646 0.241421 0.766058
v 0.340967 0.237700 0.777897
v 0.346050 0.249881 0.768717
v 0.342551 0.247244 0.780897
v 0.350126 0.257512 0.771115
v 0.347150 0.255854 0.783603
v 0.356475 0.263569 0.773019
v 0.354313 0.262687 0.785751
v 0.364475 0.267457 0.774241
v 0.363338 0.267074 0.787130
v 0.373342 0.268797 0.774663
v 0.373342 0.268585 0.787605
v 0.382210 0.267457 0.774241
v 0.383347 0.267073 0.787130
v 0.390210 0.263569 0.773019
v 0.392372 0.262687 0.785751
v 0.396558 0.257512 0.771115
v 0.399535 0.255854 0.783603
v 0.400634 0.249881 0.768717
v 0.404133 0.247244 0.780897
v 0.402039 0.241421 0.766058
v 0.405718 0.237700 0.777897
v 0.400634 0.232962 0.763399
v 0.404133 0.228155 0.774897
v 0.396558 0.225330 0.761000
v 0.399535 0.219546 0.772191
v 0.390210 0.219274 0.759097
v 0.392372 0.212713 0.770043
v 0.382210 0.215385 0.757874
v 0.383347 0.208326 0.768664
v 0.373342 0.214046 0.757453
v 0.373342 0.206814 0.768189
v 0.365545 0.220832 0.751535
v 0.358511 0.224251 0.752610
v 0.352929 0.229576 0.754284
v 0.349345 0.236286 0.756393
v 0.348110 0.243725 0.758731
v 0.349345 0.251163 0.761069
v 0.352929 0.257873 0.763178
v 0.358511 0.263198 0.764852
v 0.365545 0.266617 0.765926
v 0.373342 0.267795 0.766297
v 0.381139 0.266617 0.765926
v 0.388173 0.263198 0.764852
v 0.393755 0.257873 0.763178
v 0.397339 0.251163 0.761069
v 0.398574 0.243725 0.758731
v 0.397339 0.236286 0.756393
v 0.393755 0.229576 0.754284
v 0.388173 0.224251 0.752610
v 0.381139 0.220832 0.751535
v 0.373342 0.219654 0.751165
v 0.373342 0.219654 0.751165
v -0.576158 0.382608 0.645554
v -0.591321 0.390961 0.638554
v -0.567462 0.385644 0.630345
v -0.582625 0.393997 0.623344
v -0.603903 0.403971 0.633959
v -0.595207 0.407007 0.618749
v -0.612672 0.420364 0.632218
v -0.603977 0.423401 0.617008
v -0.616772 0.438537 0.633502
v -0.608076 0.441573 0.618292
v -0.615798 0.456709 0.637686
v -0.607103 0.459746 0.622476
v -0.609849 0.473103 0.644360
v -0.601153 0.476139 0.629149
v -0.599505 0.486113 0.652870
v -0.590809 0.489149 0.637660
v -0.585779 0.494466 0.662383
v -0.577083 0.497502 0.647173
v -0.570014 0.497344 0.671969
v -0.561319 0.500380 0.656759
v -0.553755 0.494466 0.680689
v -0.545060 0.497502 0.665478
v -0.538592 0.486113 0.687688
v -0.529897 0.489149 0.672479
v -0.526010 0.473103 0.692284
v -0.517315 0.476139 0.677074
v -0.517240 0.456709 0.694025
v -0.508545 0.459746 0.678815
v -0.513141 0.438537 0.692740
v -0.504446 0.441573 0.677530
v -0.514114 0.420364 0.688557
v -0.505419 0.423401 0.673347
v -0.520064 0.403971 0.681883
v -0.511369 0.407007 0.666673
v -0.530408 0.390961 0.673373
v -0.521713 0.393997 0.658163
v -0.544134 0.382608 0.663860
v -0.535439 0.385644 0.648650
v -0.559898 0.379729 0.654274
v -0.551203 0.382766 0.639064
v -0.559898 0.379729 0.654274
v -0.551203 0.382766 0.639064
v -0.591321 0.390961 0.638554
v -0.576158 0.382608 0.645554
v -0.564956 0.438537 0.663121
v -0.603903 0.403971 0.633959
v -0.612672 0.420364 0.632218
v -0.616772 0.438537 0.633502
v -0.615798 0.456709 0.637686
v -0.609849 0.473103 0.644360
v -0.599505 0.486113 0.652870
v -0.585779 0.494466 0.662383
v -0.570014 0.497344 0.671969
v -0.553755 0.494466 0.680689
v -0.538592 0.486113 0.687688
v -0.526010 0.473103 0.692284
v -0.517240 0.456709 0.694025
v -0.513141 0.438537 0.692740
v -0.514114 0.420364 0.688557
v -0.520064 0.403971 0.681883
v -0.530408 0.390961 0.673373
v -0.544134 0.382608 0.663860
v -0.559898 0.379729 0.654274
v -0.567900 0.390947 0.635008
v -0.581473 0.398424 0.628742
v -0.557874 0.441010 0.650733
v -0.592735 0.410069 0.624629
v -0.600585 0.424743 0.623071
v -0.604254 0.441010 0.624220
v -0.603383 0.457276 0.627965
v -0.598058 0.471951 0.633939
v -0.588798 0.483596 0.641556
v -0.576512 0.491073 0.650072
v -0.562401 0.493650 0.658652
v -0.547847 0.491073 0.666457
v -0.534275 0.483596 0.672724
v -0.523012 0.471951 0.676837
v -0.515162 0.457276 0.678395
v -0.511493 0.441010 0.677245
v -0.512364 0.424743 0.673501
v -0.517690 0.410069 0.667527
v -0.526949 0.398424 0.659909
v -0.539236 0.390947 0.651394
v -0.553346 0.388370 0.642813
v -0.567462 0.385644 0.630345
v -0.582625 0.393997 0.623344
v -0.566815 0.388878 0.631360
v -0.581101 0.396748 0.624765
v -0.595207 0.407007 0.618749
v -0.592955 0.409006 0.620435
v -0.603977 0.423401 0.617008
v -0.601218 0.424451 0.618796
v -0.608076 0.441573 0.618292
v -0.605080 0.441573 0.620006
v -0.607103 0.459746 0.622476
v -0.604163 0.458695 0.623947
v -0.601153 0.476139 0.629149
v -0.598557 0.474140 0.630235
v -0.590809 0.489149 0.637660
v -0.588811 0.486398 0.638253
v -0.577083 0.497502 0.647173
v -0.575879 0.494268 0.647216
v -0.561319 0.500380 0.656759
v -0.561026 0.496980 0.656248
v -0.545060 0.497502 0.665478
v -0.545707 0.494268 0.664463
v -0.529897 0.489149 0.672479
v -0.531421 0.486398 0.671058
v -0.517315 0.476139 0.677074
v -0.519567 0.474140 0.675388
v -0.508545 0.459746 0.678815
v -0.511304 0.458695 0.677028
v -0.504446 0.441573 0.677530
v -0.507442 0.441573 0.675818
v -0.505419 0.423401 0.673347
v -0.508359 0.424451 0.671876
v -0.511369 0.407007 0.666673
v -0.513965 0.409006 0.665589
v -0.521713 0.393997 0.658163
v -0.523711 0.396748 0.657571
v -0.535439 0.385644 0.648650
v -0.536643 0.388878 0.648608
v -0.551203 0.382766 0.639064
v -0.551496 0.386166 0.639576
v 0.391917 0.298056 0.543217
v 0.387329 0.308834 0.546988
v 0.392305 0.222070 0.819195
v 0.387717 0.233130 0.821926
v 0.387771 0.210986 0.816468
v 0.387381 0.287254 0.539452
v 0.359960 0.308763 0.547002
v 0.360347 0.233060 0.821940
v 0.373636 0.312395 0.548251
v 0.374023 0.236786 0.822843
v 0.360011 0.287183 0.539466
v 0.360401 0.210916 0.816482
v 0.355424 0.297962 0.543236
v 0.355812 0.221976 0.819213
v 0.373705 0.283622 0.538203
v 0.374095 0.207260 0.815565
v 0.373705 0.283622 0.538203
v 0.374095 0.207260 0.815565
v -0.192405 0.227886 0.797006
v -0.192405 0.260245 0.809337
v -0.192404 0.226781 0.799904
v -0.192404 0.259733 0.812395
v -0.192405 0.227886 0.797006
v -0.195506 0.228463 0.797226
v -0.192405 0.260245 0.809337
v -0.195395 0.259699 0.809129
v -0.197374 0.264512 0.813949
v -0.197374 0.264981 0.811143
v -0.318723 0.264512 0.813949
v -0.318723 0.264981 0.811143
v -0.197374 0.264981 0.811143
v -0.197953 0.262312 0.810125
v -0.318723 0.264981 0.811143
v -0.318145 0.262312 0.810125
v -0.323693 0.259733 0.812395
v -0.323693 0.260244 0.809337
v -0.323693 0.226781 0.799904
v -0.323693 0.227886 0.797006
v -0.320702 0.259699 0.809129
v -0.320592 0.228463 0.797226
v -0.323693 0.260244 0.809337
v -0.323693 0.227886 0.797006
v -0.197991 0.226140 0.796341
v -0.197374 0.223242 0.795237
v -0.318106 0.226140 0.796341
v -0.318723 0.223242 0.795237
v -0.197374 0.223242 0.795237
v -0.197374 0.222137 0.798135
v -0.318723 0.223242 0.795237
v -0.318723 0.222137 0.798135
v -0.192405 0.223474 0.812915
v -0.192405 0.256504 0.836023
v -0.197374 0.261015 0.839179
v -0.318723 0.261015 0.839179
v -0.323693 0.256504 0.836023
v -0.323693 0.223474 0.812916
v -0.318723 0.219275 0.809978
v -0.197374 0.219275 0.809977
v -0.193860 0.220505 0.810838
v -0.193860 0.223498 0.798653
v -0.193860 0.220505 0.810838
v -0.193860 0.223498 0.798653
v -0.193860 0.259693 0.838254
v -0.193860 0.263109 0.813514
v -0.322238 0.259693 0.838254
v -0.322238 0.263109 0.813514
v -0.322238 0.220505 0.810838
v -0.322238 0.223498 0.798653
v -0.320039 0.261568 0.809842
v -0.319864 0.226820 0.796600
v -0.196234 0.226820 0.796600
v -0.196181 0.261455 0.809799
v -0.193860 0.224602 0.795755
v -0.193860 0.224602 0.795755
v -0.193860 0.263594 0.810614
v -0.193860 0.263594 0.810614
v -0.322238 0.263594 0.810614
v -0.322238 0.263594 0.810614
v -0.322238 0.224602 0.795755
v -0.322238 0.224602 0.795755
v -0.193860 0.224602 0.795755
v -0.069588 0.131309 0.708347
v -0.069638 0.131641 0.705286
v -0.024771 0.132263 0.707711
v -0.024821 0.132595 0.704650
v -0.069716 0.134040 0.703358
v -0.024899 0.134994 0.702722
v -0.069777 0.137100 0.703691
v -0.024960 0.138054 0.703055
v -0.069784 0.139029 0.706090
v -0.024967 0.139984 0.705454
v -0.069733 0.138697 0.709151
v -0.024916 0.139652 0.708515
v -0.069655 0.136299 0.711079
v -0.024838 0.137253 0.710443
v -0.069595 0.133238 0.710746
v -0.024778 0.134192 0.710110
v -0.069595 0.133238 0.710746
v -0.024778 0.134192 0.710110
v -0.075285 0.119019 0.730645
v -0.078115 0.117924 0.730122
v -0.075728 0.128081 0.714089
v -0.078558 0.126986 0.713566
v -0.080972 0.118896 0.730730
v -0.081415 0.127958 0.714174
v -0.082183 0.121365 0.732114
v -0.082626 0.130427 0.715558
v -0.081039 0.123885 0.733462
v -0.081482 0.132947 0.716906
v -0.078210 0.124980 0.733986
v -0.078653 0.134042 0.717430
v -0.075352 0.124009 0.733377
v -0.075795 0.133070 0.716822
v -0.074141 0.121540 0.731994
v -0.074583 0.130601 0.715438
v -0.074141 0.121540 0.731994
v -0.074583 0.130601 0.715438
v -0.011979 0.120392 0.729702
v -0.014808 0.119297 0.729178
v -0.012421 0.129453 0.713146
v -0.015251 0.128358 0.712622
v -0.017666 0.120268 0.729787
v -0.018109 0.129330 0.713231
v -0.018877 0.122738 0.731170
v -0.019320 0.131799 0.714614
v -0.018877 0.122738 0.731170
v -0.017733 0.125258 0.732519
v -0.019320 0.131799 0.714614
v -0.018176 0.134320 0.715963
v -0.014904 0.126353 0.733043
v -0.015347 0.135415 0.716487
v -0.012046 0.125381 0.732434
v -0.012489 0.134443 0.715878
v -0.010834 0.122912 0.731050
v -0.011277 0.131974 0.714495
v -0.078325 0.128898 0.710081
v -0.075572 0.129747 0.711050
v -0.074460 0.132166 0.712583
v -0.075640 0.134737 0.713783
v -0.074460 0.132166 0.712583
v -0.078420 0.135954 0.713946
v -0.081172 0.135104 0.712977
v -0.082284 0.132685 0.711443
v -0.081105 0.130114 0.710244
v -0.073003 0.131119 0.708609
v -0.073581 0.131393 0.705642
v -0.072792 0.133072 0.710970
v -0.072792 0.133072 0.710970
v -0.073071 0.136109 0.711342
v -0.073676 0.138449 0.709506
v -0.074254 0.138723 0.706539
v -0.074466 0.136770 0.704178
v -0.074187 0.133734 0.703807
v -0.079568 0.135243 0.706839
v -0.078776 0.137377 0.708886
v -0.078708 0.132387 0.706153
v -0.012966 0.131612 0.709191
v -0.015687 0.130267 0.709126
v -0.011866 0.134236 0.710349
v -0.013033 0.136602 0.711923
v -0.015782 0.137323 0.712991
v -0.018503 0.135978 0.712927
v -0.019602 0.133354 0.711769
v -0.018436 0.130989 0.710195
v -0.019602 0.133354 0.711769
v -0.020810 0.132522 0.704883
v -0.020379 0.134888 0.703027
v -0.020227 0.137935 0.703389
v -0.020446 0.139878 0.705759
v -0.020906 0.139578 0.708747
v -0.021338 0.137212 0.710604
v -0.021489 0.134165 0.710241
v -0.021489 0.134165 0.710241
v -0.021271 0.132222 0.707872
v -0.015675 0.133772 0.705180
v -0.017528 0.131765 0.706347
v -0.014936 0.136671 0.705829
v -0.015742 0.138762 0.707912
v -0.017623 0.138821 0.710211
v -0.019475 0.136814 0.711377
v -0.020215 0.133915 0.710729
v -0.020215 0.133915 0.710729
v -0.019408 0.131824 0.708645
v -0.076032 0.137210 0.711711
v 0.502051 0.230804 0.819301
v 0.498678 0.232443 0.819816
v 0.502837 0.238576 0.805423
v 0.500173 0.239871 0.805830
v 0.496002 0.234997 0.820619
v 0.498059 0.241887 0.806464
v 0.494283 0.238214 0.821630
v 0.496702 0.244428 0.807263
v 0.493691 0.241781 0.822751
v 0.496235 0.247245 0.808148
v 0.494283 0.245347 0.823872
v 0.496702 0.250062 0.809033
v 0.496002 0.248565 0.824883
v 0.498059 0.252603 0.809832
v 0.498678 0.251118 0.825686
v 0.500173 0.254620 0.810466
v 0.502051 0.252757 0.826201
v 0.502837 0.255914 0.810873
v 0.505789 0.253322 0.826379
v 0.505789 0.256361 0.811013
v 0.509528 0.252757 0.826201
v 0.508742 0.255914 0.810873
v 0.512901 0.251118 0.825686
v 0.511406 0.254620 0.810466
v 0.515577 0.248565 0.824883
v 0.513520 0.252603 0.809832
v 0.517296 0.245347 0.823872
v 0.514877 0.250062 0.809033
v 0.517888 0.241781 0.822751
v 0.515345 0.247245 0.808148
v 0.517296 0.238214 0.821630
v 0.514877 0.244428 0.807263
v 0.515577 0.234997 0.820619
v 0.513520 0.241887 0.806464
v 0.512901 0.232443 0.819816
v 0.511406 0.239871 0.805830
v 0.509528 0.230804 0.819301
v 0.508742 0.238576 0.805423
v 0.505789 0.230239 0.819123
v 0.505789 0.238130 0.805283
v 0.502051 0.230804 0.819301
v 0.502837 0.238576 0.805423
v 0.502962 0.241831 0.796358
v 0.500412 0.243071 0.796748
v 0.505789 0.250131 0.798967
v 0.498388 0.245001 0.797354
v 0.497088 0.247434 0.798119
v 0.496641 0.250131 0.798967
v 0.497088 0.252828 0.799815
v 0.498388 0.255261 0.800579
v 0.500412 0.257192 0.801186
v 0.502962 0.258432 0.801576
v 0.505789 0.258859 0.801710
v 0.508617 0.258432 0.801576
v 0.511167 0.257192 0.801186
v 0.513191 0.255261 0.800579
v 0.514490 0.252828 0.799815
v 0.514938 0.250131 0.798967
v 0.514490 0.247434 0.798119
v 0.513191 0.245001 0.797354
v 0.511167 0.243071 0.796748
v 0.508617 0.241831 0.796358
v 0.505789 0.241404 0.796224
v 0.502412 0.238367 0.801727
v 0.502823 0.240587 0.798886
v 0.505789 0.237856 0.801566
v 0.505789 0.240139 0.798745
v 0.502823 0.240587 0.798886
v 0.502412 0.238367 0.801727
v 0.500147 0.241888 0.799295
v 0.499365 0.239848 0.802193
v 0.498024 0.243914 0.799932
v 0.496947 0.242155 0.802918
v 0.496660 0.246467 0.800734
v 0.495394 0.245062 0.803831
v 0.496191 0.249296 0.801624
v 0.494859 0.248284 0.804844
v 0.496660 0.252126 0.802513
v 0.495394 0.251506 0.805857
v 0.498024 0.254679 0.803315
v 0.496947 0.254413 0.806771
v 0.500147 0.256705 0.803952
v 0.499365 0.256720 0.807496
v 0.502823 0.258005 0.804361
v 0.502412 0.258201 0.807961
v 0.505789 0.258453 0.804502
v 0.505789 0.258711 0.808122
v 0.508756 0.258005 0.804361
v 0.509167 0.258201 0.807961
v 0.511432 0.256705 0.803952
v 0.512214 0.256720 0.807496
v 0.513555 0.254679 0.803315
v 0.514633 0.254413 0.806771
v 0.514919 0.252126 0.802513
v 0.516185 0.251506 0.805857
v 0.515389 0.249296 0.801624
v 0.516720 0.248284 0.804844
v 0.514919 0.246467 0.800734
v 0.516185 0.245062 0.803831
v 0.513555 0.243914 0.799932
v 0.514633 0.242155 0.802918
v 0.511432 0.241888 0.799295
v 0.512214 0.239848 0.802192
v 0.508756 0.240587 0.798886
v 0.509167 0.238367 0.801727
v 0.502962 0.241831 0.796358
v 0.500412 0.243071 0.796748
v 0.498388 0.245001 0.797354
v 0.497088 0.247434 0.798119
v 0.496641 0.250131 0.798967
v 0.497088 0.252828 0.799815
v 0.498388 0.255261 0.800579
v 0.500412 0.257192 0.801186
v 0.502962 0.258432 0.801576
v 0.505789 0.258859 0.801710
v 0.508617 0.258432 0.801576
v 0.511167 0.257192 0.801186
v 0.513191 0.255261 0.800579
v 0.514490 0.252828 0.799815
v 0.514938 0.250131 0.798967
v 0.514490 0.247434 0.798119
v 0.513191 0.245001 0.797354
v 0.511167 0.243071 0.796748
v 0.508617 0.241831 0.796358
v 0.505789 0.241404 0.796224
v 0.502962 0.241831 0.796358
v -0.116356 0.228830 0.818086
v -0.116282 0.238906 0.805310
v -0.107172 0.225203 0.815130
v -0.107098 0.235279 0.802354
v -0.123644 0.234480 0.822690
v -0.123570 0.244555 0.809915
v -0.128323 0.241598 0.828494
v -0.128250 0.251674 0.815717
v -0.129936 0.249488 0.834925
v -0.129862 0.259564 0.822150
v -0.128323 0.257379 0.841357
v -0.128250 0.267455 0.828581
v -0.123644 0.264497 0.847160
v -0.123570 0.274573 0.834384
v -0.116356 0.270146 0.851765
v -0.116282 0.280222 0.838989
v -0.107172 0.273773 0.854721
v -0.107098 0.283849 0.841946
v -0.096992 0.275023 0.855740
v -0.096918 0.285099 0.842964
v -0.086812 0.273773 0.854721
v -0.086738 0.283849 0.841946
v -0.077628 0.270146 0.851765
v -0.077554 0.280222 0.838989
v -0.070340 0.264497 0.847160
v -0.070266 0.274573 0.834384
v -0.065660 0.257379 0.841357
v -0.065586 0.267455 0.828581
v -0.064048 0.249488 0.834925
v -0.063974 0.259564 0.822150
v -0.065660 0.241598 0.828494
v -0.065586 0.251674 0.815717
v -0.070340 0.234480 0.822690
v -0.070266 0.244555 0.809915
v -0.077628 0.228830 0.818086
v -0.077554 0.238906 0.805310
v -0.086812 0.225203 0.815130
v -0.086738 0.235279 0.802354
v -0.096992 0.223954 0.814111
v -0.096918 0.234030 0.801335
v -0.096992 0.223954 0.814111
v -0.096918 0.234030 0.801335
v -0.102742 0.244209 0.812618
v -0.107996 0.246284 0.814309
v -0.096918 0.258102 0.823943
v -0.112165 0.249516 0.816944
v -0.114842 0.253588 0.820264
v -0.115765 0.258102 0.823943
v -0.114842 0.262616 0.827623
v -0.112165 0.266689 0.830942
v -0.107996 0.269920 0.833576
v -0.102742 0.271995 0.835268
v -0.096918 0.272710 0.835851
v -0.091094 0.271995 0.835268
v -0.085840 0.269920 0.833577
v -0.081671 0.266689 0.830942
v -0.078993 0.262616 0.827623
v -0.078071 0.258102 0.823943
v -0.078993 0.253588 0.820264
v -0.081671 0.249516 0.816944
v -0.085840 0.246284 0.814309
v -0.091094 0.244210 0.812618
v -0.096918 0.243495 0.812036
v -0.107098 0.235279 0.802354
v -0.116282 0.238906 0.805310
v -0.106315 0.237147 0.803876
v -0.114792 0.240495 0.806606
v -0.123570 0.244555 0.809915
v -0.121520 0.245710 0.810856
v -0.128250 0.251674 0.815717
v -0.125839 0.252281 0.816213
v -0.129862 0.259564 0.822150
v -0.127328 0.259564 0.822150
v -0.128250 0.267455 0.828581
v -0.125839 0.266848 0.828087
v -0.123570 0.274573 0.834384
v -0.121520 0.273418 0.833443
v -0.116282 0.280222 0.838989
v -0.114792 0.278633 0.837694
v -0.107098 0.283849 0.841946
v -0.106315 0.281981 0.840423
v -0.096918 0.285099 0.842964
v -0.096918 0.283135 0.841363
v -0.086738 0.283849 0.841946
v -0.087521 0.281981 0.840423
v -0.077554 0.280222 0.838989
v -0.079043 0.278633 0.837694
v -0.070266 0.274573 0.834384
v -0.072316 0.273418 0.833443
v -0.065586 0.267455 0.828581
v -0.067996 0.266848 0.828087
v -0.063974 0.259564 0.822150
v -0.066508 0.259564 0.822150
v -0.065586 0.251674 0.815717
v -0.067996 0.252281 0.816213
v -0.070266 0.244555 0.809915
v -0.072316 0.245710 0.810856
v -0.077554 0.238906 0.805310
v -0.079043 0.240495 0.806606
v -0.086738 0.235279 0.802354
v -0.087521 0.237147 0.803876
v -0.096918 0.234030 0.801335
v -0.096918 0.235994 0.802936
v -0.105300 0.242945 0.801711
v -0.112861 0.245931 0.804145
v -0.118862 0.250582 0.807936
v -0.122714 0.256443 0.812714
v -0.124042 0.262939 0.818010
v -0.122714 0.269436 0.823305
v -0.118862 0.275297 0.828083
v -0.112861 0.279948 0.831874
v -0.105300 0.282934 0.834308
v -0.096918 0.283963 0.835147
v -0.088536 0.282934 0.834308
v -0.080975 0.279948 0.831874
v -0.074974 0.275297 0.828083
v -0.071122 0.269436 0.823305
v -0.069794 0.262939 0.818010
v -0.071122 0.256443 0.812714
v -0.074974 0.250582 0.807937
v -0.080975 0.245931 0.804145
v -0.088536 0.242945 0.801711
v -0.096918 0.241916 0.800872
v -0.104546 0.244742 0.803176
v -0.111428 0.247460 0.805391
v -0.116889 0.251693 0.808842
v -0.120396 0.257027 0.813190
v -0.121604 0.262939 0.818010
v -0.120396 0.268852 0.822830
v -0.116889 0.274186 0.827177
v -0.111428 0.278419 0.830628
v -0.104546 0.281137 0.832843
v -0.096918 0.282073 0.833607
v -0.089290 0.281137 0.832843
v -0.082408 0.278419 0.830628
v -0.076946 0.274186 0.827178
v -0.073440 0.268852 0.822830
v -0.072232 0.262939 0.818010
v -0.073440 0.257027 0.813190
v -0.076946 0.251693 0.808842
v -0.082408 0.247460 0.805391
v -0.089290 0.244742 0.803176
v -0.096918 0.243805 0.802413
v -0.104231 0.245041 0.804346
v -0.110828 0.247646 0.806470
v -0.116063 0.251704 0.809778
v -0.119424 0.256817 0.813946
v -0.120583 0.262486 0.818567
v -0.119424 0.268154 0.823187
v -0.116063 0.273267 0.827355
v -0.110828 0.277325 0.830662
v -0.104231 0.279930 0.832786
v -0.096918 0.280828 0.833518
v -0.089605 0.279930 0.832786
v -0.083008 0.277325 0.830663
v -0.077773 0.273267 0.827355
v -0.074411 0.268154 0.823187
v -0.073253 0.262486 0.818567
v -0.074411 0.256817 0.813946
v -0.077773 0.251704 0.809778
v -0.083008 0.247646 0.806470
v -0.089605 0.245041 0.804347
v -0.096918 0.244143 0.803615
v -0.535667 0.203120 0.766307
v -0.542701 0.206225 0.768097
v -0.527870 0.223912 0.778288
v -0.548283 0.211062 0.770884
v -0.551867 0.217156 0.774395
v -0.553102 0.223912 0.778288
v -0.551867 0.230668 0.782181
v -0.548283 0.236762 0.785692
v -0.542701 0.241599 0.788479
v -0.535667 0.244704 0.790269
v -0.527870 0.245774 0.790885
v -0.520073 0.244704 0.790269
v -0.513039 0.241598 0.788479
v -0.507457 0.236762 0.785692
v -0.503873 0.230668 0.782181
v -0.502638 0.223912 0.778288
v -0.503873 0.217156 0.774395
v -0.507457 0.211062 0.770884
v -0.513039 0.206225 0.768097
v -0.520073 0.203120 0.766307
v -0.527870 0.202050 0.765691
v -0.537874 0.187202 0.780323
v -0.536738 0.196430 0.771317
v -0.527870 0.185829 0.779531
v -0.527870 0.195213 0.770616
v -0.544737 0.199962 0.773352
v -0.546900 0.191186 0.782619
v -0.551086 0.205462 0.776522
v -0.554062 0.197392 0.786195
v -0.555162 0.212393 0.780515
v -0.558661 0.205212 0.790701
v -0.556566 0.220077 0.784943
v -0.560245 0.213880 0.795695
v -0.555162 0.227760 0.789370
v -0.558661 0.222549 0.800690
v -0.551086 0.234691 0.793364
v -0.554062 0.230369 0.805196
v -0.544737 0.240192 0.796533
v -0.546900 0.236574 0.808772
v -0.536737 0.243724 0.798568
v -0.537874 0.240559 0.811068
v -0.527870 0.244940 0.799270
v -0.527870 0.241932 0.811859
v -0.519002 0.243724 0.798568
v -0.517865 0.240559 0.811068
v -0.511002 0.240192 0.796533
v -0.508840 0.236574 0.808772
v -0.504654 0.234691 0.793364
v -0.501677 0.230368 0.805196
v -0.500578 0.227760 0.789370
v -0.497079 0.222549 0.800690
v -0.499173 0.220077 0.784943
v -0.495494 0.213880 0.795695
v -0.500578 0.212393 0.780515
v -0.497079 0.205212 0.790701
v -0.504654 0.205462 0.776522
v -0.501677 0.197392 0.786195
v -0.511002 0.199962 0.773352
v -0.508840 0.191186 0.782619
v -0.519002 0.196430 0.771317
v -0.517865 0.187202 0.780323
v -0.527870 0.195213 0.770616
v -0.527870 0.185829 0.779531
v -0.538181 0.183164 0.785443
v -0.547482 0.187270 0.787809
v -0.554864 0.193666 0.791494
v -0.559603 0.201725 0.796138
v -0.561236 0.210659 0.801286
v -0.559603 0.219592 0.806433
v -0.554864 0.227651 0.811077
v -0.547482 0.234047 0.814763
v -0.538181 0.238154 0.817129
v -0.527870 0.239569 0.817944
v -0.517559 0.238154 0.817129
v -0.508258 0.234047 0.814763
v -0.500876 0.227651 0.811077
v -0.496136 0.219592 0.806433
v -0.494504 0.210659 0.801286
v -0.496136 0.201725 0.796138
v -0.500876 0.193666 0.791494
v -0.508258 0.187270 0.787809
v -0.517559 0.183164 0.785443
v -0.527870 0.181749 0.784627
v -0.527870 0.181749 0.784627
v -0.535667 0.203120 0.766307
v -0.542701 0.206225 0.768097
v -0.548283 0.211062 0.770884
v -0.551867 0.217156 0.774395
v -0.553102 0.223912 0.778288
v -0.551867 0.230668 0.782181
v -0.548283 0.236762 0.785692
v -0.542701 0.241599 0.788479
v -0.535667 0.244704 0.790269
v -0.527870 0.245774 0.790885
v -0.520073 0.244704 0.790269
v -0.513039 0.241598 0.788479
v -0.507457 0.236762 0.785692
v -0.503873 0.230668 0.782181
v -0.502638 0.223912 0.778288
v -0.503873 0.217156 0.774395
v -0.507457 0.211062 0.770884
v -0.513039 0.206225 0.768097
v -0.520073 0.203120 0.766307
v -0.527870 0.202050 0.765691
v -0.527870 0.202050 0.765691
v -0.036394 0.226463 0.821394
v -0.036248 0.238906 0.805310
v -0.027211 0.222836 0.818438
v -0.027065 0.235279 0.802354
v -0.043683 0.232112 0.825999
v -0.043537 0.244555 0.809915
v -0.048362 0.239230 0.831802
v -0.048216 0.251674 0.815717
v -0.049974 0.247121 0.838233
v -0.049829 0.259564 0.822150
v -0.048362 0.255011 0.844665
v -0.048216 0.267455 0.828581
v -0.043683 0.262130 0.850468
v -0.043537 0.274573 0.834384
v -0.036394 0.267779 0.855073
v -0.036248 0.280222 0.838989
v -0.027211 0.271406 0.858029
v -0.027065 0.283849 0.841946
v -0.017030 0.272655 0.859048
v -0.016885 0.285099 0.842964
v -0.006850 0.271406 0.858029
v -0.006704 0.283849 0.841946
v 0.002334 0.267779 0.855073
v 0.002479 0.280222 0.838989
v 0.009622 0.262130 0.850468
v 0.009768 0.274573 0.834384
v 0.014301 0.255011 0.844665
v 0.014447 0.267455 0.828581
v 0.015914 0.247121 0.838233
v 0.016059 0.259564 0.822150
v 0.014301 0.239230 0.831802
v 0.014447 0.251674 0.815717
v 0.009622 0.232112 0.825999
v 0.009768 0.244555 0.809915
v 0.002334 0.226463 0.821394
v 0.002479 0.238906 0.805310
v -0.006850 0.222836 0.818438
v -0.006704 0.235279 0.802354
v -0.017030 0.221586 0.817419
v -0.016885 0.234030 0.801335
v -0.017030 0.221586 0.817419
v -0.016885 0.234030 0.801335
v -0.022709 0.244209 0.812618
v -0.027962 0.246284 0.814309
v -0.016884 0.258102 0.823943
v -0.032132 0.249516 0.816944
v -0.034809 0.253588 0.820264
v -0.035732 0.258102 0.823943
v -0.034809 0.262616 0.827623
v -0.032132 0.266689 0.830942
v -0.027962 0.269920 0.833576
v -0.022708 0.271995 0.835268
v -0.016884 0.272710 0.835851
v -0.011061 0.271995 0.835268
v -0.005806 0.269920 0.833577
v -0.001637 0.266689 0.830942
v 0.001040 0.262616 0.827623
v 0.001962 0.258102 0.823943
v 0.001040 0.253588 0.820264
v -0.001637 0.249516 0.816944
v -0.005806 0.246284 0.814309
v -0.011060 0.244210 0.812618
v -0.016884 0.243495 0.812036
v -0.027065 0.235279 0.802354
v -0.036248 0.238906 0.805310
v -0.026282 0.237147 0.803876
v -0.034759 0.240495 0.806606
v -0.043537 0.244555 0.809915
v -0.041486 0.245710 0.810856
v -0.048216 0.251674 0.815717
v -0.045806 0.252281 0.816213
v -0.049829 0.259564 0.822150
v -0.047294 0.259564 0.822150
v -0.048216 0.267455 0.828581
v -0.045806 0.266848 0.828087
v -0.043537 0.274573 0.834384
v -0.041486 0.273418 0.833443
v -0.036248 0.280222 0.838989
v -0.034759 0.278633 0.837694
v -0.027065 0.283849 0.841946
v -0.026282 0.281981 0.840423
v -0.016885 0.285099 0.842964
v -0.016884 0.283135 0.841363
v -0.006704 0.283849 0.841946
v -0.007487 0.281981 0.840423
v 0.002479 0.280222 0.838989
v 0.000990 0.278633 0.837694
v 0.009768 0.274573 0.834384
v 0.007718 0.273418 0.833443
v 0.014447 0.267455 0.828581
v 0.012037 0.266848 0.828087
v 0.016059 0.259564 0.822150
v 0.013525 0.259564 0.822150
v 0.014447 0.251674 0.815717
v 0.012037 0.252281 0.816213
v 0.009768 0.244555 0.809915
v 0.007718 0.245710 0.810856
v 0.002479 0.238906 0.805310
v 0.000990 0.240495 0.806606
v -0.006704 0.235279 0.802354
v -0.007487 0.237147 0.803876
v -0.016885 0.234030 0.801335
v -0.016884 0.235994 0.802936
v -0.025266 0.242945 0.801711
v -0.032828 0.245931 0.804145
v -0.038828 0.250582 0.807936
v -0.042681 0.256443 0.812714
v -0.044008 0.262939 0.818010
v -0.042681 0.269436 0.823305
v -0.038828 0.275297 0.828083
v -0.032828 0.279948 0.831874
v -0.025266 0.282934 0.834308
v -0.016884 0.283963 0.835147
v -0.008503 0.282934 0.834308
v -0.000941 0.279948 0.831874
v 0.005059 0.275297 0.828083
v 0.008912 0.269436 0.823305
v 0.010240 0.262939 0.818010
v 0.008912 0.256443 0.812714
v 0.005059 0.250582 0.807937
v -0.000941 0.245931 0.804145
v -0.008503 0.242945 0.801711
v -0.016884 0.241916 0.800872
v -0.024513 0.244742 0.803176
v -0.031395 0.247460 0.805391
v -0.036856 0.251693 0.808842
v -0.040362 0.257027 0.813190
v -0.041571 0.262939 0.818010
v -0.040362 0.268852 0.822830
v -0.036856 0.274186 0.827177
v -0.031395 0.278419 0.830628
v -0.024513 0.281137 0.832843
v -0.016884 0.282073 0.833607
v -0.009256 0.281137 0.832843
v -0.002374 0.278419 0.830628
v 0.003087 0.274186 0.827178
v 0.006593 0.268852 0.822830
v 0.007802 0.262939 0.818010
v 0.006593 0.257027 0.813190
v 0.003087 0.251693 0.808842
v -0.002374 0.247460 0.805391
v -0.009256 0.244742 0.803176
v -0.016884 0.243805 0.802413
v -0.024197 0.245041 0.804346
v -0.030794 0.247646 0.806470
v -0.036030 0.251704 0.809778
v -0.039391 0.256817 0.813946
v -0.040550 0.262486 0.818567
v -0.039391 0.268154 0.823187
v -0.036030 0.273267 0.827355
v -0.030794 0.277325 0.830662
v -0.024197 0.279930 0.832786
v -0.016884 0.280828 0.833518
v -0.009572 0.279930 0.832786
v -0.002975 0.277325 0.830663
v 0.002261 0.273267 0.827355
v 0.005622 0.268154 0.823187
v 0.006780 0.262486 0.818567
v 0.005622 0.256817 0.813946
v 0.002261 0.251704 0.809778
v -0.002975 0.247646 0.806470
v -0.009572 0.245041 0.804347
v -0.016884 0.244143 0.803615
v 0.535918 0.268639 0.664073
v 0.531376 0.269370 0.654657
v 0.535918 0.366529 0.671674
v 0.531376 0.367260 0.662259
v 0.515767 0.388072 0.683067
v 0.511225 0.388803 0.673651
v 0.475457 0.386571 0.702394
v 0.470915 0.387302 0.692979
v 0.455307 0.363528 0.710325
v 0.450764 0.364259 0.700910
v 0.455307 0.265638 0.702724
v 0.450764 0.266369 0.693309
v 0.475457 0.244095 0.691332
v 0.470915 0.244826 0.681916
v 0.515767 0.245596 0.672004
v 0.511225 0.246327 0.662588
v 0.534384 0.260051 0.664146
v 0.529842 0.260782 0.654731
v 0.530016 0.252656 0.665679
v 0.525474 0.253387 0.656264
v 0.523478 0.247580 0.668438
v 0.518936 0.248311 0.659023
v 0.523478 0.386662 0.679238
v 0.518936 0.387393 0.669822
v 0.530016 0.382073 0.675728
v 0.525474 0.382804 0.666313
v 0.534384 0.375003 0.673072
v 0.529842 0.375734 0.663656
v 0.456840 0.372116 0.710252
v 0.452298 0.372847 0.700836
v 0.461208 0.379511 0.708719
v 0.456666 0.380242 0.699304
v 0.467746 0.384587 0.705960
v 0.463204 0.385318 0.696544
v 0.475457 0.244095 0.691332
v 0.467746 0.245505 0.695161
v 0.470915 0.244826 0.681916
v 0.463204 0.246236 0.685745
v 0.461208 0.250094 0.698670
v 0.456666 0.250825 0.689255
v 0.456840 0.257164 0.701326
v 0.452298 0.257895 0.691911
v 0.475457 0.386571 0.702394
v 0.495612 0.316083 0.687199
v 0.515767 0.388072 0.683067
v 0.529842 0.260782 0.654731
v 0.511225 0.388803 0.673651
v 0.531376 0.269370 0.654657
v 0.450764 0.364259 0.700910
v 0.452298 0.372847 0.700836
v 0.456666 0.380242 0.699304
v 0.463204 0.385318 0.696544
v 0.470915 0.387302 0.692979
v 0.518936 0.387393 0.669822
v 0.525474 0.382804 0.666313
v 0.529842 0.375734 0.663656
v 0.531376 0.367260 0.662259
v 0.525474 0.253387 0.656264
v 0.518936 0.248311 0.659023
v 0.511225 0.246327 0.662588
v 0.470915 0.244826 0.681916
v 0.463204 0.246236 0.685745
v 0.456666 0.250825 0.689255
v 0.452298 0.257895 0.691911
v 0.450764 0.266369 0.693309
v 0.475457 0.244095 0.691332
v 0.515767 0.245596 0.672004
v 0.523478 0.247580 0.668438
v 0.530016 0.252656 0.665679
v 0.534384 0.260051 0.664146
v 0.535918 0.268639 0.664073
v 0.535918 0.366529 0.671674
v 0.534384 0.375003 0.673072
v 0.530016 0.382073 0.675728
v 0.523478 0.386662 0.679238
v 0.467746 0.384587 0.705960
v 0.461208 0.379511 0.708719
v 0.456840 0.372116 0.710252
v 0.455307 0.363528 0.710325
v 0.455307 0.265638 0.702724
v 0.456840 0.257164 0.701326
v 0.461208 0.250094 0.698670
v 0.467746 0.245505 0.695161
v 0.014825 0.098449 0.737884
v 0.012554 0.097206 0.737235
v 0.015654 0.103572 0.723755
v 0.012611 0.101273 0.722737
v 0.012611 0.105916 0.720729
v -0.111524 0.105916 0.720729
v -0.111524 0.101273 0.722737
v 0.012879 0.224364 0.782497
v 0.016187 0.104698 0.724283
v 0.016187 0.223003 0.785884
v 0.012554 0.222147 0.802389
v 0.014825 0.220904 0.801741
v 0.012879 0.226404 0.787211
v 0.015298 0.224706 0.786595
v -0.111468 0.226316 0.787524
v -0.111468 0.224076 0.782347
v -0.114095 0.224701 0.786736
v -0.113739 0.220904 0.801741
v -0.111468 0.222147 0.802389
v -0.115101 0.223003 0.785884
v -0.115101 0.104698 0.724283
v -0.113426 0.102284 0.723167
v -0.113739 0.098449 0.737884
v -0.115102 0.100498 0.738952
v 0.016187 0.100498 0.738952
v 0.016187 0.218855 0.800672
v -0.115102 0.218855 0.800672
v -0.111468 0.097206 0.737236
v 0.269897 0.207408 0.784687
v 0.269897 0.198554 0.795548
v 0.259249 0.211614 0.788115
v 0.259249 0.202760 0.798976
v 0.250798 0.218164 0.793455
v 0.250798 0.209310 0.804315
v 0.245372 0.226418 0.800182
v 0.245372 0.217564 0.811043
v 0.243502 0.235567 0.807641
v 0.243502 0.226713 0.818501
v 0.245372 0.244716 0.815098
v 0.245372 0.235863 0.825959
v 0.250798 0.252970 0.821827
v 0.250798 0.244116 0.832687
v 0.259249 0.259521 0.827166
v 0.259249 0.250667 0.838027
v 0.269897 0.263726 0.830594
v 0.269897 0.254872 0.841455
v 0.281702 0.265175 0.831776
v 0.281702 0.256321 0.842636
v 0.293506 0.263726 0.830594
v 0.293506 0.254872 0.841455
v 0.304155 0.259521 0.827166
v 0.304155 0.250667 0.838027
v 0.312606 0.252970 0.821827
v 0.312606 0.244116 0.832687
v 0.318032 0.244716 0.815098
v 0.318032 0.235863 0.825959
v 0.319901 0.235567 0.807641
v 0.319901 0.226713 0.818501
v 0.318032 0.226418 0.800182
v 0.318032 0.217564 0.811043
v 0.312606 0.218164 0.793455
v 0.312606 0.209310 0.804315
v 0.304155 0.211614 0.788115
v 0.304155 0.202760 0.798976
v 0.293506 0.207408 0.784687
v 0.293506 0.198554 0.795548
v 0.281702 0.205959 0.783506
v 0.281702 0.197105 0.794366
v 0.281702 0.205959 0.783506
v 0.281702 0.197105 0.794366
v 0.274949 0.217763 0.796589
v 0.268857 0.220169 0.798550
v 0.281702 0.233872 0.809720
v 0.264022 0.223916 0.801604
v 0.260918 0.228638 0.805454
v 0.259848 0.233872 0.809720
v 0.260918 0.239106 0.813987
v 0.264022 0.243828 0.817836
v 0.268857 0.247575 0.820890
v 0.274949 0.249981 0.822851
v 0.281702 0.250810 0.823527
v 0.288455 0.249981 0.822851
v 0.294547 0.247575 0.820890
v 0.299382 0.243828 0.817836
v 0.302486 0.239106 0.813987
v 0.303555 0.233872 0.809720
v 0.302486 0.228638 0.805454
v 0.299381 0.223916 0.801604
v 0.294547 0.220169 0.798549
v 0.288455 0.217763 0.796589
v 0.281702 0.216934 0.795913
v 0.270806 0.209574 0.786452
v 0.269897 0.207408 0.784687
v 0.260976 0.213456 0.789617
v 0.259249 0.211614 0.788115
v 0.253175 0.219503 0.794545
v 0.250798 0.218164 0.793455
v 0.248167 0.227122 0.800757
v 0.245372 0.226418 0.800182
v 0.246441 0.235567 0.807641
v 0.243502 0.235567 0.807641
v 0.248167 0.244013 0.814525
v 0.245372 0.244716 0.815098
v 0.253175 0.251631 0.820736
v 0.250798 0.252970 0.821827
v 0.260976 0.257678 0.825664
v 0.259249 0.259521 0.827166
v 0.270806 0.261560 0.828829
v 0.269897 0.263726 0.830594
v 0.281702 0.262897 0.829919
v 0.281702 0.265175 0.831776
v 0.292598 0.261560 0.828829
v 0.293506 0.263726 0.830594
v 0.302428 0.257678 0.825664
v 0.304155 0.259521 0.827166
v 0.310229 0.251631 0.820736
v 0.312606 0.252970 0.821827
v 0.315237 0.244013 0.814525
v 0.318032 0.244716 0.815098
v 0.316963 0.235567 0.807641
v 0.319901 0.235567 0.807641
v 0.315237 0.227122 0.800757
v 0.318032 0.226418 0.800182
v 0.310229 0.219503 0.794546
v 0.312606 0.218164 0.793455
v 0.302428 0.213456 0.789617
v 0.304155 0.211614 0.788115
v 0.292598 0.209574 0.786452
v 0.293506 0.207408 0.784687
v 0.281702 0.208237 0.785362
v 0.281702 0.205959 0.783506
v 0.271983 0.216297 0.783942
v 0.263216 0.219759 0.786764
v 0.256258 0.225152 0.791160
v 0.251791 0.231948 0.796700
v 0.250251 0.239481 0.802840
v 0.251791 0.247014 0.808981
v 0.256258 0.253809 0.814520
v 0.263216 0.259202 0.818916
v 0.271983 0.262665 0.821739
v 0.281702 0.263858 0.822711
v 0.291421 0.262665 0.821738
v 0.300188 0.259202 0.818916
v 0.307146 0.253809 0.814520
v 0.311613 0.247014 0.808981
v 0.313153 0.239481 0.802840
v 0.311613 0.231948 0.796700
v 0.307146 0.225152 0.791160
v 0.300188 0.219759 0.786764
v 0.291421 0.216297 0.783942
v 0.281702 0.215104 0.782969
v 0.272856 0.218380 0.785640
v 0.264877 0.221532 0.788209
v 0.258545 0.226440 0.792210
v 0.254479 0.232625 0.797252
v 0.253078 0.239481 0.802840
v 0.254479 0.246337 0.808429
v 0.258545 0.252521 0.813470
v 0.264877 0.257430 0.817471
v 0.272857 0.260581 0.820040
v 0.281702 0.261667 0.820925
v 0.290547 0.260581 0.820040
v 0.298527 0.257430 0.817472
v 0.304859 0.252522 0.813470
v 0.308925 0.246337 0.808429
v 0.310326 0.239481 0.802840
v 0.308925 0.232625 0.797252
v 0.304859 0.226440 0.792210
v 0.298527 0.221532 0.788209
v 0.290547 0.218380 0.785640
v 0.281702 0.217295 0.784755
v 0.273222 0.218727 0.786997
v 0.265573 0.221748 0.789460
v 0.259503 0.226453 0.793295
v 0.255605 0.232382 0.798128
v 0.254262 0.238954 0.803486
v 0.255605 0.245527 0.808843
v 0.259503 0.251456 0.813676
v 0.265573 0.256161 0.817511
v 0.273223 0.259182 0.819974
v 0.281702 0.260223 0.820823
v 0.290181 0.259182 0.819974
v 0.297831 0.256161 0.817511
v 0.303901 0.251456 0.813676
v 0.307799 0.245527 0.808843
v 0.309142 0.238954 0.803486
v 0.307799 0.232382 0.798128
v 0.303901 0.226453 0.793295
v 0.297831 0.221748 0.789460
v 0.290181 0.218727 0.786997
v 0.281702 0.217686 0.786149
v -0.220653 0.231384 0.797835
v -0.222878 0.236222 0.800173
v -0.219860 0.235403 0.791344
v -0.221757 0.239527 0.793338
v -0.221742 0.237297 0.802401
v -0.218479 0.244389 0.805829
v -0.220245 0.241706 0.793279
v -0.217421 0.247845 0.796247
v -0.217913 0.247015 0.805391
v -0.212539 0.249019 0.806359
v -0.217120 0.249605 0.798210
v -0.212539 0.251313 0.799035
v -0.210602 0.247326 0.807249
v -0.202725 0.244389 0.805829
v -0.210602 0.250388 0.797476
v -0.203784 0.247845 0.796247
v -0.200552 0.244548 0.804198
v -0.198326 0.239710 0.801860
v -0.201345 0.247139 0.797017
v -0.199448 0.243015 0.795024
v -0.199463 0.237297 0.802401
v -0.202725 0.230205 0.798973
v -0.200959 0.241706 0.793279
v -0.203784 0.235568 0.790312
v -0.203292 0.228918 0.796643
v -0.208665 0.226914 0.795674
v -0.204085 0.232936 0.790152
v -0.208665 0.231228 0.789326
v -0.210602 0.227268 0.797553
v -0.218479 0.230205 0.798973
v -0.210602 0.233025 0.789083
v -0.217421 0.235568 0.790312
v -0.217421 0.235568 0.790312
v -0.220245 0.241706 0.793279
v -0.210602 0.241706 0.793279
v -0.217421 0.247845 0.796247
v -0.210602 0.250388 0.797476
v -0.203784 0.247845 0.796247
v -0.200959 0.241706 0.793279
v -0.203784 0.235568 0.790312
v -0.210602 0.233025 0.789083
v -0.218479 0.230205 0.798973
v -0.221742 0.237297 0.802401
v -0.222878 0.236222 0.800173
v -0.221757 0.239527 0.793338
v -0.221757 0.239527 0.793338
v -0.219860 0.235403 0.791344
v -0.220653 0.231384 0.797835
v -0.219860 0.235403 0.791344
v -0.218479 0.244389 0.805829
v -0.210602 0.247326 0.807249
v -0.212539 0.249019 0.806359
v -0.212539 0.251313 0.799035
v -0.212539 0.251313 0.799035
v -0.217120 0.249605 0.798210
v -0.217913 0.247015 0.805391
v -0.217120 0.249605 0.798210
v -0.202725 0.244389 0.805829
v -0.199463 0.237297 0.802401
v -0.198326 0.239710 0.801860
v -0.199448 0.243015 0.795024
v -0.199448 0.243015 0.795024
v -0.201345 0.247139 0.797017
v -0.200552 0.244548 0.804198
v -0.201345 0.247139 0.797017
v -0.202725 0.230205 0.798973
v -0.210602 0.227268 0.797553
v -0.208665 0.226914 0.795674
v -0.208665 0.231228 0.789326
v -0.208665 0.231228 0.789326
v -0.204085 0.232936 0.790152
v -0.203292 0.228918 0.796643
v -0.204085 0.232936 0.790152
v 0.174706 0.204605 0.796212
v 0.161669 0.209754 0.800409
v 0.175161 0.219654 0.779967
v 0.162534 0.224641 0.784033
v 0.151322 0.217774 0.806946
v 0.152513 0.232408 0.790364
v 0.144679 0.227879 0.815183
v 0.146079 0.242195 0.798342
v 0.142390 0.239081 0.824315
v 0.143862 0.253045 0.807186
v 0.144679 0.250283 0.833446
v 0.146079 0.263894 0.816030
v 0.151322 0.260389 0.841683
v 0.152513 0.273682 0.824008
v 0.161669 0.268408 0.848220
v 0.162534 0.281449 0.830340
v 0.174706 0.273557 0.852418
v 0.175161 0.286436 0.834405
v 0.189159 0.275331 0.853863
v 0.189159 0.288155 0.835805
v 0.203611 0.273557 0.852418
v 0.203156 0.286436 0.834405
v 0.216649 0.268408 0.848220
v 0.215784 0.281449 0.830340
v 0.226995 0.260389 0.841683
v 0.225805 0.273682 0.824008
v 0.233638 0.250283 0.833446
v 0.232239 0.263894 0.816030
v 0.235927 0.239081 0.824315
v 0.234456 0.253045 0.807186
v 0.233638 0.227879 0.815183
v 0.232239 0.242196 0.798342
v 0.226995 0.217774 0.806946
v 0.225805 0.232408 0.790364
v 0.216649 0.209754 0.800409
v 0.215784 0.224641 0.784033
v 0.203611 0.204605 0.796212
v 0.203156 0.219654 0.779967
v 0.189159 0.202831 0.794765
v 0.189159 0.217936 0.778567
v 0.189159 0.202831 0.794765
v 0.189159 0.217936 0.778567
v 0.177730 0.221251 0.790519
v 0.167420 0.225323 0.793838
v 0.189159 0.248514 0.812743
v 0.159238 0.231665 0.799008
v 0.153984 0.239656 0.805523
v 0.152174 0.248515 0.812743
v 0.153984 0.257373 0.819965
v 0.159238 0.265364 0.826478
v 0.167420 0.271706 0.831648
v 0.177730 0.275778 0.834967
v 0.189159 0.277181 0.836111
v 0.200588 0.275778 0.834967
v 0.210898 0.271706 0.831648
v 0.219080 0.265364 0.826478
v 0.224334 0.257373 0.819965
v 0.226144 0.248515 0.812743
v 0.224334 0.239656 0.805522
v 0.219080 0.231665 0.799008
v 0.210898 0.225323 0.793839
v 0.200588 0.221251 0.790519
v 0.189159 0.219848 0.789376
v 0.176189 0.223905 0.779760
v 0.164489 0.228526 0.783527
v 0.155205 0.235722 0.789394
v 0.149243 0.244791 0.796786
v 0.147189 0.254843 0.804980
v 0.149243 0.264896 0.813175
v 0.155205 0.273965 0.820566
v 0.164489 0.281161 0.826433
v 0.176189 0.285782 0.830199
v 0.189159 0.287374 0.831497
v 0.202128 0.285782 0.830199
v 0.213828 0.281161 0.826433
v 0.223114 0.273965 0.820566
v 0.229075 0.264896 0.813175
v 0.231129 0.254844 0.804980
v 0.229075 0.244791 0.796786
v 0.223114 0.235722 0.789394
v 0.213828 0.228526 0.783527
v 0.202128 0.223905 0.779760
v 0.189159 0.222313 0.778463
v 0.189159 0.222313 0.778463
v 0.176189 0.223905 0.779760
v 0.164489 0.228526 0.783527
v 0.177061 0.224795 0.782912
v 0.166147 0.229106 0.786426
v 0.155205 0.235722 0.789394
v 0.157486 0.235819 0.791898
v 0.149243 0.244791 0.796786
v 0.151925 0.244278 0.798794
v 0.147189 0.254843 0.804980
v 0.150008 0.253655 0.806437
v 0.149243 0.264896 0.813175
v 0.151925 0.263032 0.814081
v 0.155205 0.273965 0.820566
v 0.157486 0.271492 0.820976
v 0.164489 0.281161 0.826433
v 0.166147 0.278205 0.826449
v 0.176189 0.285782 0.830199
v 0.177061 0.282515 0.829962
v 0.189159 0.287374 0.831497
v 0.189159 0.284000 0.831173
v 0.202128 0.285782 0.830199
v 0.201257 0.282515 0.829962
v 0.213828 0.281161 0.826433
v 0.212171 0.278205 0.826449
v 0.223114 0.273965 0.820566
v 0.220832 0.271492 0.820976
v 0.229075 0.264896 0.813175
v 0.226393 0.263032 0.814081
v 0.231129 0.254844 0.804980
v 0.228309 0.253655 0.806437
v 0.229075 0.244791 0.796786
v 0.226393 0.244278 0.798794
v 0.223114 0.235722 0.789394
v 0.220832 0.235819 0.791898
v 0.213828 0.228526 0.783527
v 0.212171 0.229106 0.786426
v 0.202128 0.223905 0.779760
v 0.201257 0.224795 0.782912
v 0.189159 0.222313 0.778463
v 0.189159 0.223310 0.781702
v 0.177730 0.221251 0.790519
v 0.167420 0.225323 0.793838
v 0.159238 0.231665 0.799008
v 0.153984 0.239656 0.805523
v 0.152174 0.248515 0.812743
v 0.153984 0.257373 0.819965
v 0.159238 0.265364 0.826478
v 0.167420 0.271706 0.831648
v 0.177730 0.275778 0.834967
v 0.189159 0.277181 0.836111
v 0.200588 0.275778 0.834967
v 0.210898 0.271706 0.831648
v 0.219080 0.265364 0.826478
v 0.224334 0.257373 0.819965
v 0.226144 0.248515 0.812743
v 0.224334 0.239656 0.805522
v 0.219080 0.231665 0.799008
v 0.210898 0.225323 0.793839
v 0.200588 0.221251 0.790519
v 0.189159 0.219848 0.789376
v 0.083937 0.288412 0.847585
v 0.084644 0.292545 0.851472
v 0.094878 0.290923 0.847016
v 0.088093 0.295866 0.854596
v 0.093360 0.297486 0.856121
v 0.099034 0.297093 0.855636
v 0.103646 0.294581 0.853273
v 0.106033 0.290623 0.849721
v 0.105440 0.286490 0.845834
v 0.101828 0.283169 0.842496
v 0.096395 0.281548 0.840819
v 0.090535 0.282063 0.841461
v 0.085976 0.284576 0.843977
v 0.083394 0.281349 0.852993
v 0.082921 0.282855 0.854410
v 0.083937 0.288412 0.847585
v 0.082813 0.284397 0.855861
v 0.083076 0.285930 0.857302
v 0.084644 0.292545 0.851472
v 0.083699 0.287407 0.858691
v 0.084665 0.288782 0.859984
v 0.085945 0.290014 0.861143
v 0.088093 0.295866 0.854596
v 0.087498 0.291065 0.862132
v 0.089279 0.291904 0.862921
v 0.091233 0.292505 0.863487
v 0.093360 0.297486 0.856121
v 0.093300 0.292850 0.863811
v 0.095418 0.292928 0.863885
v 0.097522 0.292737 0.863705
v 0.099034 0.297093 0.855636
v 0.099549 0.292283 0.863278
v 0.101437 0.291579 0.862616
v 0.103128 0.290647 0.861739
v 0.103646 0.294581 0.853273
v 0.104572 0.289516 0.860675
v 0.105724 0.288219 0.859455
v 0.106549 0.286796 0.858116
v 0.106033 0.290623 0.849721
v 0.107022 0.285290 0.856700
v 0.107129 0.283747 0.855249
v 0.106867 0.282214 0.853807
v 0.105440 0.286490 0.845834
v 0.106243 0.280738 0.852418
v 0.105277 0.279363 0.851125
v 0.103998 0.278131 0.849966
v 0.101828 0.283169 0.842496
v 0.102444 0.277079 0.848977
v 0.100664 0.276240 0.848188
v 0.098710 0.275639 0.847623
v 0.096395 0.281548 0.840819
v 0.096643 0.275295 0.847298
v 0.096643 0.275295 0.847298
v 0.094525 0.275217 0.847225
v 0.096395 0.281548 0.840819
v 0.092421 0.275408 0.847405
v 0.090535 0.282063 0.841461
v 0.090394 0.275862 0.847832
v 0.088506 0.276566 0.848494
v 0.086814 0.277497 0.849370
v 0.085976 0.284576 0.843977
v 0.085371 0.278629 0.850435
v 0.084219 0.279926 0.851655
v 0.084239 0.260271 0.831472
v 0.084946 0.264403 0.835359
v 0.095180 0.262782 0.830903
v 0.088395 0.267725 0.838483
v 0.093662 0.269345 0.840007
v 0.099336 0.268952 0.839523
v 0.103948 0.266440 0.837160
v 0.106335 0.262482 0.833608
v 0.105742 0.258349 0.829721
v 0.102130 0.255028 0.826383
v 0.096697 0.253407 0.824706
v 0.090838 0.253922 0.825348
v 0.086278 0.256435 0.827863
v 0.083641 0.255111 0.834234
v 0.083167 0.256617 0.835650
v 0.084239 0.260271 0.831472
v 0.083060 0.258159 0.837101
v 0.083322 0.259692 0.838543
v 0.084946 0.264403 0.835359
v 0.083946 0.261169 0.839932
v 0.084912 0.262544 0.841225
v 0.086191 0.263776 0.842384
v 0.088395 0.267725 0.838483
v 0.087745 0.264827 0.843373
v 0.089526 0.265666 0.844162
v 0.091479 0.266267 0.844728
v 0.093662 0.269345 0.840007
v 0.093546 0.266612 0.845052
v 0.095665 0.266690 0.845125
v 0.097769 0.266499 0.844946
v 0.099336 0.268952 0.839523
v 0.099796 0.266045 0.844518
v 0.101684 0.265341 0.843856
v 0.103375 0.264409 0.842980
v 0.103948 0.266440 0.837160
v 0.104819 0.263277 0.841915
v 0.105970 0.261980 0.840696
v 0.106795 0.260557 0.839357
v 0.106335 0.262482 0.833608
v 0.107269 0.259052 0.837941
v 0.107376 0.257509 0.836489
v 0.107114 0.255976 0.835048
v 0.105742 0.258349 0.829721
v 0.106490 0.254500 0.833659
v 0.105524 0.253125 0.832366
v 0.104245 0.251893 0.831207
v 0.102130 0.255028 0.826383
v 0.102691 0.250841 0.830218
v 0.100911 0.250002 0.829429
v 0.098957 0.249401 0.828863
v 0.096697 0.253407 0.824706
v 0.096890 0.249057 0.828539
v 0.096890 0.249057 0.828539
v 0.094772 0.248978 0.828466
v 0.096697 0.253407 0.824706
v 0.092667 0.249169 0.828645
v 0.090838 0.253922 0.825348
v 0.090640 0.249624 0.829073
v 0.088752 0.250327 0.829734
v 0.087061 0.251259 0.830611
v 0.086278 0.256435 0.827863
v 0.085618 0.252391 0.831675
v 0.084466 0.253688 0.832895
v -0.561525 0.449046 0.654350
v -0.519701 0.230504 0.788456
v -0.558431 0.429990 0.657849
v -0.519602 0.224003 0.775453
v -0.579333 0.449968 0.653935
v -0.536878 0.227927 0.789614
v -0.561525 0.449046 0.654350
v -0.519701 0.230504 0.788456
v -0.579333 0.449968 0.653935
v -0.575608 0.427414 0.659007
v -0.536878 0.227927 0.789614
v -0.536779 0.221427 0.776611
v -0.575608 0.427414 0.659007
v -0.558431 0.429990 0.657849
v -0.536779 0.221427 0.776611
v -0.519602 0.224003 0.775453
v 0.255195 0.186705 0.563288
v 0.255422 0.177327 0.570201
v 0.191574 0.185752 0.568785
v 0.191850 0.176416 0.575700
v 0.594056 0.191778 0.534009
v 0.594056 0.209778 0.536990
v 0.599166 0.191504 0.536857
v 0.599240 0.209324 0.539730
v 0.255413 0.204923 0.566287
v 0.191833 0.204012 0.571787
v 0.255422 0.211783 0.575909
v 0.191850 0.210872 0.581409
v -0.285674 0.211089 0.580098
v -0.285352 0.204524 0.570544
v -0.346868 0.211962 0.574829
v -0.346604 0.205351 0.565260
v -0.285674 0.176633 0.574390
v -0.346868 0.177506 0.569121
v -0.285652 0.186232 0.567480
v -0.346856 0.187105 0.562210
v 0.064705 0.209049 0.592408
v 0.056365 0.200707 0.591735
v 0.064705 0.205916 0.611317
v 0.056365 0.197584 0.610579
v 0.059404 0.201601 0.586340
v 0.056365 0.182707 0.588753
v 0.059338 0.183440 0.583272
v -0.144399 0.174617 0.586555
v -0.136058 0.182707 0.588753
v -0.144399 0.171217 0.607077
v -0.136058 0.179321 0.609189
v -0.138913 0.183584 0.583459
v -0.144352 0.184216 0.579648
v -0.138833 0.201792 0.586413
v -0.143942 0.202614 0.582741
v 0.064705 0.174593 0.586700
v 0.064705 0.171460 0.605609
v 0.056365 0.179585 0.607597
v -0.144399 0.209073 0.592263
v -0.144399 0.205673 0.612785
v -0.136058 0.200707 0.591735
v -0.136058 0.197320 0.612171
v 0.191850 0.207568 0.601351
v 0.255422 0.208393 0.596368
v 0.191850 0.173111 0.595643
v 0.191850 0.176416 0.575700
v 0.255422 0.173937 0.590660
v 0.255422 0.177327 0.570201
v -0.285674 0.173027 0.596151
v -0.346868 0.173811 0.591418
v -0.285674 0.176633 0.574390
v -0.346868 0.177506 0.569121
v -0.346868 0.208268 0.597126
v -0.285674 0.207484 0.601859
v 0.594024 0.182181 0.540908
v 0.594024 0.216637 0.546616
v 0.318994 0.209219 0.591385
v 0.387752 0.210112 0.585995
v 0.318994 0.212694 0.570409
v 0.387752 0.213680 0.564461
v 0.387759 0.206820 0.554838
v 0.318993 0.205835 0.560787
v 0.318816 0.187657 0.557791
v 0.387626 0.188687 0.551845
v 0.387752 0.179224 0.558753
v 0.318994 0.178238 0.564701
v 0.318994 0.174763 0.585676
v 0.318994 0.178238 0.564701
v 0.387752 0.175656 0.580287
v 0.387752 0.179224 0.558753
v -0.285674 0.175695 0.793708
v -0.285674 0.183642 0.745745
v -0.346868 0.175695 0.793708
v -0.346868 0.183838 0.744562
v -0.144399 0.183190 0.748477
v -0.144399 0.175695 0.793708
v -0.136058 0.174930 0.747301
v -0.136059 0.167467 0.792344
v -0.136059 0.149467 0.789362
v -0.136058 0.156931 0.744319
v -0.144399 0.148733 0.742769
v -0.144399 0.141239 0.787999
v -0.346868 0.149382 0.738854
v -0.285674 0.149186 0.740037
v -0.346868 0.141239 0.787999
v -0.285674 0.141239 0.787999
v -0.163288 0.183250 0.748112
v -0.163288 0.175695 0.793708
v -0.163288 0.209343 0.590637
v -0.163288 0.205915 0.611324
v -0.162849 0.202869 0.581110
v -0.163243 0.184485 0.578021
v -0.163288 0.174887 0.584929
v -0.144399 0.171217 0.607077
v -0.163288 0.171459 0.605616
v -0.144399 0.174617 0.586555
v -0.163288 0.174887 0.584929
v -0.163288 0.148794 0.742403
v -0.144399 0.148733 0.742769
v -0.163288 0.141239 0.787999
v -0.144399 0.141239 0.787999
v -0.469254 0.149774 0.736488
v -0.408061 0.149578 0.737671
v -0.469254 0.141239 0.787999
v -0.408061 0.141239 0.787999
v -0.408061 0.174595 0.586686
v -0.469254 0.175380 0.581953
v -0.408061 0.178379 0.563851
v -0.469254 0.179252 0.558582
v -0.408061 0.178379 0.563851
v -0.469254 0.179252 0.558582
v -0.408061 0.187978 0.556939
v -0.469265 0.188852 0.551669
v -0.407856 0.206178 0.559977
v -0.469108 0.207005 0.554693
v -0.408061 0.212835 0.569560
v -0.469254 0.213708 0.564290
v -0.469254 0.209836 0.587661
v -0.408061 0.209052 0.592394
v -0.469254 0.184230 0.742196
v -0.469254 0.175695 0.793708
v -0.408061 0.184034 0.743379
v -0.408061 0.175695 0.793708
v -0.408061 0.166256 0.637014
v -0.469254 0.166844 0.633465
v -0.285674 0.165080 0.644113
v -0.346868 0.165668 0.640563
v -0.144399 0.163722 0.652307
v -0.163288 0.163904 0.651212
v -0.144399 0.163722 0.652307
v -0.136058 0.171858 0.654232
v -0.136058 0.189857 0.657215
v -0.144399 0.198179 0.658015
v -0.163288 0.198360 0.656920
v -0.346868 0.200125 0.646272
v -0.285674 0.199536 0.649821
v -0.469254 0.201301 0.639173
v -0.408061 0.200713 0.642722
v -0.469254 0.192766 0.690684
v -0.408061 0.192374 0.693051
v -0.285674 0.191589 0.697783
v -0.346868 0.191981 0.695417
v -0.163288 0.190805 0.702516
v -0.144399 0.190684 0.703246
v -0.136058 0.182394 0.702258
v -0.136058 0.164394 0.699276
v -0.144399 0.156228 0.697538
v -0.144399 0.156228 0.697538
v -0.163288 0.156349 0.696808
v -0.285674 0.157133 0.692075
v -0.346868 0.157525 0.689709
v -0.408061 0.157917 0.687342
v -0.469254 0.158309 0.684976
v -0.224481 0.175695 0.793708
v -0.224481 0.183446 0.746928
v -0.224481 0.191197 0.700149
v -0.224481 0.198948 0.653370
v -0.224481 0.206699 0.606591
v -0.224481 0.210216 0.585368
v -0.224101 0.203697 0.575827
v -0.224448 0.185359 0.572751
v -0.224481 0.175760 0.579659
v -0.224481 0.172243 0.600883
v -0.224481 0.175760 0.579659
v -0.224481 0.164492 0.647662
v -0.224481 0.156741 0.694441
v -0.224481 0.148990 0.741220
v -0.224481 0.141239 0.787999
v -0.591641 0.150166 0.734121
v -0.530447 0.149970 0.735304
v -0.591641 0.141239 0.787999
v -0.530448 0.141239 0.787999
v -0.530447 0.158701 0.682610
v -0.591641 0.159093 0.680244
v -0.530447 0.167433 0.629915
v -0.591641 0.168021 0.626366
v -0.530447 0.176164 0.577220
v -0.591641 0.176948 0.572488
v -0.530447 0.180125 0.553312
v -0.591641 0.180998 0.548043
v -0.530447 0.180125 0.553312
v -0.591641 0.180998 0.548043
v -0.530469 0.189725 0.546398
v -0.591674 0.190598 0.541127
v -0.530359 0.207832 0.549410
v -0.591611 0.208659 0.544127
v -0.530448 0.214581 0.559021
v -0.591641 0.215455 0.553752
v -0.591641 0.211404 0.578196
v -0.530448 0.210620 0.582929
v -0.591641 0.202477 0.632074
v -0.530447 0.201889 0.635624
v -0.530447 0.193158 0.688318
v -0.591641 0.193550 0.685952
v -0.530447 0.184427 0.741013
v -0.591641 0.184623 0.739830
v -0.530448 0.175695 0.793708
v -0.591641 0.175695 0.793708
v 0.064674 0.202189 0.582788
v 0.064333 0.183847 0.579780
v 0.602365 0.208533 0.544500
v 0.602365 0.190855 0.541966
v 0.128278 0.172286 0.600626
v 0.128278 0.175504 0.581200
v 0.127954 0.184800 0.574282
v 0.128278 0.175504 0.581200
v 0.128253 0.203100 0.577288
v 0.128278 0.209961 0.586909
v 0.128278 0.206742 0.606334
v 0.456509 0.211005 0.580606
v 0.525267 0.211898 0.575216
v 0.456509 0.214666 0.558513
v 0.525267 0.215651 0.552564
v 0.525290 0.208792 0.542939
v 0.456525 0.207806 0.548889
v 0.456436 0.189718 0.545900
v 0.525246 0.190748 0.539954
v 0.525267 0.181195 0.546856
v 0.456509 0.180209 0.552804
v 0.456509 0.176549 0.574897
v 0.456509 0.180209 0.552804
v 0.525267 0.177442 0.569508
v 0.525267 0.181195 0.546856
v 0.064705 0.174593 0.586700
v 0.064705 0.171460 0.605609
v 0.594024 0.212791 0.569827
v 0.594024 0.178335 0.564118
v 0.594024 0.182181 0.540908
v 0.525267 0.161217 0.667428
v 0.525267 0.171206 0.607142
v 0.594024 0.161710 0.664453
v 0.594024 0.171945 0.602681
v 0.456509 0.160724 0.670402
v 0.456509 0.170467 0.611603
v 0.387752 0.160231 0.673376
v 0.387752 0.169728 0.616064
v 0.318994 0.159739 0.676350
v 0.318994 0.168988 0.620526
v 0.255422 0.159283 0.679100
v 0.255422 0.168305 0.624650
v 0.191850 0.158827 0.681850
v 0.191850 0.167621 0.628775
v 0.128278 0.158372 0.684600
v 0.128278 0.166938 0.632900
v 0.064705 0.166255 0.637025
v 0.064705 0.157916 0.687350
v 0.064705 0.166255 0.637025
v 0.064705 0.157916 0.687350
v 0.056365 0.174397 0.638905
v 0.056365 0.166087 0.689058
v 0.056365 0.184087 0.692039
v 0.056365 0.192397 0.641887
v 0.064705 0.200711 0.642733
v 0.064705 0.192372 0.693058
v 0.128278 0.192828 0.690308
v 0.128278 0.201394 0.638608
v 0.191850 0.193284 0.687558
v 0.191850 0.202078 0.634484
v 0.255422 0.193739 0.684808
v 0.255422 0.202761 0.630359
v 0.318994 0.194195 0.682058
v 0.318994 0.203445 0.626234
v 0.387752 0.194688 0.679084
v 0.387752 0.204184 0.621773
v 0.456509 0.195181 0.676110
v 0.456509 0.204923 0.617311
v 0.525267 0.195673 0.673136
v 0.525267 0.205662 0.612850
v 0.594024 0.206402 0.608389
v 0.594024 0.196166 0.670162
v 0.594024 0.185931 0.731935
v 0.525267 0.185684 0.733422
v 0.456509 0.185438 0.734909
v 0.387752 0.185192 0.736396
v 0.318994 0.184945 0.737883
v 0.255422 0.184717 0.739258
v 0.191850 0.184489 0.740633
v 0.128278 0.184262 0.742008
v 0.064705 0.184034 0.743383
v 0.056365 0.175777 0.742192
v 0.056365 0.157777 0.739210
v 0.064705 0.149577 0.737674
v 0.128278 0.149805 0.736300
v 0.064705 0.149577 0.737674
v 0.191850 0.150033 0.734925
v 0.255422 0.150261 0.733550
v 0.318994 0.150489 0.732175
v 0.387752 0.150735 0.730687
v 0.456509 0.150982 0.729200
v 0.525267 0.151228 0.727713
v 0.594024 0.151474 0.726226
v 0.594024 0.178270 0.778169
v 0.525267 0.178208 0.778543
v 0.456509 0.178146 0.778917
v 0.387752 0.178084 0.779291
v 0.318994 0.178022 0.779665
v 0.255422 0.177965 0.780011
v 0.191850 0.177907 0.780357
v 0.128277 0.177850 0.780703
v 0.064705 0.177793 0.781049
v 0.056365 0.169557 0.779728
v 0.056365 0.151558 0.776747
v 0.064705 0.143337 0.775340
v 0.128277 0.143394 0.774994
v 0.064705 0.143337 0.775340
v 0.191850 0.143451 0.774648
v 0.255422 0.143508 0.774303
v 0.318994 0.143566 0.773957
v 0.387752 0.143628 0.773583
v 0.456509 0.143690 0.773209
v 0.525267 0.143752 0.772834
v 0.594024 0.143814 0.772460
v 0.508167 0.241504 0.828794
v 0.508167 0.253795 0.678302
v 0.509560 0.245682 0.828794
v 0.509560 0.257972 0.678302
v 0.508167 0.249859 0.828794
v 0.508167 0.262149 0.678302
v 0.503990 0.251251 0.828794
v 0.503990 0.263542 0.678302
v 0.499812 0.249859 0.828794
v 0.499812 0.262149 0.678302
v 0.498420 0.245682 0.828794
v 0.498420 0.257972 0.678302
v 0.499812 0.241504 0.828794
v 0.499812 0.253795 0.678302
v 0.503990 0.240112 0.828794
v 0.503990 0.252402 0.678302
v 0.503990 0.240112 0.828794
v 0.503990 0.252402 0.678302
v 0.124905 -0.063679 -1.763640
v 0.124905 -0.063679 -1.776208
v 0.124905 0.052198 -1.763640
v 0.124905 0.052198 -1.776208
v 0.124905 0.052198 -1.763640
v 0.124905 0.052198 -1.776208
v -0.125366 0.052198 -1.763640
v -0.125366 0.052198 -1.776208
v -0.125366 0.052198 -1.763640
v -0.125366 0.052198 -1.776208
v -0.125366 -0.063679 -1.763640
v -0.125366 -0.063679 -1.776208
v -0.125366 -0.063679 -1.763640
v -0.125366 -0.063679 -1.776208
v 0.124905 -0.063679 -1.763640
v 0.124905 -0.063679 -1.776208
v 0.124905 -0.063679 -1.776208
v -0.125366 -0.063679 -1.776208
v 0.124905 0.052198 -1.776208
v -0.125366 0.052198 -1.776208
v -0.125366 -0.063679 -1.763640
v 0.124905 -0.063679 -1.763640
v -0.125366 0.052198 -1.763640
v 0.124905 0.052198 -1.763640
v 0.049705 0.075366 -1.754192
v 0.069323 0.075366 -1.754192
v 0.049705 0.075366 -1.978963
v 0.069323 0.075366 -1.978963
v 0.049705 0.068622 -1.747199
v 0.049705 0.058204 -1.753961
v 0.049705 0.063996 -1.742822
v 0.049705 0.005672 -1.742822
v 0.049705 0.005672 -1.753961
v 0.049705 0.005672 -1.742822
v 0.049705 0.005672 -1.753961
v 0.069323 0.005672 -1.742822
v 0.069323 0.005672 -1.753961
v 0.069323 0.005672 -1.753961
v 0.049705 0.005672 -1.753961
v 0.069323 0.058204 -1.753961
v 0.049705 0.058204 -1.753961
v 0.049705 0.005672 -1.742822
v 0.069323 0.005672 -1.742822
v 0.049705 0.063996 -1.742822
v 0.069323 0.063996 -1.742822
v 0.049705 0.075366 -1.978963
v 0.049705 0.058204 -1.978963
v 0.049705 0.075366 -1.754192
v 0.069323 0.058204 -1.978963
v 0.049705 0.058204 -1.978963
v 0.069323 0.075366 -1.978963
v 0.049705 0.075366 -1.978963
v 0.069323 0.058204 -1.753961
v 0.049705 0.058204 -1.753961
v 0.069323 0.058204 -1.978963
v 0.049705 0.058204 -1.978963
v 0.069323 0.068622 -1.747199
v 0.069323 0.063996 -1.742822
v 0.069323 0.058204 -1.753961
v 0.069323 0.005672 -1.742822
v 0.069323 0.005672 -1.753961
v 0.069323 0.058204 -1.978963
v 0.069323 0.075366 -1.978963
v 0.069323 0.075366 -1.754192
v 0.069323 0.072036 -1.746152
v 0.049705 0.072036 -1.746152
v 0.069323 0.072036 -1.746152
v 0.049705 0.072036 -1.746152
v -0.062490 0.075366 -1.754192
v -0.042872 0.075366 -1.754192
v -0.062490 0.075366 -1.978963
v -0.042872 0.075366 -1.978963
v -0.062490 0.068622 -1.747199
v -0.062490 0.058204 -1.753961
v -0.062490 0.063996 -1.742822
v -0.062490 0.005672 -1.742822
v -0.062490 0.005672 -1.753961
v -0.062490 0.005672 -1.742822
v -0.062490 0.005672 -1.753961
v -0.042872 0.005672 -1.742822
v -0.042872 0.005672 -1.753961
v -0.042872 0.005672 -1.753961
v -0.062490 0.005672 -1.753961
v -0.042872 0.058204 -1.753961
v -0.062490 0.058204 -1.753961
v -0.062490 0.005672 -1.742822
v -0.042872 0.005672 -1.742822
v -0.062490 0.063996 -1.742822
v -0.042872 0.063996 -1.742822
v -0.062490 0.075366 -1.978963
v -0.062490 0.058204 -1.978963
v -0.062490 0.075366 -1.754192
v -0.042872 0.058204 -1.978963
v -0.062490 0.058204 -1.978963
v -0.042872 0.075366 -1.978963
v -0.062490 0.075366 -1.978963
v -0.042872 0.058204 -1.753961
v -0.062490 0.058204 -1.753961
v -0.042872 0.058204 -1.978963
v -0.062490 0.058204 -1.978963
v -0.042872 0.068622 -1.747199
v -0.042872 0.063996 -1.742822
v -0.042872 0.058204 -1.753961
v -0.042872 0.005672 -1.742822
v -0.042872 0.005672 -1.753961
v -0.042872 0.058204 -1.978963
v -0.042872 0.075366 -1.978963
v -0.042872 0.075366 -1.754192
v -0.042872 0.072036 -1.746152
v -0.062490 0.072036 -1.746152
v -0.042872 0.072036 -1.746152
v -0.062490 0.072036 -1.746152
v 0.059543 0.060266 -1.763180
v -0.047150 0.060266 -1.763180
v 0.059542 0.060266 -1.859852
v -0.047150 0.060266 -1.859852
v 0.059542 0.060266 -1.859852
v -0.047150 0.060266 -1.859852
v 0.059542 0.071842 -1.859852
v -0.047150 0.071842 -1.859852
v -0.047150 0.063159 -1.760287
v 0.059543 0.063159 -1.760287
v -0.047150 0.068948 -1.760287
v 0.059543 0.068948 -1.760287
v 0.059543 0.071842 -1.763180
v -0.047150 0.071842 -1.763180
v 0.063712 -0.028336 -1.722933
v 0.063712 -0.028336 -1.734072
v 0.063712 0.023468 -1.722933
v 0.063712 0.023468 -1.734072
v 0.063712 0.023468 -1.722933
v 0.063712 0.023468 -1.734072
v 0.062012 0.023468 -1.722933
v 0.062012 0.023468 -1.734072
v 0.062012 0.023468 -1.722933
v 0.062012 0.023468 -1.734072
v 0.062012 -0.028336 -1.722933
v 0.062012 -0.028336 -1.734072
v 0.062012 -0.028336 -1.722933
v 0.062012 -0.028336 -1.734072
v 0.063712 -0.028336 -1.722933
v 0.063712 -0.028336 -1.734072
v 0.063712 -0.028336 -1.734072
v 0.062012 -0.028336 -1.734072
v 0.063712 0.023468 -1.734072
v 0.062012 0.023468 -1.734072
v 0.062012 -0.028336 -1.722933
v 0.063712 -0.028336 -1.722933
v 0.062012 0.023468 -1.722933
v 0.063712 0.023468 -1.722933
v 0.056823 0.017083 -1.726521
v 0.055854 0.019424 -1.726521
v 0.056823 0.017083 -1.759337
v 0.055854 0.019424 -1.759337
v 0.056823 0.021765 -1.726521
v 0.056823 0.021765 -1.759337
v 0.059164 0.022734 -1.726521
v 0.059164 0.022734 -1.759337
v 0.061505 0.021765 -1.726521
v 0.061505 0.021765 -1.759337
v 0.062474 0.019424 -1.726521
v 0.062474 0.019424 -1.759337
v 0.061505 0.017083 -1.726521
v 0.061505 0.017083 -1.759337
v 0.059164 0.016114 -1.726521
v 0.059164 0.016114 -1.759337
v 0.059164 0.016114 -1.726521
v 0.059164 0.016114 -1.759337
v 0.055854 0.019424 -1.726521
v 0.056823 0.017083 -1.726521
v 0.059164 0.019424 -1.726521
v 0.056823 0.021765 -1.726521
v 0.059164 0.022734 -1.726521
v 0.061505 0.021765 -1.726521
v 0.062474 0.019424 -1.726521
v 0.061505 0.017083 -1.726521
v 0.059164 0.016114 -1.726521
v 0.059164 0.009270 -1.759337
v 0.051984 0.012244 -1.759337
v 0.059164 0.009270 -1.763953
v 0.051984 0.012244 -1.763953
v 0.066344 0.012244 -1.759337
v 0.059164 0.009270 -1.759337
v 0.066344 0.012244 -1.763953
v 0.059164 0.009270 -1.763953
v 0.069318 0.019424 -1.759337
v 0.069318 0.019424 -1.763953
v 0.066344 0.026604 -1.759337
v 0.066344 0.026604 -1.763953
v 0.059164 0.029578 -1.759337
v 0.059164 0.029578 -1.763953
v 0.051984 0.026604 -1.759337
v 0.051984 0.026604 -1.763953
v 0.049010 0.019424 -1.759337
v 0.049010 0.019424 -1.763953
v 0.059164 0.016114 -1.759337
v 0.056823 0.017083 -1.759337
v 0.059164 0.009270 -1.759337
v 0.051984 0.012244 -1.759337
v 0.061505 0.017083 -1.759337
v 0.066344 0.012244 -1.759337
v 0.062474 0.019424 -1.759337
v 0.069318 0.019424 -1.759337
v 0.061505 0.021765 -1.759337
v 0.066344 0.026604 -1.759337
v 0.059164 0.022734 -1.759337
v 0.059164 0.029578 -1.759337
v 0.056823 0.021765 -1.759337
v 0.051984 0.026604 -1.759337
v 0.055854 0.019424 -1.759337
v 0.049010 0.019424 -1.759337
v 0.056822 -0.028336 -1.722933
v 0.056822 -0.028336 -1.734072
v 0.056822 0.023468 -1.722933
v 0.056822 0.023468 -1.734072
v 0.056822 0.023468 -1.722933
v 0.056822 0.023468 -1.734072
v 0.055122 0.023468 -1.722933
v 0.055122 0.023468 -1.734072
v 0.055122 0.023468 -1.722933
v 0.055122 0.023468 -1.734072
v 0.055122 -0.028336 -1.722933
v 0.055122 -0.028336 -1.734072
v 0.055122 -0.028336 -1.722933
v 0.055122 -0.028336 -1.734072
v 0.056822 -0.028336 -1.722933
v 0.056822 -0.028336 -1.734072
v 0.056822 -0.028336 -1.734072
v 0.055122 -0.028336 -1.734072
v 0.056822 0.023468 -1.734072
v 0.055122 0.023468 -1.734072
v 0.055122 -0.028336 -1.722933
v 0.056822 -0.028336 -1.722933
v 0.055122 0.023468 -1.722933
v 0.056822 0.023468 -1.722933
v -0.048291 -0.028336 -1.722933
v -0.048291 -0.028336 -1.734072
v -0.048291 0.023468 -1.722933
v -0.048291 0.023468 -1.734072
v -0.048291 0.023468 -1.722933
v -0.048291 0.023468 -1.734072
v -0.049991 0.023468 -1.722933
v -0.049991 0.023468 -1.734072
v -0.049991 0.023468 -1.722933
v -0.049991 0.023468 -1.734072
v -0.049991 -0.028336 -1.722933
v -0.049991 -0.028336 -1.734072
v -0.049991 -0.028336 -1.722933
v -0.049991 -0.028336 -1.734072
v -0.048291 -0.028336 -1.722933
v -0.048291 -0.028336 -1.734072
v -0.048291 -0.028336 -1.734072
v -0.049991 -0.028336 -1.734072
v -0.048291 0.023468 -1.734072
v -0.049991 0.023468 -1.734072
v -0.049991 -0.028336 -1.722933
v -0.048291 -0.028336 -1.722933
v -0.049991 0.023468 -1.722933
v -0.048291 0.023468 -1.722933
v -0.055179 0.017083 -1.726521
v -0.056149 0.019424 -1.726521
v -0.055179 0.017083 -1.759337
v -0.056149 0.019424 -1.759337
v -0.055179 0.021765 -1.726521
v -0.055179 0.021765 -1.759337
v -0.052839 0.022734 -1.726521
v -0.052839 0.022734 -1.759337
v -0.050498 0.021765 -1.726521
v -0.050498 0.021765 -1.759337
v -0.049529 0.019424 -1.726521
v -0.049529 0.019424 -1.759337
v -0.050498 0.017083 -1.726521
v -0.050498 0.017083 -1.759337
v -0.052839 0.016114 -1.726521
v -0.052839 0.016114 -1.759337
v -0.052839 0.016114 -1.726521
v -0.052839 0.016114 -1.759337
v -0.056149 0.019424 -1.726521
v -0.055179 0.017083 -1.726521
v -0.052839 0.019424 -1.726521
v -0.055179 0.021765 -1.726521
v -0.052839 0.022734 -1.726521
v -0.050498 0.021765 -1.726521
v -0.049529 0.019424 -1.726521
v -0.050498 0.017083 -1.726521
v -0.052839 0.016114 -1.726521
v -0.052839 0.009270 -1.759337
v -0.060019 0.012244 -1.759337
v -0.052839 0.009270 -1.763953
v -0.060019 0.012244 -1.763953
v -0.045659 0.012244 -1.759337
v -0.052839 0.009270 -1.759337
v -0.045659 0.012244 -1.763953
v -0.052839 0.009270 -1.763953
v -0.042685 0.019424 -1.759337
v -0.042685 0.019424 -1.763953
v -0.045659 0.026604 -1.759337
v -0.045659 0.026604 -1.763953
v -0.052839 0.029578 -1.759337
v -0.052839 0.029578 -1.763953
v -0.060019 0.026604 -1.759337
v -0.060019 0.026604 -1.763953
v -0.062993 0.019424 -1.759337
v -0.062993 0.019424 -1.763953
v -0.052839 0.016114 -1.759337
v -0.055179 0.017083 -1.759337
v -0.052839 0.009270 -1.759337
v -0.060019 0.012244 -1.759337
v -0.050498 0.017083 -1.759337
v -0.045659 0.012244 -1.759337
v -0.049529 0.019424 -1.759337
v -0.042685 0.019424 -1.759337
v -0.050498 0.021765 -1.759337
v -0.045659 0.026604 -1.759337
v -0.052839 0.022734 -1.759337
v -0.052839 0.029578 -1.759337
v -0.055179 0.021765 -1.759337
v -0.060019 0.026604 -1.759337
v -0.056149 0.019424 -1.759337
v -0.062993 0.019424 -1.759337
v -0.055181 -0.028336 -1.722933
v -0.055181 -0.028336 -1.734072
v -0.055181 0.023468 -1.722933
v -0.055181 0.023468 -1.734072
v -0.055181 0.023468 -1.722933
v -0.055181 0.023468 -1.734072
v -0.056880 0.023468 -1.722933
v -0.056880 0.023468 -1.734072
v -0.056880 0.023468 -1.722933
v -0.056880 0.023468 -1.734072
v -0.056880 -0.028336 -1.722933
v -0.056880 -0.028336 -1.734072
v -0.056880 -0.028336 -1.722933
v -0.056880 -0.028336 -1.734072
v -0.055181 -0.028336 -1.722933
v -0.055181 -0.028336 -1.734072
v -0.055181 -0.028336 -1.734072
v -0.056880 -0.028336 -1.734072
v -0.055181 0.023468 -1.734072
v -0.056880 0.023468 -1.734072
v -0.056880 -0.028336 -1.722933
v -0.055181 -0.028336 -1.722933
v -0.056880 0.023468 -1.722933
v -0.055181 0.023468 -1.722933
v 0.667246 0.311656 0.327390
v 0.667246 0.306788 0.327390
v 0.662545 0.311656 0.327390
v 0.662545 0.306788 0.327390
v 0.662545 0.311656 0.388321
v 0.662545 0.306788 0.388321
v 0.667246 0.311656 0.388321
v 0.667246 0.306788 0.388321
v 0.644153 0.311656 0.388321
v 0.644153 0.306788 0.388321
v 0.644153 0.311656 0.327390
v 0.644153 0.306788 0.327390
v 0.671945 0.312683 0.344452
v 0.671945 0.314564 0.345494
v 0.671945 0.306788 0.357229
v 0.671945 0.312907 0.370035
v 0.671945 0.314788 0.368993
v 0.671945 0.371394 0.354307
v 0.671945 0.371394 0.360152
v 0.671945 0.311656 0.383622
v 0.671945 0.306788 0.383622
v 0.639453 0.306788 0.383622
v 0.639453 0.311656 0.383622
v 0.639453 0.306788 0.357229
v 0.639453 0.311656 0.357229
v 0.639453 0.306788 0.332089
v 0.639453 0.311656 0.332089
v 0.671945 0.314564 0.345494
v 0.662545 0.314564 0.345494
v 0.671945 0.371394 0.354307
v 0.662545 0.371394 0.354307
v 0.662545 0.314788 0.368993
v 0.671945 0.314788 0.368993
v 0.662545 0.371394 0.360152
v 0.671945 0.371394 0.360152
v 0.662545 0.383018 0.360152
v 0.662545 0.371394 0.354307
v 0.662545 0.371394 0.360152
v 0.662545 0.383018 0.354914
v 0.662545 0.383018 0.360152
v 0.662545 0.383018 0.354914
v 0.671945 0.371394 0.354307
v 0.684089 0.371394 0.354716
v 0.671945 0.371394 0.360152
v 0.684089 0.371394 0.360561
v 0.684089 0.383018 0.355323
v 0.684089 0.371394 0.354716
v 0.662545 0.383018 0.354914
v 0.662545 0.383018 0.360152
v 0.684089 0.383018 0.355323
v 0.684089 0.383018 0.360561
v 0.684089 0.383018 0.360561
v 0.684089 0.371394 0.360561
v 0.670569 0.306788 0.386945
v 0.670569 0.311656 0.386945
v 0.671945 0.306788 0.332089
v 0.670569 0.306788 0.328766
v 0.671945 0.311656 0.332089
v 0.670569 0.311656 0.328766
v 0.640830 0.311656 0.386945
v 0.640830 0.306788 0.386945
v 0.640830 0.311656 0.328766
v 0.640830 0.306788 0.328766
v 0.662545 0.312160 0.369392
v 0.662545 0.311656 0.388321
v 0.671945 0.312907 0.370035
v 0.667246 0.311656 0.388321
v 0.670569 0.311656 0.386945
v 0.671945 0.311656 0.383622
v 0.662545 0.311936 0.345095
v 0.671945 0.312683 0.344452
v 0.662545 0.311656 0.327390
v 0.667246 0.311656 0.327390
v 0.670569 0.311656 0.328766
v 0.671945 0.311656 0.332089
v 0.639453 0.311656 0.357229
v 0.639453 0.311656 0.383622
v 0.644153 0.311656 0.388321
v 0.640830 0.311656 0.386945
v 0.639453 0.311656 0.332089
v 0.644153 0.311656 0.327390
v 0.640830 0.311656 0.328766
v 0.662545 0.314564 0.345494
v 0.662545 0.312048 0.357243
v 0.662545 0.314788 0.368993
v 0.671945 0.312683 0.344452
v 0.662545 0.311936 0.345095
v 0.671945 0.312907 0.370035
v 0.662545 0.312160 0.369392
v 0.662545 0.311936 0.345095
v 0.662545 0.312048 0.357243
v 0.662545 0.312160 0.369392
v 0.639185 0.352808 -1.742223
v 0.634714 0.348337 -1.742223
v 0.639185 0.352808 -1.604989
v 0.634714 0.348337 -1.604989
v 0.633077 0.342229 -1.742223
v 0.633077 0.342229 -1.604989
v 0.634714 0.336121 -1.742223
v 0.634714 0.336121 -1.604989
v 0.639185 0.331650 -1.742223
v 0.639185 0.331650 -1.604989
v 0.645293 0.330013 -1.742223
v 0.645293 0.330013 -1.604989
v 0.645293 0.330013 -1.742223
v 0.651401 0.331650 -1.742223
v 0.645293 0.330013 -1.604989
v 0.651401 0.331650 -1.604989
v 0.655871 0.336121 -1.742223
v 0.655871 0.336121 -1.604989
v 0.657508 0.342229 -1.742223
v 0.657508 0.342229 -1.604989
v 0.655871 0.348337 -1.742223
v 0.655871 0.348337 -1.604989
v 0.651401 0.352808 -1.742223
v 0.651401 0.352808 -1.604989
v 0.645293 0.354445 -1.742223
v 0.645293 0.354445 -1.604989
v 0.634714 0.348337 -1.742223
v 0.639185 0.352808 -1.742223
v 0.645293 0.342229 -1.742223
v 0.633077 0.342229 -1.742223
v 0.634714 0.336121 -1.742223
v 0.639185 0.331650 -1.742223
v 0.645293 0.330013 -1.742223
v 0.651401 0.331650 -1.742223
v 0.655871 0.336121 -1.742223
v 0.657508 0.342229 -1.742223
v 0.655871 0.348337 -1.742223
v 0.651401 0.352808 -1.742223
v 0.645293 0.354445 -1.742223
v 0.657508 0.342229 -1.604989
v 0.645293 0.342229 -1.604989
v 0.655871 0.336121 -1.604989
v 0.634714 0.348337 -1.604989
v 0.633077 0.342229 -1.604989
v 0.634714 0.336121 -1.604989
v 0.639185 0.331650 -1.604989
v 0.645293 0.330013 -1.604989
v 0.651401 0.331650 -1.604989
v 0.655871 0.348337 -1.604989
v 0.651401 0.352808 -1.604989
v 0.645293 0.354445 -1.604989
v 0.639185 0.352808 -1.604989
v 0.265273 -0.223971 0.740968
v 0.265273 -0.223971 0.704520
v 0.201557 0.042519 0.740968
v 0.201557 0.042519 0.704520
v 0.201557 0.042519 0.740968
v 0.201557 0.042519 0.704520
v -0.192612 0.042519 0.740968
v -0.192612 0.042519 0.704520
v -0.192612 0.042519 0.740968
v -0.192612 0.042519 0.704520
v -0.256329 -0.223971 0.740968
v -0.256329 -0.223971 0.704520
v 0.265273 -0.223971 0.704520
v -0.256329 -0.223971 0.704520
v 0.201557 0.042519 0.704520
v -0.192612 0.042519 0.704520
v 0.011011 -0.068782 2.379604
v 0.011790 -0.067479 2.404979
v -0.010580 -0.068782 2.379604
v -0.011359 -0.067479 2.404979
v 0.012889 -0.013690 2.444767
v 0.012736 0.046037 2.441591
v -0.012456 -0.013690 2.444708
v -0.012287 0.046431 2.441177
v 0.012355 -0.066533 2.423388
v 0.012965 -0.043531 2.445265
v -0.011924 -0.066533 2.423388
v -0.012534 -0.043531 2.445265
v 0.012934 -0.032081 2.445284
v -0.012503 -0.032081 2.445284
v -0.009336 -0.071204 2.329342
v 0.009736 -0.071504 2.329657
v -0.011373 -0.020366 2.409707
v -0.011149 -0.024595 2.402063
v 0.011804 -0.020361 2.409706
v 0.011580 -0.024593 2.402060
v -0.011083 -0.028263 2.399586
v 0.011514 -0.028262 2.399584
v -0.011074 -0.036943 2.398518
v 0.011505 -0.036942 2.398519
v -0.011226 -0.044589 2.402758
v 0.011657 -0.044586 2.402761
v -0.011481 -0.048275 2.410679
v 0.011912 -0.048269 2.410680
v -0.011740 -0.046598 2.419246
v -0.011906 -0.040210 2.425192
v 0.012171 -0.046595 2.419245
v 0.012337 -0.040209 2.425190
v -0.011914 -0.031549 2.426254
v 0.012345 -0.031548 2.426255
v -0.011856 -0.027397 2.424745
v -0.011643 -0.021440 2.418370
v 0.012287 -0.027396 2.424748
v 0.012074 -0.021435 2.418372
v -0.011740 -0.046598 2.419246
v 0.012171 -0.046595 2.419245
v 0.012736 0.046037 2.441591
v 0.012889 -0.013690 2.444767
v 0.012399 0.028004 2.424423
v 0.012287 -0.027396 2.424748
v 0.012074 -0.021435 2.418372
v 0.011011 -0.068782 2.379604
v 0.011657 -0.044586 2.402761
v 0.011790 -0.067479 2.404979
v 0.011912 -0.048269 2.410680
v 0.012355 -0.066533 2.423388
v 0.012171 -0.046595 2.419245
v 0.012965 -0.043531 2.445265
v 0.012337 -0.040209 2.425190
v 0.012934 -0.032081 2.445284
v 0.012345 -0.031548 2.426255
v 0.011035 -0.023759 2.375127
v 0.011295 -0.013314 2.385073
v 0.011514 -0.028262 2.399584
v 0.011580 -0.024593 2.402060
v 0.010289 -0.051528 2.348681
v 0.011505 -0.036942 2.398519
v 0.009736 -0.071504 2.329657
v 0.011659 0.000098 2.397846
v 0.011804 -0.020361 2.409706
v -0.011149 -0.024595 2.402063
v -0.010751 -0.012968 2.384709
v -0.011083 -0.028263 2.399586
v -0.010374 -0.025227 2.373056
v -0.009336 -0.071204 2.329342
v -0.010580 -0.068782 2.379604
v -0.009806 -0.048397 2.351027
v -0.011226 -0.044589 2.402758
v -0.011074 -0.036943 2.398518
v -0.011906 -0.040210 2.425192
v -0.011740 -0.046598 2.419246
v -0.012534 -0.043531 2.445265
v -0.011924 -0.066533 2.423388
v -0.011856 -0.027397 2.424745
v -0.012456 -0.013690 2.444708
v -0.011643 -0.021440 2.418370
v -0.012287 0.046431 2.441177
v -0.011481 -0.048275 2.410679
v -0.011359 -0.067479 2.404979
v -0.011914 -0.031549 2.426254
v -0.012503 -0.032081 2.445284
v -0.011036 0.000455 2.397471
v -0.011373 -0.020366 2.409707
v 0.695072 0.389193 0.418380
v 0.691884 0.388972 0.418986
v 0.695838 0.382551 0.422146
v 0.692632 0.382194 0.422584
v 0.696483 0.375251 0.423461
v 0.693253 0.374952 0.423737
v 0.696510 0.368033 0.422107
v 0.693283 0.367812 0.422442
v 0.696426 0.361649 0.418607
v 0.693220 0.361407 0.419092
v 0.695741 0.357294 0.411834
v 0.692158 0.357150 0.412346
v 0.694763 0.355246 0.404368
v 0.691179 0.355124 0.404867
v 0.692261 0.354665 0.388454
v 0.688682 0.354618 0.389007
v 0.690448 0.355553 0.376624
v 0.686877 0.355565 0.377221
v 0.688775 0.357060 0.366841
v 0.685156 0.356763 0.367130
v 0.687273 0.359283 0.357223
v 0.683654 0.359030 0.357503
v 0.685875 0.361805 0.348644
v 0.682257 0.361596 0.348921
v 0.685875 0.361805 0.348644
v 0.682257 0.361596 0.348921
v 0.684855 0.364279 0.341728
v 0.681243 0.364052 0.342044
v 0.684400 0.366128 0.338994
v 0.680793 0.365881 0.339344
v 0.684072 0.368288 0.336678
v 0.680465 0.368809 0.337019
v 0.683314 0.372523 0.334877
v 0.680127 0.372275 0.335487
v 0.683184 0.379046 0.335600
v 0.683173 0.375799 0.334701
v 0.679964 0.378750 0.335976
v 0.679971 0.375506 0.335201
v 0.683422 0.384503 0.339137
v 0.683243 0.382412 0.336842
v 0.680169 0.384391 0.339283
v 0.680001 0.382171 0.337049
v 0.684539 0.388800 0.349007
v 0.683746 0.386414 0.342006
v 0.681301 0.388860 0.349298
v 0.680499 0.386435 0.342222
v 0.685689 0.391202 0.357658
v 0.682459 0.391249 0.358017
v 0.686962 0.393290 0.367336
v 0.683743 0.393311 0.367769
v 0.688471 0.394660 0.377162
v 0.685257 0.394647 0.377637
v 0.690173 0.395381 0.389018
v 0.686960 0.395313 0.389492
v 0.692617 0.395382 0.404938
v 0.689406 0.395271 0.405416
v 0.693748 0.392998 0.412457
v 0.690550 0.392818 0.413009
v 0.680465 0.368809 0.337019
v 0.686642 0.375106 0.380947
v 0.680127 0.372275 0.335487
v 0.692632 0.382194 0.422584
v 0.691884 0.388972 0.418986
v 0.690550 0.392818 0.413009
v 0.689406 0.395271 0.405416
v 0.686960 0.395313 0.389492
v 0.685257 0.394647 0.377637
v 0.683743 0.393311 0.367769
v 0.682459 0.391249 0.358017
v 0.681301 0.388860 0.349298
v 0.680499 0.386435 0.342222
v 0.680169 0.384391 0.339283
v 0.680001 0.382171 0.337049
v 0.679964 0.378750 0.335976
v 0.679971 0.375506 0.335201
v 0.680793 0.365881 0.339344
v 0.681243 0.364052 0.342044
v 0.682257 0.361596 0.348921
v 0.683654 0.359030 0.357503
v 0.685156 0.356763 0.367130
v 0.686877 0.355565 0.377221
v 0.688682 0.354618 0.389007
v 0.691179 0.355124 0.404867
v 0.692158 0.357150 0.412346
v 0.693220 0.361407 0.419092
v 0.693283 0.367812 0.422442
v 0.693253 0.374952 0.423737
v 0.638933 0.291384 -1.719848
v 0.634267 0.291384 -1.715181
v 0.638933 0.370033 -1.719848
v 0.634267 0.370033 -1.715181
v 0.632558 0.291384 -1.708806
v 0.632558 0.370033 -1.708806
v 0.634267 0.291384 -1.702430
v 0.634267 0.370033 -1.702430
v 0.638933 0.291384 -1.697763
v 0.638933 0.370033 -1.697763
v 0.645309 0.291384 -1.696055
v 0.645309 0.370033 -1.696055
v 0.645309 0.291384 -1.696055
v 0.651684 0.291384 -1.697763
v 0.645309 0.370033 -1.696055
v 0.651684 0.370033 -1.697763
v 0.656351 0.291384 -1.702430
v 0.656351 0.370033 -1.702430
v 0.658060 0.291384 -1.708806
v 0.658060 0.370033 -1.708806
v 0.656351 0.291384 -1.715181
v 0.656351 0.370033 -1.715181
v 0.651684 0.291384 -1.719848
v 0.651684 0.370033 -1.719848
v 0.645309 0.291384 -1.721556
v 0.645309 0.370033 -1.721556
v 0.658060 0.370033 -1.708806
v 0.645309 0.370033 -1.708806
v 0.656351 0.370033 -1.702430
v 0.634267 0.370033 -1.715181
v 0.632558 0.370033 -1.708806
v 0.634267 0.370033 -1.702430
v 0.638933 0.370033 -1.697763
v 0.645309 0.370033 -1.696055
v 0.651684 0.370033 -1.697763
v 0.656351 0.370033 -1.715181
v 0.651684 0.370033 -1.719848
v 0.645309 0.370033 -1.721556
v 0.638933 0.370033 -1.719848
v 0.731366 0.350108 1.277816
v 0.730999 0.350005 1.242075
v 0.710446 0.350108 1.277816
v 0.710079 0.350005 1.242075
v 0.710079 0.350005 1.207293
v 0.730999 0.350005 1.207293
v 0.710079 0.349848 1.191179
v 0.730999 0.349848 1.191179
v 0.730999 0.305548 1.207293
v 0.710079 0.305548 1.207293
v 0.730999 0.324693 1.206246
v 0.710079 0.324693 1.206246
v 0.730999 0.329898 1.204570
v 0.710079 0.329898 1.204570
v 0.730999 0.344817 1.189789
v 0.710079 0.344817 1.189789
v 0.710101 0.329302 1.248485
v 0.731021 0.329302 1.248485
v 0.710446 0.347259 1.278804
v 0.731366 0.347259 1.278804
v 0.710079 0.305548 1.207293
v 0.710079 0.305548 1.242075
v 0.710079 0.324693 1.206246
v 0.710079 0.325917 1.246022
v 0.710446 0.347259 1.278804
v 0.710446 0.350108 1.277816
v 0.710101 0.329302 1.248485
v 0.710079 0.350005 1.242075
v 0.710079 0.349848 1.191179
v 0.710079 0.344817 1.189789
v 0.710079 0.350005 1.207293
v 0.710079 0.329898 1.204570
v 0.731366 0.347259 1.278804
v 0.731366 0.350108 1.277816
v 0.710446 0.347259 1.278804
v 0.710446 0.350108 1.277816
v 0.730999 0.305548 1.207293
v 0.730999 0.324693 1.206246
v 0.730999 0.305548 1.242075
v 0.730999 0.325917 1.246022
v 0.731366 0.347259 1.278804
v 0.731021 0.329302 1.248485
v 0.731366 0.350108 1.277816
v 0.730999 0.350005 1.242075
v 0.730999 0.329898 1.204570
v 0.730999 0.349848 1.191179
v 0.730999 0.350005 1.207293
v 0.730999 0.344817 1.189789
v 0.730999 0.325917 1.246022
v 0.710079 0.325917 1.246022
v 0.730999 0.349848 1.191179
v 0.730999 0.344817 1.189789
v 0.710079 0.349848 1.191179
v 0.710079 0.344817 1.189789
v 0.710079 0.305548 1.242075
v 0.730999 0.305548 1.242075
v 0.735751 0.390503 0.410435
v 0.740330 0.387719 0.407454
v 0.734652 0.392385 0.403229
v 0.740001 0.389209 0.402413
v 0.737618 0.389010 0.386787
v 0.732269 0.392706 0.387603
v 0.723264 0.393410 0.389080
v 0.725679 0.393567 0.404702
v 0.726753 0.391810 0.411793
v 0.735735 0.360324 0.410329
v 0.736663 0.363094 0.414920
v 0.729153 0.360097 0.411150
v 0.730087 0.363131 0.417338
v 0.734652 0.357338 0.403229
v 0.728251 0.357186 0.404098
v 0.732269 0.357603 0.387603
v 0.725811 0.357560 0.388482
v 0.740001 0.361891 0.402413
v 0.737618 0.362090 0.386787
v 0.740104 0.365432 0.412392
v 0.740288 0.363393 0.407427
v 0.724591 0.370134 0.337264
v 0.724447 0.372790 0.336564
v 0.728723 0.371147 0.337771
v 0.729459 0.373326 0.336934
v 0.717905 0.370354 0.338264
v 0.716787 0.373048 0.337488
v 0.724373 0.375550 0.336082
v 0.716592 0.375846 0.337034
v 0.724434 0.378156 0.336482
v 0.716519 0.378584 0.337506
v 0.729940 0.375550 0.336448
v 0.729480 0.377783 0.336903
v 0.737147 0.381746 0.418090
v 0.736663 0.387583 0.414920
v 0.728648 0.382053 0.420746
v 0.727944 0.388927 0.417824
v 0.737334 0.375550 0.419315
v 0.729296 0.375254 0.421493
v 0.737178 0.369664 0.418294
v 0.729302 0.368563 0.420710
v 0.742013 0.375550 0.415599
v 0.741450 0.370432 0.414365
v 0.740985 0.384074 0.410836
v 0.741600 0.379915 0.413607
v 0.726258 0.386572 0.348196
v 0.717655 0.386914 0.349582
v 0.727555 0.388735 0.356699
v 0.718798 0.389285 0.358120
v 0.729006 0.390865 0.366212
v 0.720065 0.391346 0.367671
v 0.734355 0.387348 0.365396
v 0.732904 0.385751 0.355883
v 0.731607 0.383925 0.347380
v 0.729006 0.359819 0.366212
v 0.727555 0.361949 0.356699
v 0.734355 0.363752 0.365396
v 0.732904 0.365349 0.355883
v 0.722403 0.359923 0.367131
v 0.720935 0.362116 0.357635
v 0.726258 0.364383 0.348196
v 0.719563 0.364606 0.349161
v 0.731607 0.367175 0.347380
v 0.724591 0.381038 0.337806
v 0.716532 0.381318 0.338537
v 0.724816 0.382435 0.339283
v 0.716635 0.382961 0.340368
v 0.725245 0.384242 0.341551
v 0.716901 0.384632 0.342886
v 0.730594 0.382178 0.340735
v 0.728723 0.379953 0.337771
v 0.729748 0.381172 0.339162
v 0.725245 0.366786 0.341551
v 0.730594 0.368922 0.340735
v 0.718590 0.366980 0.342525
v 0.724843 0.368569 0.338917
v 0.718176 0.368617 0.340107
v 0.729754 0.369923 0.339143
v 0.730482 0.391909 0.375889
v 0.721565 0.392696 0.377350
v 0.735831 0.388412 0.375073
v 0.730482 0.358401 0.375889
v 0.735831 0.362688 0.375073
v 0.724037 0.358438 0.376773
v 0.728134 0.389396 0.418304
v 0.724945 0.389175 0.418910
v 0.728900 0.382551 0.422385
v 0.726004 0.378573 0.423280
v 0.729571 0.368033 0.422107
v 0.729544 0.375251 0.423461
v 0.726344 0.367812 0.422442
v 0.729488 0.361649 0.418607
v 0.726282 0.361407 0.419092
v 0.728802 0.357294 0.411834
v 0.725220 0.357150 0.412346
v 0.727825 0.355246 0.404368
v 0.724240 0.355124 0.404867
v 0.725322 0.354665 0.388454
v 0.720841 0.355091 0.383114
v 0.723509 0.355553 0.376624
v 0.721836 0.357060 0.366841
v 0.723509 0.355553 0.376624
v 0.717467 0.357896 0.362316
v 0.720841 0.355091 0.383114
v 0.720334 0.359283 0.357223
v 0.718937 0.361805 0.348644
v 0.715318 0.361596 0.348921
v 0.717916 0.364279 0.341728
v 0.714304 0.364052 0.342044
v 0.717461 0.366128 0.338994
v 0.713855 0.365881 0.339344
v 0.717133 0.368288 0.336678
v 0.713527 0.368809 0.337019
v 0.716376 0.372523 0.334877
v 0.713189 0.372275 0.335487
v 0.716246 0.379046 0.335600
v 0.716235 0.375799 0.334701
v 0.713025 0.378750 0.335976
v 0.713032 0.375506 0.335201
v 0.716305 0.382412 0.336842
v 0.713062 0.382171 0.337049
v 0.716483 0.384503 0.339137
v 0.713395 0.385413 0.340753
v 0.716807 0.386414 0.342006
v 0.717601 0.388800 0.349007
v 0.714941 0.390055 0.353658
v 0.718751 0.391202 0.357658
v 0.720024 0.393290 0.367336
v 0.716804 0.393311 0.367769
v 0.721532 0.394660 0.377162
v 0.718318 0.394647 0.377637
v 0.723234 0.395381 0.389018
v 0.720021 0.395313 0.389492
v 0.725679 0.395382 0.404938
v 0.722467 0.395271 0.405416
v 0.726810 0.392998 0.412457
v 0.723612 0.392818 0.413009
v 0.727944 0.388927 0.417824
v 0.728134 0.389396 0.418304
v 0.728648 0.382053 0.420746
v 0.728900 0.382551 0.422385
v 0.729296 0.375254 0.421493
v 0.729544 0.375251 0.423461
v 0.729302 0.368563 0.420710
v 0.729571 0.368033 0.422107
v 0.730087 0.363131 0.417338
v 0.729488 0.361649 0.418607
v 0.729153 0.360097 0.411150
v 0.728802 0.357294 0.411834
v 0.725811 0.357560 0.388482
v 0.728251 0.357186 0.404098
v 0.725322 0.354665 0.388454
v 0.727825 0.355246 0.404368
v 0.724037 0.358438 0.376773
v 0.723509 0.355553 0.376624
v 0.722403 0.359923 0.367131
v 0.724037 0.358438 0.376773
v 0.721836 0.357060 0.366841
v 0.723509 0.355553 0.376624
v 0.720935 0.362116 0.357635
v 0.720334 0.359283 0.357223
v 0.719563 0.364606 0.349161
v 0.718937 0.361805 0.348644
v 0.718590 0.366980 0.342525
v 0.717916 0.364279 0.341728
v 0.718176 0.368617 0.340107
v 0.717461 0.366128 0.338994
v 0.716787 0.373048 0.337488
v 0.717905 0.370354 0.338264
v 0.716376 0.372523 0.334877
v 0.717133 0.368288 0.336678
v 0.716519 0.378584 0.337506
v 0.716592 0.375846 0.337034
v 0.716246 0.379046 0.335600
v 0.716235 0.375799 0.334701
v 0.716635 0.382961 0.340368
v 0.716532 0.381318 0.338537
v 0.716483 0.384503 0.339137
v 0.716305 0.382412 0.336842
v 0.717655 0.386914 0.349582
v 0.716901 0.384632 0.342886
v 0.717601 0.388800 0.349007
v 0.716807 0.386414 0.342006
v 0.718798 0.389285 0.358120
v 0.718751 0.391202 0.357658
v 0.720065 0.391346 0.367671
v 0.720024 0.393290 0.367336
v 0.721565 0.392696 0.377350
v 0.721532 0.394660 0.377162
v 0.723264 0.393410 0.389080
v 0.723234 0.395381 0.389018
v 0.725679 0.393567 0.404702
v 0.725679 0.395382 0.404938
v 0.726753 0.391810 0.411793
v 0.726810 0.392998 0.412457
v 0.178780 0.324221 1.785348
v -0.195470 0.324221 1.785348
v 0.178780 0.305748 1.785348
v -0.195470 0.305748 1.785348
v 0.219573 0.324221 1.370327
v 0.219574 0.324221 1.744557
v 0.219573 0.305748 1.370327
v 0.219574 0.305748 1.744557
v -0.195470 0.324221 1.329536
v 0.178780 0.324221 1.329536
v -0.195470 0.305748 1.329536
v 0.178780 0.305748 1.329536
v -0.236263 0.324221 1.744557
v -0.236263 0.324221 1.370327
v -0.236263 0.305748 1.744557
v -0.236263 0.305748 1.370327
v 0.207626 0.324221 1.773401
v 0.207626 0.305748 1.773401
v -0.224315 0.324221 1.773401
v -0.224315 0.305748 1.773401
v 0.207625 0.324221 1.341484
v 0.207625 0.305748 1.341484
v -0.224315 0.324221 1.341484
v -0.224315 0.305748 1.341484
v 0.638951 0.288447 -1.649792
v 0.634370 0.288447 -1.645211
v 0.638951 0.369364 -1.649792
v 0.634370 0.369364 -1.645211
v 0.632692 0.288447 -1.638953
v 0.632692 0.369364 -1.638953
v 0.634370 0.288447 -1.632695
v 0.634370 0.369364 -1.632695
v 0.638951 0.288447 -1.628114
v 0.638951 0.369364 -1.628114
v 0.645209 0.288447 -1.626437
v 0.645209 0.369364 -1.626437
v 0.651468 0.288447 -1.628114
v 0.651468 0.369364 -1.628114
v 0.656049 0.288447 -1.632695
v 0.656049 0.369364 -1.632695
v 0.657726 0.288447 -1.638953
v 0.657726 0.369364 -1.638953
v 0.656049 0.288447 -1.645211
v 0.656049 0.369364 -1.645211
v 0.651468 0.288447 -1.649792
v 0.651468 0.369364 -1.649792
v 0.645209 0.288447 -1.651469
v 0.645209 0.369364 -1.651469
v 0.645209 0.288447 -1.651469
v 0.645209 0.369364 -1.651469
v 0.657726 0.369364 -1.638953
v 0.645210 0.369364 -1.638953
v 0.656049 0.369364 -1.632695
v 0.634370 0.369364 -1.645211
v 0.632692 0.369364 -1.638953
v 0.634370 0.369364 -1.632695
v 0.638951 0.369364 -1.628114
v 0.645209 0.369364 -1.626437
v 0.651468 0.369364 -1.628114
v 0.656049 0.369364 -1.645211
v 0.651468 0.369364 -1.649792
v 0.645209 0.369364 -1.651469
v 0.638951 0.369364 -1.649792
v -0.700056 0.350108 1.277816
v -0.700423 0.350005 1.242075
v -0.720975 0.350108 1.277816
v -0.721342 0.350005 1.242075
v -0.721342 0.350005 1.207293
v -0.700423 0.350005 1.207293
v -0.721342 0.349848 1.191179
v -0.700423 0.349848 1.191179
v -0.700423 0.305548 1.207293
v -0.721342 0.305548 1.207293
v -0.700423 0.324693 1.206246
v -0.721342 0.324693 1.206246
v -0.700423 0.329898 1.204570
v -0.721342 0.329898 1.204570
v -0.700423 0.344817 1.189789
v -0.721342 0.344817 1.189789
v -0.721321 0.329302 1.248485
v -0.700401 0.329302 1.248485
v -0.720975 0.347259 1.278804
v -0.700056 0.347259 1.278804
v -0.721342 0.305548 1.207293
v -0.721342 0.305548 1.242075
v -0.721342 0.324693 1.206246
v -0.721342 0.325917 1.246022
v -0.720975 0.347259 1.278804
v -0.720975 0.350108 1.277816
v -0.721321 0.329302 1.248485
v -0.721342 0.350005 1.242075
v -0.721342 0.349848 1.191179
v -0.721342 0.344817 1.189789
v -0.721342 0.350005 1.207293
v -0.721342 0.329898 1.204570
v -0.700056 0.347259 1.278804
v -0.700056 0.350108 1.277816
v -0.720975 0.347259 1.278804
v -0.720975 0.350108 1.277816
v -0.700423 0.305548 1.207293
v -0.700423 0.324693 1.206246
v -0.700423 0.305548 1.242075
v -0.700423 0.325917 1.246022
v -0.700056 0.347259 1.278804
v -0.700401 0.329302 1.248485
v -0.700056 0.350108 1.277816
v -0.700423 0.350005 1.242075
v -0.700423 0.329898 1.204570
v -0.700423 0.349848 1.191179
v -0.700423 0.350005 1.207293
v -0.700423 0.344817 1.189789
v -0.700423 0.325917 1.246022
v -0.721342 0.325917 1.246022
v -0.700423 0.349848 1.191179
v -0.700423 0.344817 1.189789
v -0.721342 0.349848 1.191179
v -0.721342 0.344817 1.189789
v -0.721342 0.305548 1.242075
v -0.700423 0.305548 1.242075
v 0.009742 0.349955 2.501826
v 0.001305 0.349183 2.506214
v 0.008434 0.350013 2.437215
v 0.001305 0.349540 2.432249
v -0.007132 0.349955 2.501826
v -0.005824 0.350013 2.437215
v 0.008126 0.350013 2.420318
v -0.005516 0.350013 2.420318
v 0.007297 0.350279 2.414163
v 0.001305 0.349541 2.411144
v -0.004687 0.350279 2.414163
v -0.001952 0.350279 2.407688
v -0.004555 0.350852 2.410691
v -0.000324 0.350852 2.405135
v 0.002934 0.350852 2.405135
v 0.004562 0.350279 2.407688
v 0.007165 0.350852 2.410691
v 0.001305 0.349541 2.544698
v 0.007095 0.350279 2.551941
v -0.004485 0.350279 2.551941
v -0.002219 0.350852 2.555240
v 0.004829 0.350852 2.555240
v -0.006845 0.350279 2.539755
v -0.007371 0.350852 2.547083
v 0.009455 0.350279 2.539755
v -0.007577 0.349950 2.526148
v 0.010187 0.349950 2.526148
v 0.009982 0.350852 2.547083
v 0.015449 0.307144 2.540859
v 0.015449 0.307292 2.526080
v 0.011913 0.310607 2.540893
v 0.013186 0.311185 2.525385
v 0.011913 0.307017 2.553473
v 0.009163 0.309615 2.550228
v -0.009303 0.310607 2.540893
v -0.012839 0.307144 2.540859
v -0.006553 0.309615 2.550228
v -0.009303 0.307017 2.553473
v -0.010575 0.311185 2.525385
v -0.012839 0.307292 2.526080
v -0.007928 0.311468 2.409993
v 0.001305 0.311956 2.405898
v -0.009303 0.308509 2.405170
v 0.001305 0.308532 2.402898
v 0.011913 0.308509 2.405170
v 0.010538 0.311468 2.409993
v -0.012839 0.307400 2.515384
v -0.012838 0.310869 2.515419
v -0.010576 0.311419 2.501687
v -0.012839 0.307559 2.499566
v 0.015449 0.307400 2.515384
v 0.015448 0.310869 2.515419
v 0.013186 0.311419 2.501687
v 0.015449 0.307559 2.499566
v -0.011411 0.311628 2.439312
v -0.012839 0.308158 2.440057
v 0.014021 0.311628 2.439312
v 0.015449 0.308158 2.440057
v -0.012839 0.308294 2.426592
v -0.011748 0.311779 2.423459
v -0.012839 0.308358 2.420182
v 0.014358 0.311779 2.423459
v 0.015449 0.308358 2.420182
v -0.012839 0.308440 2.411987
v 0.015449 0.308440 2.411987
v 0.009245 0.360151 2.526581
v 0.011892 0.358133 2.526169
v 0.009063 0.360151 2.515797
v 0.011649 0.358133 2.515797
v 0.011649 0.352492 2.515797
v 0.011892 0.352492 2.526169
v -0.007371 0.359628 2.547083
v -0.006845 0.360151 2.539755
v -0.008924 0.358133 2.548531
v -0.009561 0.358133 2.538108
v -0.006635 0.360151 2.526581
v -0.009282 0.358133 2.526169
v -0.009561 0.352492 2.538108
v -0.009282 0.352492 2.526169
v -0.008924 0.352492 2.548531
v 0.009455 0.360151 2.539755
v 0.012171 0.358133 2.538108
v 0.009982 0.359628 2.547083
v 0.011534 0.358133 2.548531
v 0.012171 0.352492 2.538108
v 0.011534 0.352492 2.548531
v 0.007392 0.360151 2.420296
v 0.007493 0.360151 2.426304
v 0.009456 0.358133 2.422081
v 0.009555 0.352492 2.426304
v 0.009358 0.352492 2.417858
v -0.006453 0.360151 2.515797
v -0.009039 0.358133 2.515797
v -0.004883 0.360151 2.426304
v -0.006846 0.358133 2.422081
v -0.006846 0.352492 2.422081
v -0.009039 0.352492 2.515797
v -0.006453 0.360151 2.515797
v -0.006635 0.360151 2.526581
v 0.009063 0.360151 2.515797
v 0.009245 0.360151 2.526581
v -0.004485 0.360151 2.551941
v -0.006415 0.358133 2.554355
v -0.002219 0.359628 2.555240
v -0.002763 0.358133 2.556999
v -0.006415 0.352492 2.554355
v -0.002763 0.352492 2.556999
v -0.004782 0.360151 2.420296
v -0.004782 0.360151 2.420296
v -0.004883 0.360151 2.426304
v 0.007392 0.360151 2.420296
v 0.007493 0.360151 2.426304
v 0.006985 0.358133 2.408476
v 0.007164 0.359628 2.410691
v 0.007297 0.360151 2.414163
v 0.006985 0.352492 2.408476
v 0.002934 0.359628 2.405135
v 0.004562 0.360151 2.407688
v 0.002799 0.358133 2.403954
v 0.002799 0.352492 2.403954
v -0.004687 0.360151 2.414163
v -0.004375 0.358133 2.408476
v -0.004554 0.359628 2.410691
v -0.004375 0.352492 2.408476
v -0.004687 0.360151 2.414163
v -0.004554 0.359628 2.410691
v -0.001952 0.360151 2.407688
v 0.007297 0.360151 2.414163
v 0.007164 0.359628 2.410691
v 0.004562 0.360151 2.407688
v 0.002934 0.359628 2.405135
v -0.000324 0.359628 2.405135
v -0.000189 0.358133 2.403954
v -0.000324 0.359628 2.405135
v -0.000189 0.352492 2.403954
v -0.001952 0.360151 2.407688
v 0.007095 0.360151 2.551941
v 0.009025 0.358133 2.554355
v 0.004829 0.359628 2.555240
v 0.005373 0.358133 2.556999
v 0.009025 0.352492 2.554355
v 0.005373 0.352492 2.556999
v -0.004485 0.360151 2.551941
v -0.002219 0.359628 2.555240
v 0.001305 0.360824 2.544698
v 0.004829 0.359628 2.555240
v 0.007095 0.360151 2.551941
v 0.009455 0.360151 2.539755
v 0.009982 0.359628 2.547083
v -0.006845 0.360151 2.539755
v -0.007371 0.359628 2.547083
v 0.008922 0.312911 2.434651
v 0.011397 0.312963 2.426408
v -0.005375 0.313053 2.421556
v 0.008826 0.312989 2.421123
v -0.007682 0.313043 2.426345
v -0.005496 0.313022 2.432318
v 0.001305 0.312106 2.506776
v 0.001305 0.312973 2.438452
v -0.007960 0.330389 2.522445
v -0.010975 0.330422 2.515610
v -0.008964 0.316608 2.522054
v -0.012370 0.316646 2.515476
v -0.006950 0.344260 2.522838
v -0.009571 0.344288 2.515745
v -0.007850 0.330456 2.508776
v -0.006754 0.344316 2.508652
v -0.008939 0.316684 2.508899
v -0.006950 0.344260 2.522838
v -0.007960 0.330389 2.522445
v 0.009560 0.344260 2.522838
v 0.010570 0.330389 2.522445
v -0.008964 0.316608 2.522054
v 0.011574 0.316608 2.522054
v 0.009560 0.344260 2.522838
v 0.010570 0.330389 2.522445
v 0.012181 0.344288 2.515745
v 0.013585 0.330422 2.515610
v 0.011574 0.316608 2.522054
v 0.014981 0.316646 2.515476
v 0.011549 0.316684 2.508899
v 0.010460 0.330456 2.508776
v 0.009364 0.344316 2.508652
v 0.001305 0.330467 2.506497
v 0.001305 0.344325 2.506287
v 0.001305 0.316697 2.506706
v 0.001305 0.330467 2.506497
v 0.001305 0.316697 2.506706
v 0.001305 0.344325 2.506287
v 0.009204 0.349146 2.522976
v -0.006594 0.349146 2.522976
v 0.009204 0.349146 2.522976
v -0.006594 0.349146 2.522976
v -0.009049 0.350184 2.515796
v -0.009077 0.349162 2.515793
v -0.006370 0.349178 2.508608
v 0.008980 0.349178 2.508608
v 0.001305 0.349183 2.506214
v 0.001305 0.349183 2.506214
v 0.011659 0.350184 2.515796
v 0.011688 0.349162 2.515793
v 0.011910 0.311989 2.521923
v -0.009301 0.311989 2.521923
v 0.011910 0.311989 2.521923
v -0.009301 0.311989 2.521923
v 0.011912 0.312090 2.508940
v 0.015447 0.312039 2.515432
v 0.011910 0.311989 2.521923
v 0.015447 0.312039 2.515432
v 0.011912 0.312090 2.508940
v 0.001305 0.312106 2.506776
v -0.009302 0.312090 2.508940
v 0.001305 0.312106 2.506776
v 0.001305 0.312106 2.506776
v -0.009302 0.312090 2.508940
v -0.009301 0.311989 2.521923
v -0.012837 0.312039 2.515432
v -0.012837 0.312039 2.515432
v -0.004952 0.318518 2.430763
v -0.004952 0.331915 2.430763
v -0.006945 0.318518 2.426304
v -0.006945 0.331915 2.426304
v -0.004952 0.345133 2.430763
v -0.006945 0.345133 2.426304
v -0.004813 0.331915 2.421844
v -0.004813 0.345133 2.421844
v -0.004813 0.318518 2.421844
v 0.001305 0.345133 2.432249
v 0.001305 0.331915 2.432249
v 0.001305 0.318518 2.432249
v 0.001305 0.331915 2.432249
v 0.001305 0.318518 2.432249
v 0.007562 0.331915 2.430763
v 0.007562 0.318518 2.430763
v 0.001305 0.345133 2.432249
v 0.007562 0.345133 2.430763
v 0.009555 0.345133 2.426304
v 0.009555 0.331915 2.426304
v 0.009555 0.318518 2.426304
v 0.007423 0.331915 2.421844
v 0.007423 0.318518 2.421844
v 0.007423 0.345133 2.421844
v 0.007423 0.345133 2.421844
v 0.007423 0.331915 2.421844
v -0.004813 0.345133 2.421844
v -0.004813 0.331915 2.421844
v 0.007423 0.318518 2.421844
v -0.004813 0.318518 2.421844
v 0.007562 0.349540 2.430763
v -0.004952 0.349540 2.430763
v 0.001305 0.349540 2.432249
v 0.001305 0.349540 2.432249
v -0.006945 0.350278 2.426304
v -0.006945 0.349540 2.426304
v -0.004813 0.349540 2.421844
v 0.007423 0.349540 2.421844
v -0.004813 0.349540 2.421844
v 0.007423 0.349540 2.421844
v 0.009555 0.350278 2.426304
v 0.009555 0.349540 2.426304
v 0.007562 0.313574 2.430763
v 0.001305 0.313574 2.432249
v 0.001305 0.313574 2.432249
v -0.004952 0.313574 2.430763
v -0.004952 0.313574 2.430763
v 0.001305 0.313574 2.432249
v 0.007562 0.313574 2.430763
v 0.001305 0.313574 2.432249
v 0.001305 0.312973 2.438452
v 0.009555 0.313574 2.426304
v 0.008826 0.312989 2.421123
v 0.009555 0.313574 2.426304
v -0.005375 0.313053 2.421556
v 0.008826 0.312989 2.421123
v -0.007682 0.313043 2.426345
v -0.005375 0.313053 2.421556
v -0.004687 0.350279 2.414163
v -0.195470 0.324221 1.785348
v 0.178780 0.324221 1.785348
v -0.195470 0.324221 1.329536
v 0.207626 0.324221 1.773401
v 0.219574 0.324221 1.744557
v 0.219573 0.324221 1.370327
v 0.207625 0.324221 1.341484
v 0.178780 0.324221 1.329536
v -0.236263 0.324221 1.370327
v -0.224315 0.324221 1.341484
v -0.236263 0.324221 1.744557
v -0.224315 0.324221 1.773401
v 0.743360 0.375431 0.407440
v 0.743052 0.375550 0.402413
v 0.740669 0.375550 0.386787
v 0.738882 0.375550 0.375073
v 0.737406 0.375550 0.365396
v 0.735955 0.375550 0.355883
v 0.734658 0.375550 0.347380
v 0.733644 0.375550 0.340735
vn -0.1100 -0.3405 -0.9338
vn -0.4994 0.1077 -0.8597
vn -0.0415 -0.0826 -0.9957
vn -0.0533 0.2212 -0.9738
vn -0.9201 -0.3907 0.0254
vn -0.9083 -0.4160 0.0449
vn -0.9815 -0.1818 0.0606
vn -0.9680 -0.2269 0.1076
vn -0.8459 -0.5195 0.1208
vn -0.9433 -0.2929 0.1562
vn -0.9956 -0.0547 0.0763
vn -0.9903 -0.0604 0.1251
vn -0.9781 -0.0173 0.2076
vn -0.5309 0.2585 -0.8071
vn -0.0475 0.3177 -0.9470
vn 0.9714 -0.1076 -0.2116
vn 0.9551 -0.0765 -0.2864
vn 0.9772 -0.0333 -0.2096
vn 0.9489 -0.0039 -0.3157
vn 0.8145 -0.1058 -0.5704
vn 0.8480 0.0706 -0.5253
vn 0.0317 -0.0961 -0.9949
vn 0.0415 0.2094 -0.9769
vn 0.8173 0.1472 -0.5571
vn 0.9384 0.0568 -0.3409
vn 0.0416 0.3177 -0.9473
vn 0.9791 0.0728 -0.1897
vn -0.2933 0.5503 -0.7818
vn -0.2096 0.6407 -0.7386
vn 0.0976 0.5977 -0.7958
vn 0.1898 0.6843 -0.7040
vn -0.9526 0.1545 -0.2621
vn -0.9659 0.1408 -0.2171
vn -0.9891 0.0489 -0.1388
vn -0.9928 0.0606 -0.1036
vn -0.9381 0.1446 -0.3147
vn -0.9811 0.0039 -0.1935
vn -0.1469 0.7347 -0.6623
vn 0.2545 0.7705 -0.5844
vn -0.9036 -0.2501 0.3478
vn -0.8795 -0.3306 0.3424
vn -0.8300 -0.4827 0.2796
vn -0.9595 -0.0665 -0.2736
vn -0.9242 0.0940 -0.3701
vn -0.7920 -0.6005 0.1096
vn -0.7352 -0.6711 -0.0956
vn -0.9150 -0.1428 -0.3773
vn -0.8976 0.0274 -0.4400
vn -0.1314 0.8215 -0.5549
vn 0.2565 0.8609 -0.4394
vn -0.1726 0.8864 -0.4295
vn 0.1820 0.9412 -0.2845
vn 0.8929 -0.2702 0.3602
vn 0.9467 0.2095 -0.2448
vn 0.9090 -0.2723 0.3155
vn 0.9480 0.2624 -0.1802
vn 0.7450 0.4179 -0.5200
vn 0.7701 0.4922 -0.4059
vn 0.9499 0.3055 -0.0666
vn 0.8075 0.5374 -0.2433
vn 0.9402 -0.1939 0.2801
vn 0.1608 0.6018 -0.7823
vn 0.2489 0.6897 -0.6799
vn 0.3056 0.7797 -0.5466
vn 0.9313 0.3568 0.0726
vn 0.8129 0.5783 -0.0688
vn 0.2924 0.8712 -0.3944
vn 0.2101 0.9485 -0.2370
vn 0.7659 0.6332 0.1115
vn 0.8772 0.4209 0.2311
vn 0.9477 -0.0924 0.3056
vn 0.9218 0.0075 0.3876
vn -0.8194 -0.1135 -0.5619
vn -0.8533 0.0666 -0.5172
vn -0.0337 -0.0980 -0.9946
vn -0.0396 0.2094 -0.9770
vn -0.9510 -0.0059 -0.3092
vn -0.9567 -0.0802 -0.2798
vn -0.9717 -0.1090 -0.2094
vn -0.9781 -0.0333 -0.2054
vn -0.8234 0.1469 -0.5481
vn -0.9413 0.0568 -0.3327
vn -0.9794 0.0746 -0.1874
vn -0.0397 0.3178 -0.9473
vn 0.1099 -0.3521 -0.9295
vn 0.0375 -0.0826 -0.9959
vn -0.1607 0.5997 -0.7839
vn -0.7475 0.4171 -0.5170
vn -0.2489 0.6897 -0.6800
vn -0.7708 0.4914 -0.4054
vn -0.9485 0.2620 -0.1779
vn -0.9473 0.2092 -0.2425
vn -0.8097 0.5343 -0.2428
vn -0.9501 0.3049 -0.0665
vn -0.3074 0.7792 -0.5462
vn -0.8926 -0.2695 0.3614
vn -0.9088 -0.2717 0.3167
vn -0.9404 -0.1936 0.2796
vn -0.9316 0.3562 0.0724
vn -0.8136 0.5774 -0.0687
vn -0.9479 -0.0922 0.3050
vn -0.9221 0.0074 0.3869
vn -0.8776 0.4202 0.2307
vn -0.7667 0.6322 0.1113
vn -0.2942 0.8707 -0.3942
vn -0.2120 0.9481 -0.2369
vn 0.9029 -0.2509 0.3490
vn 0.9931 0.0587 -0.1018
vn 0.8784 -0.3309 0.3447
vn 0.9893 0.0490 -0.1371
vn 0.9665 0.1392 -0.2157
vn 0.9532 0.1530 -0.2608
vn 0.9810 0.0020 -0.1938
vn 0.9381 0.1430 -0.3153
vn 0.8283 -0.4840 0.2823
vn 0.2901 0.5509 -0.7825
vn -0.0997 0.5963 -0.7965
vn 0.2059 0.6412 -0.7393
vn -0.1914 0.6831 -0.7048
vn 0.1450 0.7349 -0.6625
vn -0.2563 0.7701 -0.5841
vn 0.9594 -0.0666 -0.2741
vn 0.9242 0.0940 -0.3701
vn 0.1313 0.8215 -0.5549
vn -0.2565 0.8609 -0.4394
vn 0.1707 0.8867 -0.4297
vn -0.1839 0.9409 -0.2844
vn 0.8972 0.0274 -0.4407
vn 0.9147 -0.1430 -0.3780
vn 0.7913 -0.6015 0.1098
vn 0.7343 -0.6720 -0.0958
vn 0.0436 0.3177 -0.9472
vn 0.5249 0.2586 -0.8109
vn 0.0494 0.2213 -0.9740
vn 0.4977 0.1117 -0.8601
vn 0.9803 -0.1859 0.0665
vn 0.9951 -0.0548 0.0823
vn 0.9668 -0.2290 0.1135
vn 0.9897 -0.0607 0.1294
vn 0.9776 -0.0173 0.2099
vn 0.9430 -0.2915 0.1604
vn 0.9047 -0.4230 0.0509
vn 0.9162 -0.3994 0.0333
vn 0.8443 -0.5211 0.1254
vn 0.3739 0.1679 0.9122
vn 0.3212 0.5347 0.7816
vn 0.2755 0.1617 0.9476
vn 0.2387 0.5264 0.8160
vn 0.1996 0.6912 0.6946
vn 0.2683 0.7017 0.6600
vn 0.0919 0.6734 0.7335
vn 0.1095 0.5105 0.8529
vn 0.1390 0.6817 0.7183
vn 0.1643 0.5184 0.8392
vn 0.1897 0.1521 0.9700
vn 0.1270 0.1461 0.9811
vn 0.0001 0.9998 0.0180
vn 0.0021 0.9999 0.0161
vn 0.0020 0.9999 0.0161
vn 0.0001 0.9999 0.0161
vn 0.0489 0.5006 0.8643
vn 0.0411 0.6573 0.7525
vn 0.0156 0.5003 0.8657
vn 0.0137 0.6598 0.7513
vn -0.0000 0.9997 0.0259
vn -0.0000 0.9998 0.0181
vn -0.0000 0.6599 0.7514
vn -0.0001 0.9998 0.0180
vn -0.0000 0.4989 0.8667
vn 0.0572 0.1326 0.9895
vn 0.0196 0.1325 0.9910
vn -0.0000 0.1306 0.9914
vn 0.0061 0.9999 0.0121
vn 0.3540 0.7105 0.6082
vn 0.4248 0.5403 0.7264
vn 0.4967 0.7144 0.4928
vn 0.4308 0.7153 0.5503
vn 0.5896 0.5348 0.6053
vn 0.5149 0.5403 0.6656
vn 0.0140 0.9999 0.0003
vn 0.0316 0.9993 -0.0193
vn 0.4953 0.1718 0.8516
vn 0.5968 0.1679 0.7846
vn 0.6751 0.1600 0.7202
vn 0.6614 0.5225 0.5381
vn 0.7280 0.5049 0.4638
vn 0.5598 0.7091 0.4286
vn 0.6227 0.6957 0.3583
vn 0.7482 0.1406 0.6484
vn 0.8092 0.1152 0.5761
vn 0.8782 0.0604 0.4745
vn 0.8144 0.4640 0.3485
vn 0.7063 0.6657 0.2406
vn 0.0532 0.9977 -0.0429
vn 0.0826 0.9937 -0.0762
vn 0.1433 0.9791 -0.1447
vn -0.2135 0.9126 -0.3486
vn 0.1055 0.9783 -0.1786
vn -0.8643 -0.0196 -0.5026
vn -0.8641 -0.2053 -0.4595
vn -0.8081 -0.0624 -0.5857
vn -0.7942 -0.2504 -0.5536
vn -0.7568 -0.0855 -0.6481
vn -0.7367 -0.2756 -0.6175
vn 0.0428 0.9932 -0.1080
vn -0.2427 0.9201 -0.3074
vn 0.0134 0.9970 -0.0767
vn -0.2524 0.9201 -0.2996
vn -0.6625 -0.7158 -0.2208
vn -0.5787 -0.7474 -0.3264
vn -0.5180 -0.7628 -0.3870
vn -0.6970 -0.1054 -0.7093
vn -0.6710 -0.2935 -0.6809
vn -0.6279 -0.1213 -0.7688
vn -0.6009 -0.3073 -0.7379
vn -0.4576 -0.7749 -0.4361
vn -0.3988 -0.7808 -0.4810
vn -0.5048 -0.3189 -0.8022
vn -0.3265 -0.7905 -0.5182
vn -0.3897 -0.3251 -0.8617
vn -0.2522 -0.7884 -0.5611
vn -0.5346 -0.1332 -0.8345
vn -0.4135 -0.1447 -0.8989
vn -0.0061 0.9985 -0.0551
vn -0.2525 0.9173 -0.3077
vn -0.0198 0.9989 -0.0414
vn -0.2466 0.9136 -0.3234
vn -0.0257 0.9990 -0.0375
vn -0.2232 0.9065 -0.3583
vn -0.0237 0.9988 -0.0435
vn -0.1842 0.8942 -0.4079
vn -0.0178 0.9984 -0.0533
vn -0.1410 0.8795 -0.4545
vn -0.2896 -0.3249 -0.9003
vn -0.3073 -0.1505 -0.9396
vn -0.1370 -0.3191 -0.9378
vn -0.1444 -0.1544 -0.9774
vn -0.2036 -0.3231 -0.9242
vn -0.2154 -0.1545 -0.9642
vn -0.0138 0.9982 -0.0591
vn -0.1030 0.8658 -0.4897
vn -0.0099 0.9978 -0.0651
vn -0.0724 0.8540 -0.5152
vn -0.1917 -0.7851 -0.5889
vn -0.1369 -0.7789 -0.6121
vn -0.0919 -0.7747 -0.6256
vn -0.0666 -0.1548 -0.9857
vn -0.0627 -0.3173 -0.9462
vn -0.0235 -0.1548 -0.9877
vn -0.0210 -0.3132 -0.9494
vn -0.0431 -0.7736 -0.6322
vn -0.0157 -0.7653 -0.6435
vn -0.0000 -0.7618 -0.6478
vn -0.0000 -0.3133 -0.9497
vn -0.0000 -0.1547 -0.9880
vn -0.0059 0.9980 -0.0632
vn -0.0333 0.8414 -0.5394
vn -0.0019 0.9973 -0.0729
vn -0.0108 0.8358 -0.5489
vn -0.0000 0.9970 -0.0768
vn -0.0019 0.8347 -0.5506
vn -0.1452 0.9788 -0.1446
vn -0.7082 0.6638 0.2406
vn -0.8151 0.4632 0.3479
vn -0.7296 0.5027 0.4636
vn -0.6239 0.6948 0.3578
vn -0.0846 0.9935 -0.0762
vn -0.8786 0.0603 0.4737
vn -0.8099 0.1150 0.5752
vn -0.5612 0.7084 0.4282
vn -0.6625 0.5218 0.5375
vn -0.4982 0.7137 0.4924
vn -0.5909 0.5341 0.6046
vn -0.7493 0.1385 0.6476
vn -0.6764 0.1579 0.7194
vn -0.5163 0.5397 0.6649
vn -0.5980 0.1677 0.7837
vn -0.4264 0.5399 0.7257
vn -0.4967 0.1717 0.8507
vn -0.3557 0.7100 0.6078
vn -0.4324 0.7147 0.5498
vn -0.0552 0.9976 -0.0429
vn -0.0336 0.9993 -0.0193
vn -0.0159 0.9999 0.0003
vn -0.0080 0.9999 0.0121
vn -0.2701 0.7013 0.6597
vn -0.2014 0.6909 0.6943
vn -0.0021 0.9998 0.0180
vn -0.0040 0.9999 0.0161
vn -0.2406 0.5261 0.8157
vn -0.3230 0.5344 0.7811
vn -0.0607 0.6659 0.7436
vn -0.1173 0.6674 0.7354
vn -0.0743 0.5044 0.8603
vn -0.1389 0.5103 0.8487
vn -0.0040 0.9997 0.0239
vn -0.0020 0.9998 0.0180
vn -0.3755 0.1678 0.9115
vn -0.2773 0.1617 0.9471
vn -0.1586 0.1464 0.9764
vn -0.0840 0.1402 0.9865
vn -0.0176 0.5003 0.8657
vn -0.0157 0.6598 0.7513
vn -0.0215 0.1325 0.9910
vn 0.8637 -0.2056 -0.4602
vn 0.6614 -0.7167 -0.2211
vn 0.8638 -0.0196 -0.5034
vn 0.7935 -0.2508 -0.5545
vn 0.8077 -0.0621 -0.5864
vn 0.5774 -0.7482 -0.3268
vn 0.2134 0.9126 -0.3486
vn -0.1075 0.9780 -0.1785
vn 0.2409 0.9205 -0.3075
vn -0.0447 0.9931 -0.1080
vn 0.7564 -0.0861 -0.6485
vn 0.6968 -0.1050 -0.7096
vn 0.7358 -0.2759 -0.6184
vn 0.6700 -0.2939 -0.6818
vn -0.0154 0.9969 -0.0767
vn 0.0042 0.9985 -0.0551
vn 0.2507 0.9205 -0.2998
vn 0.2507 0.9178 -0.3078
vn 0.0179 0.9990 -0.0414
vn 0.0237 0.9990 -0.0376
vn 0.2456 0.9139 -0.3232
vn 0.2214 0.9066 -0.3592
vn 0.6268 -0.1213 -0.7697
vn 0.5335 -0.1333 -0.8353
vn 0.5996 -0.3076 -0.7388
vn 0.5033 -0.3192 -0.8030
vn 0.5165 -0.7636 -0.3874
vn 0.4560 -0.7756 -0.4364
vn 0.3972 -0.7814 -0.4814
vn 0.3247 -0.7910 -0.5185
vn 0.2494 -0.7888 -0.5618
vn 0.3880 -0.3253 -0.8623
vn 0.1898 -0.7854 -0.5891
vn 0.2879 -0.3251 -0.9008
vn 0.3057 -0.1508 -0.9401
vn 0.4116 -0.1450 -0.8997
vn 0.0861 -0.3191 -0.9438
vn 0.1664 -0.3230 -0.9317
vn 0.0921 -0.1548 -0.9836
vn 0.1783 -0.1548 -0.9717
vn 0.1115 -0.7829 -0.6121
vn 0.0587 -0.7730 -0.6317
vn 0.0217 0.9988 -0.0434
vn 0.0158 0.9985 -0.0532
vn 0.1827 0.8945 -0.4080
vn 0.1395 0.8796 -0.4548
vn 0.0099 0.9985 -0.0533
vn 0.0059 0.9977 -0.0671
vn 0.0842 0.8599 -0.5035
vn 0.0437 0.8449 -0.5332
vn 0.0216 -0.1547 -0.9877
vn 0.0196 -0.3132 -0.9495
vn -0.0000 0.9973 -0.0729
vn 0.0108 0.8358 -0.5489
vn 0.0137 -0.7653 -0.6435
vn 0.4460 0.1390 0.8842
vn 0.5578 0.1155 0.8219
vn 0.4264 0.3657 0.8273
vn 0.5304 0.3562 0.7693
vn 0.6829 0.0824 0.7258
vn 0.8383 0.0274 0.5446
vn 0.6539 0.3328 0.6794
vn 0.8108 0.2742 0.5171
vn 0.9309 -0.0215 0.3646
vn 0.9096 0.2269 0.3482
vn 0.9880 -0.0784 0.1333
vn 0.9807 0.1468 0.1292
vn 0.6928 0.5798 0.4287
vn 0.7966 0.5368 0.2780
vn 0.8774 0.4705 0.0940
vn 0.3525 0.6391 0.6836
vn 0.4385 0.6387 0.6323
vn 0.5481 0.6231 0.5580
vn -0.6887 -0.6672 -0.2837
vn -0.8167 -0.4826 -0.3165
vn -0.7874 -0.6037 -0.1251
vn -0.9112 -0.3931 -0.1232
vn -0.6023 -0.6981 -0.3872
vn -0.7118 -0.5378 -0.4518
vn -0.5811 -0.5616 -0.5890
vn -0.4892 -0.7162 -0.4978
vn -0.4088 -0.7161 -0.5658
vn -0.3392 -0.7092 -0.6180
vn -0.4830 -0.5651 -0.6688
vn -0.3951 -0.5633 -0.7257
vn -0.6785 -0.2909 -0.6746
vn -0.8229 -0.2498 -0.5103
vn -0.4579 -0.3088 -0.8337
vn -0.5613 -0.3066 -0.7687
vn -0.9252 -0.1678 -0.3404
vn -0.9913 -0.0563 -0.1193
vn -0.9553 -0.0391 0.2931
vn -0.9397 0.1915 0.2833
vn -0.9880 -0.0782 0.1331
vn -0.9808 0.1465 0.1290
vn -0.8745 0.0120 0.4849
vn -0.8460 0.2676 0.4611
vn -0.7598 0.3047 0.5743
vn -0.7921 0.0475 0.6085
vn -0.6551 0.3324 0.6785
vn -0.6839 0.0821 0.7250
vn -0.4460 0.1389 0.8842
vn -0.4295 0.3651 0.8259
vn -0.5745 0.1114 0.8109
vn -0.5459 0.3542 0.7593
vn -0.5475 0.6243 0.5573
vn -0.6380 0.6072 0.4736
vn -0.3538 0.6378 0.6842
vn -0.4511 0.6372 0.6249
vn -0.8293 0.5071 0.2347
vn -0.8786 0.4681 0.0940
vn -0.7215 0.5793 0.3793
vn 0.9912 -0.0564 -0.1196
vn 0.9465 -0.1563 -0.2823
vn 0.9109 -0.3937 -0.1234
vn 0.8422 -0.4720 -0.2605
vn 0.8589 -0.2232 -0.4609
vn 0.7498 -0.5169 -0.4131
vn 0.7753 -0.2639 -0.5737
vn 0.6774 -0.2913 -0.6755
vn 0.6714 -0.5442 -0.5031
vn 0.5811 -0.5616 -0.5890
vn 0.5726 -0.3055 -0.7608
vn 0.4563 -0.3090 -0.8344
vn 0.4930 -0.5654 -0.6613
vn 0.3934 -0.5637 -0.7262
vn 0.5632 -0.7078 -0.4265
vn 0.4894 -0.7162 -0.4975
vn 0.3389 -0.7101 -0.6172
vn 0.4173 -0.7170 -0.5584
vn 0.7866 -0.6046 -0.1252
vn 0.7226 -0.6501 -0.2350
vn 0.6303 -0.6908 -0.3542
vn 0.9858 0.0646 -0.1548
vn 0.9820 0.0314 -0.1862
vn 0.9273 0.3416 -0.1529
vn 0.9407 0.2944 -0.1686
vn 0.9106 0.4000 -0.1038
vn 0.9918 0.0765 -0.1019
vn 0.9016 0.4317 -0.0294
vn 0.9952 0.0960 -0.0196
vn 0.9876 -0.1176 -0.1039
vn 0.9939 -0.1081 -0.0196
vn 0.9807 -0.1174 -0.1566
vn 0.9751 -0.1175 -0.1880
vn 0.2309 0.1749 0.9571
vn 0.3269 0.1605 0.9313
vn 0.2231 0.3738 0.9003
vn 0.3132 0.3739 0.8730
vn 0.1232 0.3736 0.9194
vn 0.0625 0.3713 0.9264
vn 0.1252 0.1859 0.9746
vn 0.0646 0.1916 0.9793
vn 0.1820 0.6344 0.7513
vn 0.2581 0.6380 0.7255
vn 0.0999 0.6233 0.7756
vn 0.0508 0.6240 0.7798
vn 0.0137 0.3697 0.9291
vn 0.0117 0.6226 0.7825
vn -0.0000 0.3714 0.9285
vn -0.0000 0.6247 0.7808
vn 0.0138 0.1936 0.9810
vn -0.0000 0.1953 0.9807
vn -0.0000 -0.2660 -0.9640
vn -0.0176 -0.2678 -0.9633
vn -0.0000 -0.4997 -0.8662
vn -0.0156 -0.5026 -0.8644
vn -0.0705 -0.2737 -0.9592
vn -0.0646 -0.5108 -0.8573
vn -0.1369 -0.2851 -0.9487
vn -0.1213 -0.5264 -0.8415
vn -0.2450 -0.2956 -0.9234
vn -0.3425 -0.3049 -0.8886
vn -0.2173 -0.5383 -0.8143
vn -0.2993 -0.5516 -0.7785
vn -0.0607 -0.6498 -0.7577
vn -0.1116 -0.6614 -0.7417
vn -0.1914 -0.6808 -0.7071
vn -0.2603 -0.6963 -0.6689
vn -0.0000 -0.6383 -0.7698
vn -0.0156 -0.6395 -0.7687
vn -0.8398 -0.5429 0.0078
vn -0.9477 -0.3185 0.0215
vn -0.8535 -0.5136 0.0879
vn -0.9545 -0.2797 0.1037
vn -0.9991 0.0337 0.0254
vn -0.9895 0.0962 0.1076
vn -0.9506 -0.2680 0.1565
vn -0.9780 0.1354 0.1585
vn -0.9411 -0.2890 0.1757
vn -0.9720 0.1491 0.1818
vn -0.8505 -0.5083 0.1349
vn -0.8368 -0.5259 0.1525
vn -0.9952 0.0958 -0.0196
vn -0.9019 0.4309 -0.0293
vn -0.9110 0.3992 -0.1036
vn -0.9919 0.0763 -0.1017
vn -0.9825 0.0293 -0.1840
vn -0.9409 0.2939 -0.1682
vn -0.9811 -0.0039 -0.1935
vn -0.9627 0.2039 -0.1780
vn -0.9750 -0.1191 -0.1876
vn -0.9733 -0.1173 -0.1974
vn -0.9940 -0.1076 -0.0196
vn -0.9879 -0.1174 -0.1018
vn -0.2637 0.3750 0.8887
vn -0.2716 0.1680 0.9476
vn -0.1604 0.3736 0.9136
vn -0.1623 0.1819 0.9698
vn -0.0664 0.1915 0.9792
vn -0.0645 0.3712 0.9263
vn -0.0156 0.3696 0.9290
vn -0.0156 0.1939 0.9809
vn -0.0528 0.6239 0.7797
vn -0.0137 0.6226 0.7825
vn -0.2171 0.6304 0.7453
vn -0.1291 0.6286 0.7670
vn 0.2505 -0.5500 -0.7967
vn 0.2862 -0.3014 -0.9095
vn 0.1528 -0.5290 -0.8347
vn 0.1724 -0.2875 -0.9421
vn 0.0685 -0.2737 -0.9594
vn 0.0626 -0.5109 -0.8574
vn 0.0137 -0.5026 -0.8644
vn 0.0157 -0.2678 -0.9633
vn 0.0138 -0.6394 -0.7688
vn 0.0588 -0.6499 -0.7577
vn 0.2214 -0.6895 -0.6896
vn 0.1411 -0.6700 -0.7288
vn 0.8392 -0.5438 0.0078
vn 0.9475 -0.3191 0.0215
vn 0.8530 -0.5143 0.0881
vn 0.9543 -0.2802 0.1039
vn 0.9408 -0.2895 0.1761
vn 0.8359 -0.5266 0.1547
vn 0.9288 -0.3292 0.1705
vn 0.8254 -0.5477 0.1369
vn 0.9719 0.1493 0.1822
vn 0.9732 0.1297 0.1900
vn 0.9991 0.0337 0.0255
vn 0.9895 0.0964 0.1077
vn -0.5311 0.3311 -0.7799
vn -0.0533 0.3739 -0.9259
vn -0.9971 -0.0057 0.0763
vn -0.9921 -0.0118 0.1253
vn -0.9930 -0.0117 0.1173
vn -0.9983 0.0039 0.0586
vn -0.5143 0.3422 -0.7864
vn -0.0513 0.3779 -0.9244
vn -0.9607 -0.0156 0.2773
vn -0.9477 -0.0401 0.3166
vn -0.9978 0.0411 -0.0528
vn -0.9817 0.1056 -0.1584
vn -0.9994 0.0098 0.0332
vn -0.9977 0.0450 -0.0509
vn -0.9143 -0.1251 0.3853
vn -0.9042 -0.2072 0.3734
vn -0.4385 0.4050 -0.8023
vn -0.3742 0.4702 -0.7994
vn -0.0240 0.4471 -0.8942
vn 0.0231 0.5155 -0.8566
vn 0.0455 0.3706 -0.9277
vn 0.0415 0.3758 -0.9258
vn 0.0887 0.5164 -0.8518
vn 0.0513 0.4466 -0.8933
vn 0.9973 0.0511 -0.0525
vn 0.9003 0.1353 -0.4138
vn 0.7723 0.2080 -0.6003
vn 0.9094 0.1333 -0.3940
vn 0.7756 0.2137 -0.5939
vn 0.9975 -0.0354 0.0611
vn 0.7799 0.2569 -0.5707
vn 0.7633 0.3252 -0.5582
vn 0.9422 0.1332 -0.3075
vn 0.9482 0.1606 -0.2742
vn 0.9596 -0.1273 0.2507
vn 0.9185 -0.2037 0.3389
vn -0.7801 0.2113 -0.5889
vn -0.7860 0.2211 -0.5773
vn -0.0415 0.3741 -0.9265
vn -0.0396 0.3959 -0.9174
vn -0.9128 0.1309 -0.3870
vn -0.9306 0.1251 -0.3441
vn -0.9445 0.1310 -0.3012
vn -0.7843 0.2545 -0.5657
vn -0.0513 0.4466 -0.8933
vn -0.9971 -0.0373 0.0668
vn -0.9856 -0.0725 0.1529
vn -0.9593 -0.1271 0.2523
vn -0.9497 0.1586 -0.2702
vn -0.7662 0.3228 -0.5556
vn -0.9182 -0.2032 0.3400
vn -0.0904 0.5167 -0.8514
vn 0.0200 0.4463 -0.8946
vn 0.0396 0.3976 -0.9167
vn -0.0251 0.5156 -0.8565
vn 0.0474 0.3780 -0.9246
vn 0.3685 0.4704 -0.8018
vn 0.9824 0.1039 -0.1549
vn 0.9979 0.0412 -0.0490
vn 0.9979 0.0451 -0.0471
vn 0.9993 0.0098 0.0372
vn 0.4330 0.4055 -0.8051
vn 0.9028 -0.2078 0.3764
vn 0.9127 -0.1274 0.3882
vn 0.9952 -0.0078 0.0979
vn 0.9995 0.0137 0.0294
vn 0.9343 -0.0627 0.3510
vn 0.9461 -0.0411 0.3213
vn 0.9925 -0.0118 0.1214
vn 0.9979 0.0039 0.0647
vn 0.4783 0.3626 -0.7999
vn 0.5056 0.3429 -0.7917
vn 0.7947 0.5966 -0.1119
vn 0.7340 0.6792 0.0039
vn 0.6676 0.7420 0.0607
vn 0.1530 0.9882 -0.0000
vn 0.1548 0.9879 -0.0000
vn 0.2114 0.9773 -0.0137
vn 0.2134 0.9768 -0.0157
vn 0.2784 0.9588 -0.0569
vn 0.2802 0.9582 -0.0588
vn 0.0861 0.9963 0.0039
vn 0.0862 0.9963 0.0039
vn 0.0627 0.9977 0.0274
vn 0.0608 0.9975 0.0353
vn 0.5761 0.8112 0.0999
vn 0.5484 0.8265 0.1273
vn 0.6124 0.7416 0.2739
vn 0.0275 0.9644 0.2630
vn 0.0235 0.9596 0.2804
vn -0.1485 -0.0351 0.9883
vn -0.1486 -0.1036 0.9835
vn -0.1484 -0.0352 0.9883
vn -0.1485 -0.1075 0.9830
vn 0.7979 -0.0528 0.6004
vn 0.7245 -0.1038 0.6814
vn 0.5889 -0.2661 0.7631
vn -0.1485 -0.2883 0.9460
vn -0.1482 -0.2925 0.9447
vn 0.5022 -0.4299 0.7503
vn 0.4870 -0.4948 0.7197
vn -0.1445 -0.4803 0.8651
vn -0.1329 -0.5529 0.8226
vn -0.1335 -0.5525 0.8227
vn 0.4379 -0.5726 0.6930
vn 0.3832 -0.7118 0.5886
vn -0.1172 -0.6132 0.7812
vn -0.1095 -0.7316 0.6729
vn -0.1172 -0.6131 0.7812
vn -0.1094 -0.7287 0.6760
vn 0.3716 -0.8410 0.3931
vn 0.3406 -0.9220 0.1840
vn -0.1718 -0.8984 0.4043
vn -0.1700 -0.8968 0.4084
vn -0.1251 -0.8388 0.5299
vn -0.1250 -0.8365 0.5336
vn 0.2875 -0.9562 0.0548
vn 0.2176 -0.9756 -0.0297
vn -0.2579 -0.9134 0.3149
vn -0.2580 -0.9128 0.3167
vn -0.2170 -0.9150 0.3402
vn 0.1719 -0.9829 -0.0664
vn 0.1338 -0.9869 -0.0905
vn 0.1006 -0.9891 -0.1077
vn 0.0729 -0.9904 -0.1177
vn -0.2715 -0.8944 0.3554
vn -0.2421 -0.8907 0.3849
vn -0.2714 -0.8944 0.3555
vn -0.2415 -0.8905 0.3855
vn -0.2754 -0.9064 0.3203
vn -0.2773 -0.9002 0.3359
vn -0.2750 -0.9072 0.3183
vn -0.2772 -0.9002 0.3359
vn 0.4547 0.3448 -0.8212
vn 0.5648 0.3509 -0.7469
vn 0.6568 0.3705 -0.6568
vn 0.7331 0.4016 -0.5488
vn 0.3117 0.8941 -0.3216
vn 0.3122 0.8937 -0.3223
vn 0.3350 0.9049 -0.2625
vn 0.3353 0.9053 -0.2608
vn 0.2234 0.8836 -0.4115
vn 0.2743 0.8875 -0.3703
vn 0.2254 0.8839 -0.4097
vn 0.2762 0.8870 -0.3701
vn 0.7869 0.4412 -0.4314
vn 0.8175 0.5155 -0.2568
vn 0.3235 0.9391 -0.1157
vn 0.3234 0.9389 -0.1176
vn 0.3431 0.9174 -0.2019
vn 0.3432 0.9177 -0.2000
vn 0.0412 -0.9903 -0.1331
vn 0.0530 -0.9905 -0.1266
vn 0.0139 -0.9878 -0.1548
vn 0.0254 -0.9892 -0.1447
vn -0.0427 -0.8985 0.4369
vn -0.0430 -0.8983 0.4373
vn -0.0821 -0.8933 0.4418
vn -0.1406 -0.8909 0.4319
vn -0.1424 -0.8906 0.4319
vn -0.1921 -0.8895 0.4146
vn -0.1916 -0.8896 0.4145
vn 0.0020 -0.9868 -0.1622
vn -0.0000 -0.9864 -0.1641
vn -0.0000 -0.9036 0.4283
vn -0.0115 -0.9022 0.4312
vn -0.0117 -0.9020 0.4315
vn -0.0020 0.3842 -0.9233
vn 0.0157 0.3818 -0.9241
vn 0.0687 0.3726 -0.9255
vn 0.0020 0.9502 -0.3115
vn 0.0215 0.9614 -0.2741
vn 0.0196 0.9615 -0.2742
vn -0.0000 0.9364 -0.3511
vn -0.0000 0.9365 -0.3507
vn 0.1725 0.3587 -0.9174
vn 0.2860 0.3467 -0.8933
vn 0.1235 0.9174 -0.3783
vn 0.1274 0.9153 -0.3822
vn 0.0627 0.9488 -0.3097
vn 0.0607 0.9496 -0.3074
vn -0.0215 -0.9887 -0.1486
vn -0.0312 -0.9895 -0.1409
vn -0.0422 -0.9902 -0.1328
vn -0.0546 -0.9904 -0.1270
vn 0.1388 -0.8912 0.4319
vn 0.1898 -0.8900 0.4147
vn 0.1407 -0.8909 0.4319
vn 0.0646 -0.8957 0.4399
vn 0.0963 -0.8929 0.4399
vn 0.0658 -0.8957 0.4398
vn 0.0984 -0.8924 0.4404
vn -0.2450 0.3509 -0.9038
vn -0.3417 0.3450 -0.8742
vn -0.1370 0.3621 -0.9220
vn -0.0706 0.3725 -0.9253
vn -0.0490 0.9581 -0.2822
vn -0.0215 0.9668 -0.2544
vn -0.0470 0.9582 -0.2822
vn -0.0215 0.9673 -0.2526
vn -0.1137 0.9112 -0.3959
vn -0.1156 0.9093 -0.3998
vn -0.1588 0.8956 -0.4155
vn -0.1586 0.8967 -0.4131
vn -0.0176 0.3818 -0.9241
vn -0.0039 0.9571 -0.2897
vn -0.0039 0.9577 -0.2879
vn -0.0037 -0.9865 -0.1635
vn -0.0118 -0.9876 -0.1562
vn 0.0098 -0.9022 0.4311
vn 0.0293 -0.8994 0.4361
vn 0.0098 -0.9021 0.4314
vn -0.8109 0.4955 -0.3114
vn -0.7955 0.5956 -0.1117
vn -0.7674 0.4209 -0.4836
vn -0.3311 0.9324 -0.1450
vn -0.3430 0.9114 -0.2274
vn -0.3309 0.9321 -0.1469
vn -0.3429 0.9110 -0.2292
vn -0.2803 0.9582 -0.0567
vn -0.2823 0.9576 -0.0576
vn -0.6574 0.3718 -0.6555
vn -0.4562 0.3446 -0.8205
vn -0.5538 0.3500 -0.7555
vn -0.2567 0.9014 -0.3488
vn -0.1997 0.9105 -0.3622
vn -0.1997 0.9104 -0.3622
vn -0.3112 0.8945 -0.3210
vn -0.3132 0.8945 -0.3191
vn -0.0742 -0.9903 -0.1175
vn -0.1347 -0.9868 -0.0899
vn -0.1015 -0.9890 -0.1075
vn 0.2697 -0.8949 0.3556
vn 0.2755 -0.9006 0.3361
vn 0.2698 -0.8948 0.3556
vn 0.2403 -0.8911 0.3850
vn 0.2404 -0.8911 0.3850
vn -0.2182 -0.9754 -0.0301
vn -0.1730 -0.9827 -0.0662
vn -0.2892 -0.9557 0.0547
vn -0.3424 -0.9214 0.1839
vn 0.2151 -0.9154 0.3403
vn 0.1699 -0.8987 0.4044
vn 0.2152 -0.9154 0.3403
vn 0.1681 -0.8971 0.4085
vn 0.2736 -0.9069 0.3205
vn 0.2564 -0.9138 0.3151
vn 0.2720 -0.9079 0.3190
vn 0.2562 -0.9133 0.3167
vn -0.0979 0.9952 0.0059
vn -0.1175 0.9931 0.0059
vn -0.0979 0.9952 0.0078
vn -0.5774 0.8103 0.0998
vn -0.6128 0.7851 0.0901
vn -0.6687 0.7411 0.0606
vn -0.1549 0.9879 -0.0000
vn -0.1568 0.9876 -0.0000
vn 0.1468 -0.0351 0.9885
vn 0.1466 -0.0352 0.9886
vn 0.1348 0.1527 0.9790
vn 0.1333 0.1645 0.9773
vn -0.8012 -0.0528 0.5960
vn -0.8292 0.0786 0.5534
vn -0.6124 0.7415 0.2739
vn -0.0313 0.9492 0.3132
vn -0.0313 0.9478 0.3172
vn -0.7349 0.6782 0.0039
vn -0.2114 0.9773 -0.0137
vn -0.2152 0.9764 -0.0157
vn -0.3733 -0.8404 0.3928
vn -0.3849 -0.7112 0.5882
vn 0.1229 -0.8390 0.5301
vn 0.1076 -0.7316 0.6731
vn 0.1231 -0.8367 0.5337
vn 0.1075 -0.7289 0.6762
vn -0.4412 -0.5722 0.6913
vn -0.4885 -0.4943 0.7190
vn 0.1309 -0.5530 0.8228
vn 0.1310 -0.5530 0.8228
vn 0.1153 -0.6133 0.7814
vn 0.1152 -0.6133 0.7814
vn -0.5044 -0.4301 0.7488
vn -0.5915 -0.2655 0.7614
vn 0.1467 -0.2892 0.9460
vn 0.1476 -0.2927 0.9447
vn 0.1427 -0.4805 0.8653
vn 0.1426 -0.4805 0.8653
vn 0.6334 -0.6138 0.4712
vn 0.6458 -0.5910 0.4834
vn 0.7835 -0.4122 0.4650
vn 0.7734 -0.3779 0.5090
vn 0.3558 -0.8307 0.4281
vn 0.3875 -0.8318 0.3974
vn 0.4086 -0.8191 0.4027
vn 0.4085 -0.8072 0.4261
vn 0.6319 -0.5654 0.5302
vn 0.6081 -0.5455 0.5768
vn 0.7380 -0.3425 0.5813
vn 0.6976 -0.3212 0.6405
vn 0.3204 -0.8069 0.4963
vn 0.6162 -0.6220 0.4832
vn 0.7797 -0.4488 0.4367
vn 0.6024 -0.6103 0.5145
vn 0.7747 -0.4578 0.4363
vn 0.3029 -0.7619 0.5725
vn 0.3013 -0.6907 0.6574
vn 0.6013 -0.5660 0.5641
vn 0.7769 -0.4342 0.4559
vn 0.6041 -0.4888 0.6294
vn 0.7784 -0.3814 0.4986
vn 0.3068 -0.5881 0.7483
vn 0.0842 0.9964 0.0117
vn 0.0450 0.9988 0.0196
vn -0.1274 0.9917 -0.0196
vn -0.1941 0.9782 -0.0745
vn 0.0940 0.9955 0.0117
vn 0.0569 0.9981 0.0255
vn 0.0333 0.9991 0.0274
vn 0.0176 0.9997 0.0176
vn -0.2213 0.9655 -0.1371
vn 0.1313 0.9913 -0.0000
vn 0.1296 0.9916 -0.0000
vn -0.0509 0.9987 0.0020
vn 0.0098 0.9998 0.0157
vn 0.1724 0.9850 -0.0020
vn 0.1606 0.9870 0.0020
vn 0.2352 0.9720 -0.0020
vn 0.2310 0.9730 -0.0019
vn 0.0489 0.9984 0.0274
vn 0.3533 0.9352 -0.0236
vn 0.0647 0.9974 0.0313
vn 0.3884 0.9211 -0.0275
vn 0.7348 0.6780 0.0177
vn 0.5307 0.8357 0.1410
vn 0.8766 -0.0428 0.4792
vn 0.6968 -0.0409 0.7161
vn 0.1608 0.9514 0.2626
vn 0.3656 -0.0643 0.9286
vn 0.3361 -0.3380 0.8791
vn 0.6261 -0.2798 0.7278
vn 0.8047 -0.2134 0.5540
vn 0.6062 -0.3383 0.7197
vn 0.6026 -0.4031 0.6888
vn 0.7670 -0.2798 0.5774
vn 0.7699 -0.3266 0.5482
vn 0.3206 -0.4008 0.8582
vn 0.3126 -0.4786 0.8205
vn 0.0059 0.9999 0.0118
vn -0.2057 0.9559 -0.2096
vn 0.0157 0.9996 0.0234
vn 0.0138 0.9996 0.0234
vn 0.0137 0.9995 0.0294
vn 0.0039 0.9999 0.0098
vn -0.1744 0.9522 -0.2508
vn -0.1449 0.9496 -0.2780
vn -0.1059 0.9493 -0.2961
vn 0.0020 0.9999 0.0118
vn -0.0744 0.9499 -0.3036
vn 0.0020 0.9999 0.0137
vn 0.0098 0.9994 0.0332
vn 0.0098 0.9993 0.0351
vn 0.0059 0.9991 0.0411
vn 0.0020 0.9993 0.0372
vn 0.0020 0.9998 0.0176
vn -0.0000 0.9998 0.0177
vn -0.0411 0.9519 -0.3036
vn -0.0196 0.9557 -0.2937
vn 0.5654 -0.5302 0.6319
vn 0.5125 -0.5183 0.6846
vn 0.6418 -0.3032 0.7044
vn 0.5755 -0.2893 0.7649
vn 0.3910 -0.7975 0.4594
vn 0.3641 -0.7888 0.4952
vn 0.3092 -0.7867 0.5343
vn 0.2364 -0.7836 0.5745
vn 0.4305 -0.5145 0.7416
vn 0.3265 -0.5102 0.7957
vn 0.4790 -0.2835 0.8308
vn 0.3621 -0.2818 0.8885
vn 0.2364 -0.5139 0.8246
vn 0.2639 -0.2874 0.9208
vn 0.1701 -0.7860 0.5944
vn 0.1153 -0.7873 0.6057
vn 0.0762 -0.7918 0.6061
vn 0.1602 -0.5178 0.8403
vn 0.1056 -0.5242 0.8450
vn 0.1799 -0.2934 0.9389
vn 0.1192 -0.3011 0.9461
vn -0.0059 0.9587 -0.2843
vn -0.0000 0.9998 0.0216
vn -0.0000 0.9992 0.0411
vn -0.0000 0.9995 0.0317
vn -0.0000 0.9978 0.0670
vn -0.0000 0.9600 -0.2802
vn -0.0020 0.9996 0.0294
vn 0.0039 0.9587 -0.2843
vn -0.0039 0.9979 0.0647
vn -0.0058 0.9989 0.0470
vn -0.0039 0.9998 0.0196
vn 0.0176 0.9557 -0.2938
vn 0.0528 -0.3087 0.9497
vn 0.0469 -0.5299 0.8467
vn 0.0178 -0.3129 0.9496
vn 0.0156 -0.5355 0.8444
vn 0.0332 -0.7977 0.6022
vn 0.0098 -0.7997 0.6003
vn -0.0000 -0.5356 0.8445
vn -0.0000 -0.8014 0.5981
vn -0.0000 -0.3142 0.9494
vn -0.0195 -0.3127 0.9496
vn -0.0176 -0.5355 0.8443
vn -0.0114 -0.7997 0.6003
vn -0.0684 -0.5293 0.8457
vn -0.0489 -0.7955 0.6040
vn -0.0784 -0.3069 0.9485
vn -0.0039 0.9999 0.0157
vn 0.0509 0.9515 -0.3035
vn -0.0078 0.9991 0.0412
vn -0.0116 0.9993 0.0349
vn -0.0039 0.9999 0.0117
vn 0.0882 0.9481 -0.3056
vn 0.1429 0.9493 -0.2799
vn -0.0059 0.9999 0.0098
vn 0.1783 0.9525 -0.2469
vn -0.0061 0.9999 0.0115
vn -0.0156 0.9994 0.0313
vn -0.0195 0.9994 0.0293
vn -0.0235 0.9993 0.0294
vn -0.0294 0.9992 0.0274
vn -0.0098 0.9999 0.0137
vn -0.0176 0.9997 0.0176
vn 0.2038 0.9563 -0.2097
vn 0.2154 0.9633 -0.1605
vn -0.1329 -0.5219 0.8426
vn -0.1506 -0.2972 0.9429
vn -0.0957 -0.7914 0.6038
vn -0.2383 -0.5136 0.8243
vn -0.1720 -0.7857 0.5942
vn -0.3282 -0.5099 0.7952
vn -0.2382 -0.7832 0.5743
vn -0.2655 -0.2864 0.9206
vn -0.3638 -0.2816 0.8879
vn -0.4811 -0.2792 0.8310
vn -0.4318 -0.5120 0.7426
vn -0.5767 -0.2834 0.7662
vn -0.5157 -0.5137 0.6857
vn -0.3110 -0.7863 0.5340
vn -0.3657 -0.7882 0.4950
vn -0.5686 -0.5276 0.6312
vn -0.3926 -0.7969 0.4591
vn -0.6099 -0.5414 0.5787
vn -0.4101 -0.8066 0.4258
vn -0.6446 -0.2948 0.7054
vn -0.7011 -0.3125 0.6410
vn 0.2136 0.9703 -0.1137
vn -0.0255 0.9995 0.0176
vn 0.1841 0.9814 -0.0549
vn -0.0431 0.9989 0.0157
vn -0.0353 0.9991 0.0255
vn -0.0470 0.9987 0.0176
vn -0.0587 0.9982 0.0098
vn -0.0647 0.9979 0.0078
vn 0.1273 0.9917 -0.0196
vn 0.0509 0.9987 0.0020
vn -0.0999 0.9950 -0.0000
vn -0.0881 0.9961 0.0020
vn -0.1743 0.9847 -0.0020
vn -0.1704 0.9854 -0.0020
vn -0.0098 0.9998 0.0157
vn -0.7412 -0.3364 0.5809
vn -0.6349 -0.5626 0.5295
vn -0.7761 -0.3734 0.5083
vn -0.6488 -0.5882 0.4827
vn -0.4102 -0.8184 0.4024
vn -0.3892 -0.8312 0.3970
vn -0.6353 -0.6119 0.4711
vn -0.3574 -0.8302 0.4279
vn -0.7856 -0.4103 0.4631
vn -0.6174 -0.6213 0.4826
vn -0.7810 -0.4475 0.4356
vn -0.3222 -0.8064 0.4960
vn -0.3046 -0.7615 0.5721
vn -0.6044 -0.6084 0.5144
vn -0.7755 -0.4571 0.4355
vn -0.6018 -0.5647 0.5647
vn -0.7769 -0.4333 0.4568
vn -0.3031 -0.6903 0.6570
vn -0.3068 -0.5881 0.7483
vn -0.6033 -0.4881 0.6307
vn -0.7762 -0.3832 0.5006
vn -0.7658 -0.3282 0.5530
vn -0.5960 -0.4045 0.6937
vn -0.3108 -0.4789 0.8210
vn -0.5996 -0.3398 0.7246
vn -0.3183 -0.4003 0.8593
vn -0.7604 -0.2834 0.5844
vn -0.7760 -0.2423 0.5824
vn -0.6173 -0.2969 0.7286
vn -0.3299 -0.3553 0.8746
vn -0.6251 -0.2794 0.7288
vn -0.3360 -0.3380 0.8791
vn -0.8028 -0.2129 0.5569
vn -0.5359 0.8328 0.1390
vn -0.4211 0.9068 -0.0176
vn -0.7395 0.6729 0.0156
vn -0.6459 0.7594 -0.0783
vn -0.1645 0.9508 0.2624
vn -0.0823 0.9952 0.0529
vn -0.0666 0.9973 0.0314
vn -0.4073 0.9126 -0.0353
vn -0.6285 0.7735 -0.0822
vn 0.5106 -0.7003 0.4989
vn 0.4475 -0.6997 0.5570
vn 0.5672 -0.6767 0.4694
vn 0.0607 0.9982 -0.0000
vn 0.1098 0.9939 -0.0039
vn 0.1685 0.9857 -0.0039
vn 0.2291 0.9734 -0.0059
vn 0.2628 0.9648 -0.0079
vn 0.6518 -0.0349 0.7576
vn 0.4505 0.8812 0.1433
vn 0.5513 -0.3011 0.7781
vn 0.4675 -0.3790 0.7986
vn 0.4149 -0.4638 0.7828
vn 0.3851 -0.5707 0.7252
vn 0.3968 -0.6588 0.6392
vn -0.0470 0.9952 -0.0862
vn -0.0549 0.9956 -0.0764
vn -0.0531 0.9972 -0.0527
vn -0.0294 0.9993 -0.0216
vn 0.0078 1.0000 -0.0039
vn 0.5885 -0.6569 0.4712
vn 0.5885 -0.6256 0.5122
vn 0.5691 -0.6082 0.5534
vn 0.5355 -0.5883 0.6059
vn 0.4852 -0.5811 0.6534
vn 0.4105 -0.5727 0.7096
vn 0.3106 -0.5762 0.7560
vn -0.0020 0.9963 -0.0862
vn -0.0000 0.9963 -0.0861
vn -0.0078 0.9959 -0.0902
vn -0.0137 0.9958 -0.0902
vn -0.0255 0.9947 -0.0999
vn -0.0372 0.9945 -0.0979
vn 0.2249 -0.5809 0.7823
vn 0.1017 -0.5944 0.7977
vn 0.1525 -0.5864 0.7956
vn 0.0137 -0.6080 0.7938
vn 0.0449 -0.6019 0.7973
vn -0.0000 -0.6124 0.7905
vn 0.0255 0.9958 -0.0882
vn 0.0157 0.9956 -0.0922
vn 0.0059 0.9959 -0.0902
vn -0.0156 -0.6080 0.7938
vn -0.0664 -0.5977 0.7989
vn -0.1290 -0.5865 0.7996
vn -0.2265 -0.5806 0.7820
vn -0.3123 -0.5759 0.7555
vn -0.0255 0.9997 0.0020
vn -0.0647 0.9979 -0.0000
vn 0.0274 0.9995 -0.0176
vn 0.0529 0.9971 -0.0549
vn 0.0470 0.9982 -0.0372
vn 0.0431 0.9955 -0.0843
vn 0.0549 0.9956 -0.0764
vn -0.4121 -0.5723 0.7090
vn -0.4861 -0.5818 0.6521
vn -0.5355 -0.5903 0.6040
vn -0.5704 -0.6075 0.5528
vn -0.5897 -0.6249 0.5116
vn -0.5898 -0.6562 0.4707
vn -0.5685 -0.6760 0.4689
vn -0.5120 -0.6996 0.4983
vn -0.4491 -0.6990 0.5565
vn -0.3984 -0.6582 0.6387
vn -0.3851 -0.5708 0.7252
vn -0.4165 -0.4634 0.7822
vn -0.4662 -0.3789 0.7995
vn -0.5161 -0.3265 0.7919
vn -0.5513 -0.3011 0.7781
vn -0.4520 0.8804 0.1432
vn -0.3056 0.9521 0.0137
vn -0.2641 0.9645 -0.0078
vn -0.1137 0.9935 -0.0039
vn -0.1685 0.9857 -0.0039
vn 0.9780 0.1357 0.1588
vn 0.6116 0.7860 0.0902
vn 0.1156 0.9933 0.0059
vn 0.9504 -0.2685 0.1568
vn 0.8500 -0.5092 0.1351
vn -0.9805 -0.1192 -0.1562
vn -0.9860 0.0626 -0.1546
vn -0.9285 0.3386 -0.1525
vn -0.0490 0.9984 0.0274
vn -0.2291 0.9734 -0.0059
vn -0.3428 0.9392 -0.0216
vn -0.3998 0.9161 -0.0294
vn -0.9735 0.1275 0.1896
vn -0.5498 0.8256 0.1271
vn -0.0823 0.9959 0.0373
vn -0.0843 0.9958 0.0353
vn -0.0314 0.9479 0.3169
vn -0.0314 0.9493 0.3128
vn -0.9287 -0.3304 0.1682
vn -0.8247 -0.5493 0.1347
vn 0.9810 -0.0039 -0.1939
vn 0.9729 -0.1153 -0.2002
vn 0.9622 0.2042 -0.1803
vn 0.0803 0.9954 0.0529
vn 0.3038 0.9526 0.0137
vn 0.6406 0.7641 -0.0764
vn 0.4155 0.9094 -0.0177
vn 0.9598 -0.0156 0.2802
vn 0.8278 0.0767 0.5558
vn -0.1368 0.1637 0.9770
vn -0.1368 0.1520 0.9789
vn -0.1318 0.1516 0.9796
vn 0.9915 -0.0137 0.1293
vn 0.9968 -0.0059 0.0803
vn 0.0494 0.3723 -0.9268
vn 0.5234 0.3333 -0.7842
vn -0.0434 0.3700 -0.9280
vn -0.7776 0.2059 -0.5940
vn -0.9042 0.1350 -0.4051
vn -0.9976 0.0510 -0.0466
vn -0.3673 -0.0642 0.9279
vn -0.6508 -0.0349 0.7584
vn -0.8779 -0.0427 0.4769
vn -0.6998 -0.0408 0.7132
vn -0.9360 -0.0626 0.3463
vn -0.7264 -0.1035 0.6795
vn 0.1448 -0.1037 0.9840
vn 0.1447 -0.1074 0.9836
vn -0.9956 -0.0078 0.0939
vn -0.4854 0.3602 -0.7967
vn -0.0435 0.3999 -0.9155
vn -0.9996 0.0156 0.0255
vn 0.7816 0.2235 -0.5823
vn 0.9270 0.1274 -0.3528
vn 0.9862 -0.0725 0.1491
vn 0.5160 -0.3264 0.7920
vn 0.3305 -0.3559 0.8741
vn 0.6223 -0.2974 0.7241
vn 0.7813 -0.2409 0.5758
vn 0.0313 -0.3539 0.9347
vn 0.0254 -0.3441 0.9386
vn 0.1877 -0.3246 0.9270
vn 0.2110 -0.3184 0.9242
vn 0.4106 -0.9111 0.0372
vn 0.6571 -0.7530 0.0352
vn 0.4188 -0.9040 0.0861
vn 0.6238 -0.7764 0.0900
vn -0.9986 -0.0274 0.0450
vn -1.0000 0.0039 -0.0078
vn -0.9941 -0.1016 0.0391
vn -0.9987 -0.0508 -0.0078
vn 0.2599 -0.9632 0.0684
vn 0.0685 -0.9960 0.0567
vn 0.2364 -0.9715 0.0184
vn 0.0626 -0.9980 0.0098
vn 0.0293 -0.9976 -0.0626
vn 0.0236 -0.9920 -0.1239
vn 0.1740 -0.9833 -0.0528
vn 0.1485 -0.9830 -0.1075
vn 0.5070 -0.8417 0.1860
vn 0.5734 -0.7926 0.2075
vn 0.5343 -0.8103 0.2408
vn 0.5652 -0.7842 0.2562
vn -0.9535 -0.2091 0.2169
vn -0.9340 -0.2149 0.2853
vn -0.9669 -0.1055 0.2325
vn -0.9464 -0.1349 0.2933
vn 0.3677 -0.9173 0.1526
vn 0.4127 -0.8860 0.2113
vn 0.0900 -0.9880 0.1252
vn 0.0997 -0.9775 0.1857
vn 0.5009 -0.7729 0.3894
vn 0.5399 -0.7473 0.3874
vn 0.4651 -0.7544 0.4632
vn 0.5243 -0.6984 0.4872
vn -0.8536 -0.2012 0.4806
vn -0.8172 -0.1740 0.5494
vn -0.8545 -0.1701 0.4908
vn -0.8184 -0.1426 0.5567
vn 0.4636 -0.7452 0.4793
vn 0.1349 -0.8409 0.5241
vn 0.4849 -0.7742 0.4067
vn 0.1349 -0.8897 0.4361
vn 0.4340 -0.8914 0.1310
vn 0.5928 -0.7923 0.1448
vn 0.4676 -0.8707 0.1527
vn 0.5792 -0.7964 0.1742
vn -0.9773 -0.1837 0.1056
vn -0.9665 -0.2051 0.1546
vn -0.9915 -0.0704 0.1096
vn -0.9827 -0.0881 0.1626
vn 0.2896 -0.9509 0.1096
vn 0.3244 -0.9379 0.1231
vn 0.0742 -0.9921 0.1016
vn 0.0859 -0.9903 0.1094
vn 0.4108 -0.9117 0.0098
vn 0.4165 -0.9091 -0.0000
vn 0.6802 -0.7330 0.0098
vn 0.7120 -0.7022 0.0059
vn -0.9993 -0.0274 -0.0254
vn -0.9996 -0.0058 -0.0274
vn -0.9994 -0.0218 -0.0276
vn -0.9993 -0.0234 -0.0293
vn 0.1994 -0.9799 -0.0099
vn 0.2153 -0.9766 -0.0000
vn 0.0488 -0.9987 -0.0156
vn 0.0567 -0.9983 -0.0098
vn 0.4228 -0.9062 -0.0078
vn 0.7302 -0.6832 -0.0000
vn -0.9990 -0.0260 -0.0367
vn -0.9993 -0.0196 -0.0313
vn 0.1859 -0.9822 -0.0254
vn 0.0412 -0.9987 -0.0295
vn 0.5444 -0.7871 0.2899
vn 0.5585 -0.7748 0.2963
vn -0.9089 -0.2326 0.3460
vn -0.9196 -0.1757 0.3514
vn 0.4498 -0.8507 0.2719
vn 0.1133 -0.9590 0.2598
vn 0.4537 -0.7236 0.5202
vn 0.5246 -0.6362 0.5658
vn -0.7643 -0.1642 0.6236
vn -0.7698 -0.1465 0.6213
vn 0.4241 -0.7289 0.5374
vn 0.1250 -0.7932 0.5959
vn 0.2949 -0.4218 0.8574
vn 0.4225 -0.5378 0.7296
vn 0.4362 -0.3580 0.8256
vn 0.5046 -0.4224 0.7530
vn -0.6336 -0.2347 0.7372
vn -0.7098 -0.1818 0.6805
vn -0.6273 -0.2150 0.7485
vn -0.7014 -0.1797 0.6897
vn 0.5419 -0.5380 0.6456
vn 0.4478 -0.6590 0.6043
vn -0.1603 -0.4241 0.8913
vn -0.1954 -0.3830 0.9028
vn 0.3671 -0.7011 0.6113
vn 0.1055 -0.7383 0.6661
vn -0.4378 -0.7251 0.5316
vn -0.4749 -0.7015 0.5315
vn -0.4900 -0.7400 0.4608
vn -0.4960 -0.7478 0.4413
vn -0.5061 -0.7679 0.3927
vn -0.5257 -0.7504 0.4006
vn -0.5221 -0.8057 0.2797
vn -0.5394 -0.7915 0.2874
vn -0.4866 -0.8442 0.2247
vn -0.5489 -0.7989 0.2461
vn -0.4355 -0.8847 0.1660
vn -0.5393 -0.8187 0.1974
vn -0.3789 -0.9159 0.1328
vn -0.5087 -0.8451 0.1643
vn -0.3599 -0.9272 0.1036
vn -0.4788 -0.8716 0.1055
vn -0.3754 -0.9248 0.0626
vn -0.4674 -0.8821 0.0587
vn -0.3521 -0.9350 0.0430
vn -0.4633 -0.8837 0.0665
vn -0.2932 -0.9558 0.0196
vn -0.4763 -0.8785 0.0371
vn -0.2577 -0.9662 -0.0031
vn -0.5041 -0.8636 -0.0000
vn -0.5200 -0.8542 -0.0000
vn -0.2563 -0.9664 -0.0175
vn -0.2619 -0.9617 -0.0801
vn -0.1020 -0.9881 -0.1154
vn -0.2639 -0.9637 -0.0410
vn -0.1077 -0.9925 -0.0588
vn 0.5357 -0.7762 0.3324
vn 0.5508 -0.7657 0.3321
vn 0.4794 -0.8121 0.3327
vn 0.1289 -0.9316 0.3398
vn -0.5219 -0.7839 0.3363
vn -0.5357 -0.7762 0.3324
vn -0.8836 -0.2271 0.4095
vn -0.8870 -0.1918 0.4201
vn 0.3789 -0.3067 0.8731
vn 0.2444 -0.3479 0.9051
vn -0.5746 -0.2931 0.7642
vn -0.5936 -0.3378 0.7304
vn 0.0022 1.0000 -0.0022
vn 0.0764 0.9970 -0.0098
vn 0.0020 0.9999 -0.0157
vn 0.0039 0.9998 -0.0216
vn 0.9999 0.0039 -0.0157
vn 0.9997 -0.0078 -0.0235
vn 0.9856 -0.1685 -0.0137
vn 0.9874 -0.1567 -0.0196
vn -0.0000 0.9997 -0.0255
vn -0.0021 0.9998 -0.0214
vn -0.0020 0.9998 -0.0216
vn -0.0019 0.9998 -0.0216
vn 0.0059 0.9999 -0.0117
vn -0.0040 0.9998 -0.0216
vn 0.0078 0.9999 -0.0079
vn 0.3086 -0.5996 0.7384
vn 0.0860 -0.6273 0.7740
vn 0.0742 -0.4530 0.8884
vn 0.0450 -0.3636 0.9305
vn -0.4086 -0.3460 0.8446
vn -0.5667 -0.2480 0.7857
vn -0.4785 -0.5155 0.7109
vn -0.3733 -0.6000 0.7076
vn -0.3443 -0.4167 0.8413
vn -0.4022 -0.6834 0.6092
vn -0.4632 -0.6078 0.6450
vn 0.5542 -0.8323 -0.0118
vn 0.4124 -0.9090 -0.0606
vn 0.2424 -0.9656 -0.0938
vn 0.0998 -0.9744 -0.2015
vn 0.1389 -0.9762 -0.1663
vn 0.7965 -0.6047 -0.0039
vn 0.6791 -0.7339 0.0117
vn 0.7024 -0.7117 0.0135
vn 0.7398 -0.6727 0.0156
vn 0.8559 -0.5166 0.0235
vn -0.5591 -0.8287 -0.0254
vn -0.8623 -0.5064 0.0039
vn -0.8586 -0.5125 -0.0137
vn -0.9523 -0.3051 -0.0117
vn -0.8405 -0.5415 -0.0176
vn -0.7167 -0.6971 -0.0195
vn -0.5706 -0.8207 -0.0293
vn -0.4416 -0.8969 -0.0215
vn -0.3264 -0.9440 -0.0489
vn -0.2149 -0.9670 -0.1368
vn 0.3639 -0.2739 0.8903
vn 0.3444 -0.2798 0.8962
vn -0.9696 -0.2444 -0.0157
vn -0.9598 -0.2795 -0.0235
vn -0.9546 -0.2973 -0.0196
vn -0.9424 -0.3344 0.0117
vn -0.9147 -0.3987 0.0665
vn -0.8654 -0.4825 0.1348
vn -0.8493 -0.4998 0.1699
vn -0.8267 -0.5199 0.2150
vn -0.8186 -0.5060 0.2716
vn -0.8127 -0.4787 0.3322
vn -0.7977 -0.4556 0.3951
vn -0.7747 -0.4362 0.4578
vn -0.7480 -0.3926 0.5352
vn -0.7091 -0.3301 0.6231
vn -0.6543 -0.2734 0.7051
vn 0.9995 -0.0176 -0.0255
vn 0.9997 -0.0020 -0.0255
vn 0.9992 0.0255 -0.0294
vn 0.9996 0.0098 -0.0255
vn 0.9998 0.0196 -0.0098
vn 0.9987 -0.0510 -0.0059
vn 0.9989 -0.0137 0.0450
vn 0.9933 -0.1078 0.0411
vn 0.9927 -0.0543 0.1075
vn 0.9701 -0.2136 0.1156
vn 0.9836 -0.0683 0.1668
vn 0.9440 -0.2801 0.1743
vn 0.9698 -0.0882 0.2273
vn 0.9286 -0.2978 0.2214
vn 0.9440 -0.1293 0.3036
vn 0.9122 -0.2975 0.2819
vn 0.8891 -0.2918 0.3525
vn 0.9167 -0.1645 0.3641
vn 0.8949 -0.1684 0.4132
vn 0.8747 -0.2720 0.4012
vn 0.8615 -0.1547 0.4836
vn 0.8472 -0.2446 0.4716
vn 0.8117 -0.2132 0.5438
vn 0.8248 -0.1371 0.5486
vn 0.7624 -0.1798 0.6217
vn 0.7747 -0.1232 0.6202
vn 0.7163 -0.1683 0.6772
vn 0.7410 -0.1290 0.6589
vn 0.6952 -0.1899 0.6933
vn 0.6647 -0.2014 0.7195
vn 0.5932 -0.2428 0.7675
vn 0.6005 -0.2739 0.7512
vn 0.4966 -0.2307 0.8368
vn 0.4813 -0.2524 0.8394
vn -0.1079 -0.9940 -0.0148
vn -0.1081 -0.9937 -0.0284
vn -0.1134 -0.9935 -0.0079
vn -0.1211 -0.9925 0.0136
vn -0.1329 -0.9893 0.0606
vn -0.1467 -0.9837 0.1036
vn -0.1681 -0.9792 0.1134
vn -0.2072 -0.9695 0.1310
vn -0.2558 -0.9468 0.1952
vn -0.2951 -0.9183 0.2638
vn -0.3208 -0.8861 0.3345
vn -0.3260 -0.8452 0.4236
vn -0.3090 -0.8037 0.5085
vn -0.2776 -0.7683 0.5767
vn -0.2402 -0.7243 0.6463
vn -0.1935 -0.6273 0.7544
vn -0.1662 -0.4496 0.8777
vn -0.2032 -0.3439 0.9167
vn -0.3908 -0.3222 0.8623
vn -0.8320 -0.5546 0.0136
vn -0.5377 -0.8428 -0.0235
vn -0.7988 -0.6015 0.0059
vn -0.5296 -0.8482 -0.0117
vn 0.4107 -0.9114 -0.0235
vn 0.3853 -0.9212 -0.0548
vn -0.0000 1.0000 0.0039
vn -0.0059 0.9969 -0.0783
vn 0.0019 0.9999 -0.0118
vn -0.0255 0.9997 0.0059
vn -0.0019 1.0000 0.0039
vn -0.0098 0.9999 0.0020
vn -0.0020 1.0000 0.0020
vn -0.0000 1.0000 -0.0000
vn -0.0040 1.0000 -0.0001
vn 0.0157 0.9999 -0.0000
vn 0.0216 0.9998 0.0020
vn 0.0039 1.0000 -0.0019
vn 0.0038 1.0000 -0.0020
vn -0.0059 1.0000 0.0020
vn -0.0019 1.0000 0.0020
vn 0.4645 0.7702 -0.4371
vn 0.0023 0.9997 -0.0258
vn 0.8067 0.5898 -0.0355
vn 0.0141 0.9996 -0.0255
vn 0.0061 0.6955 -0.7185
vn 0.0020 0.9992 -0.0396
vn -0.4660 0.7695 -0.4367
vn -0.0042 0.9997 -0.0258
vn -0.0100 0.6954 -0.7185
vn -0.0040 0.9992 -0.0396
vn -0.8085 0.5877 -0.0316
vn -0.0160 0.9995 -0.0255
vn 0.0705 -0.9509 -0.3013
vn 0.0156 -0.9026 -0.4302
vn 0.0431 -0.6558 -0.7537
vn 0.0058 -0.6512 -0.7589
vn 0.0860 -0.9770 -0.1950
vn 0.0390 -0.9599 -0.2775
vn -0.8040 -0.0470 -0.5928
vn -0.7734 -0.1958 -0.6030
vn -0.9975 -0.0666 -0.0219
vn -0.9694 -0.2443 -0.0238
vn -0.6714 -0.0431 -0.7399
vn -0.6498 -0.1663 -0.7417
vn -0.0020 -0.9559 -0.2936
vn 0.0117 -0.9734 -0.2287
vn -0.0763 -0.9761 -0.2035
vn -0.0527 -0.9661 -0.2527
vn -0.0957 -0.9761 -0.1953
vn 0.9944 -0.1056 -0.0004
vn 0.9998 -0.0020 -0.0220
vn 0.9911 -0.1332 -0.0019
vn 1.0000 -0.0003 -0.0074
vn -0.9997 0.0020 -0.0258
vn -1.0000 0.0020 -0.0098
vn -0.9997 -0.0019 -0.0239
vn -1.0000 0.0001 -0.0058
vn -0.0626 0.9964 -0.0572
vn -0.0979 0.9909 -0.0924
vn -0.0353 0.7567 -0.6528
vn -0.0705 0.7562 -0.6505
vn -0.0254 0.5680 -0.8227
vn -0.0510 0.5648 -0.8237
vn 0.9208 0.3881 -0.0376
vn 0.9545 0.2980 -0.0137
vn 0.7310 0.6820 -0.0216
vn 0.0141 0.9995 -0.0274
vn -0.7137 0.7000 -0.0254
vn -0.9587 0.2841 -0.0156
vn -0.9213 0.3875 -0.0336
vn -0.0141 0.9995 -0.0274
vn 0.1293 0.9906 -0.0450
vn 0.1513 0.7623 -0.6293
vn 0.1553 0.5429 -0.8253
vn -0.0141 0.5704 -0.8213
vn 0.3310 -0.9379 -0.1042
vn 0.5249 -0.8459 -0.0944
vn 0.6661 -0.7365 -0.1179
vn 0.8340 -0.5364 -0.1296
vn 0.9427 -0.3274 -0.0651
vn 0.9724 -0.2332 0.0095
vn -0.9952 -0.0977 -0.0078
vn -0.9108 -0.4103 -0.0453
vn -0.8479 -0.5275 -0.0532
vn -0.7310 -0.6803 -0.0532
vn -0.5547 -0.8301 -0.0568
vn -0.4338 -0.8988 -0.0625
vn -0.2601 -0.9600 -0.1036
vn 0.0003 -0.0099 -1.0000
vn -0.0000 -0.0059 -1.0000
vn -0.0000 -0.0039 -1.0000
vn -0.0059 -0.0039 -1.0000
vn -0.0059 -0.0058 -1.0000
vn -0.0039 -0.0041 -1.0000
vn 0.0020 -0.0136 -0.9999
vn 0.0020 -0.0117 -0.9999
vn -0.0020 -0.0081 -1.0000
vn -0.0055 -0.0035 -1.0000
vn -0.0017 -0.0055 -1.0000
vn 0.9997 -0.0078 -0.0219
vn 1.0000 -0.0059 -0.0039
vn -0.0647 0.9979 -0.0039
vn -0.1020 0.9938 -0.0451
vn 0.0671 0.9975 -0.0215
vn -0.0020 -0.6459 -0.7634
vn -0.0000 -0.7879 -0.6159
vn -0.0059 -0.6491 -0.7607
vn -0.0078 -0.8138 -0.5811
vn 0.0083 0.5705 -0.8213
vn 0.6161 0.5431 -0.5705
vn 0.6741 -0.0020 -0.7387
vn 0.8033 -0.0020 -0.5955
vn 0.6740 -0.0039 -0.7387
vn 0.8016 -0.0039 -0.5978
vn -0.6173 0.5424 -0.5698
vn -0.8040 -0.0020 -0.5947
vn -0.8023 -0.0020 -0.5969
vn -0.6751 -0.0020 -0.7377
vn -0.6750 -0.0040 -0.7378
vn -0.0274 -0.8956 -0.4439
vn -0.0177 -0.6563 -0.7543
vn 0.3190 -0.8510 -0.4172
vn 0.2642 -0.6046 -0.7514
vn 0.4502 -0.6382 -0.6245
vn 0.3799 -0.5386 -0.7521
vn 0.5698 -0.5385 -0.6208
vn 0.4793 -0.4538 -0.7513
vn 0.6655 -0.4208 -0.6165
vn 0.5582 -0.3545 -0.7502
vn 0.7369 -0.2881 -0.6115
vn 0.6171 -0.2428 -0.7485
vn 0.7821 -0.1470 -0.6056
vn 0.6530 -0.1235 -0.7472
vn 0.7991 -0.0470 -0.5994
vn 0.6682 -0.0431 -0.7427
vn -0.7418 -0.2897 -0.6048
vn -0.6224 -0.2426 -0.7441
vn -0.6624 -0.4241 -0.6175
vn -0.5651 -0.3540 -0.7452
vn -0.5754 -0.5793 -0.5774
vn -0.4847 -0.4554 -0.7467
vn -0.4910 -0.7472 -0.4480
vn -0.3847 -0.5393 -0.7491
vn -0.3712 -0.8576 -0.3560
vn -0.2681 -0.6048 -0.7499
vn -0.1896 -0.9245 -0.3307
vn -0.1389 -0.6455 -0.7510
vn 0.7533 -0.6574 -0.0215
vn 0.7616 -0.6480 -0.0098
vn 0.9996 -0.0098 -0.0255
vn 0.9996 -0.0137 -0.0255
vn -0.3402 -0.4438 0.8290
vn 0.9649 -0.2623 -0.0098
vn 0.9789 -0.2037 -0.0138
vn 0.9436 -0.3309 -0.0078
vn 0.9193 -0.3932 0.0157
vn 0.8861 -0.4577 0.0724
vn 0.8350 -0.5319 0.1408
vn 0.7926 -0.5813 0.1840
vn 0.7550 -0.6181 0.2191
vn 0.7532 -0.6025 0.2641
vn 0.7393 -0.5888 0.3267
vn 0.7436 -0.5558 0.3718
vn 0.7389 -0.5121 0.4379
vn 0.7161 -0.4539 0.5303
vn 0.6804 -0.3910 0.6198
vn 0.6443 -0.3310 0.6894
vn 0.5986 -0.2778 0.7513
vn 0.5362 -0.2563 0.8043
vn 0.4714 -0.2523 0.8451
vn 0.4501 -0.2290 0.8631
vn 0.4631 -0.2149 0.8598
vn -0.7757 -0.6311 0.0059
vn -0.7488 -0.6627 -0.0117
vn -0.7032 -0.7110 0.0078
vn -0.6410 -0.7661 0.0469
vn -0.6075 -0.7912 0.0703
vn -0.6096 -0.7815 0.1329
vn -0.6212 -0.7618 0.1836
vn -0.6218 -0.7547 0.2092
vn -0.6074 -0.7540 0.2499
vn -0.6092 -0.7361 0.2949
vn -0.5883 -0.7271 0.3538
vn -0.5877 -0.6952 0.4139
vn -0.5961 -0.6430 0.4808
vn -0.5979 -0.5549 0.5784
vn -0.5662 -0.4549 0.6873
vn -0.5145 -0.3678 0.7747
vn -0.9999 0.0098 -0.0059
vn -0.9883 -0.1523 0.0019
vn -0.9997 -0.0058 -0.0254
vn -0.9818 -0.1897 -0.0078
vn -0.5315 -0.3267 0.7816
vn -0.6114 -0.2993 0.7325
vn -0.3400 -0.8303 0.4416
vn -0.2912 -0.8904 0.3499
vn -0.2229 -0.8282 0.5142
vn -0.4242 -0.2893 0.8581
vn -0.0996 -0.8767 0.4706
vn -0.2502 -0.2370 0.9387
vn -0.3423 -0.9182 0.1995
vn -0.8571 -0.1761 0.4842
vn -0.3660 -0.9130 0.1801
vn -0.8951 -0.1177 0.4300
vn -0.7931 -0.2758 0.5431
vn -0.3069 -0.9276 0.2131
vn -0.2871 -0.9278 0.2383
vn -0.7418 -0.2582 0.6189
vn -0.0395 0.9989 0.0237
vn -0.8540 0.0234 0.5198
vn -0.0395 0.9988 0.0296
vn -0.7917 0.0767 0.6061
vn -0.8687 0.0646 0.4911
vn -0.0532 0.9981 0.0295
vn -0.7588 0.0117 0.6513
vn -0.0434 0.9984 0.0355
vn -0.2975 -0.9518 0.0744
vn -0.9633 -0.1118 0.2442
vn -0.3092 -0.9498 0.0469
vn -0.9848 -0.1118 0.1329
vn -0.9392 -0.1136 0.3241
vn -0.3190 -0.9421 0.1037
vn -0.9202 -0.1118 0.3751
vn -0.3694 -0.9176 0.1466
vn -0.9615 0.1255 0.2443
vn -0.9380 0.1274 0.3224
vn -0.0787 0.9967 0.0197
vn -0.0729 0.9970 0.0256
vn -0.9829 0.1275 0.1329
vn -0.0749 0.9971 0.0118
vn -0.0729 0.9969 0.0296
vn -0.9191 0.1256 0.3735
vn -0.3502 -0.9361 0.0333
vn -0.9952 -0.0610 0.0763
vn -0.3775 -0.9260 0.0098
vn -0.9997 -0.0063 0.0255
vn -0.0885 0.9961 0.0020
vn -0.9763 0.2039 0.0724
vn -0.0610 0.9981 0.0039
vn -0.9495 0.3130 0.0235
vn -0.3839 -0.9234 -0.0039
vn -0.9982 -0.0590 -0.0117
vn -0.4049 -0.9143 -0.0098
vn -0.9944 -0.1020 -0.0293
vn -0.0435 0.9991 0.0019
vn -0.9781 0.2078 -0.0098
vn -0.9912 0.1294 -0.0293
vn -0.0318 0.9995 -0.0000
vn -0.4577 -0.8890 -0.0137
vn -0.9946 -0.0981 -0.0352
vn -0.0396 0.9992 -0.0000
vn -0.9910 0.1294 -0.0352
vn -0.4929 -0.8698 -0.0238
vn -0.9901 -0.0743 -0.1194
vn -0.0454 0.9990 -0.0022
vn -0.9904 0.0959 -0.0998
vn 0.5059 0.0252 -0.8622
vn 0.4840 0.2001 -0.8519
vn 0.9924 -0.1157 -0.0415
vn 0.9907 0.1296 -0.0414
vn 0.4443 -0.8957 -0.0160
vn 0.4072 -0.9133 -0.0118
vn 0.9944 -0.1002 -0.0333
vn 0.3602 -0.9328 -0.0098
vn 0.9925 -0.1178 -0.0313
vn -0.0000 1.0000 -0.0059
vn 0.9910 0.1297 -0.0333
vn 0.0435 0.9991 -0.0020
vn 0.9925 0.1179 -0.0313
vn 0.1317 0.9913 -0.0000
vn 0.3620 -0.9322 -0.0039
vn 0.9856 -0.1689 -0.0118
vn 0.9955 0.0940 -0.0098
vn 0.2388 0.9711 -0.0000
vn 0.3701 -0.9289 0.0117
vn 0.9847 -0.1727 0.0216
vn 0.3001 0.9539 0.0020
vn 0.9918 0.1176 0.0510
vn 0.3509 -0.9359 0.0314
vn 0.9865 -0.1413 0.0822
vn 0.1022 0.9947 0.0078
vn 0.9883 0.1298 0.0804
vn 0.3057 -0.9510 0.0470
vn 0.9847 -0.1120 0.1331
vn 0.2917 -0.9539 0.0705
vn 0.9646 -0.1119 0.2387
vn 0.0690 0.9976 0.0099
vn 0.9831 0.1277 0.1312
vn 0.0651 0.9977 0.0178
vn 0.9634 0.1257 0.2369
vn 0.3114 -0.9448 0.1019
vn 0.9421 -0.1140 0.3154
vn 0.3328 -0.9327 0.1390
vn 0.9137 -0.1100 0.3913
vn 0.0571 0.9982 0.0197
vn 0.9403 0.1278 0.3154
vn 0.0611 0.9977 0.0276
vn 0.9124 0.1257 0.3896
vn 0.7553 -0.3879 0.5283
vn 0.7132 -0.4381 0.5471
vn 0.3461 -0.9053 0.2464
vn 0.3366 -0.9061 0.2564
vn 0.3505 -0.9133 0.2075
vn 0.8536 -0.2079 0.4777
vn 0.8872 -0.1081 0.4485
vn 0.3445 -0.9228 0.1723
vn 0.8362 -0.0118 0.5484
vn 0.8659 0.0513 0.4976
vn 0.0572 0.9977 0.0375
vn 0.0611 0.9975 0.0355
vn 0.0572 0.9973 0.0453
vn 0.7864 -0.0817 0.6123
vn 0.0611 0.9976 0.0315
vn 0.8845 0.1296 0.4482
vn 0.2133 -0.9179 0.3347
vn 0.2170 -0.8985 0.3815
vn 0.4241 -0.5399 0.7271
vn 0.4598 -0.5699 0.6810
vn 0.2931 -0.8890 0.3518
vn 0.5811 -0.4270 0.6928
vn 0.1779 -0.9013 0.3949
vn 0.3497 -0.3854 0.8539
vn 0.1077 -0.9113 0.3974
vn 0.2621 -0.2546 0.9309
vn 0.0158 0.9958 0.0906
vn -0.0000 0.9957 0.0926
vn 0.2677 0.0102 0.9634
vn 0.0489 0.0630 0.9968
vn 0.3732 -0.1168 0.9204
vn 0.0354 0.9953 0.0905
vn -0.0670 0.9973 0.0316
vn -0.8934 0.1294 0.4301
vn 0.7061 -0.3349 0.6239
vn 0.3173 -0.9118 0.2605
vn 0.0513 0.9976 0.0473
vn 0.7497 -0.0525 0.6597
vn -0.0454 0.9979 0.0454
vn -0.7002 -0.0094 0.7139
vn -0.2953 -0.9105 0.2895
vn -0.6720 -0.2798 0.6857
vn 0.3072 -0.9071 0.2877
vn 0.6689 -0.3075 0.6767
vn 0.6728 -0.0955 0.7336
vn 0.7121 -0.0485 0.7004
vn 0.0570 0.9964 0.0630
vn 0.0551 0.9970 0.0551
vn 0.5930 -0.0680 0.8023
vn 0.0470 0.9969 0.0627
vn -0.0493 0.9971 0.0572
vn -0.6312 -0.0508 0.7739
vn -0.0414 0.9973 0.0611
vn -0.5592 -0.0978 0.8232
vn 0.0488 -0.1899 0.9806
vn 0.0176 -0.9177 0.3968
vn 0.0569 0.9941 0.0922
vn 0.5025 -0.2244 0.8349
vn 0.0722 0.9916 0.1074
vn 0.5518 -0.2659 0.7905
vn -0.0333 0.9968 0.0725
vn -0.4203 -0.0660 0.9050
vn -0.0216 0.9960 0.0865
vn -0.2503 -0.0035 0.9682
vn 0.1075 -0.9206 0.3753
vn 0.0196 -0.9344 0.3558
vn -0.2914 -0.8781 0.3794
vn -0.2465 -0.8423 0.4792
vn -0.2811 -0.9408 0.1893
vn -0.3013 -0.9364 0.1799
vn -0.2558 -0.9647 0.0625
vn -0.2773 -0.9568 0.0879
vn -0.3067 -0.9514 0.0293
vn -0.2680 -0.9625 0.0411
vn -0.3361 -0.9418 -0.0039
vn -0.3285 -0.9445 0.0098
vn 0.0078 0.9999 0.0098
vn 0.0040 1.0000 0.0019
vn -0.3558 -0.9345 -0.0078
vn -0.4084 -0.9127 -0.0117
vn -0.4531 -0.8912 -0.0212
vn -0.4495 -0.8931 -0.0176
vn -0.4516 -0.8920 -0.0212
vn 0.0061 1.0000 0.0003
vn 0.4161 -0.9092 -0.0173
vn 0.4105 -0.9117 -0.0134
vn 0.4108 -0.9117 -0.0098
vn 0.3582 -0.9336 -0.0098
vn 0.3127 -0.9498 -0.0098
vn 0.3135 -0.9496 -0.0022
vn 0.3209 -0.9470 0.0098
vn 0.3073 -0.9512 0.0294
vn 0.2657 -0.9632 0.0410
vn 0.2504 -0.9664 0.0587
vn 0.2642 -0.9610 0.0822
vn 0.3384 -0.9097 0.2406
vn 0.3205 -0.9264 0.1974
vn 0.1700 -0.9046 0.3908
vn 0.2893 -0.9500 0.1173
vn -0.3226 -0.9385 0.1232
vn 0.3343 -0.9070 0.2561
vn -0.2678 -0.9383 0.2189
vn 0.2756 -0.8366 0.4735
vn 0.2910 -0.9120 0.2890
vn -0.2758 -0.9231 0.2679
vn -0.2753 -0.9098 0.3105
vn 0.2897 -0.9258 0.2427
vn -0.0020 1.0000 -0.0039
vn -0.0000 1.0000 -0.0078
vn 0.0470 0.9986 0.0235
vn 0.0470 0.9984 0.0313
vn -0.0840 -0.8982 0.4315
vn -0.3321 -0.9299 0.1582
vn 0.3028 -0.9417 0.1465
vn 0.2854 -0.8678 0.4067
vn -0.0000 1.0000 0.0019
vn -0.0019 1.0000 0.0019
vn -0.0098 1.0000 0.0020
vn -0.0078 1.0000 0.0020
vn -0.0000 1.0000 0.0020
vn 0.0019 1.0000 0.0019
vn 0.0020 1.0000 0.0020
vn -0.0020 1.0000 0.0019
vn 0.0177 0.9998 -0.0040
vn -0.0528 0.9986 -0.0040
vn -0.3860 0.9218 -0.0373
vn -0.6418 0.7664 -0.0274
vn -0.4781 0.0293 -0.8778
vn 0.4720 0.1864 -0.8616
vn 0.7713 0.2221 -0.5965
vn 0.9990 -0.0134 -0.0432
vn -0.9704 -0.2384 -0.0393
vn -0.9980 -0.0629 -0.0000
vn -1.0000 0.0078 -0.0039
vn 0.9999 -0.0020 -0.0118
vn 1.0000 0.0059 0.0020
vn 0.9994 -0.0098 -0.0333
vn 0.9977 0.0376 -0.0568
vn 0.3601 0.9328 -0.0118
vn 0.9984 0.0564 0.0039
vn -0.4524 0.1136 -0.8845
vn 0.5374 0.0273 -0.8429
vn -0.7445 0.0099 -0.6676
vn -0.2725 0.9436 -0.1882
vn -0.1494 0.7625 -0.6294
vn -0.1312 0.9905 -0.0411
vn -0.1571 0.5405 -0.8266
vn 0.0021 -0.0039 -1.0000
vn 0.0333 0.9980 -0.0533
vn 0.0215 0.7578 -0.6521
vn 0.1884 0.9801 -0.0630
vn 0.1317 0.7445 -0.6545
vn 0.0157 0.5681 -0.8228
vn 0.0863 0.5629 -0.8220
vn -0.0039 -0.0137 -0.9999
vn -0.0078 -0.0138 -0.9999
vn -0.0019 0.9997 -0.0235
vn -0.0631 0.9978 -0.0215
vn -0.0000 0.9997 -0.0238
vn 0.0161 0.9995 -0.0255
vn 0.9952 0.0980 0.0039
vn 0.9057 0.4238 -0.0039
vn 0.9957 0.0922 0.0039
vn 0.9061 0.4231 -0.0039
vn 0.2001 0.9795 -0.0215
vn 0.1983 0.9800 -0.0176
vn -0.9969 0.0782 0.0020
vn -0.8838 0.4677 0.0098
vn -0.9946 0.1036 0.0039
vn -0.8797 0.4755 0.0019
vn -0.1628 0.9865 -0.0157
vn -0.1647 0.9862 -0.0196
vn -0.0000 0.9997 -0.0235
vn -0.0019 0.9998 -0.0196
vn 0.1941 0.9808 -0.0157
vn -0.0000 0.9999 -0.0157
vn -0.1650 0.9860 -0.0230
vn 0.9999 0.0158 0.0058
vn 0.9999 0.0157 0.0057
vn 0.9999 0.0157 0.0037
vn -0.9999 0.0157 -0.0039
vn -0.9999 0.0172 -0.0001
vn -0.9998 0.0196 0.0020
vn -0.9950 0.0997 -0.0000
vn -0.0000 -0.0389 -0.9992
vn -0.0039 -0.0390 -0.9992
vn 0.0001 -0.0391 -0.9992
vn -0.0039 -0.0392 -0.9992
vn -0.0078 -0.0137 0.9999
vn -0.0078 -0.0039 1.0000
vn 0.0196 -0.0196 0.9996
vn 0.0196 -0.0118 0.9997
vn -0.0137 0.1036 0.9945
vn -0.0352 0.0059 0.9994
vn -0.0293 -0.0196 0.9994
vn 0.0039 -0.0392 -0.9992
vn 0.9039 0.4278 -0.0020
vn -0.8673 0.4977 -0.0078
vn -0.0000 -0.0411 0.9992
vn 0.0059 -0.0762 0.9971
vn 0.0059 -0.0763 0.9971
vn 0.0333 0.9994 -0.0019
vn 0.1983 0.9801 -0.0099
vn -0.0860 -0.0293 0.9959
vn -0.0837 -0.0283 0.9961
vn -0.7888 0.6146 -0.0137
vn -0.7816 0.6190 -0.0768
vn -0.6229 0.4759 -0.6209
vn -0.5129 0.4248 -0.7460
vn 0.0060 -0.0038 -1.0000
vn 0.0039 -0.0059 -1.0000
vn 0.0020 -0.0079 -1.0000
vn -0.3292 0.6898 -0.6448
vn -0.2507 0.5310 -0.8094
vn -0.2447 0.7049 -0.6658
vn -0.1725 0.5468 -0.8193
vn -0.4618 0.8806 -0.1061
vn -0.3310 0.9385 -0.0983
vn -0.3527 0.9347 -0.0451
vn -0.4675 0.8823 -0.0548
vn -0.0721 -0.0126 0.9973
vn -0.0527 0.0235 0.9983
vn -0.0117 -0.0059 -0.9999
vn -0.0117 -0.0078 -0.9999
vn 0.6035 0.5212 -0.6035
vn 0.5411 0.5666 -0.6215
vn 0.5194 0.4391 -0.7331
vn 0.3905 0.4906 -0.7790
vn 0.7599 0.6463 -0.0689
vn 0.6759 0.7328 -0.0787
vn 0.7597 0.6501 -0.0176
vn 0.6900 0.7234 -0.0235
vn 0.0372 -0.0410 0.9985
vn 0.0469 -0.0450 0.9979
vn -0.0098 -0.0078 -0.9999
vn 0.2921 0.5215 -0.8017
vn 0.3782 0.6682 -0.6407
vn 0.4958 0.8643 -0.0847
vn 0.4955 0.8679 -0.0348
vn 0.0296 -0.0331 0.9990
vn -0.0346 0.0572 0.9978
vn -0.1312 0.9870 -0.0924
vn -0.1311 0.9903 -0.0450
vn -0.0998 0.7535 -0.6498
vn -0.0724 0.5628 -0.8234
vn 0.0020 -0.0098 -1.0000
vn 0.0293 -0.0332 0.9990
vn 0.4955 0.8678 -0.0374
vn 0.4958 0.8641 -0.0866
vn 0.3819 0.6757 -0.6306
vn 0.2943 0.5268 -0.7974
vn -0.0097 -0.0072 -0.9999
vn -0.0138 -0.0059 -0.9999
vn -0.0078 -0.0058 -1.0000
vn 0.6137 0.4843 -0.6235
vn 0.5194 0.4292 -0.7389
vn 0.7838 0.6173 -0.0670
vn 0.7880 0.6155 -0.0098
vn 0.0727 -0.0506 0.9961
vn 0.0664 -0.0489 0.9966
vn 0.0298 -0.0331 0.9990
vn 0.4954 0.8679 -0.0362
vn 0.3803 0.6723 -0.6351
vn 0.2940 0.5234 -0.7998
vn -0.0861 -0.0293 0.9959
vn -0.0723 -0.0134 0.9973
vn -0.4596 0.8783 -0.1315
vn -0.4659 0.8808 -0.0842
vn -0.6943 0.7103 -0.1157
vn -0.7017 0.7100 -0.0588
vn -0.5384 0.5385 -0.6482
vn -0.3250 0.6833 -0.6539
vn -0.4309 0.4666 -0.7724
vn -0.2506 0.5288 -0.8109
vn 0.0042 -0.0056 -1.0000
vn -0.0054 -0.0036 -1.0000
vn -0.0055 -0.0037 -1.0000
vn -0.0058 -0.0039 -1.0000
vn -0.0055 -0.0057 -1.0000
vn -0.0039 -0.0098 -0.9999
vn 0.0002 -0.0057 -1.0000
vn -0.0000 -0.0058 -1.0000
vn 0.0020 -0.0039 -1.0000
vn 0.0021 -0.0037 -1.0000
vn 0.0021 -0.0036 -1.0000
vn -0.9995 -0.0039 -0.0313
vn 0.2422 -0.8965 0.3711
vn -0.0078 0.9987 0.0513
vn 0.0137 0.9968 0.0783
vn -0.0156 0.9987 -0.0486
vn 0.0513 0.9974 -0.0509
vn -0.0708 0.9962 -0.0510
vn -0.0373 0.9992 0.0134
vn -0.0157 0.9987 -0.0486
vn -0.0079 0.9987 0.0513
vn 0.0317 0.9979 -0.0568
vn -0.0157 0.9984 -0.0548
vn -0.0820 0.9855 -0.1489
vn -0.0098 0.0333 0.9994
vn -0.0093 0.0339 0.9994
vn -0.0035 0.0198 0.9998
vn -0.0039 0.0196 0.9998
vn -0.0137 0.0469 0.9988
vn -0.9990 0.0450 0.0078
vn -0.1568 -0.0020 0.9876
vn -0.1565 -0.0020 0.9877
vn -0.1561 -0.0019 0.9877
vn -0.8996 0.4364 -0.0177
vn -0.9428 0.3329 -0.0196
vn -0.9927 0.1192 0.0195
vn -0.9900 0.1409 -0.0059
vn -0.9139 0.4051 -0.0274
vn -0.9852 0.1701 -0.0215
vn -0.8653 0.4992 -0.0450
vn -0.9731 0.2228 -0.0586
vn -0.9064 0.2900 -0.3072
vn -0.8925 0.2762 -0.3565
vn -0.3466 0.1825 -0.9201
vn -0.3467 0.1824 -0.9201
vn -0.0822 0.9854 -0.1489
vn -0.0961 0.1139 -0.9888
vn -0.0000 0.0177 -0.9998
vn 0.9997 0.0235 -0.0078
vn 0.9997 0.0236 -0.0078
vn 0.9997 0.0235 -0.0079
vn 0.0039 0.0059 1.0000
vn 0.9230 0.3844 -0.0157
vn 0.9979 0.0628 0.0176
vn 0.9449 0.3258 -0.0334
vn 0.9960 0.0882 -0.0157
vn 0.8904 0.4530 -0.0451
vn 0.9886 0.1468 -0.0333
vn 0.8429 0.5355 -0.0529
vn 0.9752 0.2154 -0.0509
vn 0.8432 0.5350 -0.0532
vn 0.8389 0.3077 -0.4489
vn 0.8658 0.3058 -0.3960
vn 0.3667 0.2452 -0.8974
vn 0.2453 0.1669 -0.9550
vn -0.0019 -0.9987 0.0508
vn -0.0039 -0.9991 0.0430
vn -0.0020 -0.9987 0.0508
vn -0.0020 -0.9983 0.0586
vn -0.0020 -0.1173 0.9931
vn -0.0000 -0.1272 0.9919
vn 0.0020 -0.1428 0.9898
vn -0.0059 -0.0974 0.9952
vn -0.0059 -0.0977 0.9952
vn 0.0566 -0.9984 -0.0059
vn 0.0645 -0.9979 -0.0037
vn 0.0667 -0.9978 -0.0021
vn 0.0547 -0.9983 -0.0176
vn -0.0293 -0.9969 -0.0723
vn 0.0176 -0.9987 -0.0469
vn 0.9867 0.1622 0.0116
vn 0.9828 0.1844 0.0019
vn 0.9846 0.1742 0.0117
vn 0.9950 0.0995 -0.0098
vn 0.9948 0.1015 -0.0098
vn 1.0000 -0.0000 -0.0078
vn -0.1744 -0.9721 -0.1566
vn -0.3557 -0.8834 -0.3049
vn -0.3540 -0.8784 -0.3210
vn -0.0646 -0.9979 -0.0039
vn -0.0663 -0.9978 -0.0039
vn -0.0430 -0.9991 -0.0000
vn -0.0781 -0.9966 -0.0273
vn -0.0821 -0.9965 -0.0137
vn -0.9998 -0.0137 0.0117
vn -1.0000 -0.0000 0.0078
vn -1.0000 0.0039 0.0078
vn -0.9991 0.0430 -0.0039
vn -0.0019 -0.9956 -0.0939
vn -0.0528 -0.9972 -0.0528
vn -0.9965 0.0821 -0.0156
vn -0.9934 0.1115 -0.0254
vn 0.0942 -0.9816 -0.1664
vn 0.0822 -0.9839 -0.1585
vn 0.0020 0.3547 -0.9350
vn -0.0000 0.0176 -0.9998
vn 0.1039 0.1356 -0.9853
vn 0.2449 0.9654 0.0900
vn 0.0156 0.4655 -0.8849
vn 0.0137 0.5819 -0.8131
vn -0.0051 0.5993 -0.8005
vn -0.0215 0.4576 -0.8889
vn -0.0235 0.5760 -0.8171
vn -0.0137 0.3564 -0.9342
vn -0.0411 0.5951 -0.8026
vn 0.1254 0.6055 -0.7859
vn -0.1058 0.6016 -0.7917
vn -0.4522 0.5681 -0.6876
vn -0.8673 0.3643 -0.3392
vn -0.9186 0.3071 -0.2486
vn 0.8666 0.3801 -0.3232
vn 0.9053 0.3387 -0.2564
vn 0.9590 0.2589 -0.1157
vn 0.9678 0.2390 -0.0784
vn -0.8677 0.3640 -0.3385
vn -0.9690 0.2193 -0.1136
vn -0.9189 0.3068 -0.2479
vn -0.9788 0.1918 -0.0724
vn 0.9842 0.1764 -0.0137
vn 0.9889 0.1488 0.0039
vn -0.9871 0.1564 -0.0352
vn -0.9879 0.1506 -0.0372
vn 0.5273 0.5541 -0.6442
vn 0.8663 0.3804 -0.3237
vn 0.9051 0.3389 -0.2567
vn -0.0000 0.3588 -0.9334
vn 0.3032 -0.9034 -0.3031
vn 0.3111 -0.8960 -0.3169
vn 0.3114 -0.8950 -0.3192
vn -0.0333 0.9994 0.0058
vn -0.0098 0.9998 0.0177
vn -0.0071 1.0000 -0.0006
vn 0.0157 0.9994 -0.0294
vn -0.0059 0.9998 -0.0176
vn 0.0157 0.9999 0.0059
vn -0.0039 0.9988 -0.0491
vn -0.0195 0.9976 -0.0667
vn -0.0020 0.9992 -0.0412
vn -0.0020 0.9999 -0.0117
vn -0.0039 0.9996 -0.0274
vn -0.1682 -0.9742 -0.1506
vn -0.3559 -0.8879 -0.2914
vn -0.0039 0.5784 -0.8157
vn -0.0019 1.0000 -0.0000
vn -0.9995 0.0137 -0.0274
vn -0.0018 -0.6471 0.7624
vn -0.1566 0.3406 0.9271
vn -0.0020 -0.6471 0.7624
vn 0.0450 0.3931 0.9184
vn -0.0273 0.4147 0.9096
vn 0.0294 0.4130 0.9103
vn -0.0000 0.2874 0.9578
vn 0.0885 0.9933 0.0748
vn -0.0000 0.2880 0.9576
vn -0.0904 0.9931 0.0748
vn 0.9711 0.2389 -0.0000
vn 0.0885 0.9934 -0.0728
vn 0.9710 0.2389 -0.0000
vn -0.0000 0.1999 -0.9798
vn -0.0904 0.9932 -0.0728
vn -0.9712 0.2384 -0.0000
vn 1.0000 -0.0000 -0.0000
vn -1.0000 -0.0000 -0.0000
vn -0.0000 -0.0000 -1.0000
vn -0.0000 -0.0000 1.0000
vn -0.5012 -0.0000 -0.8653
vn -0.8660 -0.0000 -0.5000
vn -0.5012 -0.0000 -0.8654
vn -0.8660 -0.0000 0.5000
vn -0.5000 -0.0000 0.8660
vn -0.0004 -0.0000 1.0000
vn 0.0004 -0.0000 1.0000
vn 0.5000 -0.0000 0.8660
vn 0.4989 -0.0000 0.8667
vn 0.8653 -0.0000 0.5012
vn 0.8654 -0.0000 0.5011
vn 0.8662 -0.0000 -0.4996
vn 0.8662 -0.0000 -0.4997
vn 0.4997 -0.0000 -0.8662
vn 0.5000 -0.0000 -0.8660
vn -0.0000 0.2467 0.9691
vn 0.0885 0.9933 0.0747
vn 0.9760 0.2176 -0.0000
vn -0.0000 0.1901 -0.9818
vn -0.9761 0.2172 -0.0000
vn -0.9761 0.2171 -0.0000
vn -0.8662 -0.0000 -0.4997
vn 0.8660 -0.0000 -0.5000
vn 1.0000 0.0002 -0.0003
vn 1.0000 0.0005 -0.0002
vn -0.0000 -0.2369 -0.9715
vn -1.0000 -0.0018 0.0018
vn -1.0000 -0.0016 0.0016
vn -1.0000 -0.0019 0.0019
vn -0.0000 0.2197 0.9756
vn -0.0000 0.2190 0.9757
vn -0.0000 0.2189 0.9757
vn -0.0000 0.9540 -0.2998
vn -0.0000 0.9993 0.0370
vn -0.0000 -1.0000 -0.0000
vn -0.0020 -0.9997 -0.0254
vn 0.2040 -0.3824 -0.9012
vn -0.0019 -0.9757 -0.2190
vn 0.0023 -0.6942 -0.7198
vn -0.0059 -0.2194 -0.9756
vn -0.2899 0.0979 -0.9520
vn -0.0063 0.3114 -0.9502
vn -0.0179 0.9384 -0.3452
vn -0.4857 0.8441 -0.2272
vn -0.0102 0.9794 -0.2018
vn 0.9595 -0.0725 -0.2722
vn 0.8915 -0.1117 -0.4390
vn 0.4916 -0.2139 -0.8442
vn -0.0255 -0.2351 -0.9716
vn -0.7124 0.5949 -0.3723
vn -0.3565 0.0137 -0.9342
vn -0.9767 -0.0331 -0.2118
vn -0.9201 0.3582 -0.1586
vn -0.7618 0.6110 -0.2154
vn -0.9975 -0.0094 -0.0705
vn -0.5305 -0.1973 -0.8244
vn 0.0082 0.9794 -0.2018
vn 0.0160 0.9384 -0.3452
vn 0.0043 0.3115 -0.9503
vn -0.0000 -0.2194 -0.9756
vn -0.0062 -0.6942 -0.7198
vn -0.0043 -0.9753 -0.2210
vn -0.6064 -0.7722 -0.1896
vn -0.9965 -0.0137 -0.0821
vn -0.9210 -0.0880 -0.3794
vn -0.5012 -0.2077 -0.8400
vn -0.0019 -0.2407 -0.9706
vn 0.4981 -0.2098 -0.8413
vn 0.9155 -0.0980 -0.3902
vn 0.9964 -0.0196 -0.0822
vn -0.9891 -0.1450 -0.0236
vn -0.3594 -0.9317 -0.0527
vn -0.4993 -0.2193 -0.8382
vn 0.0020 -0.2544 -0.9671
vn 0.5014 -0.2210 -0.8365
vn 0.6183 -0.7664 -0.1743
vn 0.9889 -0.1473 -0.0216
vn -0.7129 -0.7012 -0.0039
vn -0.5937 -0.8047 -0.0020
vn -0.1780 -0.9840 -0.0020
vn -0.1739 -0.9848 -0.0020
vn -0.0254 -0.9997 -0.0020
vn 0.0003 -1.0000 -0.0023
vn 0.1682 -0.9858 -0.0020
vn 0.1720 -0.9851 -0.0020
vn 0.6025 -0.7981 -0.0020
vn 0.7149 -0.6992 -0.0020
vn 0.0001 -1.0000 -0.0023
vn 0.1135 -0.9935 -0.0020
vn -0.7219 -0.6025 -0.3404
vn -0.3539 -0.4946 -0.7938
vn 0.0686 -0.1881 -0.9798
vn 0.3406 0.2427 -0.9083
vn 0.4843 0.8449 -0.2273
vn -0.8884 -0.1158 -0.4443
vn -0.4931 -0.2134 -0.8434
vn 0.0255 -0.2406 -0.9703
vn 0.7115 0.5957 -0.3728
vn 0.4894 0.0685 -0.8693
vn 0.9746 -0.0311 -0.2216
vn 0.7610 0.6119 -0.2157
vn 0.9198 0.3589 -0.1589
vn 0.9975 -0.0055 -0.0706
vn 0.5289 -0.1995 -0.8249
vn 0.7324 -0.5542 -0.3956
vn 0.9944 -0.0215 -0.1037
vn 0.4972 -0.2072 -0.8425
vn -0.0022 -0.2394 -0.9709
vn -0.5009 -0.2093 -0.8398
vn -0.7328 -0.5570 -0.3908
vn -0.9942 -0.0274 -0.1037
vn 0.9891 -0.1453 -0.0236
vn -0.9889 -0.1470 -0.0216
vn 0.7120 -0.7022 -0.0039
vn 0.5924 -0.8056 -0.0020
vn 0.1134 -0.9935 -0.0020
vn -0.0019 -1.0000 -0.0023
vn -0.0019 -1.0000 -0.0020
vn -0.1154 -0.9933 -0.0020
vn -0.5981 -0.8014 -0.0020
vn -0.7158 -0.6983 -0.0020
vn -0.4857 0.8442 -0.2269
vn -0.9201 0.3583 -0.1586
vn -0.5305 -0.1974 -0.8244
vn 0.0043 0.3114 -0.9503
vn -0.9965 -0.0137 -0.0820
vn -0.5012 -0.2076 -0.8400
vn -0.0020 -0.2407 -0.9706
vn 0.4982 -0.2101 -0.8412
vn -0.9892 -0.1444 -0.0237
vn -0.3598 -0.9315 -0.0529
vn 0.5014 -0.2212 -0.8365
vn 0.6178 -0.7669 -0.1739
vn 0.9890 -0.1466 -0.0218
vn -0.7127 -0.7015 -0.0039
vn -0.9893 -0.1443 -0.0234
vn 0.7146 -0.6995 -0.0020
vn 0.9890 -0.1465 -0.0216
vn 0.4842 0.8449 -0.2274
vn 0.0254 -0.2406 -0.9703
vn 0.7609 0.6119 -0.2158
vn 0.9944 -0.0215 -0.1038
vn 0.4975 -0.2076 -0.8423
vn -0.0022 -0.2397 -0.9708
vn -0.5009 -0.2092 -0.8399
vn -0.0000 -0.2371 -0.9715
vn -0.0000 0.9541 -0.2996
vn -0.0000 0.1449 -0.9895
vn -0.0000 0.1449 0.9895
vn -0.0021 0.1468 -0.9892
vn -0.0020 0.1469 -0.9892
vn -0.0000 0.1466 0.9892
vn -0.0000 0.1467 0.9892
vn 0.0004 -0.6952 -0.7188
vn -0.0020 -0.2194 -0.9756
vn -0.0024 0.3115 -0.9503
vn -0.0062 0.9385 -0.3452
vn -0.0043 0.9794 -0.2018
vn 0.4915 -0.2139 -0.8442
vn -0.0254 -0.2351 -0.9716
vn -0.7124 0.5948 -0.3723
vn -0.3564 0.0137 -0.9342
vn -0.9767 -0.0330 -0.2118
vn 0.0023 0.9794 -0.2018
vn 0.0042 0.9385 -0.3452
vn 0.0004 0.3114 -0.9503
vn -0.0023 -0.6952 -0.7189
vn -0.0023 -0.9753 -0.2210
vn -0.2365 -0.9673 -0.0919
vn 0.4981 -0.2099 -0.8413
vn -0.4992 -0.2193 -0.8383
vn 0.0019 -0.2545 -0.9671
vn 0.4844 0.8449 -0.2272
vn -0.4931 -0.2136 -0.8434
vn 0.5289 -0.1994 -0.8249
vn -0.0020 -0.2406 -0.9706
vn -0.5010 -0.2093 -0.8398
vn 0.9891 -0.1454 -0.0236
vn -0.0020 -1.0000 -0.0020
vn -0.0019 -1.0000 -0.0021
vn -0.3070 -0.8918 -0.3324
vn -0.5847 -0.7598 -0.2843
vn -0.3109 -0.8859 -0.3442
vn -0.5885 -0.7527 -0.2953
vn -0.8058 -0.5554 -0.2054
vn -0.8107 -0.5431 -0.2188
vn -0.9493 -0.2943 -0.1101
vn -0.9517 -0.2814 -0.1232
vn -1.0000 -0.0058 -0.0001
vn -0.9998 0.0098 -0.0157
vn -0.9528 0.2839 0.1075
vn -0.9500 0.2991 0.0899
vn -0.8122 0.5461 0.2055
vn -0.8078 0.5594 0.1858
vn -0.5908 0.7553 0.2837
vn -0.5865 0.7664 0.2620
vn -0.3114 0.8893 0.3349
vn -0.3095 0.8991 0.3095
vn -0.0019 0.9359 0.3523
vn -0.0020 0.9451 0.3268
vn 0.3097 0.8898 0.3351
vn 0.3077 0.8997 0.3097
vn 0.5897 0.7562 0.2838
vn 0.5852 0.7673 0.2623
vn 0.8115 0.5469 0.2058
vn 0.8071 0.5603 0.1861
vn 0.9527 0.2843 0.1078
vn 0.9498 0.2996 0.0901
vn 1.0000 -0.0058 -0.0002
vn 0.9998 0.0098 -0.0157
vn 0.9491 -0.2953 -0.1097
vn 0.9515 -0.2819 -0.1234
vn 0.8051 -0.5563 -0.2057
vn 0.8100 -0.5439 -0.2192
vn 0.5832 -0.7612 -0.2838
vn 0.5872 -0.7536 -0.2956
vn 0.3053 -0.8923 -0.3327
vn 0.3092 -0.8864 -0.3444
vn -0.0016 -0.9367 -0.3501
vn 0.0004 -0.9323 -0.3617
vn -0.0023 -0.9367 -0.3501
vn -0.0003 -0.9323 -0.3617
vn -0.0018 0.2997 -0.9540
vn -0.0015 0.2997 -0.9540
vn -0.0014 0.2997 -0.9540
vn -0.0020 0.2997 -0.9540
vn -0.0000 0.2999 -0.9540
vn -0.0019 0.2997 -0.9540
vn -0.0000 0.2998 -0.9540
vn -0.3009 -0.8108 -0.5021
vn -0.2931 -0.7582 -0.5824
vn -0.0023 -0.8565 -0.5162
vn -0.0004 -0.8023 -0.5969
vn -0.5558 -0.6302 -0.5421
vn -0.5717 -0.6794 -0.4601
vn -0.7642 -0.4320 -0.4789
vn -0.7862 -0.4752 -0.3951
vn -0.8981 -0.1800 -0.4012
vn -0.9241 -0.2169 -0.3146
vn -0.9447 0.0978 -0.3130
vn -0.9718 0.0704 -0.2249
vn -0.8988 0.3760 -0.2252
vn -0.9248 0.3558 -0.1349
vn -0.7645 0.6277 -0.1467
vn -0.7870 0.6147 -0.0529
vn -0.5563 0.8267 -0.0843
vn -0.5717 0.8204 0.0118
vn -0.2935 0.9550 -0.0431
vn -0.3016 0.9519 0.0529
vn -0.0000 0.9996 -0.0294
vn -0.0000 0.9978 0.0666
vn 0.2917 0.9555 -0.0431
vn 0.2999 0.9525 0.0529
vn 0.5550 0.8276 -0.0844
vn 0.5704 0.8213 0.0118
vn 0.7637 0.6286 -0.1469
vn 0.7863 0.6155 -0.0530
vn 0.8985 0.3767 -0.2256
vn 0.9245 0.3565 -0.1351
vn 0.9445 0.0980 -0.3136
vn 0.9717 0.0708 -0.2252
vn 0.8978 -0.1803 -0.4019
vn 0.9238 -0.2173 -0.3151
vn 0.7634 -0.4326 -0.4796
vn 0.7854 -0.4760 -0.3957
vn 0.5545 -0.6309 -0.5427
vn 0.5703 -0.6801 -0.4606
vn 0.2913 -0.7586 -0.5827
vn 0.2991 -0.8113 -0.5024
vn 0.0004 -0.8023 -0.5969
vn -0.0016 -0.8565 -0.5162
vn -0.2817 -0.7040 -0.6520
vn -0.5360 -0.5808 -0.6127
vn -0.7375 -0.3890 -0.5520
vn -0.8676 -0.1463 -0.4753
vn -0.9116 0.1233 -0.3922
vn -0.8677 0.3910 -0.3069
vn -0.7375 0.6345 -0.2316
vn -0.5358 0.8268 -0.1711
vn -0.2821 0.9503 -0.1315
vn -0.0000 0.9930 -0.1178
vn 0.2804 0.9509 -0.1314
vn 0.5358 0.8268 -0.1711
vn 0.7371 0.6350 -0.2314
vn 0.8672 0.3917 -0.3075
vn 0.9115 0.1233 -0.3923
vn 0.8672 -0.1467 -0.4758
vn 0.7367 -0.3897 -0.5526
vn 0.5346 -0.5817 -0.6130
vn 0.2807 -0.7043 -0.6521
vn 0.0004 -0.7469 -0.6649
vn -0.0004 -0.7470 -0.6649
vn -0.1878 -0.9373 -0.2937
vn -0.4418 -0.7975 -0.4109
vn -0.1878 -0.9373 -0.2935
vn -0.4417 -0.7971 -0.4117
vn -0.6535 -0.5792 -0.4873
vn -0.8001 -0.3052 -0.5165
vn -0.8689 -0.0000 -0.4950
vn -0.8688 -0.0000 -0.4951
vn -0.8530 0.3033 -0.4247
vn -0.8531 0.3033 -0.4246
vn -0.7538 0.5776 -0.3133
vn -0.5796 0.7969 -0.1704
vn -0.5795 0.7969 -0.1705
vn -0.3506 0.9364 -0.0118
vn -0.0861 0.9851 0.1488
vn -0.0854 0.9852 0.1485
vn 0.1864 0.9369 0.2957
vn 0.1864 0.9369 0.2958
vn 0.4406 0.7970 0.4131
vn 0.6525 0.5781 0.4899
vn 0.6525 0.5784 0.4895
vn 0.7993 0.3041 0.5183
vn 0.7990 0.3035 0.5191
vn 0.8675 -0.0019 0.4974
vn 0.8675 -0.0018 0.4974
vn 0.8519 -0.3045 0.4262
vn 0.8518 -0.3045 0.4262
vn 0.7517 -0.5794 0.3151
vn 0.5772 -0.7982 0.1722
vn 0.5774 -0.7981 0.1721
vn 0.3483 -0.9373 0.0137
vn 0.3485 -0.9372 0.0133
vn 0.0844 -0.9856 -0.1465
vn 0.0838 -0.9856 -0.1469
vn -0.4888 -0.1710 0.8555
vn -0.4884 -0.1717 0.8555
vn -0.4883 -0.1719 0.8556
vn -0.4886 -0.1713 0.8555
vn -0.4885 -0.1716 0.8555
vn -0.4884 -0.1718 0.8556
vn -0.4884 -0.1717 0.8556
vn -0.4887 -0.1712 0.8555
vn 0.5095 0.2923 -0.8093
vn 0.5428 0.2747 -0.7936
vn 0.4879 0.1705 -0.8561
vn 0.5706 0.2451 -0.7838
vn 0.5900 0.2098 -0.7796
vn 0.6001 0.1686 -0.7820
vn 0.5978 0.1273 -0.7914
vn 0.5838 0.0918 -0.8067
vn 0.5610 0.0625 -0.8255
vn 0.5313 0.0449 -0.8460
vn 0.4955 0.0388 -0.8677
vn 0.4600 0.0447 -0.8868
vn 0.4249 0.0624 -0.9031
vn 0.3975 0.0917 -0.9130
vn 0.3779 0.1273 -0.9171
vn 0.3701 0.1685 -0.9136
vn 0.3718 0.2077 -0.9048
vn 0.3856 0.2450 -0.8895
vn 0.4076 0.2748 -0.8708
vn 0.4385 0.2921 -0.8499
vn 0.4725 0.2983 -0.8293
vn 0.5230 0.5485 -0.6524
vn 0.6298 0.4905 -0.6024
vn 0.4884 0.1706 -0.8558
vn 0.7189 0.3977 -0.5701
vn 0.7808 0.2825 -0.5572
vn 0.8094 0.1548 -0.5664
vn 0.8030 0.0255 -0.5955
vn 0.7606 -0.0902 -0.6430
vn 0.4878 0.1704 -0.8562
vn 0.6874 -0.1821 -0.7031
vn 0.4878 0.1704 -0.8561
vn 0.5901 -0.2411 -0.7705
vn 0.4886 0.1706 -0.8557
vn 0.4779 -0.2624 -0.8383
vn 0.4879 0.1704 -0.8561
vn 0.3645 -0.2410 -0.8995
vn 0.2564 -0.1820 -0.9493
vn 0.1685 -0.0901 -0.9816
vn 0.4885 0.1706 -0.8557
vn 0.1059 0.0255 -0.9941
vn 0.4882 0.1705 -0.8559
vn 0.0764 0.1547 -0.9850
vn 0.0842 0.2820 -0.9557
vn 0.4882 0.1706 -0.8559
vn 0.1254 0.3976 -0.9089
vn 0.4878 0.1705 -0.8561
vn 0.1980 0.4901 -0.8489
vn 0.2959 0.5487 -0.7819
vn 0.4890 0.1708 -0.8554
vn 0.4076 0.5702 -0.7133
vn 0.9999 -0.0137 -0.0039
vn 0.6482 0.7342 0.2020
vn 1.0000 -0.0058 -0.0020
vn 0.6426 0.7386 0.2038
vn 0.6363 -0.7440 -0.2036
vn 0.6308 -0.7482 -0.2057
vn -0.6532 0.7294 0.2034
vn -0.6479 0.7340 0.2036
vn -0.0039 0.9638 0.2664
vn -0.0039 0.9639 0.2664
vn -0.6277 -0.7509 -0.2053
vn -0.6333 -0.7467 -0.2033
vn -0.9998 -0.0195 -0.0020
vn -1.0000 -0.0098 -0.0000
vn 0.0023 -0.9645 -0.2641
vn 0.0016 -0.9645 -0.2641
vn 0.9992 -0.0376 -0.0120
vn 0.9995 0.0298 0.0059
vn 0.9995 -0.0317 -0.0080
vn 0.9993 0.0376 0.0059
vn -0.0020 0.3548 -0.9350
vn -0.0017 0.3550 -0.9349
vn 0.0122 0.9899 0.1412
vn 0.0121 0.9862 0.1650
vn -0.0141 0.9899 0.1412
vn -0.0141 0.9859 0.1666
vn -0.0020 0.3547 -0.9350
vn -0.0000 0.3547 -0.9350
vn -0.0000 0.3554 -0.9347
vn -0.9993 0.0375 0.0059
vn -0.9995 0.0297 0.0059
vn -0.9995 -0.0317 -0.0080
vn -0.9992 -0.0375 -0.0119
vn -0.0000 0.3549 -0.9349
vn -0.0000 0.3548 -0.9349
vn -0.0000 0.3551 -0.9348
vn -0.0018 0.3548 -0.9349
vn 0.0102 -0.9351 -0.3541
vn 0.0102 -0.9660 -0.2582
vn -0.0122 -0.9344 -0.3561
vn -0.0121 -0.9660 -0.2582
vn 0.9998 -0.0180 -0.0040
vn 0.9968 0.0787 0.0118
vn 0.0102 0.9902 0.1390
vn -0.0122 0.9905 0.1373
vn -0.9968 0.0786 0.0118
vn -0.9998 -0.0180 -0.0040
vn -0.0141 -0.9720 -0.2347
vn 0.0121 -0.9716 -0.2364
vn 0.7466 -0.6461 -0.1586
vn 0.6938 -0.6952 -0.1880
vn 0.7463 -0.6464 -0.1586
vn 0.6932 -0.6957 -0.1882
vn 0.6310 0.7682 0.1078
vn 0.7173 0.6898 0.0980
vn -0.6322 0.7673 0.1077
vn -0.7182 0.6889 0.0978
vn -0.7472 -0.6455 -0.1585
vn -0.6945 -0.6945 -0.1879
vn -0.0000 0.3550 -0.9349
vn -0.0000 0.3561 -0.9345
vn -0.0000 0.3552 -0.9348
vn 0.7069 -0.6614 -0.2505
vn 0.7359 0.6675 0.1136
vn -0.7368 0.6665 0.1133
vn -0.0017 0.3549 -0.9349
vn -0.7076 -0.6607 -0.2503
vn 0.7064 -0.6619 -0.2507
vn 0.0274 -0.9598 0.2795
vn 0.0098 -0.8757 -0.4828
vn 0.0195 -0.9599 0.2796
vn 0.0117 -0.8756 -0.4828
vn -0.0157 -0.2783 -0.9604
vn -0.0019 -0.2783 -0.9605
vn -0.0333 0.4795 -0.8769
vn -0.0157 0.4797 -0.8773
vn -0.0314 0.9588 -0.2824
vn -0.0196 0.9591 -0.2825
vn -0.0137 0.8786 0.4774
vn -0.0117 0.8786 0.4774
vn 0.0098 0.2814 0.9595
vn 0.0039 0.2814 0.9596
vn 0.0254 -0.4800 0.8769
vn 0.0175 -0.4801 0.8771
vn 0.0254 -0.4806 0.8766
vn 0.0175 -0.4807 0.8767
vn 0.7144 -0.6068 -0.3484
vn 0.0117 -0.8777 -0.4790
vn 0.7109 -0.6130 -0.3447
vn 0.0020 -0.8773 -0.4799
vn -0.6985 -0.6355 -0.3291
vn -0.7039 -0.6257 -0.3363
vn -0.9996 -0.0235 0.0157
vn -0.9999 -0.0137 -0.0000
vn -0.7153 0.6048 0.3502
vn -0.7215 0.6042 0.3382
vn -0.0133 0.8766 0.4811
vn -0.0215 0.8764 0.4811
vn 0.6978 0.6351 0.3312
vn 0.6950 0.6343 0.3387
vn 0.9997 0.0219 -0.0135
vn 0.9999 0.0160 -0.0057
vn 0.9997 0.0213 -0.0138
vn 0.9999 0.0154 -0.0060
vn 0.0118 -0.8777 -0.4791
vn 0.7189 -0.5955 -0.3585
vn 0.0196 -0.8764 -0.4813
vn -0.6952 -0.6425 -0.3222
vn -0.9996 -0.0238 0.0155
vn -0.9993 -0.0277 0.0253
vn -0.9996 -0.0231 0.0158
vn -0.9993 -0.0271 0.0256
vn -0.7122 0.6026 0.3601
vn -0.0137 0.8765 0.4812
vn -0.0039 0.8774 0.4798
vn 0.7035 0.6369 0.3155
vn 0.9997 0.0216 -0.0138
vn 0.9991 0.0294 -0.0314
vn -0.0332 -0.8782 -0.4772
vn 0.5912 -0.7948 -0.1370
vn 0.9221 -0.1765 0.3444
vn 0.5737 0.5541 0.6031
vn 0.9221 -0.1759 0.3448
vn -0.0568 0.8747 0.4814
vn -0.7631 0.6379 0.1037
vn -0.9596 0.1251 -0.2521
vn -0.7487 -0.4457 -0.4907
vn 0.3069 -0.9440 0.1212
vn 0.0078 -0.8536 -0.5208
vn 0.4519 -0.4248 0.7844
vn 0.4519 -0.4243 0.7847
vn 0.2895 0.4107 0.8646
vn -0.0157 0.8986 0.4385
vn -0.2701 0.8945 -0.3562
vn -0.3407 0.4484 -0.8263
vn -0.2566 -0.1881 -0.9480
vn -0.7307 0.3193 -0.6034
vn -0.5832 0.7926 -0.1781
vn -0.5669 -0.2893 -0.7713
vn 0.7248 -0.4368 -0.5328
vn 0.1096 -0.8492 -0.5166
vn 0.9418 0.1703 -0.2898
vn 0.7091 0.6993 0.0901
vn 0.0861 0.8946 0.4385
vn -0.6416 0.5809 0.5008
vn -0.9742 -0.1190 0.1919
vn -0.6234 -0.7484 -0.2267
vn -0.9742 -0.1197 0.1916
vn 0.0509 -0.8258 -0.5616
vn 0.2252 -0.2174 -0.9498
vn 0.2844 0.4629 -0.8395
vn 0.2097 0.9213 -0.3274
vn 0.0274 0.9188 0.3938
vn -0.1348 0.3517 0.9263
vn -0.1720 -0.4743 0.8634
vn -0.1720 -0.4749 0.8631
vn -0.1172 -0.9729 0.1993
vn 0.5429 -0.2685 -0.7957
vn 0.1212 -0.8093 -0.5747
vn 0.6856 0.3565 -0.6347
vn 0.5294 0.8254 -0.1961
vn 0.0971 0.9226 0.3734
vn -0.4206 0.4813 0.7690
vn -0.6776 -0.3610 0.6407
vn -0.6776 -0.3616 0.6404
vn -0.4005 -0.9163 0.0039
vn 0.0509 0.8451 0.5321
vn -0.3016 -0.8254 -0.4773
vn -0.5727 -0.6979 -0.4301
vn -0.3092 -0.8704 -0.3831
vn -0.5868 -0.7375 -0.3342
vn -0.7917 -0.4965 -0.3559
vn -0.8073 -0.5299 -0.2597
vn -0.9346 -0.2425 -0.2601
vn -0.9495 -0.2678 -0.1638
vn -0.9871 0.0430 -0.1545
vn -0.9981 0.0214 -0.0584
vn -0.9432 0.3290 -0.0471
vn -0.9486 0.3128 0.0473
vn -0.8055 0.5906 0.0489
vn -0.8075 0.5727 0.1411
vn -0.5873 0.7993 0.1272
vn -0.5866 0.7801 0.2174
vn -0.3094 0.9341 0.1781
vn -0.3089 0.9130 0.2663
vn -0.0019 0.9807 0.1957
vn -0.0000 0.9593 0.2823
vn 0.3077 0.9346 0.1783
vn 0.3072 0.9136 0.2664
vn 0.5863 0.8000 0.1275
vn 0.5854 0.7810 0.2177
vn 0.8045 0.5920 0.0489
vn 0.8068 0.5737 0.1413
vn 0.9430 0.3294 -0.0470
vn 0.9484 0.3134 0.0474
vn 0.9870 0.0431 -0.1548
vn 0.9981 0.0215 -0.0585
vn 0.9344 -0.2429 -0.2605
vn 0.9493 -0.2683 -0.1641
vn 0.7910 -0.4973 -0.3564
vn 0.8067 -0.5307 -0.2601
vn 0.5715 -0.6986 -0.4306
vn 0.5855 -0.7384 -0.3345
vn 0.2995 -0.8260 -0.4776
vn 0.3073 -0.8710 -0.3833
vn -0.0019 -0.8688 -0.4951
vn -0.0000 -0.9164 -0.4002
vn -0.3009 -0.8256 -0.4773
vn -0.3088 -0.8705 -0.3832
vn -0.0017 0.2997 -0.9540
vn -0.3087 -0.9097 -0.2779
vn -0.2971 -0.7847 -0.5440
vn -0.0020 -0.9560 -0.2933
vn -0.0000 -0.8299 -0.5579
vn -0.2978 -0.7845 -0.5439
vn -0.3095 -0.9094 -0.2777
vn -0.5635 -0.6555 -0.5028
vn -0.5880 -0.7736 -0.2364
vn -0.7762 -0.4517 -0.4399
vn -0.8090 -0.5628 -0.1699
vn -0.9118 -0.1976 -0.3600
vn -0.9509 -0.2974 -0.0861
vn -0.9591 0.0842 -0.2701
vn -1.0000 -0.0019 0.0059
vn -0.9119 0.3679 -0.1820
vn -0.9513 0.2917 0.0998
vn -0.7764 0.6219 -0.1017
vn -0.8099 0.5576 0.1820
vn -0.5642 0.8247 -0.0392
vn -0.5890 0.7690 0.2485
vn -0.2974 0.9547 0.0020
vn -0.3095 0.9050 0.2919
vn -0.0000 0.9999 0.0157
vn -0.0000 0.9516 0.3074
vn 0.2956 0.9553 0.0019
vn 0.3077 0.9055 0.2920
vn 0.5628 0.8256 -0.0392
vn 0.5877 0.7699 0.2488
vn 0.7757 0.6229 -0.1019
vn 0.8093 0.5585 0.1823
vn 0.9116 0.3685 -0.1823
vn 0.9511 0.2922 0.1000
vn 0.9590 0.0843 -0.2707
vn 1.0000 -0.0020 0.0059
vn 0.9114 -0.1979 -0.3607
vn 0.9507 -0.2979 -0.0863
vn 0.7754 -0.4523 -0.4406
vn 0.8083 -0.5636 -0.1703
vn 0.5621 -0.6562 -0.5034
vn 0.5867 -0.7744 -0.2367
vn 0.2956 -0.7851 -0.5443
vn 0.3073 -0.9101 -0.2780
vn -0.3054 -0.8485 -0.4321
vn -0.5808 -0.7139 -0.3913
vn -0.7990 -0.5059 -0.3250
vn -0.9388 -0.2441 -0.2429
vn -0.9875 0.0470 -0.1506
vn -0.9389 0.3388 -0.0607
vn -0.7995 0.6002 0.0233
vn -0.5812 0.8090 0.0879
vn -0.3053 0.9432 0.1312
vn -0.0000 0.9894 0.1449
vn 0.3035 0.9438 0.1312
vn 0.5803 0.8096 0.0881
vn 0.7988 0.6011 0.0235
vn 0.9389 0.3389 -0.0608
vn 0.9874 0.0471 -0.1510
vn 0.9386 -0.2446 -0.2431
vn 0.7985 -0.5066 -0.3251
vn 0.5796 -0.7146 -0.3916
vn 0.3033 -0.8491 -0.4324
vn -0.0019 -0.8940 -0.4480
vn -0.3047 -0.8487 -0.4322
vn -0.5890 -0.6340 -0.5011
vn -0.5865 -0.6353 -0.5025
vn -0.3107 -0.7465 -0.5884
vn -0.3089 -0.7470 -0.5887
vn -0.8096 -0.4590 -0.3658
vn -0.8080 -0.4616 -0.3661
vn -0.9517 -0.2383 -0.1934
vn -0.9505 -0.2412 -0.1957
vn -1.0000 0.0039 -0.0020
vn -1.0000 0.0002 -0.0040
vn -0.9509 0.2445 0.1898
vn -0.9519 0.2425 0.1876
vn -0.8091 0.4633 0.3616
vn -0.8098 0.4618 0.3618
vn -0.5883 0.6353 0.5004
vn -0.5887 0.6360 0.4989
vn -0.3090 0.7471 0.5886
vn -0.3090 0.7476 0.5879
vn -0.0019 0.7845 0.6201
vn 0.0001 0.7846 0.6200
vn 0.3081 0.7461 0.5902
vn 0.3091 0.7453 0.5908
vn 0.5854 0.6343 0.5051
vn 0.5880 0.6330 0.5036
vn 0.8075 0.4606 0.3685
vn 0.8090 0.4583 0.3680
vn 0.9502 0.2410 0.1978
vn 0.9516 0.2369 0.1958
vn 1.0000 -0.0019 0.0058
vn 1.0000 -0.0058 0.0039
vn 0.9515 -0.2446 -0.1864
vn 0.9506 -0.2470 -0.1881
vn 0.8096 -0.4632 -0.3606
vn 0.8083 -0.4657 -0.3602
vn 0.5875 -0.6383 -0.4974
vn 0.5869 -0.6377 -0.4989
vn 0.3071 -0.7492 -0.5868
vn 0.3071 -0.7492 -0.5869
vn -0.0016 -0.7862 -0.6180
vn 0.0004 -0.7862 -0.6180
vn -0.0023 -0.7862 -0.6180
vn -0.0004 -0.7862 -0.6180
vn 0.1547 0.9167 -0.3684
vn 0.2938 0.8618 -0.4134
vn -0.0000 0.6309 -0.7759
vn 0.4054 0.7756 -0.4838
vn 0.4781 0.6663 -0.5723
vn 0.5016 0.5468 -0.6703
vn 0.4782 0.4253 -0.7684
vn 0.4059 0.3177 -0.8569
vn 0.2940 0.2314 -0.9274
vn 0.1549 0.1746 -0.9724
vn -0.0020 0.1568 -0.9876
vn -0.1568 0.1744 -0.9721
vn -0.2958 0.2312 -0.9268
vn -0.4075 0.3174 -0.8563
vn -0.4797 0.4249 -0.7677
vn -0.5032 0.5463 -0.6696
vn -0.4796 0.6657 -0.5717
vn -0.4071 0.7750 -0.4834
vn -0.2956 0.8614 -0.4131
vn -0.1566 0.9165 -0.3682
vn -0.0019 0.9358 -0.3525
vn -0.0019 0.6309 -0.7759
vn -0.1959 0.0214 -0.9804
vn -0.3741 0.0904 -0.9230
vn -0.0000 0.6308 -0.7759
vn -0.5131 0.2001 -0.8347
vn -0.6031 0.3371 -0.7229
vn -0.6344 0.4879 -0.5996
vn 0.0001 0.6314 -0.7754
vn -0.6028 0.6403 -0.4760
vn -0.0000 0.6312 -0.7756
vn -0.5128 0.7773 -0.3645
vn -0.0000 0.6314 -0.7754
vn -0.3742 0.8857 -0.2747
vn -0.0000 0.6309 -0.7758
vn -0.1977 0.9558 -0.2177
vn -0.0000 0.6313 -0.7755
vn -0.0020 0.9801 -0.1983
vn -0.0019 0.6309 -0.7758
vn 0.1959 0.9561 -0.2178
vn -0.0000 0.6310 -0.7758
vn 0.3725 0.8864 -0.2749
vn 0.5113 0.7781 -0.3648
vn 0.6016 0.6411 -0.4766
vn 0.6332 0.4885 -0.6003
vn 0.6018 0.3375 -0.7238
vn -0.0017 0.6310 -0.7758
vn 0.5116 0.2003 -0.8355
vn 0.3724 0.0905 -0.9236
vn 0.1960 0.0219 -0.9804
vn -0.0000 -0.0036 -1.0000
vn -0.2223 -0.0917 -0.9706
vn -0.4225 -0.0114 -0.9063
vn -0.5831 0.1119 -0.8047
vn -0.6842 0.2663 -0.6789
vn -0.7197 0.4385 -0.5383
vn -0.6847 0.6108 -0.3976
vn -0.5833 0.7658 -0.2707
vn -0.4231 0.8898 -0.1709
vn -0.2231 0.9690 -0.1061
vn -0.0020 0.9964 -0.0847
vn 0.2212 0.9694 -0.1062
vn 0.4216 0.8905 -0.1711
vn 0.5821 0.7667 -0.2710
vn 0.6837 0.6116 -0.3981
vn 0.7188 0.4391 -0.5391
vn 0.6832 0.2666 -0.6798
vn 0.5818 0.1121 -0.8056
vn 0.4210 -0.0114 -0.9070
vn 0.2211 -0.0916 -0.9709
vn -0.0000 -0.1190 -0.9929
vn 0.0511 0.7491 -0.6605
vn 0.1002 0.7297 -0.6764
vn 0.1376 0.7005 -0.7002
vn 0.1609 0.6639 -0.7303
vn 0.1707 0.6226 -0.7637
vn 0.1610 0.5817 -0.7973
vn 0.1375 0.5447 -0.8273
vn 0.1002 0.5154 -0.8511
vn 0.0511 0.4958 -0.8669
vn -0.0020 0.4894 -0.8721
vn -0.0531 0.4957 -0.8669
vn -0.1020 0.5155 -0.8508
vn -0.1395 0.5445 -0.8271
vn -0.1629 0.5815 -0.7971
vn -0.1723 0.6225 -0.7634
vn -0.1628 0.6636 -0.7301
vn -0.1396 0.7003 -0.7001
vn -0.1022 0.7296 -0.6762
vn -0.0530 0.7489 -0.6606
vn -0.0020 0.7546 -0.6562
vn 0.2429 0.9700 -0.0024
vn 0.4623 0.8837 -0.0729
vn 0.6367 0.7487 -0.1845
vn 0.7495 0.5776 -0.3233
vn 0.7884 0.3886 -0.4770
vn 0.7498 0.2000 -0.6307
vn 0.6368 0.0297 -0.7705
vn 0.4625 -0.1055 -0.8803
vn 0.2429 -0.1937 -0.9505
vn -0.0020 -0.2228 -0.9749
vn -0.2447 -0.1936 -0.9501
vn -0.4640 -0.1055 -0.8795
vn -0.6379 0.0297 -0.7695
vn -0.7507 0.1997 -0.6298
vn -0.7891 0.3880 -0.4762
vn -0.7504 0.5768 -0.3229
vn -0.6379 0.7478 -0.1843
vn -0.4638 0.8829 -0.0728
vn -0.2448 0.9696 -0.0023
vn -0.0020 0.9998 0.0212
vn -0.0018 0.4997 -0.8662
vn -0.0020 0.4997 -0.8662
vn -0.0019 0.4997 -0.8662
vn -0.0000 0.4993 -0.8664
vn -0.0000 0.4993 -0.8665
vn -0.0000 0.4997 -0.8662
vn -0.0016 0.4996 -0.8662
vn -0.0017 0.4996 -0.8662
vn -0.3014 -0.6830 -0.6654
vn -0.2936 -0.6146 -0.7322
vn -0.0004 -0.7245 -0.6893
vn -0.0004 -0.6554 -0.7553
vn -0.5556 -0.4989 -0.6652
vn -0.5712 -0.5635 -0.5968
vn -0.7646 -0.3168 -0.5612
vn -0.7863 -0.3775 -0.4891
vn -0.8981 -0.0900 -0.4305
vn -0.9244 -0.1428 -0.3538
vn -0.9450 0.1624 -0.2838
vn -0.9720 0.1172 -0.2035
vn -0.8983 0.4169 -0.1389
vn -0.9245 0.3772 -0.0547
vn -0.7651 0.6438 -0.0078
vn -0.7865 0.6124 0.0802
vn -0.5556 0.8256 0.0978
vn -0.5716 0.7987 0.1880
vn -0.2937 0.9417 0.1645
vn -0.3015 0.9183 0.2565
vn -0.0000 0.9822 0.1879
vn -0.0000 0.9594 0.2820
vn 0.2919 0.9422 0.1645
vn 0.2998 0.9188 0.2567
vn 0.5543 0.8265 0.0979
vn 0.5703 0.7996 0.1882
vn 0.7643 0.6448 -0.0079
vn 0.7858 0.6133 0.0804
vn 0.8979 0.4176 -0.1392
vn 0.9242 0.3781 -0.0547
vn 0.9448 0.1627 -0.2843
vn 0.9719 0.1175 -0.2039
vn 0.8977 -0.0902 -0.4312
vn 0.9241 -0.1429 -0.3544
vn 0.7638 -0.3173 -0.5621
vn 0.7856 -0.3781 -0.4898
vn 0.5542 -0.4994 -0.6659
vn 0.5700 -0.5641 -0.5974
vn 0.2918 -0.6150 -0.7325
vn 0.2996 -0.6834 -0.6658
vn 0.0004 -0.6554 -0.7553
vn 0.0004 -0.7245 -0.6892
vn -0.3068 -0.7388 -0.6001
vn -0.5810 -0.6170 -0.5308
vn -0.7997 -0.4279 -0.4211
vn -0.9400 -0.1888 -0.2841
vn -0.9886 0.0743 -0.1309
vn -0.9407 0.3386 0.0214
vn -0.8005 0.5775 0.1604
vn -0.5817 0.7679 0.2683
vn -0.3075 0.8892 0.3388
vn -0.0000 0.9322 0.3620
vn 0.3057 0.8897 0.3391
vn 0.5810 0.7686 0.2678
vn 0.7998 0.5783 0.1608
vn 0.9404 0.3395 0.0214
vn 0.9885 0.0750 -0.1313
vn 0.9399 -0.1899 -0.2839
vn 0.7992 -0.4289 -0.4211
vn 0.5794 -0.6187 -0.5306
vn 0.3054 -0.7387 -0.6009
vn -0.0016 -0.7810 -0.6245
vn -0.0023 -0.7810 -0.6245
vn -0.2817 -0.5458 -0.7891
vn -0.5361 -0.4345 -0.7238
vn -0.7380 -0.2603 -0.6226
vn -0.8682 -0.0391 -0.4947
vn -0.9119 0.2040 -0.3562
vn -0.8680 0.4477 -0.2150
vn -0.7377 0.6693 -0.0882
vn -0.5363 0.8439 0.0132
vn -0.2820 0.9562 0.0780
vn -0.0019 0.9950 0.0999
vn 0.2805 0.9567 0.0783
vn 0.5350 0.8447 0.0137
vn 0.7370 0.6701 -0.0883
vn 0.8669 0.4494 -0.2156
vn 0.9116 0.2039 -0.3568
vn 0.8677 -0.0392 -0.4955
vn 0.7372 -0.2604 -0.6235
vn 0.5348 -0.4346 -0.7246
vn 0.2800 -0.5464 -0.7893
vn 0.0004 -0.5855 -0.8107
vn -0.0004 -0.5855 -0.8107
vn -0.5900 -0.6369 -0.4962
vn -0.5860 -0.6383 -0.4991
vn -0.3109 -0.7508 -0.5827
vn -0.3086 -0.7513 -0.5834
vn -0.8109 -0.4596 -0.3623
vn -0.8079 -0.4636 -0.3638
vn -0.9520 -0.2385 -0.1918
vn -0.9502 -0.2422 -0.1960
vn -1.0000 0.0060 -0.0039
vn -1.0000 0.0020 -0.0060
vn -0.9506 0.2485 0.1858
vn -0.9516 0.2462 0.1837
vn -0.8085 0.4684 0.3563
vn -0.8101 0.4658 0.3560
vn -0.5870 0.6424 0.4927
vn -0.5884 0.6412 0.4926
vn -0.3090 0.7530 0.5809
vn -0.3090 0.7531 0.5808
vn -0.0011 0.7908 0.6121
vn 0.0007 0.7909 0.6119
vn 0.3075 0.7500 0.5856
vn 0.3093 0.7496 0.5852
vn 0.5850 0.6378 0.5009
vn 0.5889 0.6359 0.4988
vn 0.8075 0.4629 0.3655
vn 0.8107 0.4584 0.3642
vn 0.9502 0.2412 0.1976
vn 0.9519 0.2371 0.1938
vn 1.0000 -0.0039 0.0078
vn 1.0000 -0.0078 0.0058
vn 0.9514 -0.2485 -0.1821
vn 0.9504 -0.2509 -0.1840
vn 0.8098 -0.4676 -0.3544
vn 0.8078 -0.4704 -0.3551
vn 0.5870 -0.6437 -0.4911
vn 0.5858 -0.6443 -0.4917
vn 0.3071 -0.7552 -0.5791
vn -0.0016 -0.7922 -0.6103
vn 0.0004 -0.7922 -0.6103
vn -0.0023 -0.7922 -0.6103
vn -0.0004 -0.7922 -0.6103
vn 0.2938 0.8619 -0.4133
vn 0.5017 0.5468 -0.6703
vn 0.1549 0.1745 -0.9724
vn -0.0019 0.1568 -0.9876
vn -0.2958 0.2313 -0.9268
vn -0.4797 0.4249 -0.7676
vn -0.5031 0.5463 -0.6697
vn -0.4797 0.6656 -0.5717
vn -0.0020 0.9358 -0.3524
vn -0.0018 0.6309 -0.7758
vn -0.0016 0.6310 -0.7758
vn -0.5131 0.2000 -0.8347
vn -0.6031 0.3371 -0.7230
vn -0.6344 0.4878 -0.5996
vn -0.5128 0.7773 -0.3644
vn -0.0000 0.6311 -0.7757
vn -0.3742 0.8858 -0.2747
vn 0.3725 0.8864 -0.2748
vn -0.0018 0.6310 -0.7758
vn 0.6332 0.4885 -0.6004
vn -0.0020 0.6308 -0.7759
vn 0.3724 0.0905 -0.9237
vn -0.2223 -0.0917 -0.9707
vn -0.5830 0.1119 -0.8047
vn 0.4215 0.8905 -0.1711
vn 0.6837 0.6116 -0.3982
vn 0.4210 -0.0113 -0.9070
vn 0.1610 0.6639 -0.7303
vn 0.1610 0.5816 -0.7974
vn -0.0020 0.4894 -0.8720
vn -0.1021 0.5152 -0.8509
vn -0.1726 0.6224 -0.7634
vn -0.1629 0.6637 -0.7301
vn -0.1395 0.7003 -0.7000
vn -0.0530 0.7490 -0.6604
vn 0.2429 0.9700 -0.0023
vn 0.4623 0.8837 -0.0728
vn 0.7498 0.2000 -0.6308
vn 0.6368 0.0297 -0.7704
vn -0.0019 -0.2228 -0.9749
vn -0.7506 0.1996 -0.6298
vn -0.7504 0.5768 -0.3228
vn -0.6379 0.7477 -0.1843
vn 0.9012 0.0176 -0.4330
vn 0.9011 0.0177 -0.4333
vn 0.9011 0.0490 -0.4309
vn 0.0275 0.9975 0.0647
vn 0.0273 0.9976 0.0643
vn -0.0296 0.9954 0.0916
vn -0.0294 0.9953 0.0921
vn -0.9008 -0.0195 0.4338
vn -0.9011 -0.0195 0.4332
vn -0.9010 -0.0507 0.4307
vn -0.9006 -0.0508 0.4317
vn -0.0293 -0.9976 -0.0626
vn 0.0272 -0.9955 -0.0904
vn 0.0274 -0.9956 -0.0900
vn 0.8321 -0.3519 -0.4288
vn 0.8319 -0.3523 -0.4287
vn 0.6359 -0.6827 -0.3600
vn 0.6358 -0.6828 -0.3600
vn 0.3449 -0.9083 -0.2369
vn 0.3440 -0.9087 -0.2365
vn 0.3447 0.9342 -0.0921
vn 0.3447 0.9341 -0.0926
vn 0.6372 0.7287 -0.2508
vn 0.8334 0.4118 -0.3687
vn -0.8324 0.3498 0.4298
vn -0.6374 0.6804 0.3616
vn -0.6373 0.6807 0.3612
vn -0.3461 0.9074 0.2385
vn -0.0297 -0.9976 -0.0624
vn -0.3457 -0.9336 0.0938
vn -0.3453 -0.9338 0.0938
vn -0.6368 -0.7287 0.2520
vn -0.6369 -0.7286 0.2520
vn -0.8326 -0.4125 0.3696
vn 0.4320 -0.0703 0.8991
vn 0.4321 -0.0703 0.8991
vn 0.4320 -0.0704 0.8991
vn -0.4343 0.0685 -0.8981
vn -0.4343 0.0686 -0.8982
vn -0.4344 0.0685 -0.8981
vn -0.4342 0.0687 -0.8982
vn -0.4343 0.0685 -0.8982
vn -0.4340 0.0689 -0.8983
vn 0.4319 -0.0704 0.8992
vn 0.4322 -0.0703 0.8990
vn 0.7190 -0.6680 -0.1920
vn 0.0161 -0.9627 -0.2701
vn 0.7181 -0.6413 -0.2703
vn 0.0121 -0.8859 -0.4638
vn 0.0255 0.4369 -0.8992
vn -0.0274 0.4368 -0.8991
vn -0.0101 -0.8858 -0.4639
vn 0.0274 0.4835 -0.8749
vn 0.9781 0.0880 -0.1886
vn 0.9874 0.0787 -0.1373
vn 0.0102 0.9621 0.2724
vn 0.7029 0.6833 0.1977
vn 0.0102 0.9946 0.1036
vn 0.7305 0.6718 0.1229
vn -0.0121 0.9943 0.1055
vn -0.0313 0.4819 -0.8757
vn -0.7143 0.6909 0.1111
vn -0.6885 0.6983 0.1956
vn -0.0122 0.9628 0.2701
vn -0.9872 0.0786 -0.1390
vn -0.9766 0.0878 -0.1961
vn -0.7061 -0.6512 -0.2782
vn -0.7330 -0.6549 -0.1837
vn -0.9999 -0.0102 -0.0020
vn 1.0000 -0.0063 -0.0001
vn 0.9999 0.0102 0.0040
vn -0.9999 0.0102 0.0040
vn -0.0122 -0.9633 -0.2682
vn -0.3090 -0.7372 -0.6009
vn -0.3090 -0.7374 -0.6007
vn -0.5883 -0.6274 -0.5102
vn -0.8097 -0.4557 -0.3697
vn -0.8095 -0.4557 -0.3702
vn -0.9511 -0.2402 -0.1943
vn -0.9511 -0.2405 -0.1940
vn -1.0000 -0.0019 -0.0000
vn -0.9512 0.2387 0.1957
vn -0.9511 0.2395 0.1953
vn -0.8099 0.4538 0.3717
vn -0.8096 0.4543 0.3716
vn -0.5884 0.6256 0.5122
vn -0.5884 0.6257 0.5121
vn -0.3091 0.7357 0.6026
vn -0.3091 0.7357 0.6027
vn -0.0000 0.7751 0.6319
vn 0.3075 0.7362 0.6029
vn 0.3074 0.7361 0.6030
vn 0.5873 0.6264 0.5125
vn 0.5872 0.6263 0.5128
vn 0.8091 0.4548 0.3720
vn 0.8092 0.4546 0.3722
vn 0.9510 0.2393 0.1957
vn 0.9510 0.2392 0.1961
vn 1.0000 -0.0019 -0.0000
vn 0.9509 -0.2411 -0.1941
vn 0.8090 -0.4561 -0.3707
vn 0.8090 -0.4559 -0.3709
vn 0.5873 -0.6278 -0.5109
vn 0.5878 -0.6271 -0.5112
vn 0.3078 -0.7377 -0.6009
vn 0.0004 -0.7766 -0.6300
vn -0.0004 -0.7766 -0.6300
vn 0.1256 0.8787 -0.4606
vn 0.2394 0.8335 -0.4979
vn 0.2763 0.7500 -0.6010
vn 0.3253 0.6755 -0.6617
vn 0.3412 0.5936 -0.7288
vn 0.3883 0.4781 -0.7878
vn 0.3293 0.3897 -0.8601
vn 0.2001 0.3781 -0.9039
vn 0.1058 0.3405 -0.9343
vn -0.0020 0.3271 -0.9450
vn -0.1078 0.3404 -0.9341
vn -0.2020 0.3780 -0.9035
vn -0.2782 0.4364 -0.8556
vn -0.3272 0.5108 -0.7950
vn -0.4098 0.5760 -0.7073
vn -0.3903 0.6742 -0.6270
vn -0.2781 0.7496 -0.6006
vn -0.2412 0.8331 -0.4977
vn -0.1275 0.8784 -0.4605
vn -0.0020 0.8592 -0.5116
vn -0.0000 0.9801 -0.1984
vn 0.6015 0.6411 -0.4766
vn -0.0015 0.6311 -0.7757
vn -0.4226 -0.0113 -0.9063
vn -0.6847 0.6107 -0.3977
vn -0.5833 0.7658 -0.2706
vn -0.4232 0.8898 -0.1709
vn -0.0020 0.9964 -0.0846
vn 0.5821 0.7667 -0.2709
vn 0.4209 -0.0114 -0.9070
vn 0.2211 -0.0915 -0.9710
vn 0.0511 0.7491 -0.6604
vn 0.1002 0.7297 -0.6763
vn 0.1377 0.7005 -0.7002
vn 0.1707 0.6227 -0.7636
vn -0.0020 0.4895 -0.8720
vn -0.0530 0.4959 -0.8667
vn -0.1021 0.5153 -0.8509
vn -0.1394 0.5445 -0.8271
vn -0.1629 0.5814 -0.7971
vn -0.1727 0.6224 -0.7634
vn -0.1628 0.6637 -0.7301
vn -0.1396 0.7004 -0.7000
vn -0.1021 0.7295 -0.6763
vn -0.0531 0.7491 -0.6604
vn 0.7496 0.5776 -0.3232
vn 0.7884 0.3886 -0.4769
vn -0.0019 -0.2227 -0.9749
vn -0.2447 -0.1935 -0.9501
vn -0.6380 0.0297 -0.7695
vn -0.7506 0.1996 -0.6299
vn -0.7452 -0.6415 -0.1819
vn -0.9913 -0.1075 0.0762
vn -0.6953 -0.4091 -0.5910
vn -0.9338 0.1093 -0.3406
vn -0.9028 0.4260 0.0586
vn -0.9286 0.3695 0.0332
vn -0.9036 0.4244 0.0587
vn -0.9277 0.3718 0.0333
vn -0.6573 0.6201 0.4284
vn -0.0647 0.8424 0.5349
vn -0.6263 0.7794 -0.0173
vn -0.0493 0.9950 0.0863
vn 0.4096 0.8700 0.2744
vn 0.3467 0.8933 0.2860
vn 0.4095 0.8701 0.2744
vn 0.3486 0.8932 0.2840
vn 0.7450 0.5411 0.3901
vn 0.9913 0.0059 0.1313
vn 0.6937 0.7187 -0.0469
vn 0.9338 0.1983 -0.2979
vn 0.9025 -0.3113 -0.2976
vn 0.9280 -0.2565 -0.2702
vn 0.9277 -0.2569 -0.2707
vn 0.6555 -0.7221 -0.2211
vn 0.0626 -0.9424 -0.3285
vn 0.6250 -0.4726 -0.6212
vn 0.0472 -0.6866 -0.7255
vn -0.4105 -0.7545 -0.5122
vn -0.3481 -0.7785 -0.5223
vn -0.4105 -0.7545 -0.5121
vn -0.3499 -0.7780 -0.5219
vn -0.0686 0.4073 -0.9107
vn -0.0000 0.4352 -0.9003
vn -0.0294 0.4957 -0.8680
vn 0.0667 0.4587 -0.8861
vn 0.0275 0.3726 -0.9276
vn -0.6017 -0.5546 0.5748
vn -0.9912 -0.1079 0.0762
vn -0.9337 0.1094 -0.3409
vn -0.9339 0.1095 -0.3403
vn -0.6950 -0.4095 -0.5910
vn -0.7454 -0.6413 -0.1816
vn -0.6952 -0.4089 -0.5912
vn -0.2503 0.2112 0.9448
vn -0.2501 0.2113 0.9449
vn -0.0651 0.8423 0.5350
vn -0.0493 0.9951 0.0860
vn -0.0488 0.9950 0.0866
vn -0.6267 0.7791 -0.0173
vn -0.6570 0.6202 0.4287
vn -0.6262 0.7794 -0.0176
vn 0.6006 -0.1076 0.7923
vn 0.6006 -0.1075 0.7923
vn 0.9913 0.0061 0.1315
vn 0.9336 0.1985 -0.2981
vn 0.9339 0.1979 -0.2979
vn 0.6935 0.7190 -0.0466
vn 0.7452 0.5408 0.3902
vn 0.6937 0.7188 -0.0473
vn 0.2482 -0.8718 0.4222
vn 0.2483 -0.8718 0.4222
vn 0.0629 -0.9424 -0.3284
vn 0.0472 -0.6864 -0.7257
vn 0.0469 -0.6868 -0.7254
vn 0.6253 -0.4725 -0.6210
vn 0.6553 -0.7223 -0.2211
vn 0.6248 -0.4725 -0.6216
vn -0.3088 -0.6941 -0.6502
vn -0.5869 -0.5848 -0.5599
vn -0.3043 -0.6162 -0.7264
vn -0.5788 -0.5081 -0.6378
vn -0.8076 -0.4127 -0.4213
vn -0.7971 -0.3377 -0.5005
vn -0.9492 -0.1977 -0.2447
vn -0.9365 -0.1268 -0.3269
vn -0.9979 0.0411 -0.0509
vn -0.9847 0.1097 -0.1352
vn -0.9491 0.2799 0.1448
vn -0.9371 0.3446 0.0564
vn -0.8077 0.4948 0.3207
vn -0.7976 0.5574 0.2304
vn -0.5866 0.6670 0.4593
vn -0.5798 0.7270 0.3679
vn -0.3089 0.7764 0.5494
vn -0.3051 0.8353 0.4573
vn -0.0019 0.8148 0.5798
vn -0.0000 0.8734 0.4871
vn 0.3072 0.7767 0.5498
vn 0.3033 0.8359 0.4576
vn 0.5854 0.6676 0.4601
vn 0.5785 0.7278 0.3683
vn 0.8070 0.4956 0.3212
vn 0.7969 0.5583 0.2307
vn 0.9489 0.2804 0.1450
vn 0.9368 0.3452 0.0565
vn 0.9978 0.0414 -0.0511
vn 0.9847 0.1099 -0.1354
vn 0.9491 -0.1981 -0.2451
vn 0.9363 -0.1270 -0.3275
vn 0.8072 -0.4126 -0.4221
vn 0.7964 -0.3382 -0.5013
vn 0.5857 -0.5857 -0.5603
vn 0.5775 -0.5087 -0.6386
vn 0.3075 -0.6948 -0.6502
vn 0.3034 -0.6164 -0.7267
vn -0.0016 -0.7321 -0.6812
vn 0.0002 -0.6531 -0.7573
vn -0.0023 -0.7321 -0.6812
vn -0.0002 -0.6530 -0.7573
vn -0.0000 0.6312 -0.7757
vn -0.0020 0.6309 -0.7759
vn -0.0000 0.6318 -0.7751
vn -0.2015 0.0003 -0.9795
vn -0.3831 0.0725 -0.9209
vn -0.5263 0.1840 -0.8301
vn -0.6185 0.3242 -0.7158
vn -0.6519 0.4796 -0.5873
vn -0.6191 0.6348 -0.4624
vn -0.5269 0.7759 -0.3469
vn -0.3837 0.8871 -0.2565
vn -0.2014 0.9593 -0.1979
vn -0.0019 0.9840 -0.1784
vn 0.2004 0.9595 -0.1982
vn 0.3821 0.8878 -0.2567
vn 0.5259 0.7763 -0.3475
vn 0.6182 0.6358 -0.4621
vn 0.6507 0.4802 -0.5882
vn 0.6182 0.3245 -0.7159
vn 0.5253 0.1841 -0.8308
vn 0.3821 0.0725 -0.9213
vn 0.2009 0.0010 -0.9796
vn -0.0016 -0.0255 -0.9997
vn -0.0023 -0.0255 -0.9997
vn 0.1706 0.9348 -0.3116
vn 0.3261 0.8736 -0.3613
vn 0.2720 0.9475 0.1680
vn 0.5190 0.8503 0.0878
vn 0.4489 0.7780 -0.4395
vn 0.7143 0.6989 -0.0356
vn 0.5276 0.6586 -0.5366
vn 0.8403 0.5076 -0.1904
vn 0.5548 0.5257 -0.6449
vn 0.8836 0.2961 -0.3628
vn 0.5276 0.3928 -0.7532
vn 0.8405 0.0845 -0.5352
vn 0.4488 0.2729 -0.8509
vn 0.7145 -0.1074 -0.6914
vn 0.3254 0.1764 -0.9290
vn 0.5189 -0.2582 -0.8149
vn 0.1709 0.1161 -0.9784
vn 0.2723 -0.3563 -0.8938
vn -0.0000 0.0944 -0.9955
vn -0.0019 -0.3895 -0.9210
vn -0.1721 0.1160 -0.9782
vn -0.2741 -0.3561 -0.8933
vn -0.3271 0.1763 -0.9284
vn -0.5203 -0.2579 -0.8141
vn -0.4503 0.2724 -0.8503
vn -0.7154 -0.1072 -0.6904
vn -0.5291 0.3920 -0.7526
vn -0.8410 0.0844 -0.5344
vn -0.5561 0.5249 -0.6444
vn -0.8840 0.2956 -0.3622
vn -0.5277 0.6585 -0.5365
vn -0.8409 0.5068 -0.1900
vn -0.4504 0.7776 -0.4387
vn -0.7152 0.6980 -0.0355
vn -0.3269 0.8736 -0.3606
vn -0.5204 0.8494 0.0877
vn -0.1715 0.9347 -0.3115
vn -0.2738 0.9470 0.1679
vn -0.0000 0.9557 -0.2943
vn -0.0019 0.9807 0.1954
vn 0.2986 0.8749 0.3814
vn 0.5681 0.7679 0.2958
vn 0.7815 0.6030 0.1603
vn 0.9191 0.3940 -0.0107
vn 0.9666 0.1627 -0.1981
vn 0.9190 -0.0704 -0.3880
vn 0.7818 -0.2778 -0.5583
vn 0.5677 -0.4443 -0.6930
vn 0.2986 -0.5498 -0.7801
vn -0.0000 -0.5877 -0.8091
vn -0.2986 -0.5498 -0.7801
vn -0.5688 -0.4438 -0.6924
vn -0.7818 -0.2777 -0.5583
vn -0.9193 -0.0703 -0.3873
vn -0.9667 0.1624 -0.1977
vn -0.9193 0.3933 -0.0099
vn -0.7821 0.6022 0.1603
vn -0.5695 0.7671 0.2955
vn -0.2990 0.8747 0.3815
vn -0.0000 0.9107 0.4131
vn -0.1898 0.6560 -0.7305
vn -0.1762 0.7248 -0.6661
vn -0.0020 0.6873 -0.7264
vn -0.1173 0.7813 -0.6130
vn -0.0345 0.8080 -0.5882
vn 0.0592 0.7980 -0.5997
vn 0.1472 0.7495 -0.6455
vn 0.1888 0.6865 -0.7022
vn 0.1804 0.6311 -0.7544
vn 0.1274 0.5823 -0.8029
vn 0.0222 0.5538 -0.8323
vn -0.0882 0.5584 -0.8248
vn -0.1568 0.5963 -0.7873
vn -0.9344 -0.1740 -0.3109
vn -0.9858 -0.0254 -0.1663
vn -0.9807 -0.0059 -0.1954
vn -0.9833 0.1759 -0.0469
vn -0.9753 0.2209 -0.0097
vn -0.9156 0.3874 0.1076
vn -0.9149 0.3753 0.1486
vn -0.7982 0.5497 0.2465
vn -0.7628 0.5848 0.2758
vn -0.6072 0.7091 0.3585
vn -0.6004 0.6944 0.3966
vn -0.4047 0.8016 0.4399
vn -0.3524 0.8183 0.4542
vn -0.1430 0.8656 0.4799
vn -0.1351 0.8477 0.5129
vn 0.0803 0.8672 0.4914
vn 0.1371 0.8612 0.4893
vn 0.3625 0.8190 0.4448
vn 0.3663 0.7972 0.4799
vn 0.5599 0.7322 0.3877
vn 0.6072 0.7051 0.3663
vn 0.7706 0.5824 0.2588
vn 0.7742 0.5625 0.2901
vn 0.8882 0.4333 0.1529
vn 0.9118 0.3922 0.1216
vn 0.9766 0.2137 -0.0235
vn 0.9821 0.1882 0.0059
vn 0.9883 0.0314 -0.1490
vn 0.9824 -0.0137 -0.1862
vn 0.9148 -0.2037 -0.3487
vn 0.9255 -0.2235 -0.3059
vn 0.8106 -0.3622 -0.4602
vn 0.7750 -0.3973 -0.4914
vn 0.6005 -0.5261 -0.6022
vn 0.6152 -0.5446 -0.5701
vn 0.4192 -0.6191 -0.6641
vn 0.3661 -0.6381 -0.6773
vn 0.1294 -0.6803 -0.7214
vn 0.1372 -0.7110 -0.6897
vn 0.1371 -0.7112 -0.6895
vn -0.1038 -0.6914 -0.7149
vn 0.1286 -0.6804 -0.7214
vn -0.1624 -0.6848 -0.7104
vn -0.3780 -0.6307 -0.6777
vn -0.3772 -0.6606 -0.6491
vn -0.5873 -0.5463 -0.5972
vn -0.6334 -0.5180 -0.5748
vn -0.7881 -0.3814 -0.4831
vn -0.7906 -0.4129 -0.4522
vn -0.9130 -0.2190 -0.3441
vn -0.1900 0.6560 -0.7304
vn -0.1753 0.7248 -0.6663
vn -0.0023 0.6877 -0.7259
vn -0.1175 0.7813 -0.6129
vn -0.0349 0.8079 -0.5882
vn 0.1476 0.7497 -0.6451
vn 0.1805 0.6311 -0.7544
vn 0.1274 0.5820 -0.8032
vn 0.0215 0.5542 -0.8321
vn -0.0881 0.5585 -0.8248
vn -0.1568 0.5957 -0.7877
vn -0.9185 -0.1055 -0.3811
vn -0.9745 0.0292 -0.2226
vn -0.9635 0.0645 -0.2599
vn -0.9651 0.2369 -0.1117
vn -0.9581 0.2757 -0.0783
vn -0.8959 0.4421 0.0450
vn -0.9037 0.4170 0.0973
vn -0.7823 0.5945 0.1858
vn -0.7509 0.6257 0.2112
vn -0.5924 0.7488 0.2972
vn -0.5943 0.7240 0.3501
vn -0.3953 0.8356 0.3816
vn -0.3485 0.8498 0.3956
vn -0.1388 0.8957 0.4225
vn -0.1331 0.8715 0.4719
vn 0.0803 0.8950 0.4387
vn 0.1313 0.8898 0.4371
vn 0.3542 0.8493 0.3914
vn 0.3642 0.8184 0.4444
vn 0.5565 0.7603 0.3351
vn 0.5953 0.7382 0.3173
vn 0.7560 0.6208 0.2076
vn 0.7683 0.5881 0.2527
vn 0.8771 0.4699 0.0998
vn 0.8976 0.4351 0.0705
vn 0.9616 0.2643 -0.0744
vn 0.9744 0.2222 -0.0341
vn 0.9759 0.0784 -0.2037
vn 0.9708 0.0391 -0.2368
vn 0.9052 -0.1391 -0.4016
vn 0.9191 -0.1800 -0.3506
vn 0.7997 -0.2979 -0.5213
vn 0.7696 -0.3270 -0.5484
vn 0.5959 -0.4509 -0.6646
vn 0.6106 -0.4896 -0.6225
vn 0.4110 -0.5460 -0.7300
vn 0.3660 -0.5618 -0.7419
vn 0.1277 -0.6010 -0.7890
vn 0.1370 -0.6519 -0.7458
vn 0.1370 -0.6518 -0.7459
vn -0.1075 -0.6139 -0.7820
vn 0.1269 -0.6011 -0.7890
vn -0.1585 -0.6067 -0.7789
vn -0.3758 -0.5500 -0.7458
vn -0.3752 -0.5982 -0.7080
vn -0.5847 -0.4675 -0.6630
vn -0.6243 -0.4423 -0.6439
vn -0.7784 -0.3032 -0.5497
vn -0.7838 -0.3538 -0.5104
vn -0.9008 -0.1449 -0.4093
vn 0.9870 0.1469 -0.0646
vn 0.9870 0.1469 -0.0647
vn -0.0078 0.5199 0.8542
vn -0.9867 -0.1480 0.0665
vn -0.9867 -0.1485 0.0664
vn -0.9867 -0.1486 0.0664
vn 0.0137 -0.4950 -0.8688
vn -0.0842 -0.1410 -0.9864
vn -0.0235 -0.9071 -0.4203
vn -0.0842 -0.1409 -0.9864
vn -0.0254 -0.9052 -0.4243
vn -0.0505 -0.1255 -0.9908
vn -0.0505 0.4373 -0.8979
vn 0.6622 0.0329 -0.7486
vn 0.6626 0.2004 -0.7216
vn -0.0843 0.4488 -0.8897
vn -0.0255 0.9931 -0.1140
vn -0.0255 0.9927 -0.1179
vn 0.0216 0.9955 -0.0925
vn 0.0822 0.4504 -0.8890
vn 0.0216 0.9957 -0.0906
vn 0.0215 -0.9089 -0.4164
vn 0.0215 -0.9107 -0.4124
vn 0.0822 -0.1390 -0.9869
vn -0.1041 0.9903 -0.0922
vn -0.9563 0.2878 -0.0512
vn -0.1141 0.9797 0.1646
vn -0.9541 0.2952 0.0508
vn -0.7346 0.2551 -0.6288
vn -0.9562 -0.2564 -0.1412
vn -0.7383 -0.0318 -0.6737
vn 0.2428 -0.9015 -0.3582
vn 0.9561 -0.2627 -0.1297
vn 0.2835 -0.9461 -0.1564
vn 0.9529 -0.2994 -0.0489
vn 0.7408 -0.0416 -0.6704
vn 0.1884 -0.1139 -0.9755
vn 0.7457 0.2438 -0.6200
vn 0.1925 0.4217 -0.8861
vn -0.1018 -0.9114 -0.3988
vn -0.1131 -0.9802 -0.1624
vn -0.9536 -0.2970 -0.0489
vn 0.2413 0.9696 -0.0415
vn 0.2839 0.9456 0.1586
vn 0.9567 0.2885 -0.0376
vn 0.9533 0.2976 0.0509
vn -0.0000 0.9865 0.1635
vn -0.0015 0.9864 0.1642
vn -0.0019 -0.9868 -0.1622
vn -0.0254 -0.9054 -0.4239
vn -0.0018 -0.9867 -0.1623
vn -0.0234 -0.9072 -0.4200
vn -0.0020 -0.9868 -0.1622
vn -0.0000 -0.9867 -0.1625
vn 0.0215 -0.9091 -0.4160
vn 0.0215 -0.9109 -0.4120
vn -0.0016 0.9864 0.1643
vn -0.0235 -0.9041 -0.4266
vn -0.0234 0.9932 -0.1141
vn -0.0019 0.9864 0.1644
vn -0.0000 0.9865 0.1640
vn -0.0255 0.9938 -0.1082
vn -0.0235 0.9943 -0.1042
vn -0.0842 0.4488 -0.8897
vn -0.0235 -0.9096 -0.4147
vn -0.0235 -0.9086 -0.4171
vn -0.0235 -0.9087 -0.4167
vn -0.0234 -0.9098 -0.4144
vn -0.0000 0.9864 0.1643
vn -0.0016 0.9864 0.1642
vn 0.2917 0.9436 0.1566
vn 0.9539 0.2958 0.0509
vn 0.9534 -0.2976 -0.0490
vn 0.9534 -0.2976 -0.0493
vn 0.2912 -0.9441 -0.1544
vn 0.2912 -0.9441 -0.1545
vn -0.0000 -0.9868 -0.1622
vn -0.0000 -0.9867 -0.1624
vn -0.0000 -0.9865 -0.1635
vn -0.0000 -0.9867 -0.1626
vn 0.0823 0.4527 -0.8878
vn 0.2831 -0.9463 -0.1564
vn 0.2423 -0.9018 -0.3577
vn 0.2909 -0.9442 -0.1545
vn 0.0215 -0.9124 -0.4088
vn 0.0215 -0.9142 -0.4048
vn 0.0215 -0.9122 -0.4091
vn 0.0215 -0.9140 -0.4052
vn 0.0817 0.4504 -0.8891
vn 0.0216 0.9958 -0.0886
vn 0.0196 0.9962 -0.0846
vn -0.0000 0.9864 0.1644
vn -0.0018 0.9864 0.1643
vn -0.0000 0.9864 0.1642
vn -0.0019 -0.9867 -0.1622
vn -0.0000 -0.9867 -0.1627
vn -0.0017 -0.9867 -0.1623
vn 0.9534 -0.2976 -0.0489
vn -0.0000 0.9865 0.1638
vn -0.0000 -0.9866 -0.1630
vn -0.0000 -0.9866 -0.1631
vn -0.0017 0.9864 0.1643
vn -0.0000 0.9864 0.1641
vn 0.0216 0.9951 -0.0964
vn 0.0822 0.4505 -0.8890
vn 0.0823 -0.1371 -0.9871
vn 0.0215 -0.9071 -0.4204
vn -0.0016 -0.9867 -0.1624
vn 0.0215 -0.9073 -0.4200
vn -0.0000 -0.9867 -0.1623
vn 0.0215 -0.9159 -0.4008
vn 0.0215 -0.9158 -0.4012
vn 0.0822 -0.1409 -0.9866
vn 0.0835 -0.1333 -0.9876
vn 0.0824 0.4433 -0.8926
vn 0.0196 0.9964 -0.0826
vn 0.0216 0.9949 -0.0984
vn -0.0000 0.9865 0.1639
vn -0.0020 0.9864 0.1644
vn -0.1179 0.4427 -0.8889
vn -0.1199 -0.1373 -0.9832
vn 0.8448 0.0784 -0.5293
vn 0.8448 0.0784 -0.5292
vn -0.0254 -0.9035 -0.4279
vn -0.0254 -0.9033 -0.4282
vn -0.0843 0.4472 -0.8904
vn -0.0255 0.9920 -0.1236
vn -0.0235 0.9947 -0.1003
vn -0.0236 0.9953 -0.0944
vn -0.0842 0.4503 -0.8889
vn -0.0235 -0.9122 -0.4091
vn -0.0235 -0.9107 -0.4124
vn -0.0234 -0.9109 -0.4121
vn -0.0235 -0.9123 -0.4088
vn -0.1016 -0.9115 -0.3986
vn -0.0234 -0.9043 -0.4263
vn -0.1151 -0.9803 -0.1605
vn -0.9541 0.2953 0.0508
vn -0.1160 0.9798 0.1627
vn -0.9546 0.2935 0.0509
vn -0.9542 -0.2953 -0.0489
vn -0.0000 -0.9868 -0.1621
vn -0.1161 0.9801 0.1607
vn -0.9547 0.2935 0.0489
vn -0.9543 -0.2953 -0.0469
vn -0.1151 -0.9803 -0.1604
vn -0.0000 -0.9867 -0.1628
vn 0.6931 -0.7186 -0.0568
vn 0.7170 -0.6949 -0.0553
vn 0.9998 -0.0174 -0.0003
vn 0.9999 0.0158 0.0019
vn 0.7177 0.6940 0.0567
vn 0.6942 0.7174 0.0587
vn -0.0000 0.9966 0.0819
vn -0.0000 0.9966 0.0822
vn -0.7186 0.6931 0.0568
vn -0.6945 0.7171 0.0586
vn -0.9999 -0.0172 -0.0005
vn -0.9999 0.0159 0.0018
vn -0.6942 -0.7176 -0.0568
vn -0.7177 -0.6941 -0.0554
vn -0.0004 -0.9968 -0.0802
vn -0.0004 -0.9968 -0.0801
vn 0.0004 -0.9968 -0.0801
vn 0.0004 -0.9968 -0.0802
vn -0.0001 0.9999 0.0161
vn -0.0000 0.9999 0.0161
vn -1.0000 -0.0000 0.0020
vn -0.0000 0.0492 0.9988
vn 0.0001 0.0492 0.9988
vn 1.0000 -0.0017 0.0017
vn 1.0000 -0.0020 -0.0000
vn 1.0000 -0.0019 0.0019
vn -0.0000 0.7067 0.7075
vn -0.0000 0.7062 0.7080
vn 1.0000 -0.0000 0.0020
vn -1.0000 -0.0020 -0.0000
vn 1.0000 -0.0000 0.0019
vn -0.0001 -0.9996 0.0298
vn -0.0000 -0.9996 0.0298
vn -0.0000 -0.3168 0.9485
vn -0.0000 0.3151 0.9491
vn -0.0000 0.7061 0.7081
vn -0.7071 -0.7071 -0.0000
vn -0.7079 0.7063 -0.0000
vn -0.7081 0.7061 -0.0000
vn 0.7071 0.7071 -0.0000
vn 0.7062 -0.7080 -0.0000
vn 0.7061 -0.7081 -0.0000
vn 0.0004 -1.0000 -0.0000
vn 0.0004 -1.0000 0.0002
vn -0.0004 -1.0000 -0.0000
vn -0.0003 -1.0000 -0.0000
vn -0.0000 0.0001 1.0000
vn -0.0000 -0.0019 1.0000
vn -0.0000 -0.0001 1.0000
vn -0.0000 -0.0018 1.0000
vn 0.0003 -1.0000 -0.0000
vn 1.0000 -0.0018 -0.0000
vn -0.7081 0.7062 -0.0000
vn -0.0019 -0.0019 1.0000
vn -0.0000 -0.0017 1.0000
vn 0.0001 -0.0000 1.0000
vn -0.0018 -0.0000 1.0000
vn -0.0019 -0.0000 1.0000
vn -0.0019 -0.0001 1.0000
vn -1.0000 -0.0000 0.0019
vn 0.7062 -0.7081 -0.0000
vn 0.7068 -0.7075 -0.0000
vn -0.7071 0.7071 -0.0000
vn -0.0000 -0.0020 1.0000
vn -0.0018 0.0001 1.0000
vn 0.1685 -0.0000 -0.9857
vn 0.1682 -0.0000 0.9858
vn -0.0650 -0.0001 0.9979
vn -0.0650 -0.0000 0.9979
vn -0.0651 -0.0000 -0.9979
vn 0.9987 0.0002 0.0513
vn 0.9986 -0.0000 0.0533
vn -0.9989 0.0001 0.0473
vn -0.9989 -0.0000 0.0473
vn -0.9989 -0.0000 -0.0473
vn -0.9989 -0.0001 -0.0473
vn -0.0000 0.1590 -0.9873
vn -0.0020 0.1587 -0.9873
vn 0.0078 0.1195 -0.9928
vn -0.0000 0.1431 -0.9897
vn -0.0020 0.1584 0.9874
vn -0.0020 0.1587 0.9873
vn -0.0000 0.1389 0.9903
vn -0.0098 0.0938 0.9955
vn -0.0215 -0.0098 0.9997
vn 0.0196 0.0588 -0.9981
vn 0.0235 0.0608 -0.9979
vn -0.0254 -0.0118 0.9996
vn -0.0254 -0.0117 0.9996
vn 0.7071 -0.0000 0.7071
vn 0.7064 -0.0000 0.7078
vn 0.9985 -0.0001 -0.0552
vn 0.7071 -0.0000 -0.7071
vn 0.9986 -0.0000 -0.0532
vn -0.7071 -0.0000 0.7071
vn -0.7080 -0.0000 -0.7062
vn -0.7074 -0.0000 -0.7068
vn -0.0177 0.9997 0.0137
vn -0.0176 0.9997 0.0196
vn -0.0274 0.9983 0.0509
vn -0.0270 0.9983 0.0509
vn -0.0137 0.9999 -0.0098
vn -0.0274 0.9989 -0.0372
vn -0.0137 0.9998 -0.0118
vn -0.0270 0.9989 -0.0373
vn -0.0137 0.9999 0.0020
vn -0.0157 0.9998 0.0117
vn -0.0157 0.9998 0.0118
vn -0.0079 1.0000 -0.0058
vn -0.0078 1.0000 -0.0059
vn -0.0076 0.9999 -0.0067
vn -0.0450 0.3038 -0.9517
vn -0.0452 0.3032 -0.9519
vn -0.0449 0.3033 0.9518
vn -0.0450 0.3026 0.9521
vn -0.0176 0.9998 -0.0079
vn -0.5012 0.8653 -0.0000
vn -0.8662 0.4997 -0.0000
vn -0.8666 0.4989 -0.0000
vn -0.8660 -0.5000 -0.0000
vn -0.5000 -0.8660 -0.0000
vn 0.4993 -0.8664 -0.0000
vn 0.4990 -0.8666 -0.0000
vn 0.8653 -0.5012 -0.0000
vn 0.8654 -0.5011 -0.0000
vn 0.8660 0.5000 -0.0000
vn 0.5000 0.8660 -0.0000
vn -0.0000 -0.0020 -1.0000
vn -0.0000 -0.0019 -1.0000
vn -0.0020 -0.0000 1.0000
vn 0.9728 0.2315 0.0019
vn 0.9728 0.2314 0.0020
vn -0.9729 0.2310 0.0019
vn -0.9730 0.2310 0.0020
vn -0.0058 -0.9986 0.0528
vn -0.0000 -0.9986 0.0527
vn -0.0059 -0.9986 0.0528
vn -0.0000 -0.9986 0.0525
vn -0.0078 0.0489 0.9988
vn -0.0098 0.0547 0.9985
vn -0.0078 0.0488 0.9988
vn -0.0000 -0.8521 0.5233
vn -0.0000 -0.5315 0.8470
vn -0.0000 -0.8520 0.5236
vn -0.0019 0.0156 0.9999
vn -0.0078 -0.9986 0.0528
vn -0.0000 -0.9833 0.1819
vn -0.0000 -0.7911 0.6117
vn -0.0000 -0.7912 0.6116
vn -0.0000 -0.2778 0.9606
vn -0.0017 0.1917 0.9815
vn -0.0019 0.1916 0.9815
vn -0.0021 0.7359 0.6771
vn -0.0019 0.7358 0.6772
vn -0.0019 0.9937 0.1118
vn -0.0020 0.9937 0.1118
vn -0.0059 0.8703 -0.4925
vn -0.0019 0.4196 -0.9077
vn -0.0020 0.8703 -0.4925
vn 0.0011 -0.0353 -0.9994
vn -0.0000 -0.0353 -0.9994
vn -0.0000 -0.6124 -0.7906
vn -0.0000 -0.9025 -0.4306
vn -0.0000 -0.9025 -0.4307
vn -0.0020 0.8707 -0.4918
vn 0.9997 -0.0019 -0.0255
vn 0.9997 -0.0019 -0.0256
vn 0.9996 0.0020 -0.0295
vn 0.9995 0.0023 -0.0300
vn 0.9995 0.0023 -0.0299
vn 0.9996 0.0020 -0.0294
vn 0.9995 0.0024 -0.0302
vn 0.9995 0.0021 -0.0300
vn 0.9996 0.0022 -0.0298
vn 0.9998 -0.0058 -0.0216
vn 0.9997 -0.0079 -0.0216
vn 0.9998 -0.0058 -0.0215
vn 0.9997 -0.0078 -0.0216
vn 0.9997 -0.0020 -0.0236
vn 0.9997 -0.0039 -0.0235
vn 0.9997 -0.0021 -0.0236
vn 0.9997 -0.0056 -0.0240
vn 0.9997 -0.0059 -0.0235
vn -0.9997 -0.0010 -0.0254
vn -0.9997 -0.0037 -0.0254
vn -0.9997 -0.0017 -0.0255
vn -0.9997 -0.0000 -0.0254
vn -0.9997 0.0001 -0.0254
vn -0.9997 -0.0000 -0.0255
vn -0.9997 0.0006 -0.0256
vn -0.9996 0.0020 -0.0274
vn -0.9996 0.0020 -0.0294
vn -0.9996 0.0019 -0.0293
vn -0.9996 0.0004 -0.0297
vn -0.9996 0.0003 -0.0297
vn -0.9996 -0.0000 -0.0294
vn -0.9996 -0.0001 -0.0292
vn -0.9996 0.0020 -0.0293
vn -0.9996 -0.0016 -0.0272
vn -0.9996 -0.0019 -0.0275
vn 0.0724 0.6834 0.7265
vn 0.0724 0.6773 0.7321
vn 0.0938 0.3423 0.9349
vn 0.0938 0.3324 0.9385
vn 0.0997 0.0020 0.9950
vn 0.0997 -0.0078 0.9950
vn 0.1253 -0.3249 0.9374
vn 0.1264 -0.3323 0.9347
vn 0.1369 -0.6945 0.7063
vn 0.1368 -0.6975 0.7034
vn 0.0978 -0.9151 0.3911
vn 0.0977 -0.9161 0.3888
vn 0.0411 -0.9936 0.1056
vn 0.0411 -0.9938 0.1037
vn 0.0117 -0.9998 -0.0137
vn 0.0059 -0.9946 -0.1036
vn 0.0372 -0.9822 -0.1839
vn 0.0391 -0.9814 -0.1877
vn 0.0470 -0.9649 -0.2584
vn 0.0469 -0.9644 -0.2602
vn 0.0333 -0.9499 -0.3108
vn 0.0333 -0.9491 -0.3131
vn 0.0332 -0.9499 -0.3108
vn 0.0333 -0.9491 -0.3132
vn 0.0195 -0.9126 -0.4085
vn 0.0195 -0.9108 -0.4125
vn -0.0490 -0.7581 -0.6504
vn -0.0489 -0.7581 -0.6503
vn -0.1194 -0.5597 -0.8200
vn -0.1252 -0.5285 -0.8397
vn -0.1547 -0.2722 -0.9497
vn -0.1546 -0.2799 -0.9475
vn -0.1314 0.2863 -0.9491
vn -0.1624 0.0920 -0.9824
vn -0.1331 0.2839 -0.9496
vn -0.1625 0.0823 -0.9833
vn -0.0588 0.7843 -0.6176
vn -0.0979 0.5329 -0.8405
vn -0.0607 0.7798 -0.6231
vn -0.0999 0.5171 -0.8501
vn -0.0136 0.9568 -0.2903
vn -0.0235 0.9172 -0.3978
vn -0.0137 0.9569 -0.2902
vn -0.0242 0.9147 -0.4034
vn -0.0137 0.9723 -0.2334
vn -0.0136 0.9723 -0.2334
vn -0.0176 0.9855 -0.1686
vn -0.0176 0.9852 -0.1704
vn -0.0196 0.9957 -0.0902
vn -0.0196 0.9957 -0.0901
vn -0.0255 0.9995 -0.0196
vn -0.0176 0.9942 0.1057
vn -0.0176 0.9940 0.1076
vn 0.0235 0.9086 0.4171
vn 0.0235 0.9078 0.4187
vn -0.9895 -0.0235 0.1428
vn -0.9878 -0.0427 0.1499
vn -0.9889 -0.0351 0.1445
vn -0.9874 -0.0489 0.1506
vn -0.9869 -0.0471 0.1543
vn -0.9846 -0.0703 0.1601
vn -0.9887 -0.0390 0.1445
vn -0.9874 -0.0488 0.1505
vn -0.9873 -0.0449 0.1524
vn -0.9875 -0.0528 0.1486
vn -0.9881 -0.0524 0.1446
vn -0.9881 -0.0665 0.1389
vn -0.9883 -0.0547 0.1426
vn -0.9882 -0.0605 0.1406
vn -0.9888 -0.0450 0.1426
vn -0.9888 -0.0371 0.1446
vn -0.9900 -0.0079 0.1409
vn -0.9892 -0.0251 0.1444
vn -0.9893 -0.0195 0.1446
vn -0.9880 -0.0352 0.1507
vn -0.9877 -0.0349 0.1525
vn -0.9868 -0.0429 0.1563
vn -0.9873 -0.0386 0.1540
vn -0.9878 -0.0469 0.1487
vn -0.9868 -0.0235 0.1602
vn -0.9870 -0.0507 0.1525
vn -0.9875 -0.0469 0.1506
vn -0.9872 -0.0470 0.1525
vn -0.5005 -0.0000 -0.8657
vn -0.5011 -0.0000 -0.8654
vn -0.8666 -0.0000 -0.4990
vn 0.4990 -0.0000 0.8666
vn 0.8660 -0.0000 -0.5001
vn -0.0020 1.0000 -0.0000
vn -0.0000 1.0000 -0.0020
vn -0.0000 1.0000 -0.0018
vn -0.0000 1.0000 -0.0014
vn -0.0000 -0.0546 -0.9985
vn -0.0000 -0.1117 -0.9937
vn -0.0000 -0.6339 -0.7734
vn -0.0000 -0.7051 -0.7091
vn -0.0008 -0.8381 0.5455
vn -0.0000 -0.8381 0.5455
vn -0.0000 -0.8601 0.5102
vn -0.0000 -0.8600 0.5102
vn -0.0000 0.3269 0.9451
vn -0.0000 0.3267 0.9451
vn 1.0000 -0.0020 -0.0013
vn 0.0008 -0.2621 0.9650
vn -0.0000 -0.2621 0.9650
vn -0.0000 0.2662 -0.9639
vn -0.0000 -0.1914 0.9815
vn 0.3625 0.8777 0.3135
vn 0.8602 0.4958 0.1196
vn 0.2919 0.9558 0.0353
vn 0.8826 0.4613 -0.0900
vn 0.8819 0.4493 -0.1431
vn 0.2783 0.9583 -0.0647
vn 0.0881 0.9954 -0.0372
vn 0.1233 0.9903 0.0646
vn 0.1978 0.9282 0.3153
vn 0.3482 -0.8664 0.3579
vn 0.4166 -0.6630 0.6220
vn 0.0958 -0.9068 0.4105
vn 0.2522 -0.6451 0.7213
vn 0.3503 -0.9355 0.0450
vn 0.0332 -0.9932 0.1115
vn 0.3425 -0.9354 -0.0881
vn 0.0019 -0.9991 -0.0430
vn 0.8930 -0.4410 -0.0898
vn 0.8904 -0.4310 -0.1468
vn 0.8103 -0.4560 0.3680
vn 0.8798 -0.4625 0.1097
vn -0.0196 -0.5132 -0.8580
vn -0.0431 -0.2428 -0.9691
vn 0.3348 -0.4601 -0.8223
vn 0.3447 -0.3152 -0.8842
vn -0.1371 -0.4817 -0.8655
vn -0.1311 -0.2211 -0.9664
vn -0.0489 -0.0118 -0.9987
vn -0.1233 -0.0000 -0.9924
vn -0.0333 0.2841 -0.9582
vn -0.0999 0.2898 -0.9518
vn 0.3412 -0.0117 -0.9399
vn 0.3372 0.3369 -0.8791
vn 0.4656 0.3286 0.8217
vn 0.4639 0.6284 0.6245
vn 0.2992 0.3128 0.9015
vn 0.2895 0.6709 0.6827
vn 0.4361 0.0235 0.8996
vn 0.2837 0.0176 0.9588
vn 0.4474 -0.3009 0.8422
vn 0.3010 -0.3010 0.9049
vn 0.8104 0.0254 0.5853
vn 0.8297 -0.2857 0.4795
vn 0.8456 0.4110 0.3406
vn 0.8320 0.2956 0.4694
vn 0.1587 0.9425 -0.2939
vn -0.0020 0.9582 -0.2861
vn 0.1979 0.9481 -0.2488
vn 0.0137 0.9719 -0.2351
vn 0.2312 0.9542 -0.1901
vn 0.0353 0.9844 -0.1725
vn 0.8505 0.4904 -0.1902
vn 0.8176 0.5338 -0.2158
vn 0.7667 0.5942 -0.2432
vn 0.2681 -0.9412 -0.2055
vn 0.2172 -0.9413 -0.2583
vn 0.8560 -0.4799 -0.1920
vn 0.8228 -0.5250 -0.2175
vn -0.0411 -0.9832 -0.1779
vn -0.0586 -0.9694 -0.2385
vn 0.1604 -0.9387 -0.3051
vn -0.0724 -0.9532 -0.2936
vn 0.7693 -0.5893 -0.2467
vn -0.0019 0.5529 -0.8333
vn -0.0666 0.5562 -0.8284
vn 0.0353 0.7701 -0.6369
vn -0.0411 0.7831 -0.6206
vn 0.1118 0.9079 -0.4040
vn -0.0196 0.9172 -0.3979
vn 0.6995 0.6351 -0.3277
vn 0.2919 0.4976 -0.8168
vn 0.3998 0.6036 -0.6898
vn 0.1037 -0.9118 -0.3972
vn 0.7009 -0.6347 -0.3255
vn -0.0861 -0.9144 -0.3956
vn 0.0215 -0.7809 -0.6243
vn -0.1134 -0.7901 -0.6024
vn 0.4228 -0.6107 -0.6695
vn 0.2628 0.9569 -0.1235
vn 0.0607 0.9933 -0.0980
vn 0.8723 0.4611 -0.1628
vn 0.3132 -0.9395 -0.1390
vn 0.8790 -0.4468 -0.1665
vn -0.0196 -0.9944 -0.1036
vn -0.0271 0.6384 0.7692
vn -0.0293 0.6297 0.7763
vn -0.0588 0.4012 0.9141
vn -0.0098 0.1527 0.9882
vn 0.0430 -0.2758 0.9603
vn -0.0196 -0.0919 0.9956
vn 0.0450 -0.2817 0.9585
vn 0.0977 -0.9152 0.3910
vn 0.0977 -0.9162 0.3887
vn -0.0176 -0.9954 0.0939
vn -0.0176 -0.9956 0.0919
vn -0.0508 -0.9985 0.0195
vn -0.0449 -0.9975 -0.0548
vn -0.0821 -0.9895 -0.1193
vn -0.0783 -0.9883 -0.1311
vn -0.0098 -0.9786 -0.2055
vn -0.0450 -0.9975 -0.0548
vn 0.0137 -0.9634 -0.2678
vn 0.0157 -0.9546 -0.2974
vn 0.0157 -0.9541 -0.2992
vn 0.0195 -0.9108 -0.4124
vn -0.0490 -0.7580 -0.6504
vn -0.0490 -0.7581 -0.6503
vn -0.1253 -0.5284 -0.8397
vn -0.1547 -0.2721 -0.9497
vn -0.1313 0.2863 -0.9491
vn -0.1624 0.0919 -0.9824
vn -0.1625 0.0822 -0.9833
vn -0.1155 0.5738 -0.8108
vn -0.1156 0.5564 -0.8229
vn -0.0979 0.7653 -0.6362
vn -0.1234 0.8930 -0.4328
vn -0.1312 0.9338 -0.3328
vn -0.1254 0.9426 -0.3096
vn -0.0607 0.9631 -0.2623
vn -0.0470 0.9750 -0.2173
vn -0.0353 0.9837 -0.1764
vn -0.0176 0.9940 0.1077
vn 0.0216 0.9129 0.4075
vn 0.0215 0.9122 0.4092
vn 0.9786 -0.0021 -0.2057
vn 0.9786 -0.0022 -0.2058
vn 0.9848 0.0412 -0.1685
vn 0.9848 0.0431 -0.1684
vn 0.9879 0.0490 -0.1472
vn 0.9879 0.0490 -0.1471
vn 0.9997 0.0081 -0.0217
vn 0.9998 0.0081 -0.0178
vn 0.9896 -0.1355 0.0492
vn 0.9882 -0.1471 0.0432
vn 0.9798 -0.1979 -0.0295
vn 0.9804 -0.1937 -0.0372
vn 0.9714 -0.1802 -0.1547
vn 0.9750 -0.1860 -0.1214
vn 0.9743 -0.1882 -0.1235
vn 0.9701 -0.1686 -0.1744
vn 0.9705 -0.1686 -0.1725
vn 0.9662 -0.1738 -0.1902
vn 0.9701 -0.1686 -0.1745
vn 0.9665 -0.1726 -0.1901
vn 0.9705 -0.1686 -0.1726
vn 0.9642 -0.1764 -0.1980
vn 0.9643 -0.1755 -0.1985
vn 0.9622 -0.1783 -0.2058
vn 0.9590 -0.1722 -0.2251
vn 0.9599 -0.1743 -0.2194
vn 0.9505 -0.1529 -0.2705
vn 0.9507 -0.1548 -0.2686
vn 0.9608 0.0885 -0.2627
vn 0.9480 0.0215 -0.3175
vn 0.9628 0.0843 -0.2569
vn 0.9512 -0.0216 -0.3079
vn 0.9906 0.0372 -0.1313
vn 0.9878 0.0392 -0.1508
vn 0.9904 0.0372 -0.1331
vn 0.9878 0.0392 -0.1507
vn 0.9945 0.0157 -0.1038
vn 0.9934 0.0333 -0.1098
vn 0.9932 0.0332 -0.1118
vn 0.9926 -0.0078 -0.1212
vn 0.9939 -0.0017 -0.1102
vn 0.9926 -0.0078 -0.1211
vn 0.9939 -0.0020 -0.1100
vn 0.9916 -0.0078 -0.1294
vn 0.9916 -0.0079 -0.1294
vn 0.9900 -0.0036 -0.1413
vn 0.9900 -0.0034 -0.1412
vn 0.9891 0.0027 -0.1473
vn 0.9891 0.0028 -0.1472
vn 0.9890 0.0100 -0.1475
vn 0.9891 0.0098 -0.1469
vn 0.9887 0.0161 -0.1488
vn 0.9887 0.0157 -0.1488
vn 0.9866 0.0137 -0.1624
vn 0.9856 0.0118 -0.1684
vn 0.0298 -0.0000 0.9996
vn -0.0317 0.0001 0.9995
vn -0.0317 -0.0000 0.9995
vn 0.9996 -0.0000 -0.0298
vn 0.9995 -0.0000 0.0318
vn 0.9996 -0.0001 -0.0298
vn 0.9995 -0.0000 0.0317
vn -0.0317 -0.0000 -0.9995
vn 0.0298 -0.0000 -0.9996
vn -0.0318 -0.0001 -0.9995
vn -0.9995 -0.0000 0.0317
vn -0.9996 -0.0000 -0.0298
vn 0.7062 -0.0000 0.7080
vn 0.7065 -0.0000 0.7077
vn -0.7077 -0.0000 -0.7065
vn -0.5009 -0.0000 -0.8655
vn 0.4988 -0.0000 0.8667
vn 0.8655 -0.0000 0.5009
vn 0.8653 -0.0000 0.5013
vn 0.0004 -0.0000 -1.0000
vn -0.0004 -0.0000 -1.0000
vn -0.0000 1.0000 -0.0015
vn -0.0000 -0.1118 -0.9937
vn -0.0001 -0.6339 -0.7734
vn -0.0000 -0.7053 -0.7089
vn -0.0009 -0.8381 0.5455
vn -0.0000 -0.8604 0.5096
vn 1.0000 -0.0020 -0.0001
vn -0.0000 0.2663 -0.9639
vn -0.0000 -0.1902 0.9817
vn 0.4593 -0.8882 -0.0137
vn -0.0000 -1.0000 -0.0059
vn 0.4414 -0.8973 -0.0097
vn -0.4670 -0.8841 -0.0137
vn -0.4492 -0.8934 -0.0098
vn 0.2430 -0.9681 -0.0608
vn -0.1467 -0.9874 -0.0587
vn 0.1545 -0.9876 -0.0274
vn -0.0000 -0.9994 -0.0333
vn -0.0218 -0.9998 0.0017
vn -0.2467 -0.9267 -0.2837
vn -0.6804 -0.7155 -0.1584
vn -0.2077 -0.8802 -0.4268
vn 0.2058 -0.8805 -0.4270
vn 0.2449 -0.9271 -0.2838
vn 0.5856 -0.7925 -0.1703
vn -0.0020 -0.9998 0.0215
vn 0.1430 -0.9788 0.1467
vn -0.1449 -0.9785 0.1467
vn -0.0530 -0.9619 0.2683
vn 0.0510 -0.9620 0.2683
vn -0.1059 -0.9944 0.0059
vn -0.3441 -0.9371 0.0586
vn 0.1040 -0.9946 0.0059
vn -0.1647 -0.9856 0.0392
vn 0.1628 -0.9859 0.0392
vn 0.3423 -0.9377 0.0586
vn 0.7245 0.6795 0.1155
vn 0.8470 0.5274 0.0667
vn 0.1475 0.9862 0.0746
vn 0.2001 0.9768 0.0764
vn 0.2823 0.8271 0.4861
vn 0.1218 0.9498 0.2881
vn -0.1494 0.9860 0.0746
vn -0.7254 0.6785 0.1154
vn -0.1237 0.9496 0.2881
vn -0.2840 0.8266 0.4858
vn -0.2020 0.9764 0.0763
vn -0.8475 0.5265 0.0665
vn -0.2799 0.9318 -0.2310
vn 0.0019 0.9435 -0.3313
vn -0.2787 0.7841 -0.5545
vn -0.0019 0.7929 -0.6094
vn 0.2768 0.7846 -0.5548
vn 0.2902 0.9276 -0.2353
vn -0.9519 0.3064 0.0040
vn -0.8923 0.4515 0.0059
vn -0.2572 0.9663 0.0078
vn -0.9017 0.4323 0.0020
vn 0.9517 0.3070 0.0039
vn 0.8919 0.4523 0.0058
vn 0.2590 0.9658 0.0078
vn 0.9014 0.4331 0.0020
vn -0.2175 0.9759 0.0157
vn -0.9017 0.4322 0.0117
vn 0.2664 0.9637 0.0157
vn 0.9032 0.4291 0.0098
vn -0.9394 0.3425 0.0137
vn -0.1469 0.9891 0.0059
vn -0.7383 0.6634 -0.1214
vn 0.5611 0.8252 -0.0647
vn 0.8058 0.5859 -0.0865
vn -0.6984 0.6989 -0.1545
vn 0.6973 0.6998 -0.1547
vn 0.0960 0.9953 -0.0117
vn 0.9419 0.3353 -0.0196
vn 0.1236 0.9923 -0.0019
vn 0.9561 0.2924 -0.0216
vn 0.9887 -0.1484 -0.0196
vn 0.9794 -0.2018 -0.0020
vn -0.3174 0.9468 0.0529
vn -0.0999 0.9949 -0.0137
vn -0.9497 0.2447 0.1955
vn -0.9489 0.3154 0.0117
vn -0.0979 0.9951 -0.0117
vn -0.9421 0.3346 -0.0196
vn -0.9637 -0.2663 0.0215
vn -0.9795 -0.2014 -0.0019
vn -0.9497 -0.2447 0.1955
vn 0.0980 0.9951 -0.0137
vn 0.9487 0.3160 0.0118
vn 0.3155 0.9474 0.0531
vn 0.9495 0.2452 0.1959
vn 0.9635 -0.2668 0.0216
vn 0.9495 -0.2452 0.1959
vn 0.0506 0.9986 -0.0157
vn 0.1764 0.9843 -0.0019
vn 0.9778 0.2062 -0.0372
vn 0.9923 -0.1212 -0.0236
vn 0.9839 -0.0278 -0.1763
vn -0.1255 0.9921 -0.0020
vn -0.9575 0.2877 -0.0215
vn -0.1783 0.9840 -0.0020
vn -0.9906 0.1313 -0.0391
vn -0.9973 -0.0589 -0.0433
vn -0.9891 -0.1462 -0.0196
vn -0.1251 0.9921 -0.0019
vn -0.0979 0.9951 -0.0118
vn 0.1232 0.9924 -0.0020
vn 0.0956 0.9953 -0.0117
vn -0.1336 0.9820 0.1334
vn -0.7796 0.2663 0.5668
vn -0.0491 0.9677 0.2472
vn -0.2210 0.2291 0.9480
vn -0.7808 -0.2640 0.5663
vn -0.2229 -0.2290 0.9476
vn -0.0525 0.9985 -0.0156
vn -0.0528 0.9985 -0.0157
vn -0.1780 0.9840 -0.0020
vn 0.0509 0.9986 -0.0157
vn 0.1761 0.9844 -0.0020
vn 0.9176 0.1004 -0.3846
vn 0.1139 0.9925 -0.0451
vn 0.0920 0.9951 -0.0372
vn 0.9195 -0.0239 -0.3924
vn 0.0416 0.9959 -0.0801
vn 0.0333 0.9980 -0.0528
vn 0.5128 0.1198 -0.8501
vn 0.5127 -0.1217 -0.8499
vn -0.0939 0.9949 -0.0372
vn -0.9344 0.0532 -0.3522
vn -0.1158 0.9922 -0.0451
vn -0.9343 -0.0551 -0.3521
vn -0.0936 0.9949 -0.0374
vn -0.1154 0.9923 -0.0450
vn -0.0353 0.9980 -0.0529
vn 0.0921 0.9951 -0.0372
vn 0.1135 0.9925 -0.0450
vn 0.0332 0.9981 -0.0526
vn 0.0411 0.9959 -0.0807
vn -0.0431 0.9958 -0.0807
vn -0.5143 0.1197 -0.8492
vn -0.0427 0.9958 -0.0806
vn -0.5141 -0.1216 -0.8490
vn 0.1314 0.9823 0.1333
vn 0.7789 0.2666 0.5677
vn 0.0470 0.9678 0.2474
vn 0.2192 0.2292 0.9484
vn 0.7800 -0.2644 0.5671
vn 0.2210 -0.2290 0.9480
vn -0.1330 0.9821 0.1331
vn -0.0488 0.9679 0.2466
vn -0.0020 1.0000 0.0079
vn 0.0469 0.9680 0.2466
vn 0.1310 0.9824 0.1331
vn 0.0979 0.9951 -0.0137
vn 0.3149 0.9477 0.0528
vn -0.3166 0.9471 0.0528
vn 0.0940 0.9953 0.0216
vn 0.2354 0.9716 -0.0253
vn -0.0980 0.9950 -0.0177
vn 0.1235 0.9875 -0.0980
vn -0.1297 0.9915 0.0136
vn -0.0981 0.9950 0.0180
vn -0.0118 0.9999 0.0118
vn -0.0177 0.9997 0.0177
vn -0.9127 0.0704 0.4026
vn -0.9964 0.0840 -0.0058
vn -0.8954 0.0684 0.4399
vn -0.9966 0.0821 -0.0020
vn -0.9287 0.0723 0.3637
vn -0.9964 0.0840 -0.0098
vn -0.5965 0.0372 -0.8018
vn -0.6304 0.0411 -0.7752
vn -0.5669 0.0352 -0.8230
vn -0.0000 -0.0293 0.9996
vn -0.0000 -0.0283 0.9996
vn -0.0000 -0.0292 0.9996
vn -0.0000 -0.0288 0.9996
vn 0.9284 0.0725 0.3644
vn 0.9123 0.0705 0.4033
vn 0.9964 0.0843 -0.0098
vn 0.9964 0.0841 -0.0059
vn 0.8950 0.0685 0.4407
vn 0.9966 0.0822 -0.0020
vn 0.5656 0.0352 -0.8239
vn 0.5952 0.0372 -0.8027
vn 0.6292 0.0412 -0.7762
vn 0.0004 -0.0039 -1.0000
vn 0.0004 -0.0020 -1.0000
vn -0.0004 -0.0039 -1.0000
vn -0.0004 -0.0040 -1.0000
vn -0.0004 -0.0019 -1.0000
vn 0.5108 -0.7904 0.3382
vn -0.5123 -0.7896 0.3378
vn -0.0000 -0.0287 0.9996
vn -0.8854 -0.4646 -0.0137
vn -0.9895 -0.1442 -0.0117
vn -0.6629 -0.4228 -0.6179
vn 0.6619 -0.4233 -0.6187
vn -0.0016 -0.0020 -1.0000
vn -0.0023 -0.0020 -1.0000
vn 0.8809 -0.4732 -0.0137
vn 0.9894 -0.1445 -0.0118
vn -0.0000 -0.0291 0.9996
vn -0.0000 -0.0294 0.9996
vn 0.3386 0.8794 0.3345
vn -0.3404 0.8789 0.3343
vn 0.5095 0.6035 -0.6134
vn 0.9234 0.3838 0.0039
vn 0.3388 0.8792 0.3348
vn 0.9235 0.3837 0.0039
vn 0.5095 0.6032 -0.6136
vn -0.0023 -0.0040 -1.0000
vn -0.5109 0.6029 -0.6127
vn -0.0016 -0.0039 -1.0000
vn -0.0117 0.9999 0.0118
vn -0.5110 0.6026 -0.6130
vn -0.3405 0.8787 0.3346
vn -0.9237 0.3831 0.0039
vn -0.9237 0.3830 0.0039
vn -0.5823 0.0078 0.8129
vn -0.5846 -0.0000 0.8114
vn -0.9995 0.0294 -0.0098
vn -0.9999 -0.0000 -0.0128
vn -0.5845 -0.0019 0.8114
vn -0.9999 -0.0016 -0.0135
vn -0.9025 -0.0000 -0.4307
vn -0.9028 -0.0000 -0.4300
vn -0.9020 0.0333 -0.4304
vn -0.0023 -0.0019 1.0000
vn -0.0023 -0.0000 1.0000
vn -0.0016 -0.0000 1.0000
vn 0.5833 -0.0000 0.8123
vn 0.5833 -0.0020 0.8123
vn -0.0015 -0.0019 1.0000
vn 0.5832 -0.0020 0.8123
vn 0.9999 -0.0000 -0.0133
vn 0.9999 -0.0000 -0.0128
vn 0.9998 0.0216 0.0020
vn 0.9025 -0.0000 -0.4308
vn 0.9191 0.0412 -0.3919
vn -0.0059 0.0294 -0.9995
vn -0.0059 0.0274 -0.9996
vn 0.5596 -0.5364 0.6318
vn -0.5610 -0.5358 0.6311
vn -0.0016 -0.0019 1.0000
vn -0.8860 -0.4631 -0.0216
vn -0.9716 -0.2361 -0.0137
vn -0.5728 -0.6943 -0.4358
vn 0.5715 -0.6951 -0.4363
vn 0.8827 -0.4692 -0.0255
vn 0.9715 -0.2366 -0.0137
vn -0.5219 0.4906 0.6978
vn -0.5219 0.4902 0.6981
vn -0.0059 0.9916 0.1294
vn 0.1274 0.9855 0.1117
vn -0.0059 0.9916 0.1293
vn -0.0177 0.9997 0.0176
vn 0.9959 0.0843 0.0334
vn 0.9461 0.1452 -0.2896
vn 0.2763 0.9602 0.0412
vn -0.0176 0.0902 -0.9958
vn -0.1293 0.9915 0.0137
vn -0.8958 0.1157 -0.4291
vn -0.9506 -0.2704 -0.1525
vn 0.9998 -0.0137 0.0118
vn 0.9926 -0.0000 -0.1214
vn 0.9883 -0.0000 -0.1528
vn 0.9873 -0.0000 -0.1588
vn 0.9860 -0.0000 -0.1666
vn 0.9843 -0.0000 -0.1765
vn 0.9818 -0.0020 -0.1901
vn 0.9690 -0.0000 -0.2472
vt 0.681376 0.367512
vt 0.679996 0.366915
vt 0.681296 0.367162
vt 0.680206 0.366503
vt 0.864975 0.329666
vt 0.862789 0.328562
vt 0.865807 0.328484
vt 0.861648 0.325964
vt 0.860162 0.326850
vt 0.858014 0.323548
vt 0.866609 0.326176
vt 0.862192 0.323650
vt 0.858270 0.321133
vt 0.678285 0.365067
vt 0.678548 0.364671
vt 0.688776 0.360679
vt 0.686712 0.362965
vt 0.687632 0.359757
vt 0.685674 0.361946
vt 0.684954 0.364433
vt 0.684103 0.363447
vt 0.684514 0.364421
vt 0.683635 0.363633
vt 0.682629 0.361542
vt 0.683903 0.360070
vt 0.682146 0.361775
vt 0.685030 0.358489
vt 0.657557 0.331290
vt 0.654194 0.321406
vt 0.657939 0.331051
vt 0.654598 0.321196
vt 0.875981 0.281485
vt 0.875284 0.290565
vt 0.874510 0.281757
vt 0.873550 0.290390
vt 0.875718 0.272576
vt 0.874532 0.273148
vt 0.652235 0.311197
vt 0.652674 0.311017
vt 0.872451 0.290226
vt 0.873578 0.281905
vt 0.873785 0.273507
vt 0.873203 0.264453
vt 0.874408 0.263793
vt 0.872416 0.264868
vt 0.869561 0.255991
vt 0.870475 0.255595
vt 0.871833 0.254975
vt 0.651390 0.300395
vt 0.651876 0.300274
vt 0.652652 0.289449
vt 0.653182 0.289437
vt 0.663777 0.328049
vt 0.663305 0.328348
vt 0.661197 0.319121
vt 0.660585 0.319120
vt 0.662404 0.328831
vt 0.659476 0.319176
vt 0.659168 0.309376
vt 0.657804 0.309092
vt 0.659951 0.309599
vt 0.661975 0.328986
vt 0.659032 0.319292
vt 0.657330 0.309154
vt 0.659480 0.299468
vt 0.657932 0.299043
vt 0.657438 0.299044
vt 0.659036 0.288841
vt 0.659548 0.288927
vt 0.661279 0.289444
vt 0.660402 0.299762
vt 0.662313 0.289769
vt 0.672891 0.006342
vt 0.672215 0.007471
vt 0.672462 0.006427
vt 0.671736 0.007363
vt 0.674036 0.008703
vt 0.674898 0.007549
vt 0.677350 0.009545
vt 0.676334 0.010604
vt 0.671089 0.009615
vt 0.672557 0.010842
vt 0.673943 0.012205
vt 0.670585 0.009462
vt 0.668687 0.003906
vt 0.668669 0.004254
vt 0.658003 0.045865
vt 0.658453 0.045931
vt 0.656919 0.055980
vt 0.657377 0.056020
vt 0.658481 0.055888
vt 0.659430 0.046223
vt 0.657224 0.066300
vt 0.658536 0.065846
vt 0.656747 0.066294
vt 0.659952 0.046422
vt 0.659084 0.055782
vt 0.659284 0.065523
vt 0.659742 0.075924
vt 0.658203 0.076458
vt 0.660646 0.075562
vt 0.663071 0.085618
vt 0.662038 0.085930
vt 0.660312 0.086427
vt 0.657704 0.076493
vt 0.659801 0.086505
vt 0.872254 0.042734
vt 0.873344 0.042519
vt 0.873572 0.050999
vt 0.874506 0.051103
vt 0.875065 0.042262
vt 0.875981 0.051304
vt 0.874729 0.059707
vt 0.875922 0.060225
vt 0.873974 0.059385
vt 0.653158 0.044514
vt 0.653581 0.044667
vt 0.651789 0.054711
vt 0.652223 0.054846
vt 0.651390 0.064924
vt 0.651848 0.065043
vt 0.873568 0.068467
vt 0.874798 0.069074
vt 0.651707 0.075394
vt 0.652200 0.075480
vt 0.653105 0.086265
vt 0.653635 0.086270
vt 0.872256 0.078011
vt 0.870891 0.077412
vt 0.872770 0.068084
vt 0.869971 0.077033
vt 0.666377 0.007204
vt 0.666041 0.006877
vt 0.667704 0.005090
vt 0.667419 0.004735
vt 0.863323 0.005030
vt 0.864297 0.007282
vt 0.859389 0.007889
vt 0.860103 0.010153
vt 0.856430 0.012975
vt 0.855987 0.010575
vt 0.860310 0.005185
vt 0.862395 0.003906
vt 0.857837 0.007124
vt 0.678502 0.247834
vt 0.677328 0.247578
vt 0.679606 0.241266
vt 0.678428 0.241054
vt 0.676513 0.240585
vt 0.675419 0.247041
vt 0.677636 0.226841
vt 0.679550 0.227182
vt 0.677183 0.234029
vt 0.679101 0.234442
vt 0.680285 0.234619
vt 0.680733 0.227321
vt 0.674975 0.246791
vt 0.676077 0.240354
vt 0.676756 0.233814
vt 0.677217 0.226655
vt 0.679725 0.219902
vt 0.677812 0.219630
vt 0.679619 0.204303
vt 0.677710 0.204189
vt 0.677398 0.219472
vt 0.677301 0.204111
vt 0.677228 0.188224
vt 0.676822 0.188237
vt 0.679136 0.188165
vt 0.680908 0.220005
vt 0.680799 0.204339
vt 0.680316 0.188128
vt 0.673469 0.252674
vt 0.673926 0.252922
vt 0.675829 0.253496
vt 0.669739 0.263904
vt 0.671941 0.258597
vt 0.671627 0.264577
vt 0.673843 0.259238
vt 0.671472 0.258344
vt 0.669259 0.263659
vt 0.676993 0.253788
vt 0.675005 0.259575
vt 0.672772 0.264946
vt 0.669276 0.269755
vt 0.666962 0.274705
vt 0.667403 0.269072
vt 0.665118 0.274044
vt 0.670409 0.270144
vt 0.668072 0.275093
vt 0.665906 0.280003
vt 0.664814 0.279640
vt 0.662989 0.279038
vt 0.666911 0.268839
vt 0.664618 0.273841
vt 0.662479 0.278889
vt 0.655561 0.277666
vt 0.656104 0.277759
vt 0.867779 0.245865
vt 0.866330 0.246458
vt 0.865412 0.241154
vt 0.863931 0.241707
vt 0.862944 0.236455
vt 0.861437 0.236987
vt 0.658495 0.271919
vt 0.657976 0.271712
vt 0.661058 0.266233
vt 0.660563 0.265970
vt 0.865342 0.246837
vt 0.862920 0.242084
vt 0.860414 0.237358
vt 0.860429 0.231599
vt 0.858908 0.232105
vt 0.857976 0.226700
vt 0.856449 0.227173
vt 0.857876 0.232472
vt 0.855416 0.227531
vt 0.854047 0.222061
vt 0.853012 0.222412
vt 0.851986 0.216826
vt 0.850953 0.217165
vt 0.855594 0.221622
vt 0.853540 0.216444
vt 0.663788 0.260545
vt 0.663311 0.260252
vt 0.666207 0.254874
vt 0.665749 0.254564
vt 0.668674 0.249048
vt 0.668227 0.248739
vt 0.670398 0.243129
vt 0.669964 0.242828
vt 0.671831 0.236854
vt 0.671404 0.236575
vt 0.850196 0.211270
vt 0.851758 0.210959
vt 0.848376 0.199413
vt 0.849967 0.199355
vt 0.848939 0.205586
vt 0.850534 0.205401
vt 0.672729 0.230534
vt 0.672307 0.230282
vt 0.673362 0.223795
vt 0.672945 0.223579
vt 0.849154 0.211577
vt 0.847880 0.205801
vt 0.847308 0.199545
vt 0.849736 0.193188
vt 0.848137 0.193214
vt 0.849587 0.180141
vt 0.847989 0.180152
vt 0.847067 0.193321
vt 0.846918 0.180210
vt 0.847033 0.166710
vt 0.848104 0.166707
vt 0.849702 0.166700
vt 0.673685 0.217040
vt 0.673271 0.216863
vt 0.673680 0.202888
vt 0.673270 0.202802
vt 0.673250 0.188350
vt 0.672843 0.188364
vt 0.662778 0.096782
vt 0.663300 0.096661
vt 0.665159 0.096172
vt 0.666910 0.101338
vt 0.665009 0.101841
vt 0.664492 0.102002
vt 0.666276 0.095878
vt 0.668054 0.101055
vt 0.666796 0.107010
vt 0.668724 0.106516
vt 0.668598 0.112394
vt 0.670531 0.111899
vt 0.669888 0.106244
vt 0.671702 0.111638
vt 0.672231 0.117361
vt 0.673412 0.117108
vt 0.673796 0.123138
vt 0.674974 0.122904
vt 0.671864 0.123616
vt 0.670288 0.117862
vt 0.666285 0.107193
vt 0.668100 0.112595
vt 0.669802 0.118079
vt 0.671393 0.123840
vt 0.673151 0.129520
vt 0.674205 0.135984
vt 0.672701 0.129757
vt 0.673771 0.136215
vt 0.676119 0.135515
vt 0.675074 0.129030
vt 0.675961 0.156864
vt 0.674913 0.142523
vt 0.677861 0.156509
vt 0.676819 0.142070
vt 0.674494 0.142750
vt 0.675553 0.157036
vt 0.676254 0.128799
vt 0.677297 0.135303
vt 0.677999 0.141872
vt 0.679038 0.156349
vt 0.678603 0.172038
vt 0.676703 0.172265
vt 0.679780 0.171931
vt 0.676299 0.172367
vt 0.866511 0.086560
vt 0.865526 0.086170
vt 0.867949 0.087168
vt 0.863831 0.091241
vt 0.865299 0.091852
vt 0.862833 0.090826
vt 0.655977 0.097477
vt 0.656525 0.097398
vt 0.657813 0.103468
vt 0.658352 0.103315
vt 0.862455 0.096432
vt 0.859675 0.101152
vt 0.860975 0.095844
vt 0.858149 0.100647
vt 0.660214 0.109242
vt 0.662285 0.115212
vt 0.659691 0.109442
vt 0.661780 0.115452
vt 0.664255 0.121172
vt 0.666505 0.127274
vt 0.663777 0.121448
vt 0.666048 0.127567
vt 0.857282 0.106048
vt 0.855160 0.111220
vt 0.855719 0.105645
vt 0.853588 0.110922
vt 0.859968 0.095431
vt 0.857113 0.100281
vt 0.854665 0.105343
vt 0.852524 0.110661
vt 0.850886 0.116104
vt 0.851948 0.116334
vt 0.849593 0.121851
vt 0.850657 0.122051
vt 0.852255 0.122209
vt 0.853536 0.116555
vt 0.848674 0.140196
vt 0.849771 0.127837
vt 0.850271 0.140233
vt 0.851368 0.127924
vt 0.848706 0.127668
vt 0.847605 0.140087
vt 0.668137 0.133370
vt 0.669519 0.139722
vt 0.667697 0.133664
vt 0.669093 0.140002
vt 0.670508 0.146095
vt 0.671955 0.159638
vt 0.670096 0.146362
vt 0.671549 0.159835
vt 0.849829 0.153263
vt 0.848230 0.153261
vt 0.672755 0.173808
vt 0.672350 0.173919
vt 0.847160 0.153208
vt 0.757716 0.263541
vt 0.756239 0.270358
vt 0.756311 0.263509
vt 0.754842 0.270271
vt 0.754502 0.276622
vt 0.752062 0.282649
vt 0.753110 0.276426
vt 0.750697 0.282324
vt 0.745948 0.294301
vt 0.744640 0.293833
vt 0.737575 0.306334
vt 0.736355 0.305692
vt 0.748646 0.281892
vt 0.742663 0.293330
vt 0.734516 0.305075
vt 0.754229 0.263191
vt 0.752759 0.269921
vt 0.751043 0.276036
vt 0.795704 0.272759
vt 0.797659 0.271990
vt 0.804678 0.283583
vt 0.806643 0.283014
vt 0.786642 0.263523
vt 0.788463 0.262462
vt 0.784368 0.257303
vt 0.782487 0.258341
vt 0.779262 0.252496
vt 0.776478 0.246053
vt 0.781169 0.251531
vt 0.778401 0.245141
vt 0.787115 0.255939
vt 0.791023 0.260961
vt 0.781298 0.244118
vt 0.783983 0.250390
vt 0.800396 0.270802
vt 0.809248 0.281936
vt 0.738578 0.072232
vt 0.737305 0.072803
vt 0.729674 0.060682
vt 0.728481 0.061369
vt 0.742153 0.077777
vt 0.740829 0.078240
vt 0.743976 0.083954
vt 0.745329 0.083591
vt 0.746629 0.089715
vt 0.748002 0.089439
vt 0.752300 0.102173
vt 0.750902 0.102312
vt 0.750233 0.095520
vt 0.748848 0.095724
vt 0.744589 0.090233
vt 0.741955 0.084495
vt 0.748852 0.102785
vt 0.746796 0.096229
vt 0.735358 0.073413
vt 0.726670 0.062061
vt 0.738836 0.078814
vt 0.807389 0.051675
vt 0.798249 0.062136
vt 0.804943 0.050326
vt 0.795472 0.061142
vt 0.794783 0.067548
vt 0.791906 0.066747
vt 0.791817 0.073375
vt 0.789560 0.079312
vt 0.788874 0.072698
vt 0.786550 0.078804
vt 0.788034 0.085596
vt 0.786651 0.092595
vt 0.785026 0.085206
vt 0.783623 0.091839
vt 0.786797 0.072176
vt 0.784457 0.078336
vt 0.781599 0.091119
vt 0.782957 0.084721
vt 0.803070 0.049576
vt 0.793453 0.060561
vt 0.789858 0.066191
vt 0.704785 0.341897
vt 0.696943 0.350300
vt 0.701683 0.342326
vt 0.692908 0.351254
vt 0.712584 0.330708
vt 0.714455 0.331202
vt 0.723988 0.317826
vt 0.725612 0.318557
vt 0.715593 0.331956
vt 0.726741 0.319310
vt 0.706101 0.342524
vt 0.698398 0.350861
vt 0.759433 0.248678
vt 0.758708 0.256657
vt 0.758031 0.248742
vt 0.757308 0.256684
vt 0.758351 0.240759
vt 0.758413 0.222720
vt 0.759748 0.240663
vt 0.759811 0.222624
vt 0.755949 0.248492
vt 0.755225 0.256392
vt 0.756269 0.240546
vt 0.756334 0.222598
vt 0.757840 0.203163
vt 0.755764 0.203154
vt 0.756818 0.182822
vt 0.754746 0.182909
vt 0.759237 0.203070
vt 0.758216 0.182764
vt 0.776674 0.168234
vt 0.776221 0.187256
vt 0.773694 0.168132
vt 0.773236 0.187366
vt 0.776269 0.205610
vt 0.773280 0.205894
vt 0.776840 0.222661
vt 0.773846 0.223124
vt 0.777660 0.230223
vt 0.779236 0.237651
vt 0.774713 0.230883
vt 0.776316 0.238513
vt 0.771329 0.206303
vt 0.771885 0.223730
vt 0.772772 0.231615
vt 0.774388 0.239361
vt 0.771758 0.168068
vt 0.771295 0.187563
vt 0.816523 0.295344
vt 0.818272 0.294618
vt 0.829317 0.305879
vt 0.830832 0.304957
vt 0.820427 0.293294
vt 0.832521 0.303406
vt 0.841900 0.312871
vt 0.843167 0.311202
vt 0.850309 0.318402
vt 0.851192 0.316620
vt 0.840604 0.313940
vt 0.849720 0.319908
vt 0.717247 0.048955
vt 0.715660 0.049764
vt 0.703559 0.037561
vt 0.705393 0.036952
vt 0.686486 0.019206
vt 0.682408 0.018608
vt 0.680433 0.013911
vt 0.677120 0.014184
vt 0.687883 0.018521
vt 0.681681 0.013062
vt 0.718342 0.048151
vt 0.706480 0.036130
vt 0.752317 0.109097
vt 0.753717 0.109048
vt 0.754403 0.124933
vt 0.755803 0.124927
vt 0.756959 0.142935
vt 0.755558 0.142926
vt 0.756225 0.162471
vt 0.757624 0.162462
vt 0.753490 0.143176
vt 0.754154 0.162630
vt 0.750258 0.109529
vt 0.752339 0.125279
vt 0.781585 0.098335
vt 0.784416 0.099392
vt 0.777731 0.113298
vt 0.780642 0.114168
vt 0.778326 0.130948
vt 0.775380 0.130379
vt 0.774243 0.148902
vt 0.777219 0.149216
vt 0.772316 0.148577
vt 0.773471 0.129785
vt 0.779722 0.097362
vt 0.775854 0.112448
vt 0.815968 0.039223
vt 0.817588 0.040152
vt 0.829339 0.030133
vt 0.830820 0.031084
vt 0.848810 0.016335
vt 0.848080 0.014885
vt 0.853117 0.012855
vt 0.853962 0.010193
vt 0.849858 0.018031
vt 0.853779 0.014755
vt 0.819537 0.041731
vt 0.832475 0.032656
vt 0.677636 0.364254
vt 0.677920 0.363873
vt 0.866879 0.325217
vt 0.862584 0.322772
vt 0.863780 0.320328
vt 0.867576 0.322586
vt 0.675936 0.362010
vt 0.676231 0.361641
vt 0.859529 0.320847
vt 0.861164 0.318549
vt 0.872111 0.298896
vt 0.873712 0.299565
vt 0.870008 0.307063
vt 0.871702 0.308293
vt 0.868928 0.306106
vt 0.871119 0.298370
vt 0.666817 0.349108
vt 0.661806 0.340610
vt 0.667151 0.348791
vt 0.662165 0.340333
vt 0.681551 0.360985
vt 0.679863 0.358786
vt 0.666144 0.338020
vt 0.670904 0.346249
vt 0.683790 0.358288
vt 0.683239 0.359270
vt 0.682044 0.360735
vt 0.681391 0.357063
vt 0.680331 0.358539
vt 0.681848 0.356101
vt 0.671333 0.346030
vt 0.666566 0.337829
vt 0.672164 0.344754
vt 0.667374 0.336905
vt 0.672555 0.343900
vt 0.667773 0.336294
vt 0.669355 0.012962
vt 0.666507 0.018917
vt 0.668864 0.012805
vt 0.666037 0.018775
vt 0.670648 0.014217
vt 0.667694 0.020116
vt 0.664351 0.028159
vt 0.663258 0.027104
vt 0.662799 0.026986
vt 0.671258 0.015078
vt 0.668311 0.020946
vt 0.664928 0.028899
vt 0.661525 0.036927
vt 0.660536 0.036207
vt 0.662051 0.037433
vt 0.660087 0.036114
vt 0.658497 0.025352
vt 0.661747 0.016825
vt 0.655641 0.034748
vt 0.664634 0.010670
vt 0.655229 0.034564
vt 0.873182 0.033304
vt 0.871628 0.034079
vt 0.870619 0.024733
vt 0.869023 0.026102
vt 0.658100 0.025129
vt 0.870666 0.034670
vt 0.868017 0.027148
vt 0.865245 0.018824
vt 0.867738 0.016780
vt 0.863568 0.020397
vt 0.859446 0.015337
vt 0.861915 0.013351
vt 0.865520 0.010809
vt 0.661368 0.016567
vt 0.664270 0.010384
vt 0.807912 0.052099
vt 0.819955 0.042231
vt 0.832863 0.033152
vt 0.815260 0.342753
vt 0.816073 0.342753
vt 0.815260 0.358383
vt 0.816073 0.358383
vt 0.815260 0.374275
vt 0.816073 0.374275
vt 0.816073 0.320211
vt 0.815260 0.320211
vt 0.816073 0.315199
vt 0.815260 0.315199
vt 0.850186 0.018543
vt 0.854084 0.015277
vt 0.855827 0.014094
vt 0.816073 0.313032
vt 0.815260 0.313032
vt 0.827250 0.668501
vt 0.827250 0.661786
vt 0.827950 0.668501
vt 0.827950 0.661786
vt 0.858561 0.016114
vt 0.862896 0.021037
vt 0.867486 0.027605
vt 0.827250 0.653375
vt 0.827950 0.653375
vt 0.870119 0.034930
vt 0.871679 0.042847
vt 0.827250 0.645011
vt 0.827250 0.636324
vt 0.827950 0.645011
vt 0.827950 0.636324
vt 0.873003 0.050993
vt 0.873421 0.059259
vt 0.827250 0.627383
vt 0.827250 0.618252
vt 0.827950 0.627383
vt 0.827950 0.618252
vt 0.872223 0.067885
vt 0.869413 0.076797
vt 0.827250 0.598336
vt 0.827950 0.598336
vt 0.827250 0.608595
vt 0.827950 0.608595
vt 0.864954 0.085924
vt 0.862269 0.090548
vt 0.827250 0.581541
vt 0.827950 0.581541
vt 0.827250 0.587337
vt 0.827950 0.587337
vt 0.859403 0.095158
vt 0.856530 0.100041
vt 0.854066 0.105152
vt 0.851917 0.110497
vt 0.827250 0.563749
vt 0.827250 0.557608
vt 0.827950 0.563749
vt 0.827950 0.557608
vt 0.827250 0.575728
vt 0.827250 0.569748
vt 0.827950 0.575728
vt 0.827950 0.569748
vt 0.787342 0.092746
vt 0.788734 0.085674
vt 0.790250 0.079453
vt 0.792480 0.073584
vt 0.816073 0.408151
vt 0.815260 0.408151
vt 0.816073 0.401682
vt 0.815260 0.401682
vt 0.815260 0.421517
vt 0.815260 0.414671
vt 0.816073 0.421517
vt 0.816073 0.414671
vt 0.795431 0.067811
vt 0.798843 0.062484
vt 0.815260 0.388484
vt 0.816073 0.388484
vt 0.816073 0.395069
vt 0.815260 0.395069
vt 0.848981 0.121726
vt 0.850278 0.115959
vt 0.846988 0.140027
vt 0.848095 0.127559
vt 0.827250 0.525296
vt 0.827950 0.525296
vt 0.827250 0.538777
vt 0.827950 0.538777
vt 0.827250 0.545132
vt 0.827950 0.545132
vt 0.827250 0.551486
vt 0.827950 0.551486
vt 0.846539 0.153179
vt 0.846412 0.166712
vt 0.827250 0.496576
vt 0.827950 0.496576
vt 0.827250 0.511131
vt 0.827950 0.511131
vt 0.777374 0.168258
vt 0.777918 0.149264
vt 0.779023 0.131040
vt 0.815260 0.478455
vt 0.815260 0.460450
vt 0.816073 0.478455
vt 0.816073 0.460450
vt 0.815260 0.497109
vt 0.816073 0.497109
vt 0.781330 0.114320
vt 0.785093 0.099589
vt 0.815260 0.428385
vt 0.816073 0.428385
vt 0.815260 0.443637
vt 0.816073 0.443637
vt 0.846691 0.199621
vt 0.847271 0.205926
vt 0.848559 0.211765
vt 0.850364 0.217372
vt 0.827250 0.448011
vt 0.827250 0.441657
vt 0.827950 0.448011
vt 0.827950 0.441657
vt 0.827250 0.461109
vt 0.827250 0.454366
vt 0.827950 0.461109
vt 0.827950 0.454366
vt 0.778361 0.230121
vt 0.779919 0.237486
vt 0.777544 0.222626
vt 0.776972 0.205586
vt 0.815260 0.550587
vt 0.815260 0.533768
vt 0.816073 0.550587
vt 0.816073 0.533768
vt 0.815260 0.558250
vt 0.816073 0.558250
vt 0.815260 0.565855
vt 0.816073 0.565855
vt 0.776923 0.187257
vt 0.815260 0.515763
vt 0.816073 0.515763
vt 0.846297 0.180241
vt 0.846450 0.193385
vt 0.827250 0.482020
vt 0.827250 0.467855
vt 0.827950 0.482020
vt 0.827950 0.467855
vt 0.800981 0.270433
vt 0.809827 0.281580
vt 0.791562 0.260524
vt 0.815260 0.605731
vt 0.815260 0.592574
vt 0.816073 0.605731
vt 0.816073 0.592574
vt 0.815260 0.619940
vt 0.816073 0.619940
vt 0.787732 0.255600
vt 0.781970 0.243898
vt 0.784633 0.250129
vt 0.815260 0.579568
vt 0.815260 0.572681
vt 0.816073 0.579568
vt 0.816073 0.572681
vt 0.815260 0.586073
vt 0.816073 0.586073
vt 0.852422 0.222629
vt 0.857293 0.232710
vt 0.854831 0.227755
vt 0.827250 0.429393
vt 0.827250 0.423395
vt 0.827950 0.429393
vt 0.827950 0.423395
vt 0.827250 0.435535
vt 0.827950 0.435535
vt 0.862346 0.242337
vt 0.859838 0.237604
vt 0.864769 0.247074
vt 0.869006 0.256237
vt 0.827250 0.405806
vt 0.827250 0.394806
vt 0.827950 0.405806
vt 0.827950 0.394806
vt 0.827250 0.417415
vt 0.827250 0.411601
vt 0.827950 0.417415
vt 0.827950 0.411601
vt 0.815260 0.674002
vt 0.815260 0.664486
vt 0.816073 0.674002
vt 0.816073 0.664486
vt 0.851468 0.316078
vt 0.843494 0.310680
vt 0.832921 0.302920
vt 0.815260 0.651462
vt 0.816073 0.651462
vt 0.827950 0.324655
vt 0.827250 0.324655
vt 0.827950 0.321814
vt 0.827250 0.321814
vt 0.860216 0.317852
vt 0.858518 0.320018
vt 0.857588 0.320064
vt 0.827950 0.320870
vt 0.827250 0.320870
vt 0.820908 0.292852
vt 0.815260 0.635832
vt 0.816073 0.635832
vt 0.871875 0.265090
vt 0.873236 0.273660
vt 0.827250 0.384547
vt 0.827250 0.374890
vt 0.827950 0.384547
vt 0.827950 0.374890
vt 0.873008 0.281937
vt 0.871872 0.290139
vt 0.827250 0.356822
vt 0.827950 0.356822
vt 0.827250 0.365760
vt 0.827950 0.365760
vt 0.870559 0.298147
vt 0.868362 0.305698
vt 0.827250 0.339783
vt 0.827950 0.339783
vt 0.827250 0.348141
vt 0.827950 0.348141
vt 0.663540 0.290101
vt 0.667099 0.280474
vt 0.663710 0.290150
vt 0.667264 0.280534
vt 0.663293 0.290035
vt 0.666863 0.280380
vt 0.669027 0.275487
vt 0.671375 0.270541
vt 0.669262 0.275585
vt 0.671609 0.270639
vt 0.669425 0.275647
vt 0.671773 0.270700
vt 0.661378 0.299917
vt 0.661633 0.299959
vt 0.661808 0.300001
vt 0.661165 0.309636
vt 0.661341 0.309663
vt 0.660909 0.309625
vt 0.662116 0.318967
vt 0.662367 0.318931
vt 0.662538 0.318920
vt 0.664872 0.327598
vt 0.665031 0.327536
vt 0.664636 0.327689
vt 0.733414 0.304508
vt 0.741513 0.292847
vt 0.733642 0.304621
vt 0.741749 0.292943
vt 0.732521 0.304209
vt 0.740554 0.292365
vt 0.746156 0.281149
vt 0.747442 0.281517
vt 0.747689 0.281591
vt 0.722949 0.317179
vt 0.722307 0.316898
vt 0.723166 0.317311
vt 0.711746 0.330195
vt 0.711550 0.330038
vt 0.710988 0.329627
vt 0.700517 0.341757
vt 0.700188 0.341444
vt 0.700677 0.341953
vt 0.691672 0.350726
vt 0.691793 0.350961
vt 0.691629 0.350523
vt 0.684987 0.356782
vt 0.684981 0.357018
vt 0.684313 0.356889
vt 0.684280 0.357114
vt 0.685012 0.357300
vt 0.684197 0.357380
vt 0.682470 0.355365
vt 0.682599 0.355121
vt 0.682644 0.354897
vt 0.673439 0.343053
vt 0.668755 0.335609
vt 0.673542 0.342894
vt 0.668890 0.335496
vt 0.673255 0.343239
vt 0.668543 0.335751
vt 0.749840 0.275670
vt 0.750086 0.275744
vt 0.747830 0.274998
vt 0.749525 0.269190
vt 0.751590 0.262790
vt 0.751538 0.269600
vt 0.753000 0.262915
vt 0.751786 0.269665
vt 0.753250 0.262971
vt 0.754237 0.256208
vt 0.753985 0.256160
vt 0.754958 0.248338
vt 0.754706 0.248298
vt 0.752319 0.256065
vt 0.753247 0.248507
vt 0.753724 0.240507
vt 0.753781 0.222622
vt 0.755022 0.240389
vt 0.755081 0.222541
vt 0.755274 0.240422
vt 0.755335 0.222553
vt 0.673980 0.265410
vt 0.676240 0.259993
vt 0.674145 0.265467
vt 0.676407 0.260044
vt 0.673744 0.265318
vt 0.676000 0.259912
vt 0.678000 0.254051
vt 0.679537 0.248025
vt 0.678246 0.254115
vt 0.679788 0.248069
vt 0.678414 0.254156
vt 0.679958 0.248101
vt 0.680900 0.241410
vt 0.681072 0.241433
vt 0.680647 0.241383
vt 0.681334 0.234693
vt 0.681777 0.227357
vt 0.681588 0.234709
vt 0.682032 0.227363
vt 0.681761 0.234726
vt 0.682205 0.227375
vt 0.754763 0.203160
vt 0.754509 0.203161
vt 0.752479 0.203263
vt 0.753492 0.182961
vt 0.753318 0.182968
vt 0.753746 0.182950
vt 0.752902 0.162714
vt 0.753156 0.162697
vt 0.751850 0.162697
vt 0.751025 0.143413
vt 0.752244 0.143311
vt 0.752496 0.143283
vt 0.682381 0.220012
vt 0.682207 0.220006
vt 0.682271 0.204322
vt 0.682096 0.204321
vt 0.681953 0.220008
vt 0.681842 0.204326
vt 0.681613 0.188087
vt 0.681359 0.188095
vt 0.681787 0.188082
vt 0.681251 0.171861
vt 0.681077 0.171872
vt 0.680823 0.171883
vt 0.680333 0.156259
vt 0.680079 0.156275
vt 0.680506 0.156242
vt 0.751103 0.125498
vt 0.751353 0.125452
vt 0.749851 0.125620
vt 0.747559 0.110146
vt 0.749046 0.109868
vt 0.749291 0.109798
vt 0.747894 0.103077
vt 0.747649 0.103152
vt 0.745843 0.096552
vt 0.745600 0.096634
vt 0.746170 0.103774
vt 0.743972 0.096927
vt 0.742130 0.091233
vt 0.739765 0.086824
vt 0.743408 0.090674
vt 0.740791 0.084975
vt 0.743649 0.090584
vt 0.741029 0.084878
vt 0.679298 0.141786
vt 0.679471 0.141768
vt 0.679044 0.141801
vt 0.678590 0.135155
vt 0.678338 0.135182
vt 0.677544 0.128587
vt 0.677293 0.128628
vt 0.678763 0.135131
vt 0.677715 0.128558
vt 0.676412 0.122598
vt 0.676243 0.122632
vt 0.674842 0.116740
vt 0.674674 0.116779
vt 0.675995 0.122685
vt 0.674429 0.116843
vt 0.672949 0.111289
vt 0.672705 0.111358
vt 0.671135 0.105880
vt 0.670892 0.105951
vt 0.673117 0.111248
vt 0.671303 0.105837
vt 0.737922 0.079219
vt 0.737685 0.079321
vt 0.734457 0.073820
vt 0.734222 0.073922
vt 0.736908 0.080464
vt 0.733094 0.075288
vt 0.724748 0.063495
vt 0.725595 0.062673
vt 0.725819 0.062549
vt 0.714865 0.050318
vt 0.714654 0.050460
vt 0.713677 0.051286
vt 0.702569 0.038298
vt 0.702199 0.038609
vt 0.702754 0.038128
vt 0.669456 0.100641
vt 0.669288 0.100685
vt 0.667669 0.095438
vt 0.667501 0.095486
vt 0.669045 0.100758
vt 0.667260 0.095563
vt 0.664296 0.085299
vt 0.664050 0.085363
vt 0.664467 0.085252
vt 0.661862 0.075279
vt 0.662033 0.075223
vt 0.661611 0.075338
vt 0.660230 0.065376
vt 0.660483 0.065332
vt 0.660654 0.065282
vt 0.660269 0.055769
vt 0.660440 0.055751
vt 0.660016 0.055777
vt 0.660866 0.046599
vt 0.661116 0.046639
vt 0.661284 0.046667
vt 0.663320 0.037951
vt 0.663164 0.037874
vt 0.662925 0.037786
vt 0.665985 0.029514
vt 0.665763 0.029378
vt 0.666121 0.029640
vt 0.669419 0.021850
vt 0.669308 0.021675
vt 0.669109 0.021496
vt 0.672177 0.015907
vt 0.672003 0.015690
vt 0.672266 0.016119
vt 0.674087 0.013659
vt 0.676178 0.015025
vt 0.674117 0.013891
vt 0.676185 0.015253
vt 0.674084 0.013379
vt 0.676244 0.014756
vt 0.681325 0.018994
vt 0.681224 0.019239
vt 0.681198 0.019444
vt 0.660917 0.299872
vt 0.660446 0.309650
vt 0.662843 0.289919
vt 0.734035 0.304869
vt 0.723542 0.317583
vt 0.712102 0.330491
vt 0.701014 0.342271
vt 0.692110 0.351299
vt 0.684036 0.357813
vt 0.685131 0.357726
vt 0.682132 0.355682
vt 0.672877 0.343501
vt 0.668139 0.335973
vt 0.664201 0.327851
vt 0.661662 0.319061
vt 0.753702 0.263079
vt 0.752232 0.269795
vt 0.750523 0.275898
vt 0.748124 0.281757
vt 0.742159 0.293157
vt 0.666437 0.280199
vt 0.668606 0.275296
vt 0.670950 0.270349
vt 0.673318 0.265138
vt 0.675562 0.259751
vt 0.677555 0.253929
vt 0.679077 0.247945
vt 0.755228 0.203152
vt 0.754211 0.182931
vt 0.755799 0.222565
vt 0.755737 0.240471
vt 0.755419 0.248405
vt 0.754694 0.256292
vt 0.680184 0.241343
vt 0.681312 0.227357
vt 0.680867 0.234675
vt 0.681377 0.204341
vt 0.681488 0.220023
vt 0.680894 0.188110
vt 0.749740 0.109675
vt 0.751812 0.125379
vt 0.752958 0.143242
vt 0.753620 0.162671
vt 0.680358 0.171895
vt 0.679615 0.156294
vt 0.678579 0.141814
vt 0.677874 0.135225
vt 0.676831 0.128700
vt 0.734861 0.073597
vt 0.726200 0.062286
vt 0.738332 0.079002
vt 0.744077 0.090403
vt 0.741447 0.084676
vt 0.748336 0.102936
vt 0.746279 0.096391
vt 0.675543 0.122787
vt 0.673981 0.116972
vt 0.672263 0.111497
vt 0.670449 0.106098
vt 0.668606 0.100905
vt 0.666821 0.095716
vt 0.663601 0.085474
vt 0.661153 0.075415
vt 0.659768 0.065409
vt 0.659552 0.055761
vt 0.660407 0.046529
vt 0.662480 0.037663
vt 0.665334 0.029212
vt 0.668697 0.021290
vt 0.671615 0.015439
vt 0.674142 0.012945
vt 0.676488 0.014362
vt 0.681613 0.018631
vt 0.715227 0.050028
vt 0.703091 0.037810
vt 0.842493 0.024176
vt 0.842867 0.024664
vt 0.815260 0.329728
vt 0.816073 0.329728
vt 0.841084 0.022618
vt 0.839707 0.021651
vt 0.696266 0.026230
vt 0.694997 0.026954
vt 0.691868 0.026764
vt 0.690892 0.027213
vt 0.691204 0.026871
vt 0.690747 0.027420
vt 0.690669 0.027580
vt 0.855468 0.319546
vt 0.855729 0.319000
vt 0.815260 0.679051
vt 0.816073 0.679051
vt 0.815260 0.681164
vt 0.816073 0.681164
vt 0.854953 0.321498
vt 0.856018 0.324086
vt 0.691350 0.356106
vt 0.692677 0.356831
vt 0.687996 0.356110
vt 0.687060 0.355632
vt 0.687343 0.355999
vt 0.686956 0.355143
vt 0.686969 0.355371
vt 0.857690 0.013167
vt 0.856743 0.014073
vt 0.827250 0.671340
vt 0.827950 0.671340
vt 0.815260 0.312068
vt 0.816073 0.312068
vt 0.860554 0.010998
vt 0.864638 0.008225
vt 0.665900 0.008113
vt 0.665545 0.007810
vt 0.670128 0.010345
vt 0.670641 0.010505
vt 0.672046 0.011754
vt 0.672767 0.012597
vt 0.673306 0.013430
vt 0.673080 0.013030
vt 0.673497 0.013904
vt 0.673424 0.013687
vt 0.864949 0.313197
vt 0.864227 0.312618
vt 0.827250 0.331373
vt 0.827950 0.331373
vt 0.866741 0.314628
vt 0.671903 0.356622
vt 0.672213 0.356274
vt 0.869396 0.316461
vt 0.675901 0.353514
vt 0.676344 0.353277
vt 0.677275 0.351851
vt 0.677699 0.350907
vt 0.678001 0.350488
vt 0.678359 0.350197
vt 0.678514 0.349977
vt 0.678585 0.349780
vt 0.194716 0.635770
vt 0.194681 0.626700
vt 0.202736 0.634845
vt 0.204433 0.626476
vt 0.259430 0.288805
vt 0.287339 0.294200
vt 0.256925 0.333637
vt 0.283804 0.340003
vt 0.015420 0.398656
vt 0.006909 0.321234
vt 0.038446 0.366096
vt 0.032591 0.306812
vt 0.228934 0.329932
vt 0.200193 0.328521
vt 0.230227 0.285035
vt 0.199994 0.283200
vt 0.198766 0.119967
vt 0.199259 0.085848
vt 0.235834 0.120439
vt 0.238394 0.085355
vt 0.248728 0.448937
vt 0.270039 0.454407
vt 0.245617 0.479234
vt 0.265605 0.484989
vt 0.060861 0.482296
vt 0.072667 0.512656
vt 0.043771 0.499842
vt 0.059144 0.532539
vt 0.226277 0.447138
vt 0.224540 0.477263
vt 0.200564 0.447085
vt 0.199194 0.476471
vt 0.235368 0.547803
vt 0.249288 0.552136
vt 0.230579 0.564076
vt 0.243706 0.568527
vt 0.104539 0.570399
vt 0.115799 0.584349
vt 0.092911 0.581306
vt 0.106745 0.595309
vt 0.216162 0.561009
vt 0.198151 0.558837
vt 0.219093 0.544591
vt 0.198417 0.542060
vt 0.254410 0.375847
vt 0.279745 0.382238
vt 0.251763 0.414611
vt 0.274991 0.420316
vt 0.043692 0.409898
vt 0.051164 0.447846
vt 0.022519 0.432596
vt 0.031737 0.466122
vt 0.228004 0.372690
vt 0.227538 0.412384
vt 0.200486 0.372268
vt 0.202641 0.414055
vt 0.261317 0.243435
vt 0.263051 0.199760
vt 0.290403 0.247333
vt 0.297696 0.202402
vt 0.030794 0.243523
vt 0.003906 0.243797
vt 0.031190 0.187995
vt 0.005140 0.167827
vt 0.232849 0.194462
vt 0.231811 0.238996
vt 0.200534 0.197056
vt 0.200268 0.238665
vt 0.265066 0.159459
vt 0.300556 0.161188
vt 0.006376 0.137603
vt 0.032227 0.145675
vt 0.234415 0.154555
vt 0.200224 0.157137
vt 0.242313 0.505542
vt 0.260789 0.511074
vt 0.082944 0.535473
vt 0.069149 0.549855
vt 0.222339 0.502934
vt 0.198723 0.502157
vt 0.225237 0.577668
vt 0.236859 0.581487
vt 0.126510 0.595471
vt 0.118564 0.605300
vt 0.212812 0.575248
vt 0.197563 0.574119
vt 0.208991 0.607381
vt 0.215628 0.600033
vt 0.218003 0.610731
vt 0.224161 0.602717
vt 0.148417 0.624342
vt 0.132882 0.615391
vt 0.151511 0.615918
vt 0.139537 0.605910
vt 0.230640 0.593017
vt 0.220899 0.590254
vt 0.185597 0.635693
vt 0.183837 0.625760
vt 0.209831 0.587821
vt 0.196886 0.587046
vt 0.165967 0.577239
vt 0.153635 0.580760
vt 0.161199 0.562780
vt 0.146169 0.567174
vt 0.140656 0.550026
vt 0.155711 0.546457
vt 0.146249 0.506718
vt 0.129061 0.508731
vt 0.143976 0.480390
vt 0.124146 0.482645
vt 0.142220 0.449683
vt 0.120278 0.452170
vt 0.141871 0.413767
vt 0.117254 0.417221
vt 0.141987 0.373432
vt 0.116177 0.377131
vt 0.141393 0.330202
vt 0.114296 0.333750
vt 0.140567 0.285827
vt 0.111918 0.288478
vt 0.139578 0.241640
vt 0.110999 0.242485
vt 0.138226 0.198609
vt 0.109715 0.198776
vt 0.108331 0.158012
vt 0.136318 0.157951
vt 0.128490 0.084100
vt 0.161313 0.085520
vt 0.132864 0.119788
vt 0.164815 0.119773
vt 0.238960 0.528289
vt 0.255341 0.533211
vt 0.220757 0.525412
vt 0.198749 0.524108
vt 0.134399 0.531033
vt 0.151065 0.527828
vt 0.093681 0.554058
vt 0.080410 0.566213
vt 0.213670 0.618580
vt 0.205668 0.617527
vt 0.159875 0.622503
vt 0.158293 0.628722
vt 0.405703 0.115973
vt 0.405581 0.114945
vt 0.430754 0.113709
vt 0.418364 0.102740
vt 0.349364 0.083124
vt 0.351329 0.114005
vt 0.324947 0.086354
vt 0.327836 0.120678
vt 0.461219 0.083821
vt 0.521775 0.110767
vt 0.523005 0.082367
vt 0.574386 0.088175
vt 0.601046 0.120886
vt 0.627875 0.102582
vt 0.622964 0.124092
vt 0.208498 0.599499
vt 0.196607 0.598568
vt 0.196511 0.608012
vt 0.195283 0.617323
vt 0.168910 0.621875
vt 0.156764 0.611642
vt 0.166656 0.601786
vt 0.172759 0.600663
vt 0.173593 0.606648
vt 0.170296 0.589556
vt 0.160204 0.592634
vt 0.286941 0.031033
vt 0.276412 0.056037
vt 0.281272 0.027949
vt 0.245590 0.047072
vt 0.269566 0.031846
vt 0.303483 0.058099
vt 0.296289 0.023850
vt 0.303065 0.022319
vt 0.307937 0.024530
vt 0.310158 0.034023
vt 0.093813 0.045848
vt 0.078313 0.053018
vt 0.081112 0.038455
vt 0.076756 0.037514
vt 0.086048 0.036202
vt 0.090352 0.037425
vt 0.094578 0.037777
vt 0.102240 0.032959
vt 0.108997 0.035901
vt 0.120264 0.046973
vt 0.211186 0.626136
vt 0.209401 0.633667
vt 0.059621 0.153245
vt 0.058992 0.196535
vt 0.058686 0.245808
vt 0.060342 0.298405
vt 0.065063 0.349190
vt 0.072127 0.392996
vt 0.073489 0.433095
vt 0.080208 0.468194
vt 0.088140 0.498990
vt 0.096721 0.523633
vt 0.105581 0.544313
vt 0.115180 0.561887
vt 0.124895 0.577052
vt 0.134893 0.589884
vt 0.145627 0.601223
vt 0.349393 0.250572
vt 0.351022 0.194374
vt 0.376899 0.247652
vt 0.378097 0.173079
vt 0.372755 0.323042
vt 0.345924 0.310357
vt 0.362838 0.398773
vt 0.339609 0.366899
vt 0.356036 0.431357
vt 0.332688 0.409039
vt 0.347460 0.463665
vt 0.324499 0.445300
vt 0.336348 0.496411
vt 0.315717 0.478588
vt 0.322888 0.527132
vt 0.305425 0.507669
vt 0.296653 0.531010
vt 0.313451 0.545565
vt 0.303181 0.562094
vt 0.287383 0.550361
vt 0.291863 0.577227
vt 0.277426 0.566891
vt 0.267594 0.581286
vt 0.279580 0.591177
vt 0.258876 0.592820
vt 0.270721 0.599936
vt 0.250214 0.602796
vt 0.262043 0.607384
vt 0.247489 0.617796
vt 0.239135 0.612025
vt 0.230270 0.618129
vt 0.234309 0.625325
vt 0.223958 0.621387
vt 0.229952 0.627753
vt 0.168854 0.198457
vt 0.167411 0.158197
vt 0.169600 0.240581
vt 0.170032 0.284307
vt 0.170223 0.328487
vt 0.170406 0.371921
vt 0.169699 0.412854
vt 0.169697 0.447648
vt 0.170065 0.477607
vt 0.171072 0.503220
vt 0.172352 0.524708
vt 0.174547 0.543069
vt 0.177444 0.560099
vt 0.180559 0.574880
vt 0.182727 0.587638
vt 0.184032 0.598906
vt 0.184439 0.607831
vt 0.183901 0.616379
vt 0.171849 0.613490
vt 0.080399 0.083173
vt 0.101456 0.083040
vt 0.081948 0.118376
vt 0.105442 0.119707
vt 0.266976 0.122739
vt 0.270417 0.088103
vt 0.401539 0.405604
vt 0.432320 0.394972
vt 0.433656 0.402851
vt 0.431113 0.346112
vt 0.400924 0.332733
vt 0.430973 0.258220
vt 0.403834 0.259427
vt 0.431618 0.184547
vt 0.406107 0.186018
vt 0.621599 0.191809
vt 0.596162 0.182571
vt 0.622783 0.264119
vt 0.597361 0.261274
vt 0.625356 0.341311
vt 0.596751 0.340531
vt 0.403046 0.028161
vt 0.404319 0.029324
vt 0.402771 0.028802
vt 0.404076 0.030017
vt 0.403682 0.027816
vt 0.404964 0.029006
vt 0.640196 0.041579
vt 0.638759 0.042534
vt 0.639614 0.041118
vt 0.638164 0.042117
vt 0.640370 0.042251
vt 0.638893 0.043246
vt 0.278950 0.012974
vt 0.244995 0.011404
vt 0.278931 0.012066
vt 0.245023 0.010499
vt 0.277829 0.015016
vt 0.244517 0.012757
vt 0.067682 0.009060
vt 0.071063 0.009256
vt 0.067622 0.009796
vt 0.071054 0.009998
vt 0.067794 0.008141
vt 0.071155 0.008334
vt 0.189168 0.010358
vt 0.197553 0.049113
vt 0.156116 0.050635
vt 0.148929 0.010618
vt 0.117243 0.012078
vt 0.325111 0.013670
vt 0.330052 0.013401
vt 0.324756 0.052703
vt 0.350294 0.052440
vt 0.059395 0.009049
vt 0.041298 0.044432
vt 0.013912 0.005568
vt 0.009654 0.045511
vt 0.509067 0.006683
vt 0.506271 0.006813
vt 0.508905 0.005377
vt 0.506045 0.005498
vt 0.508902 0.003906
vt 0.506018 0.004017
vt 0.401495 0.028143
vt 0.402197 0.067800
vt 0.403509 0.067806
vt 0.404823 0.067784
vt 0.633648 0.080443
vt 0.634946 0.080618
vt 0.641741 0.041757
vt 0.632350 0.080224
vt 0.588397 0.030759
vt 0.589171 0.029595
vt 0.589447 0.028203
vt 0.640612 0.039864
vt 0.285228 0.013936
vt 0.291685 0.013958
vt 0.298175 0.013872
vt 0.304893 0.013907
vt 0.311633 0.013929
vt 0.318423 0.013932
vt 0.062958 0.046852
vt 0.077701 0.010426
vt 0.084293 0.010766
vt 0.090889 0.012053
vt 0.097330 0.012403
vt 0.103637 0.012836
vt 0.110012 0.012827
vt 0.477835 0.653839
vt 0.472991 0.707979
vt 0.472993 0.653837
vt 0.427570 0.867484
vt 0.472991 0.813798
vt 0.472993 0.867483
vt 0.460006 0.746704
vt 0.459887 0.744079
vt 0.472989 0.765941
vt 0.510975 0.804878
vt 0.510996 0.765941
vt 0.375439 0.011557
vt 0.378361 0.051863
vt 0.508844 0.015382
vt 0.506243 0.015427
vt 0.584645 0.042116
vt 0.189238 0.008743
vt 0.189208 0.009635
vt 0.148922 0.008990
vt 0.148925 0.009890
vt 0.402820 0.026438
vt 0.401960 0.027309
vt 0.375326 0.009889
vt 0.375383 0.010812
vt 0.329951 0.011732
vt 0.330008 0.012657
vt 0.641341 0.040819
vt 0.014000 0.004829
vt 0.059475 0.008308
vt 0.014097 0.003906
vt 0.059575 0.007386
vt 0.116680 0.010625
vt 0.116695 0.009710
vt 0.285262 0.013199
vt 0.285289 0.012284
vt 0.291714 0.013221
vt 0.291724 0.012304
vt 0.298216 0.013139
vt 0.298225 0.012223
vt 0.304937 0.013170
vt 0.304944 0.012251
vt 0.311682 0.013191
vt 0.311685 0.012270
vt 0.318457 0.013191
vt 0.318441 0.012264
vt 0.325113 0.012927
vt 0.325068 0.012000
vt 0.077701 0.009687
vt 0.077757 0.008771
vt 0.084295 0.010024
vt 0.084339 0.009108
vt 0.090922 0.010204
vt 0.090956 0.009292
vt 0.097466 0.010513
vt 0.097492 0.009598
vt 0.103897 0.010676
vt 0.103917 0.009762
vt 0.110283 0.010738
vt 0.110280 0.009825
vt 0.300135 0.089099
vt 0.302994 0.123511
vt 0.352042 0.152689
vt 0.378267 0.143578
vt 0.169708 0.633770
vt 0.323490 0.201348
vt 0.324402 0.158854
vt 0.321455 0.250049
vt 0.317812 0.301109
vt 0.312017 0.350196
vt 0.305259 0.392815
vt 0.297077 0.429856
vt 0.287272 0.462381
vt 0.284716 0.493752
vt 0.278280 0.519076
vt 0.270941 0.540397
vt 0.263002 0.558369
vt 0.255150 0.573651
vt 0.247899 0.586456
vt 0.240327 0.597358
vt 0.232250 0.606633
vt 0.225037 0.613916
vt 0.219644 0.619791
vt 0.216254 0.625389
vt 0.219443 0.630661
vt 0.082373 0.157344
vt 0.083992 0.199373
vt 0.085008 0.245222
vt 0.086266 0.292896
vt 0.089397 0.339740
vt 0.092742 0.383323
vt 0.095369 0.423074
vt 0.099665 0.458201
vt 0.105145 0.488857
vt 0.108685 0.516262
vt 0.118980 0.536628
vt 0.127219 0.555049
vt 0.135180 0.571212
vt 0.143513 0.584950
vt 0.151800 0.597031
vt 0.161074 0.606769
vt 0.035416 0.074636
vt 0.061667 0.079423
vt 0.033900 0.105819
vt 0.060715 0.113936
vt 0.544753 0.635804
vt 0.552609 0.630215
vt 0.545042 0.636214
vt 0.552959 0.630569
vt 0.535801 0.640944
vt 0.535523 0.640537
vt 0.521900 0.644788
vt 0.521756 0.644334
vt 0.595895 0.579077
vt 0.595714 0.578435
vt 0.602695 0.566560
vt 0.602252 0.566325
vt 0.584636 0.596247
vt 0.585038 0.596539
vt 0.577217 0.607036
vt 0.576763 0.606753
vt 0.586714 0.587102
vt 0.586858 0.587743
vt 0.579519 0.598038
vt 0.580150 0.598038
vt 0.593543 0.577133
vt 0.593309 0.576562
vt 0.574186 0.605693
vt 0.573828 0.605312
vt 0.626272 0.501796
vt 0.625795 0.501672
vt 0.632210 0.470212
vt 0.631718 0.470130
vt 0.616338 0.532518
vt 0.616813 0.532686
vt 0.609936 0.549611
vt 0.610392 0.549814
vt 0.623547 0.501093
vt 0.614096 0.531732
vt 0.623069 0.500970
vt 0.613618 0.531568
vt 0.629403 0.469733
vt 0.628911 0.469645
vt 0.607327 0.548455
vt 0.607784 0.548657
vt 0.635393 0.438952
vt 0.634895 0.438903
vt 0.636330 0.407754
vt 0.635831 0.407731
vt 0.632047 0.438609
vt 0.632545 0.438664
vt 0.633187 0.408411
vt 0.633853 0.407630
vt 0.636500 0.335830
vt 0.636001 0.335818
vt 0.634061 0.264119
vt 0.633561 0.264130
vt 0.633142 0.335831
vt 0.633641 0.335841
vt 0.631196 0.264237
vt 0.630696 0.264255
vt 0.631537 0.192561
vt 0.631032 0.192573
vt 0.628127 0.192751
vt 0.628632 0.192735
vt 0.630528 0.129220
vt 0.630065 0.129117
vt 0.627517 0.129766
vt 0.627949 0.129523
vt 0.400054 0.119830
vt 0.402299 0.120327
vt 0.400042 0.120330
vt 0.402149 0.120727
vt 0.399598 0.120165
vt 0.397973 0.185952
vt 0.398479 0.185969
vt 0.395065 0.259284
vt 0.395565 0.259292
vt 0.402583 0.120700
vt 0.400876 0.186129
vt 0.401382 0.186145
vt 0.397929 0.259398
vt 0.398428 0.259420
vt 0.393105 0.332837
vt 0.393604 0.332828
vt 0.394410 0.332826
vt 0.395410 0.332827
vt 0.393265 0.406194
vt 0.393764 0.406168
vt 0.396571 0.406013
vt 0.395392 0.408929
vt 0.394416 0.437671
vt 0.394913 0.437619
vt 0.397762 0.437316
vt 0.397263 0.437369
vt 0.397707 0.469375
vt 0.398200 0.469293
vt 0.403699 0.501644
vt 0.404176 0.501524
vt 0.401013 0.468792
vt 0.400520 0.468885
vt 0.406894 0.500802
vt 0.406419 0.500934
vt 0.413072 0.532694
vt 0.413548 0.532528
vt 0.419381 0.549635
vt 0.419827 0.549427
vt 0.416267 0.531573
vt 0.415790 0.531741
vt 0.422401 0.548298
vt 0.421946 0.548487
vt 0.443784 0.593744
vt 0.450104 0.602668
vt 0.443147 0.594244
vt 0.449611 0.603330
vt 0.433818 0.578751
vt 0.434258 0.578498
vt 0.427620 0.565976
vt 0.427131 0.566134
vt 0.444755 0.591029
vt 0.436668 0.577981
vt 0.444976 0.590439
vt 0.437150 0.577830
vt 0.452455 0.600875
vt 0.452165 0.601327
vt 0.430184 0.564630
vt 0.429729 0.564856
vt 0.490118 0.639241
vt 0.479620 0.632964
vt 0.490414 0.638595
vt 0.479434 0.631288
vt 0.474985 0.629048
vt 0.475469 0.628453
vt 0.497841 0.642392
vt 0.498063 0.642005
vt 0.506094 0.644517
vt 0.506236 0.644028
vt 0.506699 0.641234
vt 0.513745 0.642236
vt 0.506617 0.641731
vt 0.513738 0.642710
vt 0.498792 0.639569
vt 0.498916 0.639037
vt 0.599731 0.564960
vt 0.600174 0.565197
vt 0.455632 0.609049
vt 0.455259 0.609496
vt 0.457347 0.606576
vt 0.457066 0.607022
vt 0.564535 0.615730
vt 0.564722 0.616228
vt 0.566787 0.618336
vt 0.566401 0.618041
vt 0.464935 0.619384
vt 0.465071 0.618793
vt 0.475528 0.625025
vt 0.466043 0.616347
vt 0.475642 0.624469
vt 0.466272 0.615874
vt 0.479631 0.628323
vt 0.480125 0.628329
vt 0.550335 0.628033
vt 0.550612 0.628495
vt 0.543158 0.633027
vt 0.543376 0.633519
vt 0.513684 0.644828
vt 0.513660 0.645307
vt 0.491358 0.635838
vt 0.491103 0.636188
vt 0.483072 0.630585
vt 0.482484 0.630684
vt 0.534429 0.637984
vt 0.534434 0.638498
vt 0.521367 0.641676
vt 0.521403 0.642180
vt 0.504486 0.648873
vt 0.513124 0.650362
vt 0.548757 0.638380
vt 0.537394 0.642990
vt 0.590211 0.598238
vt 0.599218 0.583141
vt 0.633213 0.503448
vt 0.622397 0.534266
vt 0.640802 0.439122
vt 0.638875 0.471014
vt 0.641741 0.335965
vt 0.641668 0.407889
vt 0.626904 0.420714
vt 0.598973 0.388463
vt 0.639009 0.264188
vt 0.635909 0.192607
vt 0.634768 0.125065
vt 0.635052 0.165575
vt 0.632860 0.126507
vt 0.625446 0.125963
vt 0.396645 0.115749
vt 0.397226 0.116801
vt 0.394654 0.158070
vt 0.392897 0.185977
vt 0.389316 0.259375
vt 0.387600 0.333052
vt 0.387929 0.406374
vt 0.388995 0.437888
vt 0.391192 0.470082
vt 0.396170 0.503052
vt 0.407245 0.532610
vt 0.439731 0.596953
vt 0.430192 0.582859
vt 0.497652 0.646881
vt 0.413533 0.551429
vt 0.615302 0.551024
vt 0.446289 0.606371
vt 0.581569 0.609880
vt 0.475720 0.633543
vt 0.464775 0.625173
vt 0.570027 0.621607
vt 0.557211 0.632104
vt 0.453303 0.614294
vt 0.402801 0.436435
vt 0.627019 0.437648
vt 0.593924 0.406502
vt 0.596940 0.404225
vt 0.522892 0.649310
vt 0.607472 0.567328
vt 0.422415 0.567112
vt 0.479483 0.636412
vt 0.405385 0.467955
vt 0.624542 0.468861
vt 0.618819 0.499892
vt 0.609376 0.530105
vt 0.603245 0.546678
vt 0.595794 0.562851
vt 0.589561 0.574257
vt 0.561747 0.612508
vt 0.548440 0.624001
vt 0.521331 0.636491
vt 0.534518 0.632331
vt 0.507519 0.636791
vt 0.500629 0.634868
vt 0.469033 0.612506
vt 0.478244 0.620976
vt 0.459906 0.602725
vt 0.455843 0.597999
vt 0.448452 0.587908
vt 0.440957 0.575578
vt 0.434252 0.562670
vt 0.427548 0.546172
vt 0.421607 0.529567
vt 0.412199 0.499102
vt 0.513701 0.637205
vt 0.493638 0.631119
vt 0.485230 0.626254
vt 0.541145 0.629042
vt 0.583235 0.584697
vt 0.576063 0.595466
vt 0.570765 0.602227
vt 0.482526 0.624285
vt 0.404978 0.116756
vt 0.624953 0.123962
vt 0.629412 0.102525
vt 0.632258 0.125701
vt 0.404175 0.116647
vt 0.404631 0.115746
vt 0.405013 0.114800
vt 0.625335 0.124034
vt 0.630429 0.102757
vt 0.006903 0.069241
vt 0.365371 0.079644
vt 0.379955 0.075777
vt 0.377755 0.100169
vt 0.381788 0.099308
vt 0.404590 0.091347
vt 0.403532 0.091325
vt 0.625941 0.125842
vt 0.398423 0.116563
vt 0.625602 0.124931
vt 0.625105 0.124972
vt 0.455996 0.023011
vt 0.456678 0.024262
vt 0.455836 0.021584
vt 0.427570 0.653824
vt 0.427569 0.707975
vt 0.529411 0.006975
vt 0.529552 0.005678
vt 0.547748 0.010675
vt 0.548203 0.009419
vt 0.529684 0.004215
vt 0.548396 0.007955
vt 0.460881 0.765940
vt 0.458857 0.783444
vt 0.577972 0.068601
vt 0.458968 0.036212
vt 0.460119 0.064295
vt 0.405923 0.091601
vt 0.100058 0.831185
vt 0.099923 0.809929
vt 0.125369 0.830926
vt 0.126970 0.809713
vt 0.099830 0.800659
vt 0.127445 0.800365
vt 0.150696 0.684886
vt 0.153307 0.712757
vt 0.125371 0.691555
vt 0.126998 0.712755
vt 0.153722 0.724284
vt 0.127492 0.724272
vt 0.099859 0.765758
vt 0.127295 0.765658
vt 0.153644 0.800299
vt 0.153719 0.765731
vt 0.099830 0.724042
vt 0.101566 0.885533
vt 0.120950 0.885176
vt 0.148459 0.885175
vt 0.152096 0.830933
vt 0.148554 0.637319
vt 0.120950 0.637314
vt 0.101515 0.636962
vt 0.099997 0.691321
vt 0.907186 0.238319
vt 0.909084 0.203483
vt 0.990398 0.238261
vt 0.915626 0.196923
vt 0.936058 0.191092
vt 0.990415 0.190232
vt 0.271693 0.946507
vt 0.320762 0.946592
vt 0.300560 0.993575
vt 0.323568 0.963942
vt 0.322565 0.924787
vt 0.322341 0.927404
vt 0.307312 0.889249
vt 0.909084 0.279970
vt 0.915626 0.289365
vt 0.936058 0.295179
vt 0.990415 0.296251
vt 0.153194 0.809670
vt 0.099895 0.712584
vt 0.273553 0.981011
vt 0.280100 0.987722
vt 0.273538 0.905117
vt 0.280079 0.895629
vt 0.528213 0.015568
vt 0.544961 0.019146
vt 0.339529 0.899585
vt 0.354911 0.888606
vt 0.477101 0.025907
vt 0.473583 0.015623
vt 0.473073 0.014320
vt 0.473319 0.012857
vt 0.443203 0.718534
vt 0.457081 0.733801
vt 0.459098 0.738073
vt 0.494368 0.007199
vt 0.494488 0.005720
vt 0.499436 0.006060
vt 0.499479 0.004571
vt 0.494700 0.008482
vt 0.499760 0.007377
vt 0.500363 0.015948
vt 0.496219 0.017432
vt 0.325640 0.914898
vt 0.323361 0.918794
vt 0.449273 0.796933
vt 0.452811 0.794111
vt 0.564343 0.016768
vt 0.560235 0.014446
vt 0.564242 0.015319
vt 0.560198 0.012977
vt 0.563807 0.017992
vt 0.559676 0.015707
vt 0.559518 0.026874
vt 0.555702 0.024411
vt 0.333161 0.977328
vt 0.329617 0.974521
vt 0.454339 0.791415
vt 0.557264 0.011812
vt 0.557184 0.013266
vt 0.556639 0.014475
vt 0.552879 0.023339
vt 0.328088 0.971848
vt 0.322963 0.921791
vt 0.503030 0.007065
vt 0.503275 0.015675
vt 0.502755 0.005774
vt 0.502734 0.004299
vt 0.459493 0.741076
vt 0.325064 0.966558
vt 0.547497 0.020475
vt 0.550757 0.011944
vt 0.551251 0.010727
vt 0.551359 0.009268
vt 0.457362 0.786082
vt 0.443906 0.801756
vt 0.427569 0.814247
vt 0.570902 0.020111
vt 0.570793 0.018672
vt 0.570322 0.021356
vt 0.565977 0.030758
vt 0.354911 0.994556
vt 0.338531 0.982133
vt 0.326559 0.969174
vt 0.550127 0.021867
vt 0.553684 0.013218
vt 0.554206 0.012006
vt 0.554310 0.010549
vt 0.455867 0.788719
vt 0.327919 0.911002
vt 0.326780 0.912950
vt 0.492229 0.009060
vt 0.494094 0.018220
vt 0.489754 0.009606
vt 0.491914 0.018755
vt 0.489379 0.008279
vt 0.491890 0.007770
vt 0.489653 0.006817
vt 0.492028 0.006281
vt 0.455064 0.729530
vt 0.456073 0.731666
vt 0.510295 0.842412
vt 0.510929 0.836283
vt 0.508419 0.848249
vt 0.505366 0.853637
vt 0.501254 0.858362
vt 0.496239 0.862241
vt 0.490515 0.865122
vt 0.484302 0.866890
vt 0.481128 0.867482
vt 0.510958 0.712029
vt 0.510296 0.678909
vt 0.508419 0.673067
vt 0.505369 0.667681
vt 0.501261 0.662958
vt 0.496252 0.659082
vt 0.490535 0.656203
vt 0.484330 0.654436
vt 0.009140 0.094080
vt 0.487768 0.642966
vt 0.416638 0.878186
vt 0.333882 0.880770
vt 0.416436 0.865755
vt 0.333975 0.860015
vt 0.727771 0.741708
vt 0.728216 0.755019
vt 0.647393 0.745407
vt 0.647810 0.757835
vt 0.339639 0.598025
vt 0.416638 0.589032
vt 0.724235 0.473792
vt 0.647393 0.468253
vt 0.791898 0.848259
vt 0.715590 0.846078
vt 0.791560 0.765456
vt 0.715339 0.763736
vt 0.790852 0.928692
vt 0.715339 0.931690
vt 0.718236 0.092067
vt 0.731384 0.094180
vt 0.711342 0.167325
vt 0.731384 0.168480
vt 0.989653 0.079929
vt 0.975132 0.071234
vt 0.994247 0.005770
vt 0.975132 0.003906
vt 0.743950 0.737070
vt 0.749395 0.686662
vt 0.811118 0.731979
vt 0.804823 0.665995
vt 0.744879 0.574486
vt 0.797100 0.573484
vt 0.739248 0.514556
vt 0.789378 0.499548
vt 0.735292 0.498059
vt 0.782654 0.467479
vt 0.765242 0.457070
vt 0.769772 0.414226
vt 0.723333 0.417057
vt 0.769871 0.410602
vt 0.723333 0.340474
vt 0.955148 0.806826
vt 0.955941 0.730590
vt 0.975887 0.807634
vt 0.975887 0.729841
vt 0.163779 0.879354
vt 0.163779 0.801560
vt 0.181218 0.865808
vt 0.183487 0.802002
vt 0.311922 0.859796
vt 0.247712 0.855986
vt 0.309776 0.808642
vt 0.251288 0.804656
vt 0.313699 0.717885
vt 0.258853 0.714654
vt 0.320351 0.633821
vt 0.268091 0.616888
vt 0.087242 0.982622
vt 0.032723 0.989938
vt 0.083532 0.962737
vt 0.026225 0.965130
vt 0.036700 0.943390
vt 0.084597 0.941296
vt 0.943158 0.089995
vt 0.944019 0.004387
vt 0.963779 0.089685
vt 0.964088 0.003906
vt 0.944128 0.172331
vt 0.964088 0.172329
vt 0.702406 0.145894
vt 0.691749 0.142010
vt 0.702608 0.056692
vt 0.691358 0.056231
vt 0.701549 0.224930
vt 0.691358 0.224653
vt 0.543205 0.389405
vt 0.523492 0.389319
vt 0.545679 0.338427
vt 0.524880 0.327875
vt 0.546981 0.248320
vt 0.524174 0.248618
vt 0.549296 0.150127
vt 0.528783 0.163680
vt 0.850090 0.563312
vt 0.853274 0.478308
vt 0.864568 0.558369
vt 0.864426 0.478474
vt 0.853712 0.399049
vt 0.863379 0.399224
vt 0.853829 0.337590
vt 0.864023 0.337615
vt 0.547275 0.124566
vt 0.525583 0.124116
vt 0.523492 0.120473
vt 0.590620 0.818483
vt 0.610426 0.817034
vt 0.593533 0.884838
vt 0.612735 0.885256
vt 0.588578 0.725101
vt 0.608203 0.742320
vt 0.634615 0.557709
vt 0.634229 0.625968
vt 0.623413 0.558838
vt 0.623508 0.628086
vt 0.634400 0.700715
vt 0.623472 0.700806
vt 0.587441 0.649917
vt 0.607202 0.665211
vt 0.637054 0.777784
vt 0.623860 0.787606
vt 0.591724 0.616715
vt 0.608688 0.634595
vt 0.038913 0.935455
vt 0.087242 0.863784
vt 0.038627 0.939940
vt 0.325677 0.614315
vt 0.039050 0.931144
vt 0.004600 0.930219
vt 0.004275 0.934312
vt 0.768577 0.401733
vt 0.803375 0.403175
vt 0.769210 0.405880
vt 0.803360 0.407303
vt 0.003993 0.938305
vt 0.803405 0.411329
vt 0.803578 0.415100
vt 0.802366 0.418342
vt 0.769441 0.417708
vt 0.863862 0.622858
vt 0.839241 0.601442
vt 0.864500 0.615219
vt 0.841816 0.595206
vt 0.623413 0.843417
vt 0.624282 0.835633
vt 0.648990 0.822673
vt 0.645884 0.815557
vt 0.864568 0.606615
vt 0.844879 0.586842
vt 0.624702 0.824254
vt 0.643067 0.807842
vt 0.003906 0.942028
vt 0.004339 0.945924
vt 0.036959 0.947583
vt 0.767022 0.336178
vt 0.609498 0.626421
vt 0.610856 0.618777
vt 0.612735 0.615827
vt 0.432249 0.383311
vt 0.435981 0.405380
vt 0.439734 0.405718
vt 0.443688 0.405851
vt 0.447745 0.406041
vt 0.598620 0.396945
vt 0.590281 0.406986
vt 0.586291 0.406974
vt 0.582187 0.406857
vt 0.520442 0.436118
vt 0.514902 0.406373
vt 0.043186 0.865802
vt 0.527830 0.139598
vt 0.526817 0.130749
vt 0.801048 0.335509
vt 0.009353 0.863073
vt 0.515079 0.514241
vt 0.003906 0.093028
vt 0.928219 0.306670
vt 0.927940 0.306942
vt 0.928219 0.305489
vt 0.927940 0.305217
vt 0.927170 0.309312
vt 0.927170 0.302846
vt 0.473374 0.353482
vt 0.471711 0.355613
vt 0.449061 0.352334
vt 0.450516 0.354613
vt 0.473989 0.354158
vt 0.470470 0.381904
vt 0.472601 0.383568
vt 0.471925 0.384183
vt 0.449276 0.380904
vt 0.447612 0.383036
vt 0.448385 0.352950
vt 0.446997 0.382359
vt 0.476042 0.383730
vt 0.476042 0.354255
vt 0.446332 0.352853
vt 0.443556 0.382197
vt 0.471763 0.387624
vt 0.447450 0.386477
vt 0.449158 0.350281
vt 0.473471 0.351428
vt 0.682611 0.324303
vt 0.681163 0.324303
vt 0.682611 0.295116
vt 0.681163 0.295116
vt 0.679715 0.324303
vt 0.679715 0.295116
vt 0.678267 0.324303
vt 0.678267 0.295116
vt 0.676819 0.324303
vt 0.676819 0.295116
vt 0.675371 0.324303
vt 0.675371 0.295116
vt 0.692746 0.324303
vt 0.691298 0.324303
vt 0.692746 0.295116
vt 0.691298 0.295116
vt 0.689850 0.324303
vt 0.689850 0.295116
vt 0.688402 0.324303
vt 0.688402 0.295116
vt 0.686954 0.324303
vt 0.686954 0.295116
vt 0.685506 0.324303
vt 0.685506 0.295116
vt 0.684059 0.324303
vt 0.684059 0.295116
vt 0.500940 0.061397
vt 0.502418 0.059133
vt 0.525263 0.060496
vt 0.523621 0.058347
vt 0.500270 0.060775
vt 0.501443 0.032830
vt 0.499179 0.031352
vt 0.499802 0.030682
vt 0.522646 0.032045
vt 0.524125 0.029781
vt 0.525885 0.059825
vt 0.524795 0.030403
vt 0.495514 0.031488
vt 0.497695 0.060870
vt 0.528460 0.059730
vt 0.528460 0.030267
vt 0.499666 0.027017
vt 0.523989 0.026116
vt 0.525358 0.063070
vt 0.501035 0.063972
vt 0.546719 0.068763
vt 0.545271 0.068763
vt 0.546719 0.039576
vt 0.545271 0.039576
vt 0.543823 0.068763
vt 0.543823 0.039576
vt 0.542375 0.068763
vt 0.542375 0.039576
vt 0.540927 0.068763
vt 0.540927 0.039576
vt 0.539479 0.068763
vt 0.539479 0.039576
vt 0.556854 0.068763
vt 0.555406 0.068763
vt 0.556854 0.039576
vt 0.555406 0.039576
vt 0.553958 0.068763
vt 0.553958 0.039576
vt 0.552511 0.068763
vt 0.552511 0.039576
vt 0.551063 0.068763
vt 0.551063 0.039576
vt 0.549615 0.068763
vt 0.549615 0.039576
vt 0.548167 0.068763
vt 0.548167 0.039576
vt 0.511045 0.873990
vt 0.482481 0.904782
vt 0.506501 0.870435
vt 0.475530 0.904846
vt 0.977463 0.965375
vt 0.931167 0.965398
vt 0.977463 0.910532
vt 0.931167 0.910555
vt 0.403588 0.922656
vt 0.410538 0.922721
vt 0.434558 0.957068
vt 0.439102 0.953512
vt 0.757339 0.994544
vt 0.715339 0.994521
vt 0.757339 0.939702
vt 0.715339 0.939679
vt 0.649166 0.116062
vt 0.649166 0.170904
vt 0.643397 0.116062
vt 0.643397 0.170904
vt 0.507872 0.952030
vt 0.511045 0.949855
vt 0.920580 0.965386
vt 0.867218 0.965386
vt 0.920580 0.910543
vt 0.867218 0.910543
vt 0.439102 0.877647
vt 0.435930 0.875473
vt 0.803269 0.933250
vt 0.803269 0.876047
vt 0.858111 0.933250
vt 0.858111 0.876047
vt 0.931167 0.058749
vt 0.931167 0.003906
vt 0.935014 0.058749
vt 0.935014 0.003906
vt 0.875236 0.671189
vt 0.873259 0.671647
vt 0.873966 0.670993
vt 0.873107 0.670950
vt 0.872246 0.670846
vt 0.871569 0.671553
vt 0.871409 0.670785
vt 0.870575 0.670750
vt 0.867403 0.672616
vt 0.867218 0.671119
vt 0.875435 0.670389
vt 0.874543 0.671698
vt 0.873812 0.672388
vt 0.873161 0.673082
vt 0.870929 0.672586
vt 0.872103 0.672987
vt 0.871794 0.674314
vt 0.868175 0.675112
vt 0.867742 0.673892
vt 0.868891 0.676477
vt 0.872496 0.673718
vt 0.876329 0.624482
vt 0.879093 0.625901
vt 0.879823 0.626106
vt 0.880567 0.626270
vt 0.881349 0.626426
vt 0.882147 0.626618
vt 0.883318 0.627059
vt 0.908147 0.712126
vt 0.908795 0.710556
vt 0.909357 0.709706
vt 0.909996 0.708931
vt 0.910733 0.708232
vt 0.911601 0.707597
vt 0.913277 0.706959
vt 0.911027 0.712072
vt 0.910788 0.711313
vt 0.911017 0.710704
vt 0.911337 0.710227
vt 0.911756 0.709875
vt 0.912295 0.709690
vt 0.913059 0.710027
vt 0.933092 0.737652
vt 0.934349 0.737082
vt 0.911277 0.710866
vt 0.934417 0.736310
vt 0.912997 0.711929
vt 0.934873 0.735600
vt 0.913589 0.711645
vt 0.935604 0.735192
vt 0.936418 0.735177
vt 0.937075 0.733966
vt 0.911677 0.710575
vt 0.912010 0.710268
vt 0.882315 0.626345
vt 0.881634 0.625816
vt 0.881003 0.625316
vt 0.880154 0.625507
vt 0.877072 0.623338
vt 0.882674 0.626022
vt 0.882223 0.625320
vt 0.881830 0.624620
vt 0.879903 0.624474
vt 0.880952 0.624444
vt 0.881006 0.623348
vt 0.877819 0.622490
vt 0.878560 0.621786
vt 0.879475 0.621090
vt 0.881427 0.623958
vt 0.916111 0.604215
vt 0.914115 0.603741
vt 0.916044 0.604762
vt 0.916152 0.605197
vt 0.916428 0.605537
vt 0.916980 0.605727
vt 0.916281 0.607678
vt 0.916429 0.603797
vt 0.917454 0.605760
vt 0.935345 0.592921
vt 0.936010 0.593580
vt 0.935902 0.594077
vt 0.916494 0.604807
vt 0.936050 0.594640
vt 0.916713 0.605064
vt 0.916890 0.605356
vt 0.936439 0.595071
vt 0.936912 0.595254
vt 0.937075 0.596177
vt 0.515042 0.142999
vt 0.486478 0.173791
vt 0.510497 0.139444
vt 0.479527 0.173856
vt 0.705680 0.985514
vt 0.659384 0.985537
vt 0.705680 0.930672
vt 0.659384 0.930695
vt 0.343635 0.511380
vt 0.350586 0.511445
vt 0.374606 0.545792
vt 0.379150 0.542236
vt 0.809298 0.996094
vt 0.767298 0.996071
vt 0.809298 0.941251
vt 0.767298 0.941228
vt 0.581221 0.127638
vt 0.581221 0.182480
vt 0.575451 0.127638
vt 0.575451 0.182480
vt 0.511869 0.221039
vt 0.515042 0.218864
vt 0.572857 0.967178
vt 0.519495 0.967178
vt 0.572857 0.912336
vt 0.519495 0.912336
vt 0.379150 0.466371
vt 0.375977 0.464197
vt 0.574338 0.658355
vt 0.574338 0.715559
vt 0.519495 0.658355
vt 0.519495 0.715559
vt 0.899193 0.165922
vt 0.899193 0.111080
vt 0.903039 0.165922
vt 0.903039 0.111080
vt 0.867364 0.154509
vt 0.865227 0.154771
vt 0.866051 0.154195
vt 0.865175 0.154053
vt 0.864334 0.153846
vt 0.863606 0.154473
vt 0.863520 0.153691
vt 0.862705 0.153576
vt 0.859391 0.155323
vt 0.859225 0.153823
vt 0.867273 0.153828
vt 0.866375 0.154939
vt 0.865650 0.155514
vt 0.864981 0.156116
vt 0.862904 0.155428
vt 0.863983 0.155918
vt 0.863598 0.157156
vt 0.860125 0.157702
vt 0.859719 0.156565
vt 0.860760 0.158945
vt 0.864303 0.156657
vt 0.872203 0.105789
vt 0.874950 0.107536
vt 0.875681 0.107793
vt 0.876438 0.108000
vt 0.877243 0.108206
vt 0.878064 0.108456
vt 0.879241 0.109026
vt 0.894121 0.193327
vt 0.895066 0.192331
vt 0.895750 0.191723
vt 0.896429 0.191112
vt 0.897105 0.190500
vt 0.897778 0.189884
vt 0.898857 0.189053
vt 0.896137 0.194907
vt 0.896823 0.194291
vt 0.897508 0.193674
vt 0.898189 0.193057
vt 0.898867 0.192440
vt 0.899544 0.191823
vt 0.900220 0.191206
vt 0.873443 0.227726
vt 0.006229 0.655634
vt 0.005189 0.691410
vt 0.005920 0.656372
vt 0.003906 0.690936
vt 0.006831 0.655106
vt 0.005794 0.690882
vt 0.007531 0.657677
vt 0.006575 0.690709
vt 0.008298 0.657900
vt 0.007341 0.690934
vt 0.008944 0.655716
vt 0.007906 0.691496
vt 0.935012 0.172039
vt 0.009208 0.656470
vt 0.009208 0.691096
vt 0.007611 0.654931
vt 0.008378 0.655154
vt 0.878247 0.108200
vt 0.877576 0.107602
vt 0.876959 0.107041
vt 0.876073 0.107186
vt 0.873053 0.104687
vt 0.878630 0.107911
vt 0.878216 0.107143
vt 0.877869 0.106383
vt 0.875905 0.106103
vt 0.876978 0.106140
vt 0.877126 0.105025
vt 0.873883 0.103889
vt 0.874693 0.103241
vt 0.875671 0.102620
vt 0.877509 0.105671
vt 0.914815 0.087848
vt 0.912786 0.087217
vt 0.914698 0.088456
vt 0.914782 0.088944
vt 0.915058 0.089339
vt 0.915663 0.089603
vt 0.914790 0.091552
vt 0.915148 0.087458
vt 0.916120 0.089694
vt 0.933668 0.079047
vt 0.934235 0.079673
vt 0.934092 0.080100
vt 0.915143 0.088509
vt 0.934186 0.080624
vt 0.915405 0.088797
vt 0.915599 0.089126
vt 0.934518 0.081041
vt 0.934937 0.081221
vt 0.935012 0.082055
vt 0.938704 0.615244
vt 0.910140 0.646035
vt 0.934160 0.611688
vt 0.903190 0.646100
vt 0.238052 0.994575
vt 0.191757 0.994598
vt 0.238052 0.837618
vt 0.191757 0.837641
vt 0.463540 0.269662
vt 0.470491 0.269726
vt 0.494510 0.304073
vt 0.499054 0.300518
vt 0.701384 0.922678
vt 0.659384 0.922655
vt 0.701384 0.765721
vt 0.659384 0.765698
vt 0.827250 0.207652
vt 0.827250 0.050695
vt 0.833020 0.207652
vt 0.833020 0.050695
vt 0.935531 0.693283
vt 0.938704 0.691108
vt 0.944561 0.902550
vt 0.891199 0.902550
vt 0.944561 0.745593
vt 0.891199 0.745593
vt 0.499054 0.224653
vt 0.495882 0.222478
vt 0.936412 0.474527
vt 0.879209 0.474527
vt 0.936412 0.317571
vt 0.879209 0.317571
vt 0.819106 0.060689
vt 0.819106 0.217646
vt 0.815260 0.060689
vt 0.815260 0.217646
vt 0.706510 0.242250
vt 0.706510 0.287604
vt 0.696367 0.240765
vt 0.683365 0.284215
vt 0.934329 0.108557
vt 0.921326 0.152007
vt 0.911183 0.105168
vt 0.911183 0.150521
vt 0.784823 0.003906
vt 0.784823 0.049260
vt 0.779288 0.003906
vt 0.779288 0.049260
vt 0.580986 0.246093
vt 0.580986 0.291447
vt 0.575451 0.246093
vt 0.575451 0.291447
vt 0.456551 0.933861
vt 0.443556 0.891612
vt 0.466688 0.932338
vt 0.466688 0.888135
vt 0.978280 0.818740
vt 0.965285 0.860990
vt 0.955148 0.815263
vt 0.955148 0.859466
vt 0.561002 0.252875
vt 0.561002 0.297078
vt 0.555467 0.252875
vt 0.555467 0.297078
vt 0.576989 0.299441
vt 0.576989 0.343644
vt 0.571454 0.299441
vt 0.571454 0.343644
vt 0.447428 0.305231
vt 0.445525 0.305828
vt 0.446166 0.305134
vt 0.445320 0.305157
vt 0.444466 0.305124
vt 0.443858 0.305874
vt 0.443636 0.305133
vt 0.442809 0.305168
vt 0.439870 0.307269
vt 0.439559 0.305819
vt 0.447551 0.304410
vt 0.446787 0.305768
vt 0.446128 0.306506
vt 0.445548 0.307241
vt 0.443318 0.306942
vt 0.444502 0.307236
vt 0.444312 0.308562
vt 0.440837 0.309648
vt 0.440310 0.308490
vt 0.441652 0.310925
vt 0.444950 0.307919
vt 0.455823 0.155002
vt 0.458658 0.156172
vt 0.459393 0.156316
vt 0.460137 0.156417
vt 0.460914 0.156511
vt 0.461711 0.156636
vt 0.462896 0.156980
vt 0.483130 0.342567
vt 0.483633 0.340973
vt 0.484112 0.340092
vt 0.484673 0.339279
vt 0.485336 0.338532
vt 0.486133 0.337836
vt 0.487723 0.337070
vt 0.485949 0.342272
vt 0.485651 0.341548
vt 0.485824 0.340932
vt 0.486097 0.340437
vt 0.486478 0.340058
vt 0.486991 0.339832
vt 0.487769 0.340098
vt 0.509716 0.365477
vt 0.510899 0.364814
vt 0.486095 0.341069
vt 0.510901 0.364052
vt 0.487868 0.341966
vt 0.511288 0.363318
vt 0.488424 0.341638
vt 0.511970 0.362857
vt 0.512766 0.362774
vt 0.513307 0.361532
vt 0.486461 0.340751
vt 0.486762 0.340423
vt 0.461855 0.156355
vt 0.461147 0.155888
vt 0.460489 0.155447
vt 0.459671 0.155701
vt 0.456469 0.153815
vt 0.462183 0.156010
vt 0.461687 0.155355
vt 0.461247 0.154698
vt 0.459342 0.154705
vt 0.460371 0.154594
vt 0.460340 0.153512
vt 0.457139 0.152921
vt 0.457814 0.152169
vt 0.458660 0.151412
vt 0.460800 0.154079
vt 0.493361 0.132012
vt 0.491363 0.131700
vt 0.493338 0.132557
vt 0.493479 0.132978
vt 0.493777 0.133292
vt 0.494336 0.133438
vt 0.493798 0.135409
vt 0.493641 0.131577
vt 0.494803 0.133434
vt 0.511362 0.119464
vt 0.512065 0.120058
vt 0.511997 0.120554
vt 0.493785 0.132568
vt 0.512185 0.121095
vt 0.494021 0.132804
vt 0.494218 0.133078
vt 0.512599 0.121487
vt 0.513078 0.121630
vt 0.513307 0.122522
vt 0.081002 0.834301
vt 0.080748 0.832860
vt 0.086931 0.833189
vt 0.086634 0.831802
vt 0.080521 0.831401
vt 0.086388 0.830422
vt 0.080328 0.829927
vt 0.086193 0.829048
vt 0.080172 0.828441
vt 0.086042 0.827679
vt 0.080050 0.826945
vt 0.085930 0.826315
vt 0.079960 0.825443
vt 0.085850 0.824956
vt 0.079898 0.823936
vt 0.085796 0.823600
vt 0.079860 0.822426
vt 0.085765 0.822247
vt 0.079846 0.820914
vt 0.085754 0.820895
vt 0.079853 0.819402
vt 0.085762 0.819544
vt 0.079883 0.817891
vt 0.085790 0.818191
vt 0.079937 0.816382
vt 0.085840 0.816835
vt 0.080020 0.814877
vt 0.085917 0.815476
vt 0.080134 0.813377
vt 0.086028 0.814113
vt 0.080285 0.811884
vt 0.086178 0.812746
vt 0.080474 0.810402
vt 0.086374 0.811375
vt 0.080701 0.808933
vt 0.086623 0.809999
vt 0.080961 0.807480
vt 0.086926 0.808619
vt 0.081244 0.806045
vt 0.087271 0.807229
vt 0.081271 0.835725
vt 0.087268 0.834589
vt 0.477457 0.199213
vt 0.476573 0.199856
vt 0.474986 0.196741
vt 0.475533 0.200194
vt 0.474439 0.200194
vt 0.473399 0.199856
vt 0.472514 0.199213
vt 0.471872 0.198328
vt 0.471534 0.197288
vt 0.471534 0.196194
vt 0.471871 0.195154
vt 0.472514 0.194270
vt 0.473399 0.193627
vt 0.474439 0.193289
vt 0.475533 0.193289
vt 0.476573 0.193627
vt 0.477457 0.194270
vt 0.478100 0.195155
vt 0.478438 0.196195
vt 0.478438 0.197288
vt 0.478100 0.198328
vt 0.087825 0.832950
vt 0.089563 0.832380
vt 0.088215 0.834299
vt 0.089969 0.833557
vt 0.089258 0.831158
vt 0.087517 0.831606
vt 0.089024 0.829909
vt 0.087273 0.830264
vt 0.088844 0.828644
vt 0.087082 0.828922
vt 0.088706 0.827366
vt 0.086935 0.827582
vt 0.088603 0.826081
vt 0.086826 0.826242
vt 0.088529 0.824789
vt 0.086747 0.824904
vt 0.088479 0.823493
vt 0.086695 0.823567
vt 0.088450 0.822194
vt 0.086664 0.822231
vt 0.088440 0.820894
vt 0.086653 0.820895
vt 0.088448 0.819594
vt 0.086661 0.819560
vt 0.088475 0.818295
vt 0.086688 0.818224
vt 0.088523 0.817001
vt 0.086738 0.816887
vt 0.088596 0.815711
vt 0.086814 0.815550
vt 0.088698 0.814429
vt 0.086921 0.814212
vt 0.088835 0.813157
vt 0.087067 0.812874
vt 0.089017 0.811897
vt 0.087260 0.811535
vt 0.089254 0.810655
vt 0.087507 0.810197
vt 0.089566 0.809437
vt 0.087820 0.808860
vt 0.089988 0.808255
vt 0.088211 0.807533
vt 0.090677 0.831983
vt 0.090390 0.830853
vt 0.090169 0.829675
vt 0.089998 0.828465
vt 0.089865 0.827233
vt 0.089766 0.825984
vt 0.089694 0.824723
vt 0.089645 0.823453
vt 0.089616 0.822178
vt 0.089606 0.820900
vt 0.089614 0.819623
vt 0.089640 0.818348
vt 0.089687 0.817079
vt 0.089757 0.815820
vt 0.089855 0.814573
vt 0.089986 0.813344
vt 0.090157 0.812138
vt 0.090379 0.810964
vt 0.090669 0.809838
vt 0.091061 0.808792
vt 0.091061 0.833038
vt 0.677834 0.036958
vt 0.677834 0.039544
vt 0.675371 0.036958
vt 0.675371 0.039544
vt 0.677834 0.042131
vt 0.675371 0.042131
vt 0.677834 0.044718
vt 0.675371 0.044718
vt 0.677834 0.047304
vt 0.675371 0.047305
vt 0.677834 0.049891
vt 0.675371 0.049891
vt 0.677834 0.052478
vt 0.675371 0.052478
vt 0.677834 0.055065
vt 0.675371 0.055065
vt 0.677834 0.057651
vt 0.675371 0.057651
vt 0.677834 0.060238
vt 0.675371 0.060238
vt 0.677834 0.062825
vt 0.675371 0.062825
vt 0.677834 0.065412
vt 0.675371 0.065412
vt 0.677834 0.067998
vt 0.675371 0.067998
vt 0.677834 0.070585
vt 0.675371 0.070585
vt 0.677834 0.073172
vt 0.675371 0.073172
vt 0.677834 0.075758
vt 0.675371 0.075758
vt 0.677834 0.078345
vt 0.675371 0.078345
vt 0.677834 0.080932
vt 0.675371 0.080932
vt 0.677834 0.083519
vt 0.675371 0.083519
vt 0.677834 0.086105
vt 0.675371 0.086105
vt 0.677834 0.034371
vt 0.675371 0.034371
vt 0.376026 0.580343
vt 0.373933 0.578822
vt 0.379779 0.572976
vt 0.378486 0.581142
vt 0.381073 0.581142
vt 0.383533 0.580343
vt 0.385625 0.578822
vt 0.387146 0.576729
vt 0.387945 0.574269
vt 0.387945 0.571683
vt 0.387146 0.569222
vt 0.385625 0.567130
vt 0.383533 0.565609
vt 0.381073 0.564810
vt 0.378486 0.564810
vt 0.376026 0.565609
vt 0.373933 0.567130
vt 0.372413 0.569222
vt 0.371613 0.571683
vt 0.371613 0.574269
vt 0.372413 0.576729
vt 0.614370 0.015619
vt 0.613012 0.017488
vt 0.607791 0.012265
vt 0.611142 0.018846
vt 0.608945 0.019559
vt 0.606634 0.019559
vt 0.604437 0.018845
vt 0.602568 0.017486
vt 0.601210 0.015617
vt 0.600497 0.013419
vt 0.600497 0.011109
vt 0.601211 0.008912
vt 0.602570 0.007043
vt 0.604439 0.005685
vt 0.606637 0.004971
vt 0.608947 0.004972
vt 0.611145 0.005686
vt 0.613014 0.007044
vt 0.614371 0.008914
vt 0.615085 0.011111
vt 0.615085 0.013422
vt 0.615332 0.016108
vt 0.613775 0.018250
vt 0.614906 0.015890
vt 0.613437 0.017912
vt 0.611633 0.019806
vt 0.611416 0.019380
vt 0.609115 0.020624
vt 0.609040 0.020152
vt 0.606467 0.020624
vt 0.606542 0.020152
vt 0.603948 0.019806
vt 0.604166 0.019380
vt 0.601806 0.018250
vt 0.602144 0.017912
vt 0.600250 0.016108
vt 0.600676 0.015891
vt 0.599432 0.013589
vt 0.599904 0.013515
vt 0.599432 0.010941
vt 0.599904 0.011016
vt 0.600250 0.008423
vt 0.600676 0.008640
vt 0.601806 0.006281
vt 0.602144 0.006619
vt 0.603949 0.004725
vt 0.604165 0.005150
vt 0.606467 0.003906
vt 0.606542 0.004378
vt 0.609115 0.003906
vt 0.609040 0.004378
vt 0.611633 0.004725
vt 0.611416 0.005150
vt 0.613775 0.006281
vt 0.613437 0.006619
vt 0.615332 0.008423
vt 0.614906 0.008640
vt 0.616150 0.010941
vt 0.615678 0.011016
vt 0.616150 0.013589
vt 0.615678 0.013514
vt 0.798288 0.194308
vt 0.796587 0.194201
vt 0.798287 0.154653
vt 0.796586 0.154696
vt 0.799988 0.154610
vt 0.799990 0.194414
vt 0.792652 0.194202
vt 0.792651 0.154697
vt 0.794620 0.194166
vt 0.794619 0.154710
vt 0.789249 0.194415
vt 0.789249 0.154611
vt 0.790951 0.194309
vt 0.790950 0.154654
vt 0.801957 0.194450
vt 0.801955 0.154596
vt 0.787282 0.194450
vt 0.787282 0.154597
vt 0.575589 0.237220
vt 0.576872 0.232598
vt 0.576004 0.237334
vt 0.577300 0.232628
vt 0.932670 0.561289
vt 0.932584 0.561719
vt 0.927873 0.561289
vt 0.927954 0.561704
vt 0.577470 0.231580
vt 0.577076 0.231559
vt 0.578321 0.214782
vt 0.577927 0.214764
vt 0.927170 0.561978
vt 0.927566 0.562058
vt 0.927170 0.578788
vt 0.927566 0.578707
vt 0.578257 0.213723
vt 0.577827 0.213710
vt 0.577438 0.208918
vt 0.577014 0.208987
vt 0.927954 0.579062
vt 0.932584 0.579046
vt 0.927873 0.579476
vt 0.932670 0.579476
vt 0.932928 0.562063
vt 0.933358 0.561978
vt 0.932928 0.578702
vt 0.933358 0.578788
vt 0.575483 0.191185
vt 0.575911 0.191152
vt 0.576868 0.207931
vt 0.577296 0.207890
vt 0.577840 0.237624
vt 0.580601 0.232774
vt 0.580996 0.231748
vt 0.581843 0.214970
vt 0.581555 0.213909
vt 0.579295 0.208802
vt 0.578978 0.207771
vt 0.577594 0.190999
vt 0.577584 0.238101
vt 0.575866 0.237842
vt 0.577618 0.190470
vt 0.575882 0.190627
vt 0.580870 0.232267
vt 0.577412 0.232106
vt 0.581771 0.214441
vt 0.578316 0.214253
vt 0.579085 0.208297
vt 0.577355 0.208405
vt 0.927676 0.578970
vt 0.932828 0.578946
vt 0.932828 0.561820
vt 0.927693 0.561812
vt 0.933156 0.561491
vt 0.575451 0.237729
vt 0.927376 0.561491
vt 0.577005 0.232081
vt 0.927376 0.579274
vt 0.577908 0.214238
vt 0.933156 0.579274
vt 0.576931 0.208462
vt 0.575451 0.190655
vt 0.890227 0.127963
vt 0.889805 0.127886
vt 0.890267 0.121572
vt 0.889838 0.121639
vt 0.889375 0.127818
vt 0.889403 0.121697
vt 0.888936 0.127796
vt 0.888964 0.121719
vt 0.888496 0.127822
vt 0.888525 0.121696
vt 0.888062 0.127885
vt 0.888096 0.121629
vt 0.887632 0.127958
vt 0.887674 0.121556
vt 0.887202 0.127999
vt 0.887248 0.121513
vt 0.890653 0.128011
vt 0.890697 0.121535
vt 0.890361 0.132409
vt 0.889921 0.132449
vt 0.890219 0.129721
vt 0.889802 0.129837
vt 0.889470 0.132485
vt 0.889374 0.129932
vt 0.889011 0.132508
vt 0.888937 0.129971
vt 0.888549 0.132514
vt 0.888500 0.129944
vt 0.888091 0.132506
vt 0.888074 0.129858
vt 0.887644 0.132489
vt 0.887656 0.129760
vt 0.887206 0.132473
vt 0.887232 0.129698
vt 0.890793 0.132372
vt 0.890642 0.129640
vt 0.889451 0.116979
vt 0.889909 0.117000
vt 0.889426 0.119546
vt 0.889849 0.119641
vt 0.890356 0.117030
vt 0.890267 0.119748
vt 0.890793 0.117059
vt 0.890689 0.119822
vt 0.887204 0.117057
vt 0.887637 0.117033
vt 0.887273 0.119801
vt 0.887699 0.119730
vt 0.888078 0.117006
vt 0.888123 0.119628
vt 0.888530 0.116983
vt 0.888552 0.119543
vt 0.888989 0.116973
vt 0.888989 0.119512
vt 0.889740 0.129335
vt 0.890115 0.129161
vt 0.890547 0.129064
vt 0.887728 0.129194
vt 0.887300 0.129094
vt 0.888137 0.129334
vt 0.888535 0.129432
vt 0.888933 0.129471
vt 0.889330 0.129433
vt 0.890127 0.128534
vt 0.889739 0.128391
vt 0.890558 0.128613
vt 0.887290 0.128615
vt 0.887724 0.128528
vt 0.888134 0.128399
vt 0.888535 0.128307
vt 0.888933 0.128273
vt 0.889332 0.128308
vt 0.888923 0.128869
vt 0.888540 0.128865
vt 0.889302 0.128871
vt 0.889379 0.120062
vt 0.889775 0.120164
vt 0.888983 0.120019
vt 0.888587 0.120052
vt 0.888187 0.120149
vt 0.887778 0.120288
vt 0.887351 0.120388
vt 0.890181 0.120307
vt 0.890606 0.120412
vt 0.889772 0.121118
vt 0.889368 0.121203
vt 0.888970 0.121232
vt 0.888571 0.121193
vt 0.888171 0.121104
vt 0.887776 0.120977
vt 0.887345 0.120901
vt 0.890606 0.120924
vt 0.890172 0.120995
vt 0.889366 0.120636
vt 0.889729 0.120642
vt 0.888976 0.120628
vt 0.888586 0.120623
vt 0.888224 0.120627
vt 0.887813 0.120625
vt 0.887369 0.120639
vt 0.890584 0.120662
vt 0.890141 0.120643
vt 0.888057 0.128860
vt 0.464477 0.131123
vt 0.464280 0.130635
vt 0.466475 0.130218
vt 0.466337 0.129821
vt 0.464115 0.130138
vt 0.466202 0.129413
vt 0.463974 0.129632
vt 0.466082 0.128996
vt 0.463857 0.129119
vt 0.465987 0.128570
vt 0.463761 0.128601
vt 0.465898 0.128143
vt 0.463684 0.128077
vt 0.465836 0.127711
vt 0.463624 0.127551
vt 0.465778 0.127278
vt 0.463581 0.127021
vt 0.465743 0.126844
vt 0.463553 0.126490
vt 0.465724 0.126409
vt 0.463540 0.125959
vt 0.465710 0.125973
vt 0.463542 0.125427
vt 0.465711 0.125538
vt 0.463562 0.124896
vt 0.465736 0.125103
vt 0.463599 0.124368
vt 0.465764 0.124667
vt 0.463656 0.123842
vt 0.465820 0.124233
vt 0.463735 0.123321
vt 0.465881 0.123799
vt 0.463837 0.122804
vt 0.465972 0.123371
vt 0.463964 0.122295
vt 0.466081 0.122947
vt 0.464117 0.121796
vt 0.466201 0.122527
vt 0.464297 0.121306
vt 0.466339 0.122118
vt 0.464508 0.120827
vt 0.466493 0.121724
vt 0.509332 0.329584
vt 0.508955 0.329707
vt 0.508757 0.328455
vt 0.508558 0.329707
vt 0.508181 0.329584
vt 0.507860 0.329351
vt 0.507627 0.329030
vt 0.507505 0.328653
vt 0.507505 0.328257
vt 0.507627 0.327879
vt 0.507860 0.327559
vt 0.508181 0.327326
vt 0.508558 0.327203
vt 0.508955 0.327203
vt 0.509332 0.327326
vt 0.509653 0.327559
vt 0.509886 0.327879
vt 0.510008 0.328257
vt 0.510008 0.328653
vt 0.509886 0.329030
vt 0.509653 0.329351
vt 0.466996 0.121820
vt 0.467465 0.122026
vt 0.466842 0.122249
vt 0.467309 0.122412
vt 0.467461 0.129926
vt 0.466990 0.130130
vt 0.467315 0.129539
vt 0.466833 0.129699
vt 0.467186 0.129146
vt 0.466703 0.129285
vt 0.467076 0.128753
vt 0.466591 0.128875
vt 0.466979 0.128361
vt 0.466485 0.128467
vt 0.466900 0.127966
vt 0.466409 0.128054
vt 0.466834 0.127570
vt 0.466336 0.127641
vt 0.466784 0.127171
vt 0.466295 0.127224
vt 0.466751 0.126771
vt 0.466252 0.126808
vt 0.466731 0.126370
vt 0.466222 0.126390
vt 0.466720 0.125970
vt 0.466220 0.125971
vt 0.466723 0.125569
vt 0.466231 0.125553
vt 0.466742 0.125168
vt 0.466240 0.125135
vt 0.466778 0.124770
vt 0.466281 0.124718
vt 0.466826 0.124373
vt 0.466323 0.124302
vt 0.466893 0.123978
vt 0.466394 0.123889
vt 0.466968 0.123584
vt 0.466475 0.123478
vt 0.467062 0.123192
vt 0.466572 0.123067
vt 0.467176 0.122802
vt 0.466698 0.122660
vt 0.467825 0.129776
vt 0.467684 0.129406
vt 0.467560 0.129030
vt 0.467453 0.128652
vt 0.467361 0.128273
vt 0.467283 0.127893
vt 0.467221 0.127511
vt 0.467173 0.127128
vt 0.467140 0.126743
vt 0.467121 0.126355
vt 0.467111 0.125968
vt 0.467114 0.125581
vt 0.467133 0.125196
vt 0.467167 0.124812
vt 0.467215 0.124429
vt 0.467277 0.124048
vt 0.467351 0.123668
vt 0.467441 0.123292
vt 0.467549 0.122918
vt 0.467676 0.122548
vt 0.467825 0.122181
vt 0.251834 0.653573
vt 0.254088 0.653573
vt 0.251850 0.655001
vt 0.254104 0.655000
vt 0.251813 0.652145
vt 0.254067 0.652145
vt 0.251789 0.650718
vt 0.254043 0.650717
vt 0.251765 0.649290
vt 0.254019 0.649290
vt 0.251743 0.647862
vt 0.253997 0.647862
vt 0.251725 0.646435
vt 0.253979 0.646435
vt 0.251714 0.645007
vt 0.253968 0.645007
vt 0.251709 0.643579
vt 0.253963 0.643579
vt 0.251711 0.642151
vt 0.253965 0.642151
vt 0.251721 0.640724
vt 0.253975 0.640723
vt 0.251737 0.639296
vt 0.253991 0.639296
vt 0.251758 0.637868
vt 0.254012 0.637868
vt 0.251781 0.636441
vt 0.254036 0.636440
vt 0.251805 0.635013
vt 0.254059 0.635013
vt 0.251827 0.633585
vt 0.254081 0.633585
vt 0.251844 0.632158
vt 0.254098 0.632157
vt 0.251856 0.630730
vt 0.254110 0.630730
vt 0.251860 0.629302
vt 0.254114 0.629302
vt 0.251857 0.627874
vt 0.254111 0.627874
vt 0.251860 0.656428
vt 0.254114 0.656428
vt 0.890790 0.251972
vt 0.890550 0.252699
vt 0.888377 0.251575
vt 0.890096 0.253315
vt 0.889474 0.253761
vt 0.888745 0.253993
vt 0.887980 0.253989
vt 0.887254 0.253748
vt 0.886638 0.253294
vt 0.886192 0.252673
vt 0.885960 0.251943
vt 0.885964 0.251178
vt 0.886205 0.250452
vt 0.886658 0.249836
vt 0.887280 0.249390
vt 0.888009 0.249158
vt 0.888774 0.249162
vt 0.889500 0.249403
vt 0.890117 0.249856
vt 0.890563 0.250478
vt 0.890795 0.251207
vt 0.893549 0.252394
vt 0.893043 0.253952
vt 0.893200 0.252339
vt 0.892728 0.253792
vt 0.892080 0.255278
vt 0.891831 0.255028
vt 0.890755 0.256241
vt 0.890594 0.255927
vt 0.889196 0.256747
vt 0.889141 0.256399
vt 0.887558 0.256747
vt 0.887613 0.256399
vt 0.886000 0.256241
vt 0.886160 0.255927
vt 0.884674 0.255278
vt 0.884924 0.255028
vt 0.883712 0.253952
vt 0.884026 0.253792
vt 0.883205 0.252394
vt 0.883554 0.252339
vt 0.883205 0.250756
vt 0.883554 0.250811
vt 0.883712 0.249198
vt 0.884026 0.249358
vt 0.884675 0.247872
vt 0.884924 0.248122
vt 0.886000 0.246910
vt 0.886160 0.247224
vt 0.887558 0.246404
vt 0.887614 0.246752
vt 0.889197 0.246403
vt 0.889141 0.246752
vt 0.890755 0.246910
vt 0.890595 0.247224
vt 0.892080 0.247873
vt 0.891831 0.248122
vt 0.893043 0.249198
vt 0.892728 0.249359
vt 0.893549 0.250756
vt 0.893200 0.250812
vt 0.892357 0.252211
vt 0.891966 0.253410
vt 0.891223 0.254429
vt 0.890202 0.255169
vt 0.889002 0.255557
vt 0.887741 0.255556
vt 0.886542 0.255164
vt 0.885523 0.254421
vt 0.884784 0.253400
vt 0.884396 0.252200
vt 0.884397 0.250939
vt 0.884789 0.249740
vt 0.885531 0.248721
vt 0.886553 0.247982
vt 0.887752 0.247594
vt 0.889013 0.247595
vt 0.890212 0.247987
vt 0.891231 0.248729
vt 0.891971 0.249751
vt 0.892359 0.250950
vt 0.892035 0.252160
vt 0.891675 0.253262
vt 0.890993 0.254198
vt 0.890054 0.254879
vt 0.888951 0.255235
vt 0.887792 0.255234
vt 0.886691 0.254874
vt 0.885754 0.254191
vt 0.885074 0.253252
vt 0.884718 0.252149
vt 0.884719 0.250991
vt 0.885079 0.249889
vt 0.885762 0.248952
vt 0.886700 0.248272
vt 0.887803 0.247916
vt 0.888962 0.247917
vt 0.890064 0.248277
vt 0.891000 0.248960
vt 0.891680 0.249898
vt 0.892037 0.251001
vt 0.891871 0.252134
vt 0.891528 0.253186
vt 0.890876 0.254081
vt 0.889979 0.254730
vt 0.888926 0.255072
vt 0.887819 0.255069
vt 0.886766 0.254726
vt 0.885872 0.254074
vt 0.885222 0.253177
vt 0.884881 0.252124
vt 0.884883 0.251017
vt 0.885227 0.249964
vt 0.885879 0.249070
vt 0.886775 0.248420
vt 0.887829 0.248079
vt 0.888936 0.248081
vt 0.889988 0.248425
vt 0.890883 0.249077
vt 0.891532 0.249973
vt 0.891873 0.251027
vt 0.585371 0.009830
vt 0.584487 0.010473
vt 0.582900 0.007358
vt 0.583447 0.010811
vt 0.582353 0.010811
vt 0.581313 0.010473
vt 0.580428 0.009830
vt 0.579786 0.008945
vt 0.579448 0.007905
vt 0.579448 0.006812
vt 0.579786 0.005772
vt 0.580428 0.004887
vt 0.581313 0.004244
vt 0.582353 0.003906
vt 0.583447 0.003906
vt 0.584487 0.004244
vt 0.585371 0.004887
vt 0.586014 0.005772
vt 0.586352 0.006812
vt 0.586352 0.007905
vt 0.586014 0.008945
vt 0.798121 0.005513
vt 0.796907 0.006832
vt 0.797054 0.004602
vt 0.795951 0.006047
vt 0.797780 0.007704
vt 0.799106 0.006502
vt 0.798567 0.008652
vt 0.799997 0.007575
vt 0.799262 0.009667
vt 0.800786 0.008725
vt 0.799861 0.010742
vt 0.801466 0.009943
vt 0.800357 0.011866
vt 0.802029 0.011219
vt 0.800748 0.013032
vt 0.802473 0.012542
vt 0.801030 0.014229
vt 0.802793 0.013900
vt 0.801200 0.015446
vt 0.802985 0.015281
vt 0.801256 0.016674
vt 0.803050 0.016675
vt 0.801199 0.017902
vt 0.802985 0.018069
vt 0.801029 0.019120
vt 0.802792 0.019450
vt 0.800748 0.020316
vt 0.802472 0.020808
vt 0.800356 0.021482
vt 0.802028 0.022131
vt 0.799859 0.022606
vt 0.801463 0.023407
vt 0.799261 0.023680
vt 0.800783 0.024625
vt 0.798565 0.024694
vt 0.799992 0.025775
vt 0.797778 0.025640
vt 0.799098 0.026847
vt 0.796902 0.026510
vt 0.798109 0.027834
vt 0.795937 0.027293
vt 0.797041 0.028736
vt 0.798740 0.004857
vt 0.799777 0.005898
vt 0.800719 0.007032
vt 0.801555 0.008250
vt 0.802275 0.009540
vt 0.802872 0.010893
vt 0.803343 0.012294
vt 0.803681 0.013734
vt 0.803886 0.015198
vt 0.803954 0.016675
vt 0.803885 0.018152
vt 0.803680 0.019617
vt 0.803341 0.021056
vt 0.802871 0.022458
vt 0.802272 0.023810
vt 0.801551 0.025101
vt 0.800714 0.026319
vt 0.799769 0.027453
vt 0.798729 0.028493
vt 0.797621 0.029439
vt 0.797638 0.003906
vt 0.796134 0.007710
vt 0.796923 0.008496
vt 0.797637 0.009358
vt 0.798270 0.010283
vt 0.798815 0.011262
vt 0.799268 0.012288
vt 0.799625 0.013351
vt 0.799882 0.014443
vt 0.800036 0.015554
vt 0.800088 0.016674
vt 0.800036 0.017794
vt 0.799881 0.018904
vt 0.799624 0.019996
vt 0.799268 0.021059
vt 0.798815 0.022085
vt 0.798270 0.023064
vt 0.797637 0.023988
vt 0.796923 0.024849
vt 0.796135 0.025634
vt 0.795276 0.026320
vt 0.795276 0.007017
vt 0.068052 0.850389
vt 0.070870 0.850388
vt 0.068078 0.851816
vt 0.070895 0.851816
vt 0.068019 0.848961
vt 0.070836 0.848961
vt 0.067982 0.847534
vt 0.070799 0.847534
vt 0.067944 0.846107
vt 0.070761 0.846106
vt 0.067910 0.844679
vt 0.070727 0.844679
vt 0.067882 0.843252
vt 0.070699 0.843251
vt 0.067863 0.841824
vt 0.070680 0.841824
vt 0.067855 0.840396
vt 0.070672 0.840396
vt 0.067859 0.838969
vt 0.070677 0.838968
vt 0.067875 0.837541
vt 0.070692 0.837540
vt 0.067900 0.836113
vt 0.070718 0.836113
vt 0.067933 0.834686
vt 0.070750 0.834685
vt 0.067970 0.833258
vt 0.070787 0.833258
vt 0.068007 0.831831
vt 0.070824 0.831831
vt 0.068041 0.830404
vt 0.070858 0.830403
vt 0.068069 0.828976
vt 0.070886 0.828976
vt 0.068087 0.827549
vt 0.070904 0.827548
vt 0.068094 0.826121
vt 0.070911 0.826120
vt 0.068090 0.824693
vt 0.070907 0.824692
vt 0.068094 0.853244
vt 0.070911 0.853244
vt 0.427160 0.009475
vt 0.426919 0.010201
vt 0.424747 0.009078
vt 0.426466 0.010818
vt 0.425844 0.011264
vt 0.425115 0.011496
vt 0.424350 0.011491
vt 0.423623 0.011251
vt 0.423007 0.010797
vt 0.422561 0.010175
vt 0.422329 0.009446
vt 0.422334 0.008681
vt 0.422574 0.007955
vt 0.423028 0.007338
vt 0.423650 0.006892
vt 0.424379 0.006660
vt 0.425144 0.006665
vt 0.425870 0.006906
vt 0.426486 0.007359
vt 0.426932 0.007981
vt 0.427164 0.008710
vt 0.429918 0.009897
vt 0.429412 0.011455
vt 0.429570 0.009842
vt 0.429098 0.011295
vt 0.428450 0.012781
vt 0.428200 0.012531
vt 0.427124 0.013744
vt 0.426964 0.013429
vt 0.425566 0.014250
vt 0.425511 0.013902
vt 0.423927 0.014250
vt 0.423983 0.013902
vt 0.422369 0.013744
vt 0.422529 0.013429
vt 0.421044 0.012780
vt 0.421293 0.012531
vt 0.420081 0.011455
vt 0.420395 0.011295
vt 0.419575 0.009897
vt 0.419924 0.009842
vt 0.419575 0.008259
vt 0.419924 0.008314
vt 0.420081 0.006701
vt 0.420396 0.006861
vt 0.421044 0.005375
vt 0.421294 0.005625
vt 0.422370 0.004412
vt 0.422530 0.004727
vt 0.423928 0.003906
vt 0.423983 0.004255
vt 0.425566 0.003906
vt 0.425511 0.004255
vt 0.427124 0.004413
vt 0.426964 0.004727
vt 0.428450 0.005376
vt 0.428200 0.005625
vt 0.429412 0.006701
vt 0.429098 0.006861
vt 0.429918 0.008259
vt 0.429570 0.008314
vt 0.428726 0.009714
vt 0.428335 0.010913
vt 0.427593 0.011932
vt 0.426572 0.012672
vt 0.425372 0.013060
vt 0.424111 0.013058
vt 0.422912 0.012667
vt 0.421893 0.011924
vt 0.421153 0.010903
vt 0.420765 0.009703
vt 0.420767 0.008442
vt 0.421158 0.007243
vt 0.421901 0.006224
vt 0.422922 0.005484
vt 0.424122 0.005096
vt 0.425383 0.005098
vt 0.426582 0.005489
vt 0.427601 0.006232
vt 0.428340 0.007253
vt 0.428728 0.008453
vt 0.428404 0.009663
vt 0.428045 0.010764
vt 0.427362 0.011701
vt 0.426424 0.012381
vt 0.425321 0.012738
vt 0.424162 0.012736
vt 0.423060 0.012376
vt 0.422124 0.011694
vt 0.421444 0.010755
vt 0.421087 0.009652
vt 0.421089 0.008493
vt 0.421448 0.007391
vt 0.422131 0.006455
vt 0.423070 0.005775
vt 0.424173 0.005419
vt 0.425332 0.005420
vt 0.426433 0.005780
vt 0.427370 0.006463
vt 0.428050 0.007401
vt 0.428406 0.008504
vt 0.428241 0.009637
vt 0.427897 0.010689
vt 0.427245 0.011584
vt 0.426349 0.012233
vt 0.425295 0.012574
vt 0.424188 0.012572
vt 0.423136 0.012229
vt 0.422241 0.011577
vt 0.421592 0.010680
vt 0.421251 0.009627
vt 0.421253 0.008519
vt 0.421596 0.007467
vt 0.422248 0.006572
vt 0.423145 0.005923
vt 0.424198 0.005582
vt 0.425305 0.005584
vt 0.426358 0.005928
vt 0.427252 0.006580
vt 0.427902 0.007476
vt 0.428242 0.008529
vt 0.389052 0.051807
vt 0.387601 0.051807
vt 0.389052 0.038206
vt 0.387600 0.038206
vt 0.389052 0.033372
vt 0.387600 0.033372
vt 0.389052 0.027176
vt 0.387600 0.027176
vt 0.389052 0.022342
vt 0.387601 0.022342
vt 0.389052 0.008741
vt 0.387601 0.008741
vt 0.389052 0.062838
vt 0.387601 0.062838
vt 0.389052 0.056642
vt 0.387601 0.056642
vt 0.389052 0.053016
vt 0.387601 0.053016
vt 0.389052 0.054225
vt 0.387601 0.054225
vt 0.389052 0.055433
vt 0.387601 0.055433
vt 0.389052 0.034581
vt 0.387600 0.034581
vt 0.389052 0.035789
vt 0.387600 0.035789
vt 0.389052 0.036998
vt 0.387600 0.036998
vt 0.389052 0.023550
vt 0.387600 0.023550
vt 0.389052 0.024759
vt 0.387600 0.024759
vt 0.389052 0.025967
vt 0.387600 0.025967
vt 0.389052 0.003906
vt 0.389052 0.005115
vt 0.387601 0.003906
vt 0.387601 0.005115
vt 0.389052 0.006323
vt 0.387601 0.006323
vt 0.389052 0.007532
vt 0.387601 0.007532
vt 0.568757 0.751342
vt 0.565659 0.761240
vt 0.562561 0.751342
vt 0.563696 0.725464
vt 0.566558 0.743348
vt 0.563460 0.726650
vt 0.575851 0.740251
vt 0.575616 0.741436
vt 0.574944 0.742441
vt 0.573939 0.743113
vt 0.572754 0.743348
vt 0.565372 0.743113
vt 0.564368 0.742441
vt 0.563696 0.741436
vt 0.563460 0.740251
vt 0.564368 0.724460
vt 0.565372 0.723788
vt 0.566558 0.723552
vt 0.572754 0.723552
vt 0.573939 0.723788
vt 0.574944 0.724460
vt 0.575616 0.725464
vt 0.575851 0.726650
vt 0.568757 0.771138
vt 0.562561 0.771138
vt 0.561376 0.770902
vt 0.560371 0.770231
vt 0.559699 0.769226
vt 0.559464 0.768040
vt 0.559464 0.754439
vt 0.559699 0.753254
vt 0.560371 0.752249
vt 0.561376 0.751578
vt 0.569942 0.751578
vt 0.570947 0.752249
vt 0.571619 0.753254
vt 0.571855 0.754439
vt 0.571855 0.768040
vt 0.571619 0.769226
vt 0.570947 0.770231
vt 0.569942 0.770902
vt 0.835733 0.266453
vt 0.836241 0.265724
vt 0.837112 0.267725
vt 0.837563 0.267360
vt 0.837649 0.267990
vt 0.854726 0.267841
vt 0.854804 0.267182
vt 0.837696 0.287061
vt 0.836975 0.267868
vt 0.837064 0.287179
vt 0.836538 0.289607
vt 0.835866 0.289122
vt 0.837573 0.287744
vt 0.837242 0.287435
vt 0.855702 0.287077
vt 0.855547 0.286335
vt 0.856047 0.286745
vt 0.857437 0.288448
vt 0.856830 0.289020
vt 0.856226 0.286471
vt 0.855386 0.267705
vt 0.855063 0.267377
vt 0.856551 0.266180
vt 0.857169 0.266823
vt 0.835244 0.267217
vt 0.835244 0.288600
vt 0.857988 0.287849
vt 0.855927 0.265567
vt 0.325593 0.580460
vt 0.323651 0.580460
vt 0.325593 0.578805
vt 0.323651 0.578805
vt 0.325593 0.577149
vt 0.323652 0.577149
vt 0.325593 0.575494
vt 0.323651 0.575494
vt 0.325593 0.573838
vt 0.323651 0.573838
vt 0.325593 0.572183
vt 0.323652 0.572183
vt 0.325593 0.570527
vt 0.323652 0.570527
vt 0.325593 0.568871
vt 0.323652 0.568871
vt 0.325593 0.567216
vt 0.323652 0.567216
vt 0.325593 0.565560
vt 0.323652 0.565560
vt 0.325593 0.563905
vt 0.323652 0.563905
vt 0.325593 0.562249
vt 0.323652 0.562249
vt 0.325593 0.560594
vt 0.323652 0.560594
vt 0.325593 0.558938
vt 0.323652 0.558938
vt 0.325593 0.557282
vt 0.323652 0.557282
vt 0.325593 0.555627
vt 0.323651 0.555627
vt 0.325593 0.553971
vt 0.323652 0.553971
vt 0.325593 0.552316
vt 0.323651 0.552316
vt 0.325593 0.550660
vt 0.323651 0.550660
vt 0.325593 0.549005
vt 0.323651 0.549005
vt 0.325593 0.582116
vt 0.323651 0.582116
vt 0.756114 0.317682
vt 0.755845 0.318528
vt 0.753311 0.317255
vt 0.755328 0.319248
vt 0.754613 0.319774
vt 0.753771 0.320054
vt 0.752884 0.320059
vt 0.752038 0.319790
vt 0.751317 0.319272
vt 0.750792 0.318558
vt 0.750512 0.317716
vt 0.750507 0.316828
vt 0.750776 0.315983
vt 0.751294 0.315262
vt 0.752008 0.314736
vt 0.752850 0.314457
vt 0.753738 0.314452
vt 0.754583 0.314721
vt 0.755304 0.315238
vt 0.755829 0.315953
vt 0.756109 0.316795
vt 0.758903 0.318141
vt 0.759307 0.318205
vt 0.758356 0.319826
vt 0.758720 0.320011
vt 0.757315 0.321259
vt 0.757604 0.321548
vt 0.755882 0.322300
vt 0.756068 0.322665
vt 0.754197 0.322848
vt 0.754261 0.323252
vt 0.752425 0.322848
vt 0.752361 0.323252
vt 0.750740 0.322301
vt 0.750554 0.322665
vt 0.749307 0.321259
vt 0.749017 0.321549
vt 0.748265 0.319826
vt 0.747901 0.320012
vt 0.747718 0.318141
vt 0.747314 0.318205
vt 0.747718 0.316369
vt 0.747314 0.316305
vt 0.748266 0.314684
vt 0.747901 0.314498
vt 0.749307 0.313251
vt 0.749018 0.312962
vt 0.750740 0.312210
vt 0.750555 0.311845
vt 0.752425 0.311663
vt 0.752361 0.311258
vt 0.754197 0.311663
vt 0.754261 0.311258
vt 0.755882 0.312210
vt 0.756068 0.311846
vt 0.757315 0.313252
vt 0.757604 0.312962
vt 0.758356 0.314685
vt 0.758721 0.314499
vt 0.758903 0.316370
vt 0.759307 0.316306
vt 0.757927 0.317980
vt 0.757478 0.319371
vt 0.756620 0.320555
vt 0.755438 0.321416
vt 0.754048 0.321870
vt 0.752586 0.321872
vt 0.751195 0.321423
vt 0.750010 0.320565
vt 0.749149 0.319383
vt 0.748696 0.317993
vt 0.748694 0.316530
vt 0.749144 0.315139
vt 0.750002 0.313955
vt 0.751184 0.313094
vt 0.752574 0.312640
vt 0.754036 0.312638
vt 0.755427 0.313088
vt 0.756611 0.313946
vt 0.757472 0.315128
vt 0.757925 0.316518
vt 0.757554 0.317921
vt 0.757140 0.319200
vt 0.756352 0.320288
vt 0.755266 0.321080
vt 0.753989 0.321497
vt 0.752645 0.321499
vt 0.751366 0.321085
vt 0.750278 0.320297
vt 0.749486 0.319211
vt 0.749069 0.317933
vt 0.749067 0.316589
vt 0.749481 0.315310
vt 0.750269 0.314222
vt 0.751356 0.313431
vt 0.752633 0.313014
vt 0.753977 0.313012
vt 0.755256 0.313425
vt 0.756344 0.314214
vt 0.757135 0.315300
vt 0.757552 0.316577
vt 0.757364 0.317891
vt 0.756969 0.319113
vt 0.756216 0.320152
vt 0.755178 0.320908
vt 0.753958 0.321307
vt 0.752675 0.321309
vt 0.751453 0.320914
vt 0.750413 0.320161
vt 0.749657 0.319123
vt 0.749259 0.317903
vt 0.749257 0.316619
vt 0.749653 0.315398
vt 0.750405 0.314358
vt 0.751443 0.313602
vt 0.752663 0.313203
vt 0.753947 0.313202
vt 0.755168 0.313597
vt 0.756208 0.314350
vt 0.756964 0.315387
vt 0.757362 0.316608
vt 0.976053 0.125983
vt 0.975260 0.126124
vt 0.975808 0.124948
vt 0.975132 0.125069
vt 0.987123 0.089316
vt 0.987123 0.088135
vt 0.988539 0.089237
vt 0.988539 0.088214
vt 0.988043 0.117922
vt 0.987250 0.118064
vt 0.987799 0.116888
vt 0.987123 0.117008
vt 0.975132 0.097608
vt 0.975132 0.096427
vt 0.976549 0.097529
vt 0.976549 0.096506
vt 0.988158 0.108555
vt 0.987365 0.108414
vt 0.988285 0.107500
vt 0.987609 0.107379
vt 0.987123 0.099104
vt 0.987123 0.097923
vt 0.988539 0.099024
vt 0.988539 0.098002
vt 0.976168 0.116616
vt 0.975374 0.116475
vt 0.976295 0.115560
vt 0.975619 0.115440
vt 0.975132 0.087820
vt 0.975132 0.086639
vt 0.976549 0.087741
vt 0.976549 0.086718
vt 0.496350 0.074515
vt 0.495627 0.073792
vt 0.496861 0.073281
vt 0.495627 0.072770
vt 0.496350 0.072047
vt 0.497372 0.072047
vt 0.498095 0.072770
vt 0.498095 0.073792
vt 0.497372 0.074515
vt 0.976295 0.126272
vt 0.975132 0.126479
vt 0.987328 0.089632
vt 0.988390 0.089572
vt 0.495514 0.074142
vt 0.496000 0.074628
vt 0.975338 0.086323
vt 0.976399 0.086383
vt 0.988285 0.118211
vt 0.987123 0.118418
vt 0.975338 0.097924
vt 0.976399 0.097864
vt 0.496000 0.071934
vt 0.495514 0.072420
vt 0.987328 0.087819
vt 0.988390 0.087878
vt 0.988285 0.108910
vt 0.987123 0.108703
vt 0.987328 0.099420
vt 0.988390 0.099360
vt 0.498208 0.072420
vt 0.497722 0.071934
vt 0.975338 0.096111
vt 0.976399 0.096170
vt 0.976295 0.116971
vt 0.975132 0.116764
vt 0.975338 0.088136
vt 0.976400 0.088077
vt 0.497722 0.074628
vt 0.498208 0.074142
vt 0.987328 0.097607
vt 0.988390 0.097666
vt 0.009979 0.481400
vt 0.008753 0.479705
vt 0.012412 0.479571
vt 0.011301 0.478022
vt 0.007646 0.477914
vt 0.010310 0.476406
vt 0.006671 0.476041
vt 0.009439 0.474727
vt 0.005837 0.474099
vt 0.008695 0.472990
vt 0.005148 0.472100
vt 0.008079 0.471204
vt 0.004608 0.470055
vt 0.007597 0.469377
vt 0.004220 0.467977
vt 0.007251 0.467520
vt 0.003985 0.465875
vt 0.007042 0.465643
vt 0.003906 0.463762
vt 0.006971 0.463755
vt 0.003983 0.461649
vt 0.007040 0.461867
vt 0.004214 0.459547
vt 0.007247 0.459989
vt 0.004600 0.457468
vt 0.007592 0.458132
vt 0.005137 0.455422
vt 0.008072 0.456305
vt 0.005824 0.453422
vt 0.008686 0.454518
vt 0.006655 0.451479
vt 0.009429 0.452781
vt 0.007627 0.449602
vt 0.010299 0.451103
vt 0.008733 0.447805
vt 0.011292 0.449492
vt 0.009962 0.446101
vt 0.012413 0.447957
vt 0.011284 0.444502
vt 0.013687 0.446513
vt 0.011263 0.482990
vt 0.013674 0.481057
vt 0.897323 0.270603
vt 0.896828 0.272127
vt 0.892263 0.269801
vt 0.895885 0.273424
vt 0.894588 0.274366
vt 0.893064 0.274862
vt 0.891461 0.274862
vt 0.889937 0.274366
vt 0.888640 0.273424
vt 0.887698 0.272127
vt 0.887202 0.270603
vt 0.887202 0.269000
vt 0.887698 0.267475
vt 0.888640 0.266179
vt 0.889937 0.265236
vt 0.891461 0.264741
vt 0.893064 0.264741
vt 0.894589 0.265236
vt 0.895885 0.266179
vt 0.896828 0.267475
vt 0.897323 0.269000
vt 0.012882 0.479193
vt 0.011803 0.477688
vt 0.010836 0.476111
vt 0.009987 0.474472
vt 0.009259 0.472776
vt 0.008658 0.471031
vt 0.008187 0.469248
vt 0.007848 0.467435
vt 0.007644 0.465601
vt 0.007575 0.463758
vt 0.007642 0.461914
vt 0.007844 0.460081
vt 0.008181 0.458267
vt 0.008649 0.456483
vt 0.009248 0.454738
vt 0.009974 0.453042
vt 0.010823 0.451404
vt 0.011790 0.449832
vt 0.012874 0.448341
vt 0.014084 0.446980
vt 0.014084 0.480593
vt 0.105014 0.626114
vt 0.103156 0.625505
vt 0.105088 0.625647
vt 0.103371 0.625084
vt 0.101579 0.624352
vt 0.101913 0.624018
vt 0.100432 0.622771
vt 0.100853 0.622556
vt 0.099830 0.620911
vt 0.100297 0.620837
vt 0.099833 0.618956
vt 0.100300 0.619030
vt 0.100440 0.617099
vt 0.100861 0.617314
vt 0.101588 0.615519
vt 0.101923 0.615853
vt 0.103169 0.614370
vt 0.103384 0.614791
vt 0.105029 0.613768
vt 0.105103 0.614234
vt 0.106984 0.613771
vt 0.106910 0.614238
vt 0.108842 0.614378
vt 0.108627 0.614799
vt 0.110421 0.615530
vt 0.110086 0.615864
vt 0.111564 0.617115
vt 0.111143 0.617329
vt 0.112162 0.618974
vt 0.111696 0.619048
vt 0.112162 0.620927
vt 0.111696 0.620854
vt 0.111560 0.622786
vt 0.111138 0.622572
vt 0.110410 0.624367
vt 0.110076 0.624033
vt 0.108828 0.625514
vt 0.108613 0.625093
vt 0.106969 0.626117
vt 0.106895 0.625650
vt 0.105264 0.624499
vt 0.103894 0.624047
vt 0.102731 0.623192
vt 0.101884 0.622022
vt 0.101442 0.620649
vt 0.101448 0.619206
vt 0.101899 0.617835
vt 0.102750 0.616668
vt 0.103918 0.615822
vt 0.105291 0.615380
vt 0.106734 0.615386
vt 0.108105 0.615836
vt 0.109268 0.616689
vt 0.110110 0.617860
vt 0.110549 0.619236
vt 0.110548 0.620681
vt 0.110100 0.622052
vt 0.109250 0.623218
vt 0.108080 0.624062
vt 0.106706 0.624504
vt 0.456635 0.006920
vt 0.455944 0.006518
vt 0.457050 0.005433
vt 0.455546 0.005825
vt 0.455548 0.005026
vt 0.455940 0.004330
vt 0.456636 0.003925
vt 0.457450 0.003906
vt 0.458148 0.004293
vt 0.458554 0.005016
vt 0.458554 0.005843
vt 0.458130 0.006553
vt 0.457424 0.006947
vt 0.468064 0.232560
vt 0.467977 0.232279
vt 0.469178 0.232027
vt 0.467895 0.231997
vt 0.467819 0.231713
vt 0.468975 0.231262
vt 0.467752 0.231427
vt 0.467691 0.231140
vt 0.467640 0.230851
vt 0.468837 0.230482
vt 0.467599 0.230560
vt 0.467567 0.230268
vt 0.467546 0.229975
vt 0.468781 0.229692
vt 0.467537 0.229681
vt 0.467538 0.229387
vt 0.467551 0.229094
vt 0.468824 0.228902
vt 0.467575 0.228801
vt 0.467610 0.228509
vt 0.467655 0.228219
vt 0.468946 0.228114
vt 0.467710 0.227931
vt 0.467774 0.227644
vt 0.467848 0.227359
vt 0.469127 0.227327
vt 0.467929 0.227077
vt 0.468016 0.226797
vt 0.468109 0.226518
vt 0.469377 0.226577
vt 0.468208 0.226241
vt 0.468310 0.225966
vt 0.468415 0.225692
vt 0.469693 0.225818
vt 0.468524 0.225419
vt 0.468636 0.225147
vt 0.468749 0.224876
vt 0.470023 0.225069
vt 0.468865 0.224606
vt 0.468876 0.234765
vt 0.468768 0.234492
vt 0.470023 0.234275
vt 0.468661 0.234218
vt 0.469712 0.233517
vt 0.468557 0.233944
vt 0.468453 0.233669
vt 0.468352 0.233393
vt 0.469422 0.232770
vt 0.468253 0.233116
vt 0.468157 0.232839
vt 0.480616 0.123394
vt 0.479925 0.122992
vt 0.481031 0.121906
vt 0.479527 0.122299
vt 0.479529 0.121499
vt 0.479921 0.120804
vt 0.480617 0.120399
vt 0.481431 0.120380
vt 0.482129 0.120766
vt 0.482535 0.121490
vt 0.482535 0.122317
vt 0.482111 0.123027
vt 0.481405 0.123421
vt 0.461363 0.288414
vt 0.461478 0.288685
vt 0.460736 0.288934
vt 0.461584 0.288958
vt 0.461679 0.289236
vt 0.460993 0.289683
vt 0.461763 0.289518
vt 0.461837 0.289802
vt 0.461898 0.290090
vt 0.461157 0.290458
vt 0.461945 0.290380
vt 0.461981 0.290671
vt 0.462002 0.290964
vt 0.461215 0.291248
vt 0.462009 0.291258
vt 0.462004 0.291552
vt 0.461983 0.291845
vt 0.461152 0.292036
vt 0.461949 0.292136
vt 0.461903 0.292427
vt 0.461844 0.292714
vt 0.460993 0.292818
vt 0.461772 0.292999
vt 0.461689 0.293281
vt 0.461595 0.293559
vt 0.460753 0.293589
vt 0.461490 0.293833
vt 0.461376 0.294105
vt 0.461254 0.294371
vt 0.460426 0.294308
vt 0.461123 0.294635
vt 0.460987 0.294895
vt 0.460844 0.295151
vt 0.460006 0.295015
vt 0.460693 0.295404
vt 0.460538 0.295653
vt 0.460376 0.295899
vt 0.459543 0.295691
vt 0.460209 0.296140
vt 0.460192 0.286380
vt 0.460359 0.286622
vt 0.459543 0.286854
vt 0.460520 0.286868
vt 0.460004 0.287532
vt 0.460675 0.287117
vt 0.460826 0.287370
vt 0.460970 0.287626
vt 0.460410 0.288223
vt 0.461108 0.287885
vt 0.461239 0.288148
vt 0.791279 0.462310
vt 0.791279 0.426321
vt 0.792246 0.459771
vt 0.793285 0.426491
vt 0.793691 0.202434
vt 0.793691 0.238957
vt 0.791279 0.202968
vt 0.791280 0.238957
vt 0.791279 0.289353
vt 0.792309 0.292429
vt 0.791279 0.325877
vt 0.793286 0.325710
vt 0.731327 0.189806
vt 0.733738 0.189806
vt 0.731327 0.223101
vt 0.733738 0.223101
vt 0.677116 0.408896
vt 0.675495 0.408775
vt 0.677025 0.400127
vt 0.675405 0.399957
vt 0.676997 0.455796
vt 0.679471 0.455790
vt 0.676942 0.456598
vt 0.679546 0.456578
vt 0.679701 0.408992
vt 0.679633 0.400306
vt 0.681358 0.408927
vt 0.681304 0.400275
vt 0.361531 0.943921
vt 0.359900 0.943905
vt 0.361602 0.935606
vt 0.359975 0.935564
vt 0.355665 0.944128
vt 0.355753 0.935718
vt 0.357307 0.943959
vt 0.357395 0.935580
vt 0.681961 0.384316
vt 0.681447 0.383162
vt 0.684030 0.383586
vt 0.683345 0.382129
vt 0.680990 0.383615
vt 0.679746 0.381858
vt 0.679238 0.382393
vt 0.358075 0.964389
vt 0.359735 0.964224
vt 0.360753 0.967287
vt 0.361941 0.966125
vt 0.359305 0.963629
vt 0.358884 0.962931
vt 0.361030 0.962524
vt 0.360724 0.961928
vt 0.677887 0.381692
vt 0.680572 0.379078
vt 0.681760 0.380185
vt 0.361967 0.961850
vt 0.364024 0.962658
vt 0.361422 0.963041
vt 0.363432 0.964130
vt 0.684162 0.400101
vt 0.684266 0.408718
vt 0.522285 0.779711
vt 0.519495 0.779467
vt 0.522357 0.770877
vt 0.519495 0.770626
vt 0.890246 0.025745
vt 0.890322 0.034247
vt 0.887202 0.026011
vt 0.887202 0.034520
vt 0.364760 0.935857
vt 0.364631 0.944156
vt 0.675371 0.455846
vt 0.681076 0.455834
vt 0.684353 0.417441
vt 0.684400 0.426934
vt 0.681385 0.417666
vt 0.681363 0.427167
vt 0.679718 0.427249
vt 0.679736 0.417744
vt 0.677168 0.417673
vt 0.677159 0.427197
vt 0.675533 0.427089
vt 0.675545 0.417565
vt 0.522430 0.762044
vt 0.519495 0.761786
vt 0.522508 0.752489
vt 0.519495 0.752225
vt 0.391482 0.947817
vt 0.384812 0.946851
vt 0.392449 0.938984
vt 0.385568 0.938165
vt 0.381746 0.966971
vt 0.387970 0.968261
vt 0.381376 0.968610
vt 0.387586 0.969913
vt 0.386990 0.972434
vt 0.380754 0.971110
vt 0.380330 0.972703
vt 0.386610 0.974038
vt 0.910946 0.032447
vt 0.910375 0.023988
vt 0.917821 0.031847
vt 0.917084 0.023402
vt 0.382303 0.964318
vt 0.388569 0.965578
vt 0.361786 0.959758
vt 0.364481 0.960182
vt 0.360249 0.959909
vt 0.357833 0.960640
vt 0.356364 0.961329
vt 0.890073 0.006115
vt 0.890096 0.008740
vt 0.887202 0.006366
vt 0.887202 0.008993
vt 0.909231 0.007070
vt 0.909055 0.004459
vt 0.915610 0.006513
vt 0.915382 0.003906
vt 0.912090 0.049366
vt 0.911518 0.040906
vt 0.919295 0.048737
vt 0.918558 0.040292
vt 0.890397 0.042750
vt 0.890472 0.051253
vt 0.887202 0.043029
vt 0.887202 0.051538
vt 0.355795 0.927294
vt 0.355786 0.918843
vt 0.357436 0.927166
vt 0.357425 0.918716
vt 0.360005 0.927157
vt 0.359986 0.918705
vt 0.361632 0.927212
vt 0.361615 0.918768
vt 0.364909 0.919025
vt 0.364855 0.927467
vt 0.386701 0.920975
vt 0.393928 0.921624
vt 0.386173 0.929542
vt 0.393245 0.930258
vt 0.897437 0.042135
vt 0.897678 0.050624
vt 0.896956 0.025159
vt 0.897196 0.033647
vt 0.896400 0.005563
vt 0.896475 0.008183
vt 0.367349 0.969886
vt 0.368077 0.968385
vt 0.369039 0.965967
vt 0.369514 0.964354
vt 0.370131 0.961749
vt 0.371729 0.936524
vt 0.371439 0.944905
vt 0.372183 0.919631
vt 0.371970 0.928098
vt 0.379451 0.920295
vt 0.379083 0.928802
vt 0.378150 0.945852
vt 0.378668 0.937318
vt 0.376133 0.963077
vt 0.375564 0.965725
vt 0.375165 0.967358
vt 0.374440 0.969838
vt 0.373919 0.971408
vt 0.902728 0.005011
vt 0.902853 0.007626
vt 0.903665 0.024574
vt 0.904071 0.033047
vt 0.904477 0.041521
vt 0.904884 0.049995
vt 0.390193 0.956721
vt 0.383765 0.955597
vt 0.377395 0.954446
vt 0.371080 0.953257
vt 0.364532 0.952285
vt 0.361490 0.952074
vt 0.359849 0.952122
vt 0.357250 0.952325
vt 0.355626 0.952599
vt 0.890171 0.017242
vt 0.887202 0.017502
vt 0.896715 0.016671
vt 0.903259 0.016100
vt 0.909803 0.015529
vt 0.916347 0.014958
vt 0.913233 0.066284
vt 0.912661 0.057825
vt 0.920770 0.065626
vt 0.920033 0.057181
vt 0.905290 0.058468
vt 0.905696 0.066942
vt 0.897918 0.059112
vt 0.898159 0.067600
vt 0.890547 0.059755
vt 0.890622 0.068258
vt 0.887202 0.060047
vt 0.887202 0.068556
vt 0.355728 0.910364
vt 0.355626 0.901855
vt 0.357367 0.910237
vt 0.357264 0.901727
vt 0.359920 0.910220
vt 0.359810 0.901702
vt 0.361554 0.910290
vt 0.361448 0.901780
vt 0.364892 0.902042
vt 0.364921 0.910549
vt 0.372499 0.902645
vt 0.372355 0.911148
vt 0.379788 0.911786
vt 0.380112 0.903283
vt 0.387207 0.912437
vt 0.387709 0.903934
vt 0.394606 0.913069
vt 0.395281 0.904569
vt 0.680628 0.384145
vt 0.678813 0.382928
vt 0.679541 0.457378
vt 0.676982 0.457439
vt 0.522213 0.788545
vt 0.519495 0.788307
vt 0.677066 0.391349
vt 0.675464 0.390954
vt 0.679697 0.391794
vt 0.681379 0.391852
vt 0.684169 0.391708
vt 0.684410 0.436461
vt 0.684400 0.446008
vt 0.681297 0.436698
vt 0.681216 0.446242
vt 0.679565 0.446325
vt 0.679653 0.436784
vt 0.677101 0.436741
vt 0.677005 0.446294
vt 0.675371 0.446193
vt 0.675472 0.436630
vt 0.522586 0.742935
vt 0.519495 0.742664
vt 0.522664 0.733380
vt 0.519495 0.733103
vt 0.519495 0.797147
vt 0.522140 0.797379
vt 0.684331 0.455593
vt 0.522742 0.723826
vt 0.519495 0.723541
vt 0.536362 0.734582
vt 0.527928 0.733842
vt 0.536778 0.725057
vt 0.528136 0.724299
vt 0.535945 0.744106
vt 0.527720 0.743385
vt 0.535529 0.753631
vt 0.527512 0.752928
vt 0.535113 0.763156
vt 0.527304 0.762471
vt 0.534729 0.771962
vt 0.527112 0.771294
vt 0.534344 0.780769
vt 0.526920 0.780118
vt 0.533959 0.789575
vt 0.526727 0.788941
vt 0.526535 0.797764
vt 0.533575 0.798382
vt 0.685234 0.376999
vt 0.692369 0.375154
vt 0.685998 0.378454
vt 0.692912 0.376707
vt 0.693685 0.379147
vt 0.687096 0.380776
vt 0.687660 0.382358
vt 0.694111 0.380772
vt 0.695620 0.389722
vt 0.688642 0.391070
vt 0.696371 0.398615
vt 0.688897 0.399648
vt 0.696843 0.407452
vt 0.689110 0.408299
vt 0.697211 0.416282
vt 0.689295 0.417031
vt 0.697557 0.425837
vt 0.689455 0.426530
vt 0.697874 0.435396
vt 0.689584 0.436061
vt 0.698174 0.444958
vt 0.689692 0.445612
vt 0.689752 0.455187
vt 0.698449 0.454522
vt 0.707142 0.453851
vt 0.706651 0.444295
vt 0.706153 0.434718
vt 0.705639 0.425116
vt 0.705094 0.415473
vt 0.704516 0.406499
vt 0.703763 0.397449
vt 0.702626 0.388332
vt 0.700866 0.379306
vt 0.700470 0.377671
vt 0.699807 0.375176
vt 0.699349 0.373596
vt 0.541191 0.790209
vt 0.540614 0.798999
vt 0.541768 0.781420
vt 0.542345 0.772630
vt 0.542922 0.763841
vt 0.543546 0.754334
vt 0.544170 0.744828
vt 0.544795 0.735321
vt 0.545419 0.725815
vt 0.713638 0.453359
vt 0.712989 0.443810
vt 0.712336 0.434224
vt 0.711668 0.424592
vt 0.710964 0.414886
vt 0.710230 0.405800
vt 0.709290 0.396578
vt 0.707934 0.387261
vt 0.705983 0.378107
vt 0.705578 0.376453
vt 0.704926 0.373942
vt 0.704499 0.372349
vt 0.546604 0.790684
vt 0.545883 0.799461
vt 0.547325 0.781907
vt 0.548046 0.773130
vt 0.548767 0.764353
vt 0.549547 0.754860
vt 0.550327 0.745368
vt 0.551106 0.735875
vt 0.551886 0.726382
vt 0.628019 0.024934
vt 0.628019 0.004016
vt 0.628627 0.024887
vt 0.628627 0.003969
vt 0.629235 0.024839
vt 0.629235 0.003922
vt 0.629845 0.024824
vt 0.629845 0.003906
vt 0.630455 0.024839
vt 0.630455 0.003922
vt 0.631063 0.024887
vt 0.631063 0.003969
vt 0.631671 0.024934
vt 0.631671 0.004016
vt 0.632281 0.024949
vt 0.632281 0.004032
vt 0.627409 0.024949
vt 0.627409 0.004032
vt 0.805010 0.318011
vt 0.803269 0.318011
vt 0.805010 0.301959
vt 0.803269 0.301959
vt 0.805010 0.503663
vt 0.803269 0.503663
vt 0.805010 0.468994
vt 0.803269 0.468994
vt 0.005647 0.424382
vt 0.003906 0.424382
vt 0.005647 0.408330
vt 0.003906 0.408330
vt 0.805010 0.461001
vt 0.803269 0.461001
vt 0.805010 0.426332
vt 0.803269 0.426332
vt 0.755307 0.079176
vt 0.755307 0.044507
vt 0.771359 0.079176
vt 0.771359 0.044507
vt 0.783350 0.276115
vt 0.783350 0.310784
vt 0.767298 0.276115
vt 0.767298 0.310784
vt 0.558184 0.336210
vt 0.555467 0.336210
vt 0.558184 0.305072
vt 0.555467 0.305072
vt 0.012611 0.493541
vt 0.010993 0.494125
vt 0.012125 0.492804
vt 0.004257 0.490968
vt 0.003906 0.492470
vt 0.489064 0.367287
vt 0.487521 0.367287
vt 0.489064 0.364569
vt 0.487521 0.364569
vt 0.829968 0.011183
vt 0.827250 0.011183
vt 0.829968 0.003906
vt 0.827250 0.003906
vt 0.558184 0.346701
vt 0.555467 0.346701
vt 0.558184 0.338621
vt 0.555467 0.338621
vt 0.006221 0.525019
vt 0.003906 0.524479
vt 0.013301 0.494696
vt 0.507505 0.319209
vt 0.507505 0.316492
vt 0.509882 0.319209
vt 0.509882 0.316492
vt 0.805987 0.542827
vt 0.803269 0.542827
vt 0.805987 0.511657
vt 0.803269 0.511657
vt 0.344347 0.555410
vt 0.343860 0.556146
vt 0.342728 0.554826
vt 0.335993 0.557983
vt 0.335642 0.556480
vt 0.335642 0.524472
vt 0.337957 0.523932
vt 0.345036 0.554254
vt 0.555467 0.337416
vt 0.558184 0.337416
vt 0.344840 0.555444
vt 0.013105 0.493507
vt 0.570175 0.382776
vt 0.567457 0.382776
vt 0.570175 0.351637
vt 0.567457 0.351637
vt 0.376321 0.424139
vt 0.374703 0.424723
vt 0.375835 0.423402
vt 0.367967 0.421566
vt 0.367616 0.423068
vt 0.509048 0.340418
vt 0.507505 0.340418
vt 0.509048 0.337700
vt 0.507505 0.337700
vt 0.837961 0.222922
vt 0.835244 0.222922
vt 0.837961 0.215645
vt 0.835244 0.215645
vt 0.570175 0.393266
vt 0.567457 0.393266
vt 0.570175 0.385187
vt 0.567457 0.385187
vt 0.369932 0.455617
vt 0.367616 0.455077
vt 0.377011 0.425294
vt 0.495514 0.325275
vt 0.495514 0.322558
vt 0.497892 0.325275
vt 0.497892 0.322558
vt 0.793996 0.145341
vt 0.791279 0.145341
vt 0.793996 0.114171
vt 0.791279 0.114171
vt 0.396305 0.554249
vt 0.395819 0.554985
vt 0.394687 0.553665
vt 0.387951 0.556822
vt 0.387600 0.555319
vt 0.387600 0.523311
vt 0.389916 0.522770
vt 0.396995 0.553093
vt 0.567457 0.383981
vt 0.570175 0.383981
vt 0.396799 0.554283
vt 0.376815 0.424105
vt 0.722125 0.017298
vt 0.707346 0.017298
vt 0.722125 0.003906
vt 0.707346 0.003906
vt 0.763301 0.101950
vt 0.763301 0.087170
vt 0.764905 0.101950
vt 0.764905 0.087170
vt 0.707346 0.017865
vt 0.722125 0.017865
vt 0.707346 0.018667
vt 0.722125 0.018667
vt 0.722125 0.019234
vt 0.707346 0.019234
vt 0.509048 0.278158
vt 0.507505 0.278158
vt 0.509048 0.270982
vt 0.507505 0.270982
vt 0.975368 0.163061
vt 0.975368 0.164604
vt 0.975132 0.163061
vt 0.975132 0.164604
vt 0.704892 0.302768
vt 0.703349 0.302768
vt 0.704892 0.295592
vt 0.703349 0.295592
vt 0.975132 0.135993
vt 0.975132 0.134450
vt 0.975368 0.135993
vt 0.975368 0.134450
vt 0.915180 0.580722
vt 0.915415 0.580722
vt 0.915180 0.587898
vt 0.915415 0.587898
vt 0.947155 0.416873
vt 0.947390 0.416873
vt 0.947155 0.424049
vt 0.947390 0.424049
vt 0.685821 0.336842
vt 0.685470 0.336842
vt 0.685821 0.332296
vt 0.685470 0.332296
vt 0.685120 0.336842
vt 0.685120 0.332296
vt 0.684769 0.336842
vt 0.684769 0.332296
vt 0.684418 0.336842
vt 0.684418 0.332296
vt 0.684067 0.336842
vt 0.684067 0.332296
vt 0.683716 0.336842
vt 0.683716 0.332296
vt 0.683365 0.336842
vt 0.683365 0.332296
vt 0.686172 0.336842
vt 0.686172 0.332296
vt 0.987970 0.174830
vt 0.987722 0.175078
vt 0.987546 0.174654
vt 0.987970 0.174479
vt 0.987722 0.174231
vt 0.987371 0.174231
vt 0.987123 0.174479
vt 0.987123 0.174830
vt 0.987371 0.175078
vt 0.439559 0.628778
vt 0.439559 0.627702
vt 0.440198 0.628778
vt 0.440198 0.627702
vt 0.439559 0.621242
vt 0.439559 0.620166
vt 0.440198 0.621242
vt 0.440198 0.620166
vt 0.439559 0.622319
vt 0.440199 0.622319
vt 0.439559 0.623395
vt 0.440199 0.623395
vt 0.439559 0.624472
vt 0.440198 0.624472
vt 0.439559 0.625548
vt 0.440199 0.625548
vt 0.439559 0.626625
vt 0.440199 0.626625
vt 0.448429 0.396159
vt 0.448429 0.396510
vt 0.447553 0.395797
vt 0.447553 0.396873
vt 0.448677 0.395911
vt 0.448314 0.395035
vt 0.449028 0.395911
vt 0.449390 0.395035
vt 0.449276 0.396159
vt 0.450152 0.395797
vt 0.449276 0.396510
vt 0.450152 0.396873
vt 0.449028 0.396758
vt 0.449390 0.397634
vt 0.448677 0.396758
vt 0.448314 0.397634
vt 0.916723 0.307785
vt 0.915180 0.307785
vt 0.916723 0.300608
vt 0.915180 0.300608
vt 0.987358 0.155157
vt 0.987358 0.156700
vt 0.987123 0.155157
vt 0.987123 0.156700
vt 0.509048 0.308498
vt 0.507505 0.308498
vt 0.509048 0.301322
vt 0.507505 0.301322
vt 0.975368 0.143987
vt 0.975368 0.145530
vt 0.975132 0.143987
vt 0.975132 0.145530
vt 0.903190 0.586134
vt 0.903425 0.586134
vt 0.903190 0.593310
vt 0.903425 0.593310
vt 0.887202 0.591835
vt 0.887438 0.591835
vt 0.887202 0.599012
vt 0.887438 0.599012
vt 0.485067 0.319141
vt 0.483524 0.319141
vt 0.485067 0.311965
vt 0.483524 0.311965
vt 0.987123 0.147163
vt 0.987123 0.145620
vt 0.987358 0.147163
vt 0.987358 0.145620
vt 0.509048 0.293328
vt 0.507505 0.293328
vt 0.509048 0.286152
vt 0.507505 0.286152
vt 0.987123 0.137627
vt 0.987123 0.136084
vt 0.987358 0.137627
vt 0.987358 0.136084
vt 0.875212 0.591835
vt 0.875447 0.591835
vt 0.875212 0.599012
vt 0.875447 0.599012
vt 0.915180 0.482521
vt 0.915415 0.482521
vt 0.915180 0.489697
vt 0.915415 0.489697
vt 0.705806 0.315307
vt 0.705455 0.315307
vt 0.705806 0.310761
vt 0.705455 0.310761
vt 0.705104 0.315307
vt 0.705104 0.310761
vt 0.704753 0.315307
vt 0.704753 0.310761
vt 0.704402 0.315307
vt 0.704402 0.310761
vt 0.704051 0.315307
vt 0.704051 0.310761
vt 0.703700 0.315307
vt 0.703700 0.310761
vt 0.703349 0.315307
vt 0.703349 0.310761
vt 0.706156 0.315307
vt 0.706156 0.310761
vt 0.975980 0.173196
vt 0.975731 0.173445
vt 0.975556 0.173021
vt 0.975980 0.172846
vt 0.975731 0.172597
vt 0.975380 0.172597
vt 0.975132 0.172846
vt 0.975132 0.173196
vt 0.975380 0.173445
vt 0.452189 0.631877
vt 0.452189 0.632954
vt 0.451550 0.631877
vt 0.451550 0.632954
vt 0.452189 0.639413
vt 0.452189 0.640490
vt 0.451550 0.639413
vt 0.451550 0.640490
vt 0.452189 0.638337
vt 0.451550 0.638337
vt 0.452189 0.637260
vt 0.451550 0.637260
vt 0.452189 0.636183
vt 0.451550 0.636183
vt 0.452189 0.635107
vt 0.451550 0.635107
vt 0.452189 0.634030
vt 0.451550 0.634030
vt 0.496390 0.313089
vt 0.496390 0.313440
vt 0.495514 0.312726
vt 0.495514 0.313803
vt 0.496638 0.312841
vt 0.496276 0.311965
vt 0.496989 0.312841
vt 0.497352 0.311965
vt 0.497238 0.313089
vt 0.498113 0.312726
vt 0.497238 0.313440
vt 0.498113 0.313803
vt 0.496989 0.313688
vt 0.497352 0.314564
vt 0.496639 0.313688
vt 0.496276 0.314564
vt 0.904733 0.303716
vt 0.903190 0.303716
vt 0.904733 0.296539
vt 0.903190 0.296539
vt 0.975132 0.155067
vt 0.975132 0.153524
vt 0.975368 0.155067
vt 0.975368 0.153524
vt 0.912726 0.167173
vt 0.911183 0.167173
vt 0.912726 0.159996
vt 0.911183 0.159996
vt 0.987358 0.164694
vt 0.987358 0.166237
vt 0.987123 0.164694
vt 0.987123 0.166237
vt 0.935164 0.635535
vt 0.935400 0.635535
vt 0.935164 0.642712
vt 0.935400 0.642712
vt 0.931167 0.650705
vt 0.931403 0.650705
vt 0.931167 0.657882
vt 0.931403 0.657882
vt 0.137057 0.911989
vt 0.136489 0.911759
vt 0.137230 0.911241
vt 0.136568 0.911215
vt 0.127808 0.912130
vt 0.128478 0.911984
vt 0.128079 0.912846
vt 0.128677 0.912478
vt 0.127808 0.909463
vt 0.128433 0.909595
vt 0.136737 0.908565
vt 0.136096 0.908847
vt 0.134591 0.913389
vt 0.134473 0.913698
vt 0.132741 0.912823
vt 0.131031 0.913778
vt 0.131198 0.914045
vt 0.133961 0.921710
vt 0.133145 0.921785
vt 0.129070 0.913552
vt 0.129217 0.912942
vt 0.128866 0.909014
vt 0.128502 0.908421
vt 0.132206 0.907879
vt 0.132147 0.907205
vt 0.135570 0.908339
vt 0.135783 0.907727
vt 0.441238 0.143687
vt 0.442540 0.143687
vt 0.441242 0.151654
vt 0.442544 0.151653
vt 0.442544 0.170811
vt 0.441242 0.170811
vt 0.442544 0.162875
vt 0.441242 0.162875
vt 0.442544 0.161265
vt 0.934360 0.155113
vt 0.933558 0.155002
vt 0.934497 0.153506
vt 0.933779 0.153407
vt 0.442545 0.153266
vt 0.987123 0.128094
vt 0.987123 0.126411
vt 0.987932 0.128067
vt 0.987932 0.126384
vt 0.439560 0.153271
vt 0.439559 0.151658
vt 0.499511 0.373393
vt 0.500237 0.373407
vt 0.499511 0.376378
vt 0.500237 0.376392
vt 0.439559 0.161264
vt 0.439559 0.162875
vt 0.128878 0.912780
vt 0.128511 0.913297
vt 0.136014 0.912311
vt 0.136304 0.912117
vt 0.136292 0.912954
vt 0.136777 0.912525
vt 0.128064 0.908897
vt 0.128594 0.909248
vt 0.136319 0.908065
vt 0.135897 0.908543
vt 0.468843 0.214006
vt 0.468844 0.216630
vt 0.467537 0.214093
vt 0.468193 0.216631
vt 0.467732 0.216442
vt 0.467537 0.215983
vt 0.468844 0.210640
vt 0.467537 0.210557
vt 0.468844 0.208187
vt 0.468193 0.208187
vt 0.467733 0.208378
vt 0.467542 0.208838
vt 0.472043 0.212321
vt 0.472043 0.215978
vt 0.471392 0.216629
vt 0.471852 0.216438
vt 0.472043 0.208838
vt 0.471392 0.208187
vt 0.471852 0.208378
vt 0.934492 0.163079
vt 0.932832 0.163201
vt 0.931272 0.162602
vt 0.441238 0.143389
vt 0.442545 0.143318
vt 0.441237 0.171109
vt 0.442544 0.171180
vt 0.934497 0.163447
vt 0.468843 0.212323
vt 0.931167 0.162955
vt 0.264082 0.884881
vt 0.263206 0.884881
vt 0.264082 0.865870
vt 0.263206 0.865870
vt 0.262330 0.884881
vt 0.262330 0.865870
vt 0.261454 0.884881
vt 0.261454 0.865870
vt 0.260578 0.884881
vt 0.260578 0.865870
vt 0.259702 0.884881
vt 0.259702 0.865870
vt 0.270213 0.884881
vt 0.269338 0.884881
vt 0.270213 0.865870
vt 0.269338 0.865870
vt 0.268462 0.884881
vt 0.268462 0.865870
vt 0.267586 0.884881
vt 0.267586 0.865870
vt 0.266710 0.884881
vt 0.266710 0.865870
vt 0.265834 0.884881
vt 0.265834 0.865870
vt 0.264958 0.884881
vt 0.264958 0.865870
vt 0.003906 0.434448
vt 0.003906 0.433572
vt 0.005541 0.434010
vt 0.004344 0.435206
vt 0.005103 0.435644
vt 0.005979 0.435644
vt 0.006737 0.435206
vt 0.007175 0.434448
vt 0.007175 0.433572
vt 0.006737 0.432813
vt 0.005979 0.432375
vt 0.005103 0.432375
vt 0.004344 0.432813
vt 0.931605 0.098381
vt 0.932802 0.097184
vt 0.932364 0.098819
vt 0.933240 0.095550
vt 0.933998 0.095988
vt 0.934436 0.096746
vt 0.934436 0.097622
vt 0.933998 0.098381
vt 0.933240 0.098819
vt 0.931167 0.097622
vt 0.931167 0.096746
vt 0.931605 0.095988
vt 0.932364 0.095550
vt 0.584497 0.389594
vt 0.579448 0.389594
vt 0.584497 0.351637
vt 0.579448 0.351637
vt 0.564513 0.244882
vt 0.559464 0.244882
vt 0.564513 0.190279
vt 0.559464 0.190279
vt 0.936216 0.520477
vt 0.931167 0.520477
vt 0.936216 0.482521
vt 0.931167 0.482521
vt 0.648338 0.887256
vt 0.648338 0.959511
vt 0.611422 0.896082
vt 0.611422 0.950685
vt 0.718628 0.253180
vt 0.718727 0.256700
vt 0.715638 0.253172
vt 0.715520 0.256692
vt 0.718850 0.267786
vt 0.718807 0.276072
vt 0.715339 0.267777
vt 0.715340 0.276120
vt 0.718799 0.259254
vt 0.718872 0.263652
vt 0.715435 0.259245
vt 0.715339 0.263642
vt 0.718863 0.265238
vt 0.715339 0.265228
vt 0.715828 0.246201
vt 0.718470 0.246250
vt 0.803341 0.209111
vt 0.803370 0.207901
vt 0.806551 0.209107
vt 0.806519 0.207897
vt 0.803379 0.207288
vt 0.806509 0.207283
vt 0.803378 0.206076
vt 0.806506 0.206072
vt 0.803355 0.204865
vt 0.806525 0.204861
vt 0.803319 0.203655
vt 0.806559 0.203651
vt 0.803296 0.214559
vt 0.803272 0.213350
vt 0.806608 0.214555
vt 0.806630 0.213347
vt 0.803269 0.212141
vt 0.806630 0.212138
vt 0.803277 0.211529
vt 0.803305 0.210321
vt 0.806621 0.211526
vt 0.806590 0.210317
vt 0.803281 0.202446
vt 0.806594 0.202442
vt 0.312597 0.597076
vt 0.306572 0.591390
vt 0.312597 0.593627
vt 0.307271 0.588101
vt 0.308480 0.588089
vt 0.307846 0.579635
vt 0.307835 0.584275
vt 0.305424 0.582191
vt 0.306688 0.584663
vt 0.303667 0.584046
vt 0.305989 0.585650
vt 0.303670 0.588444
vt 0.306002 0.586858
vt 0.304762 0.589595
vt 0.306723 0.587829
vt 0.312597 0.583723
vt 0.312597 0.585721
vt 0.309713 0.585609
vt 0.309815 0.586213
vt 0.312597 0.578410
vt 0.308991 0.584636
vt 0.312597 0.574587
vt 0.312597 0.588287
vt 0.309453 0.587369
vt 0.562316 0.790624
vt 0.559464 0.790134
vt 0.562417 0.790020
vt 0.559464 0.787790
vt 0.559464 0.779001
vt 0.564279 0.784044
vt 0.559464 0.783361
vt 0.564295 0.788684
vt 0.563139 0.789046
vt 0.566130 0.791266
vt 0.566143 0.790057
vt 0.568463 0.792850
vt 0.568462 0.788452
vt 0.564862 0.792510
vt 0.565558 0.795792
vt 0.563653 0.792499
vt 0.559464 0.801489
vt 0.565442 0.789071
vt 0.566703 0.786599
vt 0.565409 0.792237
vt 0.567371 0.794001
vt 0.559464 0.792700
vt 0.562680 0.791779
vt 0.248347 0.878950
vt 0.247897 0.878920
vt 0.248364 0.877887
vt 0.247914 0.877852
vt 0.248398 0.876857
vt 0.247948 0.876833
vt 0.248379 0.875839
vt 0.247929 0.875828
vt 0.248384 0.874831
vt 0.247934 0.874826
vt 0.248396 0.873711
vt 0.247895 0.873712
vt 0.248395 0.872630
vt 0.247894 0.872630
vt 0.248353 0.870398
vt 0.247851 0.870405
vt 0.248330 0.868735
vt 0.247829 0.868749
vt 0.248290 0.867345
vt 0.247786 0.867321
vt 0.248278 0.865962
vt 0.247775 0.865936
vt 0.248267 0.864708
vt 0.247764 0.864680
vt 0.248398 0.894893
vt 0.247895 0.894885
vt 0.248365 0.893866
vt 0.247862 0.893865
vt 0.248352 0.893404
vt 0.247849 0.893409
vt 0.248355 0.892963
vt 0.247853 0.892889
vt 0.248285 0.892321
vt 0.247836 0.892362
vt 0.248239 0.891401
vt 0.248264 0.891867
vt 0.247791 0.891451
vt 0.247815 0.891913
vt 0.248192 0.890474
vt 0.248214 0.890904
vt 0.247743 0.890519
vt 0.247766 0.890955
vt 0.248162 0.888964
vt 0.248180 0.889995
vt 0.247712 0.888979
vt 0.247730 0.890021
vt 0.248166 0.887710
vt 0.247715 0.887716
vt 0.248169 0.886327
vt 0.247719 0.886324
vt 0.248203 0.884937
vt 0.247753 0.884929
vt 0.248227 0.883275
vt 0.247777 0.883268
vt 0.248278 0.881045
vt 0.247828 0.881036
vt 0.248288 0.879941
vt 0.247839 0.879920
vt 0.717531 0.296267
vt 0.718214 0.290098
vt 0.718018 0.296469
vt 0.719015 0.284242
vt 0.719970 0.284721
vt 0.720532 0.285551
vt 0.720904 0.286604
vt 0.720979 0.288834
vt 0.720938 0.290495
vt 0.720796 0.291883
vt 0.720552 0.293254
vt 0.720258 0.294482
vt 0.719952 0.295478
vt 0.719681 0.295896
vt 0.719383 0.296215
vt 0.718913 0.296377
vt 0.718467 0.296497
vt 0.717116 0.295954
vt 0.716851 0.295583
vt 0.716481 0.294631
vt 0.716088 0.293438
vt 0.715733 0.292099
vt 0.715522 0.290687
vt 0.715339 0.289040
vt 0.715339 0.286815
vt 0.715588 0.285762
vt 0.716147 0.284798
vt 0.717022 0.284310
vt 0.718006 0.284103
vt 0.399591 0.008478
vt 0.399591 0.007563
vt 0.410486 0.008478
vt 0.410486 0.007563
vt 0.399591 0.006649
vt 0.410486 0.006649
vt 0.399591 0.005735
vt 0.410486 0.005735
vt 0.399591 0.004821
vt 0.410486 0.004821
vt 0.399591 0.003906
vt 0.410486 0.003906
vt 0.399591 0.014878
vt 0.399591 0.013964
vt 0.410486 0.014878
vt 0.410486 0.013964
vt 0.399591 0.013049
vt 0.410486 0.013049
vt 0.399591 0.012135
vt 0.410486 0.012135
vt 0.399591 0.011221
vt 0.410486 0.011221
vt 0.399591 0.010306
vt 0.410486 0.010306
vt 0.399591 0.009392
vt 0.410486 0.009392
vt 0.875669 0.004363
vt 0.876918 0.005612
vt 0.875212 0.005155
vt 0.878624 0.006069
vt 0.878167 0.006861
vt 0.877375 0.007318
vt 0.876461 0.007319
vt 0.875669 0.006861
vt 0.875212 0.006070
vt 0.876461 0.003906
vt 0.877375 0.003906
vt 0.878167 0.004363
vt 0.878624 0.005155
vt 0.863221 0.209892
vt 0.863251 0.204941
vt 0.866119 0.209880
vt 0.866150 0.204929
vt 0.866129 0.200110
vt 0.863231 0.200123
vt 0.866119 0.197878
vt 0.863221 0.197890
vt 0.498412 0.276152
vt 0.495514 0.276152
vt 0.498412 0.273497
vt 0.495514 0.273497
vt 0.498412 0.272739
vt 0.495514 0.272739
vt 0.498412 0.269830
vt 0.495514 0.269830
vt 0.442475 0.331272
vt 0.439577 0.331254
vt 0.442457 0.326390
vt 0.439559 0.326373
vt 0.943165 0.537237
vt 0.943158 0.532418
vt 0.945817 0.537378
vt 0.945979 0.531867
vt 0.948928 0.527321
vt 0.949323 0.527458
vt 0.946447 0.531525
vt 0.949316 0.532409
vt 0.949305 0.539460
vt 0.948608 0.539654
vt 0.949323 0.537228
vt 0.946539 0.537609
vt 0.335642 0.576863
vt 0.336060 0.576863
vt 0.335642 0.579761
vt 0.336060 0.579761
vt 0.717501 0.080178
vt 0.714849 0.080319
vt 0.717508 0.075359
vt 0.714687 0.074808
vt 0.711737 0.070262
vt 0.714219 0.074467
vt 0.711342 0.070399
vt 0.711348 0.075350
vt 0.714127 0.080550
vt 0.711361 0.082401
vt 0.711342 0.080169
vt 0.712057 0.082595
vt 0.439577 0.331834
vt 0.442474 0.331852
vt 0.511502 0.373395
vt 0.512225 0.373395
vt 0.511502 0.376293
vt 0.512225 0.376293
vt 0.442457 0.334726
vt 0.439559 0.334708
vt 0.293999 0.610007
vt 0.293387 0.609516
vt 0.294406 0.609023
vt 0.293571 0.608869
vt 0.293637 0.606740
vt 0.294581 0.606766
vt 0.295860 0.606828
vt 0.295610 0.609395
vt 0.295115 0.610599
vt 0.289546 0.610311
vt 0.290107 0.610853
vt 0.288850 0.610866
vt 0.289779 0.611748
vt 0.288978 0.609344
vt 0.288168 0.609682
vt 0.288601 0.607058
vt 0.287680 0.607145
vt 0.289873 0.609085
vt 0.289618 0.606943
vt 0.290482 0.610349
vt 0.290153 0.609726
vt 0.290659 0.600028
vt 0.291013 0.599912
vt 0.290857 0.600470
vt 0.291136 0.600466
vt 0.290450 0.599219
vt 0.290916 0.598959
vt 0.291389 0.599863
vt 0.291421 0.598899
vt 0.291744 0.599901
vt 0.291919 0.598930
vt 0.291395 0.600480
vt 0.291654 0.600460
vt 0.292754 0.611087
vt 0.293547 0.610611
vt 0.293191 0.612171
vt 0.294322 0.611503
vt 0.291898 0.611307
vt 0.291991 0.612399
vt 0.291058 0.611251
vt 0.290796 0.612324
vt 0.291835 0.610569
vt 0.291181 0.610494
vt 0.292918 0.609960
vt 0.292378 0.610314
vt 0.293311 0.601179
vt 0.294199 0.600398
vt 0.293822 0.602313
vt 0.294938 0.601750
vt 0.294220 0.603660
vt 0.295454 0.603307
vt 0.293303 0.603842
vt 0.292988 0.602602
vt 0.292606 0.601576
vt 0.288748 0.603886
vt 0.289049 0.602495
vt 0.289710 0.603992
vt 0.289932 0.602721
vt 0.287836 0.603649
vt 0.288203 0.602091
vt 0.289497 0.601304
vt 0.288784 0.600704
vt 0.290239 0.601660
vt 0.292156 0.600027
vt 0.292428 0.599050
vt 0.292404 0.600157
vt 0.292836 0.599222
vt 0.292722 0.600402
vt 0.293302 0.599509
vt 0.292217 0.600862
vt 0.291936 0.600455
vt 0.292085 0.600655
vt 0.290061 0.600468
vt 0.290594 0.600885
vt 0.289568 0.599726
vt 0.290391 0.600183
vt 0.290016 0.599413
vt 0.290716 0.600674
vt 0.294454 0.605057
vt 0.295728 0.604905
vt 0.293519 0.605143
vt 0.288599 0.605319
vt 0.289599 0.605321
vt 0.287680 0.605234
vt 0.004871 0.709577
vt 0.004422 0.709537
vt 0.004946 0.708471
vt 0.004497 0.707943
vt 0.004862 0.706431
vt 0.004949 0.707445
vt 0.004412 0.706450
vt 0.004799 0.705424
vt 0.004349 0.705450
vt 0.004736 0.704307
vt 0.004236 0.704341
vt 0.004662 0.703228
vt 0.004162 0.703262
vt 0.004479 0.701003
vt 0.003906 0.700222
vt 0.004332 0.699347
vt 0.004407 0.728131
vt 0.004425 0.729522
vt 0.003906 0.727409
vt 0.003917 0.730353
vt 0.004412 0.726748
vt 0.004414 0.725494
vt 0.003912 0.725461
vt 0.004435 0.724467
vt 0.003932 0.724440
vt 0.004447 0.724006
vt 0.003944 0.723984
vt 0.004472 0.723565
vt 0.003975 0.723465
vt 0.004436 0.722920
vt 0.003986 0.722938
vt 0.004439 0.721999
vt 0.004439 0.722466
vt 0.003989 0.722026
vt 0.003989 0.722488
vt 0.004441 0.721502
vt 0.003990 0.721529
vt 0.004440 0.721071
vt 0.003995 0.720846
vt 0.004451 0.720591
vt 0.004461 0.719561
vt 0.004027 0.718934
vt 0.004494 0.718307
vt 0.004528 0.716925
vt 0.004078 0.716912
vt 0.004593 0.715536
vt 0.004143 0.715518
vt 0.004653 0.713875
vt 0.004204 0.713857
vt 0.004754 0.711646
vt 0.004304 0.711628
vt 0.004789 0.710543
vt 0.004340 0.710512
vt 0.884343 0.141190
vt 0.884282 0.141115
vt 0.885319 0.140832
vt 0.885263 0.140598
vt 0.886268 0.140771
vt 0.886284 0.140497
vt 0.887188 0.140931
vt 0.887272 0.140738
vt 0.887934 0.141420
vt 0.888149 0.141237
vt 0.888393 0.142268
vt 0.888781 0.142161
vt 0.888915 0.145423
vt 0.888837 0.143235
vt 0.889321 0.145414
vt 0.889111 0.143190
vt 0.888890 0.147068
vt 0.889297 0.147076
vt 0.888245 0.148616
vt 0.888633 0.147302
vt 0.888636 0.148724
vt 0.889030 0.147390
vt 0.887761 0.149893
vt 0.888146 0.150017
vt 0.887258 0.151024
vt 0.887637 0.151163
vt 0.886805 0.151900
vt 0.887166 0.152076
vt 0.886537 0.152208
vt 0.886862 0.152423
vt 0.885861 0.152542
vt 0.886265 0.152433
vt 0.885911 0.152912
vt 0.886523 0.152706
vt 0.885095 0.152497
vt 0.885470 0.152584
vt 0.885015 0.152760
vt 0.885456 0.152911
vt 0.884513 0.152065
vt 0.884725 0.152333
vt 0.884290 0.152224
vt 0.884559 0.152560
vt 0.884044 0.150750
vt 0.884303 0.151701
vt 0.883779 0.150815
vt 0.884049 0.151809
vt 0.883788 0.149540
vt 0.883519 0.149588
vt 0.883584 0.148190
vt 0.883312 0.148220
vt 0.883479 0.146824
vt 0.883205 0.146834
vt 0.883479 0.145179
vt 0.883205 0.145172
vt 0.883589 0.142992
vt 0.883340 0.142945
vt 0.883892 0.142015
vt 0.883733 0.141913
vt 0.154692 0.964532
vt 0.102446 0.959829
vt 0.154472 0.961948
vt 0.103136 0.957318
vt 0.162571 0.904895
vt 0.162011 0.957871
vt 0.160011 0.905317
vt 0.159458 0.957383
vt 0.103097 0.893516
vt 0.155858 0.897586
vt 0.103373 0.896096
vt 0.155229 0.900111
vt 0.095833 0.952600
vt 0.095833 0.900206
vt 0.098385 0.952133
vt 0.098394 0.900647
vt 0.159398 0.962318
vt 0.157678 0.960532
vt 0.098228 0.957078
vt 0.100040 0.955336
vt 0.160171 0.900325
vt 0.158375 0.902072
vt 0.098403 0.895763
vt 0.100155 0.897520
vt 0.897075 0.238410
vt 0.896178 0.238410
vt 0.897075 0.227201
vt 0.896178 0.227201
vt 0.895280 0.238410
vt 0.895280 0.227201
vt 0.894382 0.238410
vt 0.894382 0.227201
vt 0.893485 0.238410
vt 0.893485 0.227201
vt 0.892587 0.238410
vt 0.892587 0.227201
vt 0.891690 0.238410
vt 0.891690 0.227201
vt 0.890792 0.238410
vt 0.890792 0.227201
vt 0.889895 0.238410
vt 0.889895 0.227201
vt 0.888997 0.238410
vt 0.888997 0.227201
vt 0.888100 0.238410
vt 0.888100 0.227201
vt 0.887202 0.238410
vt 0.887202 0.227201
vt 0.897973 0.238410
vt 0.897973 0.227201
vt 0.895196 0.077765
vt 0.896871 0.078214
vt 0.895196 0.078662
vt 0.898546 0.077765
vt 0.898546 0.078662
vt 0.898097 0.079440
vt 0.897319 0.079888
vt 0.896422 0.079888
vt 0.895645 0.079440
vt 0.895645 0.076988
vt 0.896422 0.076539
vt 0.897320 0.076539
vt 0.898097 0.076988
vt 0.843237 0.092434
vt 0.843267 0.087483
vt 0.846135 0.092422
vt 0.846166 0.087470
vt 0.846145 0.082652
vt 0.843247 0.082664
vt 0.846135 0.080420
vt 0.843237 0.080432
vt 0.510403 0.262989
vt 0.507505 0.262989
vt 0.510403 0.260333
vt 0.507505 0.260333
vt 0.510403 0.259575
vt 0.507505 0.259575
vt 0.510403 0.256666
vt 0.507505 0.256666
vt 0.474450 0.304620
vt 0.471552 0.304602
vt 0.474431 0.299738
vt 0.471534 0.299720
vt 0.887209 0.292736
vt 0.887202 0.287918
vt 0.889862 0.292877
vt 0.890023 0.287367
vt 0.892973 0.282821
vt 0.893368 0.282957
vt 0.890491 0.287025
vt 0.893361 0.287909
vt 0.893349 0.294960
vt 0.892653 0.295153
vt 0.893368 0.292727
vt 0.890583 0.293108
vt 0.335642 0.565971
vt 0.336060 0.565971
vt 0.335642 0.568869
vt 0.336060 0.568869
vt 0.865383 0.187493
vt 0.862731 0.187634
vt 0.865390 0.182674
vt 0.862569 0.182123
vt 0.859620 0.177577
vt 0.862101 0.181781
vt 0.859225 0.177713
vt 0.859230 0.182665
vt 0.862009 0.187865
vt 0.859243 0.189716
vt 0.859225 0.187483
vt 0.859940 0.189909
vt 0.471551 0.305182
vt 0.474449 0.305200
vt 0.487521 0.385532
vt 0.488244 0.385532
vt 0.487521 0.388430
vt 0.488244 0.388430
vt 0.474431 0.308074
vt 0.471534 0.308056
vt 0.729378 0.440445
vt 0.727841 0.440906
vt 0.728019 0.430479
vt 0.726872 0.429939
vt 0.726189 0.440331
vt 0.725914 0.430251
vt 0.727750 0.428364
vt 0.725817 0.428345
vt 0.727448 0.427460
vt 0.726637 0.427059
vt 0.725973 0.427516
vt 0.726165 0.426697
vt 0.725887 0.427178
vt 0.726341 0.426308
vt 0.726720 0.426277
vt 0.726921 0.426570
vt 0.727321 0.426924
vt 0.728108 0.445935
vt 0.728934 0.446812
vt 0.727410 0.446929
vt 0.727761 0.447361
vt 0.728635 0.447252
vt 0.726797 0.445327
vt 0.726852 0.446398
vt 0.729385 0.445283
vt 0.726317 0.443255
vt 0.729478 0.442968
vt 0.729425 0.446326
vt 0.111149 0.923006
vt 0.110182 0.921198
vt 0.111803 0.922602
vt 0.111102 0.920624
vt 0.112522 0.924182
vt 0.112634 0.923590
vt 0.114819 0.921949
vt 0.115714 0.921965
vt 0.114484 0.923060
vt 0.115137 0.923417
vt 0.115275 0.919902
vt 0.116079 0.920200
vt 0.112983 0.906622
vt 0.111558 0.906551
vt 0.113084 0.905869
vt 0.111611 0.905870
vt 0.110239 0.906293
vt 0.110262 0.907199
vt 0.116413 0.918904
vt 0.115710 0.918593
vt 0.116312 0.916705
vt 0.117178 0.916759
vt 0.109319 0.919988
vt 0.109993 0.919588
vt 0.108671 0.917890
vt 0.107823 0.917954
vt 0.115021 0.909358
vt 0.115601 0.909270
vt 0.108604 0.911084
vt 0.107823 0.911077
vt 0.114920 0.907826
vt 0.114155 0.907927
vt 0.114513 0.907209
vt 0.109603 0.908969
vt 0.109018 0.908234
vt 0.113887 0.906432
vt 0.109503 0.907045
vt 0.732231 0.443712
vt 0.731416 0.443508
vt 0.732593 0.442089
vt 0.731722 0.442119
vt 0.730352 0.442153
vt 0.730174 0.443207
vt 0.726083 0.447850
vt 0.725056 0.446841
vt 0.726292 0.447615
vt 0.725322 0.446093
vt 0.723970 0.444692
vt 0.724611 0.444174
vt 0.726121 0.445422
vt 0.725780 0.443667
vt 0.726686 0.446822
vt 0.731677 0.445810
vt 0.731042 0.445361
vt 0.731063 0.446991
vt 0.730601 0.446929
vt 0.730032 0.445064
vt 0.729756 0.446526
vt 0.729368 0.426614
vt 0.729921 0.427520
vt 0.729125 0.427318
vt 0.728354 0.428748
vt 0.727997 0.427664
vt 0.723333 0.442984
vt 0.724165 0.442717
vt 0.723333 0.428137
vt 0.724055 0.427741
vt 0.725268 0.428106
vt 0.725478 0.442315
vt 0.643625 0.009413
vt 0.643569 0.007919
vt 0.645774 0.009368
vt 0.645768 0.007874
vt 0.727136 0.448581
vt 0.727323 0.448201
vt 0.728070 0.448700
vt 0.728136 0.448391
vt 0.727293 0.447457
vt 0.727850 0.447679
vt 0.723677 0.427158
vt 0.644131 0.022635
vt 0.644100 0.021803
vt 0.645817 0.022600
vt 0.645814 0.021767
vt 0.727573 0.425570
vt 0.727989 0.425529
vt 0.728510 0.425888
vt 0.727330 0.426467
vt 0.726560 0.425042
vt 0.727227 0.425044
vt 0.726454 0.425285
vt 0.726661 0.426011
vt 0.724261 0.426394
vt 0.725014 0.426020
vt 0.724634 0.426009
vt 0.725762 0.426693
vt 0.644162 0.023484
vt 0.644191 0.023970
vt 0.644560 0.024385
vt 0.645822 0.023450
vt 0.645814 0.023936
vt 0.645462 0.024366
vt 0.645244 0.024732
vt 0.644793 0.024741
vt 0.725864 0.425422
vt 0.725734 0.425194
vt 0.726283 0.426032
vt 0.725161 0.425391
vt 0.730408 0.447983
vt 0.729913 0.447700
vt 0.729599 0.448419
vt 0.729372 0.448094
vt 0.729261 0.447193
vt 0.728829 0.447528
vt 0.643791 0.004396
vt 0.644097 0.003927
vt 0.644616 0.005383
vt 0.645075 0.003906
vt 0.645399 0.004362
vt 0.645760 0.006048
vt 0.645822 0.005027
vt 0.643501 0.006095
vt 0.643397 0.005078
vt 0.109737 0.910775
vt 0.110122 0.909474
vt 0.112959 0.908220
vt 0.110677 0.908792
vt 0.113436 0.908716
vt 0.113231 0.909475
vt 0.114859 0.916244
vt 0.112564 0.910339
vt 0.726401 0.441702
vt 0.726389 0.441705
vt 0.726399 0.441683
vt 0.726396 0.441688
vt 0.726406 0.441805
vt 0.726341 0.441707
vt 0.726391 0.441679
vt 0.726413 0.441619
vt 0.726395 0.441686
vt 0.646327 0.103509
vt 0.646327 0.105436
vt 0.644046 0.103343
vt 0.643767 0.105250
vt 0.646327 0.107351
vt 0.643490 0.107145
vt 0.729401 0.442087
vt 0.729448 0.441998
vt 0.729508 0.442069
vt 0.729462 0.441984
vt 0.729451 0.441968
vt 0.729453 0.441967
vt 0.729452 0.441963
vt 0.729454 0.441959
vt 0.729478 0.441946
vt 0.729447 0.441954
vt 0.729427 0.441915
vt 0.729451 0.441962
vt 0.726401 0.441664
vt 0.726396 0.441681
vt 0.726414 0.441641
vt 0.729326 0.442271
vt 0.726591 0.442678
vt 0.644144 0.102671
vt 0.646327 0.102830
vt 0.725916 0.442224
vt 0.726012 0.442173
vt 0.726465 0.441511
vt 0.729363 0.441796
vt 0.729406 0.441909
vt 0.726424 0.441626
vt 0.729883 0.442184
vt 0.729729 0.442082
vt 0.643397 0.107779
vt 0.646327 0.107993
vt 0.111008 0.920062
vt 0.114862 0.919396
vt 0.729452 0.441964
vt 0.729452 0.441965
vt 0.729451 0.441965
vt 0.110132 0.919452
vt 0.109707 0.918442
vt 0.726396 0.441683
vt 0.726395 0.441684
vt 0.729451 0.441963
vt 0.109833 0.917256
vt 0.115578 0.917512
vt 0.726397 0.441683
vt 0.726396 0.441685
vt 0.115521 0.918528
vt 0.725921 0.428979
vt 0.725921 0.428981
vt 0.725921 0.428978
vt 0.725918 0.428968
vt 0.725915 0.428988
vt 0.725905 0.428915
vt 0.725920 0.428961
vt 0.725924 0.428903
vt 0.725921 0.428977
vt 0.725929 0.429008
vt 0.725922 0.428984
vt 0.725921 0.428980
vt 0.727845 0.429208
vt 0.727845 0.429199
vt 0.727847 0.429201
vt 0.727845 0.429197
vt 0.727842 0.429221
vt 0.727843 0.429233
vt 0.727859 0.429193
vt 0.727846 0.429188
vt 0.727843 0.429189
vt 0.727844 0.429199
vt 0.727838 0.429125
vt 0.713285 0.354032
vt 0.713215 0.355862
vt 0.711591 0.353967
vt 0.711521 0.355797
vt 0.713144 0.357717
vt 0.711450 0.357652
vt 0.727832 0.429298
vt 0.725951 0.429084
vt 0.725934 0.429011
vt 0.727839 0.429228
vt 0.725712 0.428896
vt 0.725856 0.428935
vt 0.725926 0.428756
vt 0.727656 0.428667
vt 0.711615 0.353357
vt 0.713309 0.353422
vt 0.728035 0.429023
vt 0.727916 0.429145
vt 0.727845 0.429198
vt 0.113081 0.909354
vt 0.112322 0.909785
vt 0.110874 0.910463
vt 0.110538 0.911121
vt 0.110441 0.911359
vt 0.110492 0.909620
vt 0.711342 0.358406
vt 0.713309 0.358496
vt 0.725827 0.427522
vt 0.582640 0.846848
vt 0.582640 0.898691
vt 0.519495 0.846848
vt 0.580985 0.902687
vt 0.576989 0.904342
vt 0.525146 0.904342
vt 0.521150 0.902687
vt 0.519495 0.898691
vt 0.525146 0.841197
vt 0.521150 0.842852
vt 0.576989 0.841197
vt 0.580985 0.842852
vt 0.291745 0.609523
vt 0.291720 0.608876
vt 0.291626 0.606860
vt 0.291562 0.605327
vt 0.291512 0.604071
vt 0.291469 0.602866
vt 0.291437 0.601833
vt 0.291397 0.601095
s 1
usemtl Default
f 1/1/1 2/2/2 3/3/3
f 3/3/3 2/2/2 4/4/4
f 5/5/5 6/6/6 7/7/7
f 7/7/7 6/6/6 8/8/8
f 6/6/6 9/9/9 8/8/8
f 8/8/8 9/9/9 10/10/10
f 7/7/7 8/8/8 11/11/11
f 11/11/11 8/8/8 12/12/12
f 8/8/8 10/10/10 12/12/12
f 12/12/12 10/10/10 13/13/13
f 2/2/2 14/14/14 4/4/4
f 4/4/4 14/14/14 15/15/15
f 16/16/16 17/17/17 18/18/18
f 18/18/18 17/17/17 19/19/19
f 17/17/17 20/20/20 19/19/19
f 19/19/19 20/20/20 21/21/21
f 20/20/20 22/22/22 21/21/21
f 21/21/21 22/22/22 23/23/23
f 21/21/21 24/24/24 19/19/19
f 19/19/19 24/24/24 25/25/25
f 21/21/21 23/23/23 24/24/24
f 24/24/24 23/23/23 26/26/26
f 18/18/18 19/19/19 27/27/27
f 27/27/27 19/19/19 25/25/25
f 28/28/28 29/29/29 30/30/30
f 30/30/30 29/29/29 31/31/31
f 32/32/32 33/33/33 34/34/34
f 34/34/34 33/33/33 35/35/35
f 36/36/36 32/32/32 37/37/37
f 37/37/37 32/32/32 34/34/34
f 29/29/29 38/38/38 31/31/31
f 31/31/31 38/38/38 39/39/39
f 40/40/40 41/41/41 35/35/35
f 35/35/35 41/41/41 34/34/34
f 41/41/41 42/42/42 34/34/34
f 34/34/34 42/42/42 37/37/37
f 37/37/37 43/43/43 36/36/36
f 36/36/36 43/43/43 44/44/44
f 42/42/42 45/45/45 37/37/37
f 37/37/37 45/45/45 43/43/43
f 45/45/45 46/46/46 43/43/43
f 43/43/43 46/46/46 47/47/47
f 43/43/43 47/47/47 44/44/44
f 44/44/44 47/47/47 48/48/48
f 38/38/38 49/49/49 39/39/39
f 39/39/39 49/49/49 50/50/50
f 49/49/49 51/51/51 50/50/50
f 50/50/50 51/51/51 52/52/52
f 53/53/53 54/54/54 55/55/55
f 55/55/55 54/54/54 56/56/56
f 54/54/54 57/57/57 56/56/56
f 56/56/56 57/57/57 58/58/58
f 56/56/56 58/58/58 59/59/59
f 59/59/59 58/58/58 60/60/60
f 55/55/55 56/56/56 61/61/61
f 61/61/61 56/56/56 59/59/59
f 62/62/62 63/63/63 57/57/57
f 57/57/57 63/63/63 58/58/58
f 63/63/63 64/64/64 58/58/58
f 58/58/58 64/64/64 60/60/60
f 59/59/59 60/60/60 65/65/65
f 65/65/65 60/60/60 66/66/66
f 64/64/64 67/67/67 60/60/60
f 60/60/60 67/67/67 66/66/66
f 67/67/67 68/68/68 66/66/66
f 66/66/66 68/68/68 69/69/69
f 69/69/69 70/70/70 66/66/66
f 66/66/66 70/70/70 65/65/65
f 61/61/61 59/59/59 71/71/71
f 71/71/71 59/59/59 65/65/65
f 71/71/71 65/65/65 72/72/72
f 72/72/72 65/65/65 70/70/70
f 73/73/73 74/74/74 75/75/75
f 75/75/75 74/74/74 76/76/76
f 74/74/74 73/73/73 77/77/77
f 77/77/77 73/73/73 78/78/78
f 79/79/79 80/80/80 78/78/78
f 78/78/78 80/80/80 77/77/77
f 74/74/74 77/77/77 81/81/81
f 81/81/81 77/77/77 82/82/82
f 80/80/80 83/83/83 77/77/77
f 77/77/77 83/83/83 82/82/82
f 74/74/74 81/81/81 76/76/76
f 76/76/76 81/81/81 84/84/84
f 73/73/73 75/75/75 85/85/85
f 85/85/85 75/75/75 86/86/86
f 87/87/87 88/88/88 89/89/89
f 89/89/89 88/88/88 90/90/90
f 90/90/90 88/88/88 91/91/91
f 91/91/91 88/88/88 92/92/92
f 93/93/93 90/90/90 94/94/94
f 94/94/94 90/90/90 91/91/91
f 89/89/89 90/90/90 95/95/95
f 95/95/95 90/90/90 93/93/93
f 96/96/96 97/97/97 92/92/92
f 92/92/92 97/97/97 91/91/91
f 97/97/97 98/98/98 91/91/91
f 91/91/91 98/98/98 94/94/94
f 94/94/94 99/99/99 93/93/93
f 93/93/93 99/99/99 100/100/100
f 98/98/98 101/101/101 94/94/94
f 94/94/94 101/101/101 99/99/99
f 101/101/101 102/102/102 99/99/99
f 99/99/99 102/102/102 103/103/103
f 99/99/99 103/103/103 100/100/100
f 100/100/100 103/103/103 104/104/104
f 95/95/95 93/93/93 105/105/105
f 105/105/105 93/93/93 100/100/100
f 105/105/105 100/100/100 106/106/106
f 106/106/106 100/100/100 104/104/104
f 107/107/107 108/108/108 109/109/109
f 109/109/109 108/108/108 110/110/110
f 108/108/108 111/111/111 110/110/110
f 110/110/110 111/111/111 112/112/112
f 110/110/110 112/112/112 113/113/113
f 113/113/113 112/112/112 114/114/114
f 109/109/109 110/110/110 115/115/115
f 115/115/115 110/110/110 113/113/113
f 116/116/116 117/117/117 118/118/118
f 118/118/118 117/117/117 119/119/119
f 118/118/118 119/119/119 120/120/120
f 120/120/120 119/119/119 121/121/121
f 113/113/113 114/114/114 122/122/122
f 122/122/122 114/114/114 123/123/123
f 120/120/120 121/121/121 124/124/124
f 124/124/124 121/121/121 125/125/125
f 124/124/124 125/125/125 126/126/126
f 126/126/126 125/125/125 127/127/127
f 128/128/128 129/129/129 123/123/123
f 123/123/123 129/129/129 122/122/122
f 115/115/115 113/113/113 130/130/130
f 130/130/130 113/113/113 122/122/122
f 130/130/130 122/122/122 131/131/131
f 131/131/131 122/122/122 129/129/129
f 132/132/132 133/133/133 134/134/134
f 134/134/134 133/133/133 135/135/135
f 136/136/136 137/137/137 138/138/138
f 138/138/138 137/137/137 139/139/139
f 140/140/140 141/141/141 139/139/139
f 139/139/139 141/141/141 138/138/138
f 138/138/138 142/142/142 136/136/136
f 136/136/136 142/142/142 143/143/143
f 141/141/141 144/144/144 138/138/138
f 138/138/138 144/144/144 142/142/142
f 134/134/134 135/135/135 86/86/86
f 86/86/86 135/135/135 85/85/85
f 145/145/145 146/146/146 147/147/147
f 147/147/147 146/146/146 148/148/148
f 149/149/149 148/148/148 150/150/150
f 150/150/150 148/148/148 146/146/146
f 151/151/151 152/152/152 153/153/153
f 153/153/153 152/152/152 154/154/154
f 155/155/155 154/154/154 156/156/156
f 156/156/156 154/154/154 152/152/152
f 150/150/150 157/157/157 149/149/149
f 149/149/149 157/157/157 158/158/158
f 153/153/153 159/159/159 151/151/151
f 151/151/151 159/159/159 160/160/160
f 161/161/161 162/162/162 163/163/163
f 163/163/163 162/162/162 164/164/164
f 162/162/162 165/165/165 164/164/164
f 164/164/164 165/165/165 166/166/166
f 164/164/164 166/166/166 167/167/167
f 167/167/167 166/166/166 168/168/168
f 167/167/167 169/169/169 164/164/164
f 164/164/164 169/169/169 163/163/163
f 170/170/170 161/161/161 171/171/171
f 171/171/171 161/161/161 163/163/163
f 171/171/171 163/163/163 172/172/172
f 172/172/172 163/163/163 169/169/169
f 157/157/157 150/150/150 173/173/173
f 173/173/173 150/150/150 174/174/174
f 175/175/175 174/174/174 146/146/146
f 146/146/146 174/174/174 150/150/150
f 176/176/176 177/177/177 178/178/178
f 178/178/178 177/177/177 179/179/179
f 180/180/180 177/177/177 181/181/181
f 181/181/181 177/177/177 176/176/176
f 145/145/145 182/182/182 146/146/146
f 146/146/146 182/182/182 175/175/175
f 183/183/183 184/184/184 179/179/179
f 179/179/179 184/184/184 178/178/178
f 185/185/185 186/186/186 187/187/187
f 187/187/187 186/186/186 188/188/188
f 189/189/189 190/190/190 185/185/185
f 185/185/185 190/190/190 186/186/186
f 191/191/191 72/72/72 192/192/192
f 192/192/192 72/72/72 70/70/70
f 192/192/192 70/70/70 193/193/193
f 193/193/193 70/70/70 69/69/69
f 194/194/194 187/187/187 195/195/195
f 195/195/195 187/187/187 188/188/188
f 193/193/193 69/69/69 196/196/196
f 196/196/196 69/69/69 68/68/68
f 51/51/51 197/197/197 52/52/52
f 52/52/52 197/197/197 198/198/198
f 199/199/199 48/48/48 200/200/200
f 200/200/200 48/48/48 47/47/47
f 201/201/201 202/202/202 203/203/203
f 203/203/203 202/202/202 204/204/204
f 205/205/205 206/206/206 207/207/207
f 207/207/207 206/206/206 208/208/208
f 47/47/47 46/46/46 200/200/200
f 200/200/200 46/46/46 209/209/209
f 202/202/202 210/210/210 204/204/204
f 204/204/204 210/210/210 211/211/211
f 212/212/212 213/213/213 214/214/214
f 214/214/214 213/213/213 215/215/215
f 213/213/213 216/216/216 215/215/215
f 215/215/215 216/216/216 217/217/217
f 218/218/218 219/219/219 220/220/220
f 220/220/220 219/219/219 221/221/221
f 222/222/222 218/218/218 223/223/223
f 223/223/223 218/218/218 220/220/220
f 224/224/224 225/225/225 226/226/226
f 226/226/226 225/225/225 227/227/227
f 228/228/228 229/229/229 230/230/230
f 230/230/230 229/229/229 231/231/231
f 230/230/230 231/231/231 232/232/232
f 232/232/232 231/231/231 233/233/233
f 234/234/234 235/235/235 220/220/220
f 220/220/220 235/235/235 223/223/223
f 236/236/236 237/237/237 238/238/238
f 238/238/238 237/237/237 239/239/239
f 240/240/240 241/241/241 242/242/242
f 242/242/242 241/241/241 243/243/243
f 221/221/221 244/244/244 220/220/220
f 220/220/220 244/244/244 234/234/234
f 245/245/245 246/246/246 238/238/238
f 238/238/238 246/246/246 236/236/236
f 247/247/247 248/248/248 249/249/249
f 249/249/249 248/248/248 250/250/250
f 251/251/251 252/252/252 248/248/248
f 248/248/248 252/252/252 250/250/250
f 252/252/252 253/253/253 250/250/250
f 250/250/250 253/253/253 254/254/254
f 250/250/250 254/254/254 249/249/249
f 249/249/249 254/254/254 255/255/255
f 256/256/256 257/257/257 258/258/258
f 258/258/258 257/257/257 259/259/259
f 258/258/258 259/259/259 260/260/260
f 260/260/260 259/259/259 261/261/261
f 106/106/106 104/104/104 262/262/262
f 262/262/262 104/104/104 263/263/263
f 104/104/104 103/103/103 263/263/263
f 263/263/263 103/103/103 264/264/264
f 265/265/265 266/266/266 264/264/264
f 264/264/264 266/266/266 263/263/263
f 262/262/262 263/263/263 267/267/267
f 267/267/267 263/263/263 266/266/266
f 103/103/103 102/102/102 264/264/264
f 264/264/264 102/102/102 268/268/268
f 264/264/264 268/268/268 265/265/265
f 265/265/265 268/268/268 269/269/269
f 270/270/270 271/271/271 272/272/272
f 272/272/272 271/271/271 273/273/273
f 271/271/271 274/274/274 273/273/273
f 273/273/273 274/274/274 275/275/275
f 276/276/276 277/277/277 278/278/278
f 278/278/278 277/277/277 279/279/279
f 278/278/278 280/280/280 276/276/276
f 276/276/276 280/280/280 281/281/281
f 270/270/270 272/272/272 282/282/282
f 282/282/282 272/272/272 283/283/283
f 281/281/281 280/280/280 284/284/284
f 284/284/284 280/280/280 285/285/285
f 286/286/286 287/287/287 288/288/288
f 288/288/288 287/287/287 289/289/289
f 287/287/287 286/286/286 290/290/290
f 290/290/290 286/286/286 291/291/291
f 292/292/292 293/293/293 294/294/294
f 294/294/294 293/293/293 295/295/295
f 293/293/293 292/292/292 296/296/296
f 296/296/296 292/292/292 297/297/297
f 298/298/298 299/299/299 291/291/291
f 291/291/291 299/299/299 290/290/290
f 300/300/300 301/301/301 295/295/295
f 295/295/295 301/301/301 294/294/294
f 294/294/294 302/302/302 292/292/292
f 292/292/292 302/302/302 303/303/303
f 301/301/301 304/304/304 294/294/294
f 294/294/294 304/304/304 302/302/302
f 304/304/304 172/172/172 302/302/302
f 302/302/302 172/172/172 169/169/169
f 302/302/302 169/169/169 303/303/303
f 303/303/303 169/169/169 167/167/167
f 292/292/292 303/303/303 297/297/297
f 297/297/297 303/303/303 305/305/297
f 303/303/303 167/167/167 305/305/297
f 305/305/297 167/167/167 168/168/168
f 129/129/129 306/306/305 131/131/131
f 131/131/131 306/306/305 307/307/306
f 306/306/305 129/129/129 308/308/307
f 308/308/307 129/129/129 128/128/128
f 309/309/308 306/306/305 310/310/309
f 310/310/309 306/306/305 308/308/307
f 306/306/305 309/309/308 307/307/306
f 307/307/306 309/309/308 311/311/310
f 126/126/126 127/127/127 312/312/311
f 312/312/311 127/127/127 313/313/312
f 312/312/311 313/313/312 314/314/313
f 314/314/313 313/313/312 315/315/314
f 316/316/315 317/317/316 318/318/317
f 318/318/317 317/317/316 319/319/318
f 320/320/319 321/321/320 322/322/321
f 322/322/321 321/321/320 323/323/322
f 324/324/323 325/325/324 326/326/325
f 326/326/325 325/325/324 327/327/326
f 328/328/327 329/329/328 330/330/329
f 330/330/329 329/329/328 331/331/330
f 318/318/317 319/319/318 332/332/331
f 332/332/331 319/319/318 333/333/332
f 330/330/329 331/331/330 334/334/333
f 334/334/333 331/331/330 335/335/334
f 336/336/335 337/337/336 338/338/337
f 338/338/337 337/337/336 339/339/338
f 339/339/338 337/337/336 340/340/339
f 340/340/339 337/337/336 341/341/340
f 342/342/341 343/343/342 344/344/343
f 344/344/343 343/343/342 345/345/344
f 346/346/345 343/343/342 347/347/346
f 347/347/346 343/343/342 342/342/341
f 348/348/347 349/349/348 350/350/349
f 350/350/349 349/349/348 351/351/350
f 352/352/351 353/353/352 354/354/353
f 354/354/353 353/353/352 355/355/354
f 344/344/343 356/356/355 342/342/341
f 342/342/341 356/356/355 357/357/356
f 353/353/352 358/358/357 355/355/354
f 355/355/354 358/358/357 359/359/358
f 358/358/357 260/260/260 359/359/358
f 359/359/358 260/260/260 261/261/261
f 356/356/355 255/255/255 357/357/356
f 357/357/356 255/255/255 254/254/254
f 347/347/346 342/342/341 360/360/359
f 360/360/359 342/342/341 357/357/356
f 360/360/359 357/357/356 253/253/253
f 253/253/253 357/357/356 254/254/254
f 22/22/22 3/3/3 23/23/23
f 23/23/23 3/3/3 4/4/4
f 23/23/23 4/4/4 26/26/26
f 26/26/26 4/4/4 15/15/15
f 75/75/75 76/76/76 86/86/86
f 86/86/86 76/76/76 134/134/134
f 76/76/76 84/84/84 134/134/134
f 134/134/134 84/84/84 132/132/132
f 361/361/360 362/362/361 363/363/362
f 363/363/362 362/362/361 364/364/363
f 365/365/364 366/366/365 367/367/366
f 367/367/366 366/366/365 368/368/367
f 366/366/365 369/369/368 368/368/367
f 368/368/367 369/369/368 370/370/369
f 369/369/368 371/371/370 370/370/369
f 370/370/369 371/371/370 372/372/371
f 368/368/367 370/370/369 373/373/372
f 373/373/372 370/370/369 374/374/373
f 370/370/369 372/372/371 374/374/373
f 374/374/373 372/372/371 375/375/374
f 363/363/362 364/364/363 376/376/375
f 376/376/375 364/364/363 377/377/376
f 367/367/366 368/368/367 378/378/377
f 378/378/377 368/368/367 373/373/372
f 173/173/173 228/228/228 157/157/157
f 157/157/157 228/228/228 230/230/230
f 181/181/181 224/224/224 180/180/180
f 180/180/180 224/224/224 226/226/226
f 194/194/194 195/195/195 207/207/207
f 207/207/207 195/195/195 205/205/205
f 196/196/196 68/68/68 198/198/198
f 198/198/198 68/68/68 52/52/52
f 379/379/378 380/380/379 381/381/380
f 381/381/380 380/380/379 382/382/381
f 383/383/382 384/384/383 379/379/378
f 379/379/378 384/384/383 380/380/379
f 384/384/383 383/383/382 385/385/384
f 385/385/384 383/383/382 386/386/385
f 387/387/386 388/388/387 389/389/388
f 389/389/388 388/388/387 390/390/389
f 385/385/384 391/391/390 384/384/383
f 384/384/383 391/391/390 392/392/391
f 390/390/389 393/393/392 389/389/388
f 389/389/388 393/393/392 394/394/393
f 380/380/379 395/395/394 382/382/381
f 382/382/381 395/395/394 396/396/395
f 384/384/383 392/392/391 380/380/379
f 380/380/379 392/392/391 395/395/394
f 397/397/396 398/398/397 399/399/398
f 399/399/398 398/398/397 400/400/399
f 401/401/400 402/402/401 397/397/396
f 397/397/396 402/402/401 398/398/397
f 403/403/402 404/404/403 405/405/404
f 405/405/404 404/404/403 406/406/405
f 407/407/406 408/408/407 409/409/408
f 409/409/408 408/408/407 410/410/409
f 405/405/404 411/411/410 403/403/402
f 403/403/402 411/411/410 412/412/411
f 408/408/407 413/413/412 410/410/409
f 410/410/409 413/413/412 414/414/413
f 398/398/397 415/415/414 400/400/399
f 400/400/399 415/415/414 416/416/415
f 402/402/401 417/417/416 398/398/397
f 398/398/397 417/417/416 415/415/414
f 262/262/262 313/313/312 106/106/106
f 106/106/106 313/313/312 127/127/127
f 267/267/267 315/315/314 262/262/262
f 262/262/262 315/315/314 313/313/312
f 282/282/282 283/283/283 320/320/319
f 320/320/319 283/283/283 321/321/320
f 284/284/284 285/285/285 324/324/323
f 324/324/323 285/285/285 325/325/324
f 418/418/417 419/419/418 420/420/419
f 420/420/419 419/419/418 421/421/420
f 419/419/418 422/422/421 421/421/420
f 421/421/420 422/422/421 423/423/422
f 424/424/423 425/425/424 426/426/425
f 426/426/425 425/425/424 427/427/426
f 428/428/427 429/429/428 430/430/429
f 430/430/429 429/429/428 431/431/430
f 426/426/425 427/427/426 432/432/431
f 432/432/431 427/427/426 433/433/432
f 431/431/430 434/434/433 430/430/429
f 430/430/429 434/434/433 435/435/434
f 420/420/419 421/421/420 436/436/435
f 436/436/435 421/421/420 437/437/436
f 421/421/420 423/423/422 437/437/436
f 437/437/436 423/423/422 438/438/437
f 439/439/438 440/440/439 441/441/440
f 441/441/440 440/440/439 442/442/441
f 441/441/440 443/443/442 439/439/438
f 439/439/438 443/443/442 444/444/443
f 443/443/442 445/445/444 444/444/443
f 444/444/443 445/445/444 446/446/445
f 445/445/444 375/375/374 446/446/445
f 446/446/445 375/375/374 372/372/371
f 444/444/443 446/446/445 447/447/446
f 447/447/446 446/446/445 448/448/447
f 446/446/445 372/372/371 448/448/447
f 448/448/447 372/372/371 371/371/370
f 449/449/448 450/450/449 439/439/438
f 439/439/438 450/450/449 440/440/439
f 439/439/438 444/444/443 449/449/448
f 449/449/448 444/444/443 447/447/446
f 30/30/30 31/31/31 62/62/62
f 62/62/62 31/31/31 63/63/63
f 451/451/450 452/452/451 453/453/452
f 453/453/452 452/452/451 454/454/453
f 455/455/454 456/456/455 457/457/456
f 457/457/456 456/456/455 458/458/457
f 459/459/458 453/453/452 460/460/459
f 460/460/459 453/453/452 454/454/453
f 455/455/454 461/461/460 456/456/455
f 456/456/455 461/461/460 462/462/461
f 456/456/455 462/462/461 463/463/462
f 463/463/462 462/462/461 464/464/463
f 463/463/462 464/464/463 465/465/464
f 465/465/464 464/464/463 466/466/465
f 467/467/466 458/458/457 463/463/462
f 463/463/462 458/458/457 456/456/455
f 463/463/462 465/465/464 467/467/466
f 467/467/466 465/465/464 468/468/467
f 469/469/468 470/470/469 471/471/470
f 471/471/470 470/470/469 472/472/471
f 470/470/469 473/473/472 472/472/471
f 472/472/471 473/473/472 474/474/473
f 473/473/472 475/475/474 474/474/473
f 474/474/473 475/475/474 476/476/475
f 477/477/476 478/478/477 479/479/478
f 479/479/478 478/478/477 480/480/479
f 474/474/473 476/476/475 481/481/480
f 481/481/480 476/476/475 482/482/481
f 479/479/478 480/480/479 483/483/482
f 483/483/482 480/480/479 484/484/483
f 471/471/470 472/472/471 485/485/484
f 485/485/484 472/472/471 486/486/485
f 472/472/471 474/474/473 486/486/485
f 486/486/485 474/474/473 481/481/480
f 381/381/380 382/382/381 487/487/486
f 487/487/486 382/382/381 488/488/487
f 487/487/486 488/488/487 489/489/488
f 489/489/488 488/488/487 490/490/489
f 382/382/381 396/396/395 488/488/487
f 488/488/487 396/396/395 491/491/490
f 488/488/487 491/491/490 490/490/489
f 490/490/489 491/491/490 492/492/491
f 490/490/489 492/492/491 493/493/492
f 493/493/492 492/492/491 494/494/493
f 493/493/492 494/494/493 495/495/494
f 495/495/494 494/494/493 496/496/495
f 489/489/488 490/490/489 497/497/496
f 497/497/496 490/490/489 493/493/492
f 497/497/496 493/493/492 498/498/497
f 498/498/497 493/493/492 495/495/494
f 157/157/157 230/230/230 158/158/158
f 158/158/158 230/230/230 232/232/232
f 400/400/399 416/416/415 499/499/498
f 499/499/498 416/416/415 500/500/499
f 501/501/500 502/502/501 500/500/499
f 500/500/499 502/502/501 499/499/498
f 503/503/502 504/504/503 505/505/504
f 505/505/504 504/504/503 506/506/505
f 505/505/504 506/506/505 80/80/80
f 80/80/80 506/506/505 83/83/83
f 507/507/506 503/503/502 508/508/507
f 508/508/507 503/503/502 505/505/504
f 508/508/507 505/505/504 79/79/79
f 79/79/79 505/505/504 80/80/80
f 399/399/398 400/400/399 509/509/508
f 509/509/508 400/400/399 499/499/498
f 502/502/501 510/510/509 499/499/498
f 499/499/498 510/510/509 509/509/508
f 511/511/510 512/512/511 513/513/512
f 513/513/512 512/512/511 514/514/513
f 515/515/514 516/516/515 514/514/513
f 514/514/513 516/516/515 513/513/512
f 516/516/515 515/515/514 517/517/516
f 517/517/516 515/515/514 518/518/517
f 468/468/467 465/465/464 518/518/517
f 518/518/517 465/465/464 517/517/516
f 516/516/515 517/517/516 519/519/518
f 519/519/518 517/517/516 520/520/519
f 517/517/516 465/465/464 520/520/519
f 520/520/519 465/465/464 466/466/465
f 511/511/510 513/513/512 521/521/520
f 521/521/520 513/513/512 522/522/521
f 513/513/512 516/516/515 522/522/521
f 522/522/521 516/516/515 519/519/518
f 523/523/522 524/524/523 525/525/524
f 525/525/524 524/524/523 526/526/525
f 527/527/526 528/528/527 526/526/525
f 526/526/525 528/528/527 525/525/524
f 528/528/527 527/527/526 529/529/528
f 529/529/528 527/527/526 530/530/529
f 469/469/468 471/471/470 530/530/529
f 530/530/529 471/471/470 529/529/528
f 529/529/528 531/531/530 528/528/527
f 528/528/527 531/531/530 532/532/531
f 471/471/470 485/485/484 529/529/528
f 529/529/528 485/485/484 531/531/530
f 533/533/532 523/523/522 534/534/533
f 534/534/533 523/523/522 525/525/524
f 528/528/527 532/532/531 525/525/524
f 525/525/524 532/532/531 534/534/533
f 436/436/435 535/535/534 420/420/419
f 420/420/419 535/535/534 536/536/535
f 535/535/534 537/537/536 536/536/535
f 536/536/535 537/537/536 538/538/537
f 539/539/538 540/540/539 541/541/540
f 541/541/540 540/540/539 542/542/541
f 541/541/540 542/542/541 141/141/141
f 141/141/141 542/542/541 144/144/144
f 543/543/542 539/539/538 544/544/543
f 544/544/543 539/539/538 541/541/540
f 544/544/543 541/541/540 140/140/140
f 140/140/140 541/541/540 141/141/141
f 420/420/419 536/536/535 418/418/417
f 418/418/417 536/536/535 545/545/544
f 536/536/535 538/538/537 545/545/544
f 545/545/544 538/538/537 546/546/545
f 20/20/20 1/1/1 22/22/22
f 22/22/22 1/1/1 3/3/3
f 50/50/50 52/52/52 67/67/67
f 67/67/67 52/52/52 68/68/68
f 39/39/39 50/50/50 64/64/64
f 64/64/64 50/50/50 67/67/67
f 31/31/31 39/39/39 63/63/63
f 63/63/63 39/39/39 64/64/64
f 166/166/166 258/258/258 168/168/168
f 168/168/168 258/258/258 260/260/260
f 258/258/258 166/166/166 256/256/256
f 256/256/256 166/166/166 165/165/165
f 159/159/159 240/240/240 160/160/160
f 160/160/160 240/240/240 242/242/242
f 260/260/260 358/358/357 168/168/168
f 168/168/168 358/358/357 305/305/297
f 358/358/357 353/353/352 305/305/297
f 305/305/297 353/353/352 297/297/297
f 353/353/352 352/352/351 297/297/297
f 297/297/297 352/352/351 296/296/296
f 349/349/348 348/348/347 289/289/289
f 289/289/289 348/348/347 288/288/288
f 106/106/106 127/127/127 105/105/105
f 105/105/105 127/127/127 125/125/125
f 105/105/105 125/125/125 95/95/95
f 95/95/95 125/125/125 121/121/121
f 119/119/119 89/89/89 121/121/121
f 121/121/121 89/89/89 95/95/95
f 89/89/89 119/119/119 87/87/87
f 87/87/87 119/119/119 117/117/117
f 14/14/14 547/547/546 15/15/15
f 15/15/15 547/547/546 548/548/547
f 11/11/11 12/12/12 549/549/548
f 549/549/548 12/12/12 550/550/549
f 551/551/550 552/552/551 550/550/549
f 550/550/549 552/552/551 549/549/548
f 547/547/546 553/553/552 548/548/547
f 548/548/547 553/553/552 554/554/553
f 13/13/13 555/555/554 12/12/12
f 12/12/12 555/555/554 550/550/549
f 550/550/549 555/555/554 551/551/550
f 551/551/550 555/555/554 556/556/555
f 557/557/556 558/558/557 559/559/558
f 559/559/558 558/558/557 560/560/559
f 559/559/558 561/561/560 557/557/556
f 557/557/556 561/561/560 562/562/561
f 557/557/556 562/562/561 35/35/35
f 35/35/35 562/562/561 40/40/40
f 35/35/35 33/33/33 557/557/556
f 557/557/556 33/33/33 558/558/557
f 563/563/562 564/564/563 565/565/564
f 565/565/564 564/564/563 566/566/565
f 564/564/563 28/28/28 566/566/565
f 566/566/565 28/28/28 30/30/30
f 548/548/547 554/554/553 567/567/566
f 567/567/566 554/554/553 568/568/567
f 567/567/566 26/26/26 548/548/547
f 548/548/547 26/26/26 15/15/15
f 566/566/565 30/30/30 569/569/568
f 569/569/568 30/30/30 62/62/62
f 569/569/568 570/570/569 566/566/565
f 566/566/565 570/570/569 565/565/564
f 27/27/27 25/25/25 571/571/570
f 571/571/570 25/25/25 572/572/571
f 572/572/571 25/25/25 573/573/572
f 573/573/572 25/25/25 24/24/24
f 574/574/573 572/572/571 575/575/574
f 575/575/574 572/572/571 573/573/572
f 572/572/571 574/574/573 571/571/570
f 571/571/570 574/574/573 576/576/575
f 24/24/24 26/26/26 573/573/572
f 573/573/572 26/26/26 567/567/566
f 573/573/572 567/567/566 575/575/574
f 575/575/574 567/567/566 568/568/567
f 577/577/576 578/578/577 579/579/578
f 579/579/578 578/578/577 580/580/579
f 577/577/576 570/570/569 578/578/577
f 578/578/577 570/570/569 569/569/568
f 578/578/577 569/569/568 57/57/57
f 57/57/57 569/569/568 62/62/62
f 578/578/577 57/57/57 580/580/579
f 580/580/579 57/57/57 54/54/54
f 579/579/578 580/580/579 581/581/580
f 581/581/580 580/580/579 582/582/581
f 580/580/579 54/54/54 582/582/581
f 582/582/581 54/54/54 53/53/53
f 583/583/582 584/584/583 585/585/584
f 585/585/584 584/584/583 586/586/585
f 583/583/582 587/587/586 584/584/583
f 584/584/583 587/587/586 588/588/587
f 589/589/588 590/590/589 588/588/587
f 588/588/587 590/590/589 584/584/583
f 584/584/583 590/590/589 586/586/585
f 586/586/585 590/590/589 591/591/590
f 587/587/586 592/592/591 588/588/587
f 588/588/587 592/592/591 593/593/592
f 588/588/587 593/593/592 589/589/588
f 589/589/588 593/593/592 594/594/593
f 595/595/594 596/596/595 589/589/588
f 589/589/588 596/596/595 590/590/589
f 589/589/588 594/594/593 595/595/594
f 595/595/594 594/594/593 597/597/596
f 595/595/594 597/597/596 92/92/92
f 92/92/92 597/597/596 96/96/96
f 92/92/92 88/88/88 595/595/594
f 595/595/594 88/88/88 596/596/595
f 590/590/589 596/596/595 591/591/590
f 591/591/590 596/596/595 598/598/597
f 596/596/595 88/88/88 598/598/597
f 598/598/597 88/88/88 87/87/87
f 591/591/590 599/599/598 586/586/585
f 586/586/585 599/599/598 600/600/599
f 87/87/87 117/117/117 598/598/597
f 598/598/597 117/117/117 601/601/600
f 586/586/585 600/600/599 585/585/584
f 585/585/584 600/600/599 602/602/601
f 598/598/597 601/601/600 591/591/590
f 591/591/590 601/601/600 599/599/598
f 117/117/117 116/116/116 601/601/600
f 601/601/600 116/116/116 603/603/602
f 604/604/603 111/111/111 605/605/604
f 605/605/604 111/111/111 108/108/108
f 606/606/605 604/604/603 607/607/606
f 607/607/606 604/604/603 605/605/604
f 601/601/600 603/603/602 599/599/598
f 599/599/598 603/603/602 608/608/607
f 107/107/107 609/609/608 108/108/108
f 108/108/108 609/609/608 605/605/604
f 609/609/608 610/610/609 605/605/604
f 605/605/604 610/610/609 607/607/606
f 607/607/606 611/611/610 606/606/605
f 606/606/605 611/611/610 612/612/611
f 610/610/609 613/613/612 607/607/606
f 607/607/606 613/613/612 611/611/610
f 613/613/612 614/614/613 611/611/610
f 611/611/610 614/614/613 615/615/614
f 611/611/610 615/615/614 612/612/611
f 612/612/611 615/615/614 616/616/615
f 599/599/598 608/608/607 600/600/599
f 600/600/599 608/608/607 617/617/616
f 600/600/599 617/617/616 602/602/601
f 602/602/601 617/617/616 618/618/617
f 418/418/417 545/545/544 619/619/618
f 619/619/618 545/545/544 620/620/619
f 545/545/544 546/546/545 620/620/619
f 620/620/619 546/546/545 621/621/620
f 622/622/621 623/623/622 624/624/623
f 624/624/623 623/623/622 625/625/624
f 624/624/623 625/625/624 626/626/625
f 626/626/625 625/625/624 627/627/626
f 628/628/627 629/629/628 630/630/629
f 630/630/629 629/629/628 631/631/630
f 632/632/631 543/543/542 633/633/632
f 633/633/632 543/543/542 544/544/543
f 633/633/632 544/544/543 634/634/633
f 634/634/633 544/544/543 140/140/140
f 630/630/629 631/631/630 635/635/634
f 635/635/634 631/631/630 636/636/635
f 637/637/636 638/638/637 639/639/638
f 639/639/638 638/638/637 640/640/639
f 614/614/613 613/613/612 641/641/640
f 641/641/640 613/613/612 642/642/641
f 613/613/612 610/610/609 642/642/641
f 642/642/641 610/610/609 643/643/642
f 638/638/637 644/644/643 640/640/639
f 640/640/639 644/644/643 645/645/644
f 610/610/609 609/609/608 643/643/642
f 643/643/642 609/609/608 646/646/645
f 609/609/608 107/107/107 646/646/645
f 646/646/645 107/107/107 647/647/646
f 648/648/647 649/649/648 650/650/647
f 650/650/647 649/649/648 651/651/649
f 644/644/643 648/648/647 645/645/644
f 645/645/644 648/648/647 650/650/647
f 109/109/109 652/652/650 107/107/107
f 107/107/107 652/652/650 647/647/646
f 115/115/115 653/653/651 109/109/109
f 109/109/109 653/653/651 652/652/650
f 654/654/652 655/655/653 656/656/654
f 656/656/654 655/655/653 657/657/655
f 649/649/648 654/654/652 651/651/649
f 651/651/649 654/654/652 656/656/654
f 130/130/130 658/658/656 115/115/115
f 115/115/115 658/658/656 653/653/651
f 131/131/131 659/659/657 130/130/130
f 130/130/130 659/659/657 658/658/656
f 660/660/658 661/661/659 662/662/660
f 662/662/660 661/661/659 663/663/661
f 662/662/660 663/663/661 655/655/653
f 655/655/653 663/663/661 657/657/655
f 307/307/306 664/664/662 131/131/131
f 131/131/131 664/664/662 659/659/657
f 307/307/306 311/311/310 664/664/662
f 664/664/662 311/311/310 665/665/663
f 666/666/664 667/667/665 668/668/666
f 668/668/666 667/667/665 669/669/666
f 668/668/666 669/669/666 660/660/658
f 660/660/658 669/669/666 661/661/659
f 332/332/331 333/333/332 670/670/667
f 670/670/667 333/333/332 671/671/668
f 334/334/333 335/335/334 672/672/669
f 672/672/669 335/335/334 673/673/670
f 674/674/671 675/675/672 676/676/673
f 676/676/673 675/675/672 677/677/674
f 678/678/675 679/679/676 680/680/677
f 680/680/677 679/679/676 681/681/678
f 429/429/428 428/428/427 682/682/679
f 682/682/679 428/428/427 683/683/680
f 425/425/424 424/424/423 684/684/681
f 684/684/681 424/424/423 685/685/682
f 686/686/683 687/687/684 688/688/685
f 688/688/685 687/687/684 689/689/686
f 690/690/687 691/691/688 692/692/689
f 692/692/689 691/691/688 693/693/690
f 422/422/421 419/419/418 694/694/691
f 694/694/691 419/419/418 695/695/692
f 419/419/418 418/418/417 695/695/692
f 695/695/692 418/418/417 619/619/618
f 626/626/625 627/627/626 696/696/693
f 696/696/693 627/627/626 697/697/694
f 698/698/695 699/699/696 697/697/694
f 697/697/694 699/699/696 696/696/693
f 338/338/337 700/700/697 336/336/335
f 336/336/335 700/700/697 701/701/698
f 347/347/346 702/702/699 346/346/345
f 346/346/345 702/702/699 703/703/700
f 704/704/701 705/705/702 706/706/703
f 706/706/703 705/705/702 707/707/703
f 708/708/704 709/709/705 710/710/706
f 710/710/706 709/709/705 711/711/707
f 360/360/359 712/712/708 347/347/346
f 347/347/346 712/712/708 702/702/699
f 253/253/253 713/713/709 360/360/359
f 360/360/359 713/713/709 712/712/708
f 714/714/710 715/715/710 716/716/711
f 716/716/711 715/715/710 717/717/712
f 716/716/711 717/717/712 704/704/701
f 704/704/701 717/717/712 705/705/702
f 469/469/468 530/530/529 718/718/713
f 718/718/713 530/530/529 719/719/714
f 527/527/526 720/720/715 530/530/529
f 530/530/529 720/720/715 719/719/714
f 721/721/716 722/722/717 723/723/716
f 723/723/716 722/722/717 724/724/718
f 725/725/719 721/721/716 726/726/720
f 726/726/720 721/721/716 723/723/716
f 526/526/525 727/727/721 527/527/526
f 527/527/526 727/727/721 720/720/715
f 526/526/525 524/524/523 727/727/721
f 727/727/721 524/524/523 728/728/722
f 729/729/723 730/730/724 731/731/725
f 731/731/725 730/730/724 732/732/726
f 731/731/725 732/732/726 722/722/717
f 722/722/717 732/732/726 724/724/718
f 246/246/246 245/245/245 733/733/727
f 733/733/727 245/245/245 734/734/728
f 244/244/244 221/221/221 735/735/729
f 735/735/729 221/221/221 736/736/730
f 737/737/731 738/738/732 739/739/733
f 739/739/733 738/738/732 740/740/732
f 741/741/734 742/742/735 743/743/736
f 743/743/736 742/742/735 744/744/737
f 477/477/476 745/745/738 478/478/477
f 478/478/477 745/745/738 746/746/739
f 475/475/474 473/473/472 747/747/740
f 747/747/740 473/473/472 748/748/741
f 749/749/742 750/750/743 751/751/744
f 751/751/744 750/750/743 752/752/745
f 753/753/746 754/754/747 755/755/748
f 755/755/748 754/754/747 756/756/749
f 473/473/472 470/470/469 748/748/741
f 748/748/741 470/470/469 757/757/750
f 470/470/469 469/469/468 757/757/750
f 757/757/750 469/469/468 718/718/713
f 725/725/719 726/726/720 758/758/751
f 758/758/751 726/726/720 759/759/752
f 758/758/751 759/759/752 750/750/743
f 750/750/743 759/759/752 752/752/745
f 253/253/253 252/252/252 713/713/709
f 713/713/709 252/252/252 760/760/753
f 252/252/252 251/251/251 760/760/753
f 760/760/753 251/251/251 761/761/754
f 762/762/755 763/763/756 764/764/757
f 764/764/757 763/763/756 765/765/756
f 714/714/710 762/762/755 715/715/710
f 715/715/710 762/762/755 764/764/757
f 395/395/394 766/766/758 396/396/395
f 396/396/395 766/766/758 767/767/759
f 392/392/391 768/768/760 395/395/394
f 395/395/394 768/768/760 766/766/758
f 769/769/761 770/770/762 771/771/763
f 771/771/763 770/770/762 772/772/764
f 773/773/765 769/769/761 774/774/766
f 774/774/766 769/769/761 771/771/763
f 391/391/390 775/775/767 392/392/391
f 392/392/391 775/775/767 768/768/760
f 393/393/392 776/776/768 394/394/393
f 394/394/393 776/776/768 777/777/769
f 778/778/770 779/779/771 780/780/770
f 780/780/770 779/779/771 781/781/772
f 770/770/762 782/782/773 772/772/764
f 772/772/764 782/782/773 783/783/774
f 219/219/219 784/784/775 221/221/221
f 221/221/221 784/784/775 736/736/730
f 216/216/216 785/785/776 217/217/217
f 217/217/217 785/785/776 786/786/777
f 787/787/778 788/788/779 789/789/780
f 789/789/780 788/788/779 790/790/779
f 738/738/732 791/791/781 740/740/732
f 740/740/732 791/791/781 792/792/782
f 210/210/210 793/793/783 211/211/211
f 211/211/211 793/793/783 794/794/784
f 209/209/209 46/46/46 795/795/785
f 795/795/785 46/46/46 796/796/786
f 797/797/787 798/798/788 799/799/789
f 799/799/789 798/798/788 800/800/790
f 801/801/791 802/802/792 803/803/793
f 803/803/793 802/802/792 804/804/794
f 805/805/795 806/806/796 807/807/797
f 807/807/797 806/806/796 808/808/796
f 496/496/495 494/494/493 809/809/798
f 809/809/798 494/494/493 810/810/799
f 810/810/799 494/494/493 811/811/800
f 811/811/800 494/494/493 492/492/491
f 806/806/796 812/812/801 808/808/796
f 808/808/796 812/812/801 813/813/802
f 814/814/803 815/815/804 816/816/805
f 816/816/805 815/815/804 817/817/806
f 818/818/807 556/556/555 819/819/808
f 819/819/808 556/556/555 555/555/554
f 555/555/554 13/13/13 819/819/808
f 819/819/808 13/13/13 820/820/809
f 816/816/805 817/817/806 821/821/810
f 821/821/810 817/817/806 822/822/811
f 491/491/490 823/823/812 492/492/491
f 492/492/491 823/823/812 811/811/800
f 396/396/395 767/767/759 491/491/490
f 491/491/490 767/767/759 823/823/812
f 824/824/813 773/773/765 825/825/814
f 825/825/814 773/773/765 774/774/766
f 812/812/801 824/824/813 813/813/802
f 813/813/802 824/824/813 825/825/814
f 46/46/46 45/45/45 796/796/786
f 796/796/786 45/45/45 826/826/815
f 45/45/45 42/42/42 826/826/815
f 826/826/815 42/42/42 827/827/816
f 828/828/817 829/829/818 830/830/819
f 830/830/819 829/829/818 831/831/820
f 798/798/788 828/828/817 800/800/790
f 800/800/790 828/828/817 830/830/819
f 42/42/42 41/41/41 827/827/816
f 827/827/816 41/41/41 832/832/821
f 41/41/41 40/40/40 832/832/821
f 832/832/821 40/40/40 833/833/822
f 834/834/823 835/835/824 836/836/825
f 836/836/825 835/835/824 837/837/826
f 829/829/818 836/836/825 831/831/820
f 831/831/820 836/836/825 837/837/826
f 562/562/561 838/838/827 40/40/40
f 40/40/40 838/838/827 833/833/822
f 561/561/560 839/839/828 562/562/561
f 562/562/561 839/839/828 838/838/827
f 840/840/829 841/841/830 842/842/831
f 842/842/831 841/841/830 843/843/832
f 842/842/831 843/843/832 834/834/823
f 834/834/823 843/843/832 835/835/824
f 844/844/833 845/845/834 846/846/835
f 846/846/835 845/845/834 847/847/836
f 848/848/837 849/849/838 844/844/833
f 844/844/833 849/849/838 845/845/834
f 850/850/839 851/851/840 852/852/841
f 852/852/841 851/851/840 853/853/842
f 852/852/841 853/853/842 854/854/843
f 854/854/843 853/853/842 855/855/844
f 848/848/837 844/844/833 856/856/845
f 856/856/845 844/844/833 857/857/846
f 844/844/833 846/846/835 857/857/846
f 857/857/846 846/846/835 858/858/847
f 857/857/846 858/858/847 859/859/848
f 859/859/848 858/858/847 860/860/849
f 856/856/845 857/857/846 861/861/850
f 861/861/850 857/857/846 859/859/848
f 861/861/850 859/859/848 862/862/851
f 862/862/851 859/859/848 863/863/852
f 859/859/848 860/860/849 863/863/852
f 863/863/852 860/860/849 864/864/853
f 863/863/852 864/864/853 865/865/854
f 865/865/854 864/864/853 866/866/855
f 862/862/851 863/863/852 867/867/856
f 867/867/856 863/863/852 865/865/854
f 868/868/857 869/869/858 870/870/859
f 870/870/859 869/869/858 871/871/860
f 872/872/861 873/873/862 868/868/857
f 868/868/857 873/873/862 869/869/858
f 873/873/862 874/874/863 869/869/858
f 869/869/858 874/874/863 875/875/864
f 869/869/858 875/875/864 871/871/860
f 871/871/860 875/875/864 876/876/865
f 868/868/857 877/877/866 872/872/861
f 872/872/861 877/877/866 878/878/867
f 870/870/859 879/879/868 868/868/857
f 868/868/857 879/879/868 877/877/866
f 879/879/868 880/880/869 877/877/866
f 877/877/866 880/880/869 881/881/870
f 877/877/866 881/881/870 878/878/867
f 878/878/867 881/881/870 882/882/871
f 881/881/870 883/883/872 882/882/871
f 882/882/871 883/883/872 884/884/873
f 881/881/870 880/880/869 883/883/872
f 883/883/872 880/880/869 885/885/874
f 883/883/872 885/885/874 886/886/875
f 886/886/875 885/885/874 887/887/876
f 884/884/873 883/883/872 888/888/877
f 888/888/877 883/883/872 886/886/875
f 889/889/878 890/890/879 891/891/880
f 891/891/880 890/890/879 892/892/881
f 890/890/879 893/893/882 892/892/881
f 892/892/881 893/893/882 894/894/883
f 894/894/883 895/895/884 892/892/881
f 892/892/881 895/895/884 896/896/885
f 892/892/881 896/896/885 891/891/880
f 891/891/880 896/896/885 897/897/886
f 898/898/887 899/899/888 900/900/889
f 900/900/889 899/899/888 901/901/890
f 902/902/891 903/903/892 898/898/887
f 898/898/887 903/903/892 899/899/888
f 903/903/892 867/867/856 899/899/888
f 899/899/888 867/867/856 865/865/854
f 899/899/888 865/865/854 901/901/890
f 901/901/890 865/865/854 866/866/855
f 875/875/864 904/904/893 876/876/865
f 876/876/865 904/904/893 905/905/894
f 874/874/863 906/906/895 875/875/864
f 875/875/864 906/906/895 904/904/893
f 907/907/896 908/908/897 909/909/898
f 909/909/898 908/908/897 910/910/898
f 911/911/899 909/909/898 912/912/900
f 912/912/900 909/909/898 910/910/898
f 913/913/901 914/914/902 915/915/903
f 915/915/903 914/914/902 916/916/904
f 917/917/905 918/918/906 914/914/902
f 914/914/902 918/918/906 916/916/904
f 919/919/907 920/920/908 921/921/909
f 921/921/909 920/920/908 922/922/910
f 923/923/911 921/921/909 924/924/912
f 924/924/912 921/921/909 922/922/910
f 925/925/913 926/926/914 927/927/915
f 927/927/915 926/926/914 928/928/916
f 929/929/917 930/930/918 925/925/913
f 925/925/913 930/930/918 926/926/914
f 931/931/919 932/932/920 933/933/921
f 933/933/921 932/932/920 934/934/922
f 933/933/921 934/934/922 935/935/923
f 935/935/923 934/934/922 936/936/924
f 934/934/922 937/937/925 936/936/924
f 936/936/924 937/937/925 938/938/926
f 932/932/920 939/939/927 934/934/922
f 934/934/922 939/939/927 937/937/925
f 940/940/928 941/941/929 942/942/930
f 942/942/930 941/941/929 943/943/931
f 944/944/932 942/942/930 945/945/933
f 945/945/933 942/942/930 943/943/931
f 924/924/912 922/922/910 946/946/934
f 946/946/934 922/922/910 947/947/935
f 922/922/910 920/920/908 947/947/935
f 947/947/935 920/920/908 948/948/936
f 949/949/937 947/947/935 950/950/938
f 947/947/935 948/948/936 950/950/938
f 946/946/934 947/947/935 951/951/939
f 951/951/939 947/947/935 949/949/937
f 949/949/937 952/952/940 951/951/939
f 951/951/939 952/952/940 953/953/941
f 949/949/937 950/950/938 952/952/940
f 952/952/940 950/950/938 954/954/942
f 954/954/942 955/955/943 952/952/940
f 952/952/940 955/955/943 956/956/944
f 952/952/940 956/956/944 953/953/941
f 953/953/941 956/956/944 957/957/945
f 958/958/946 959/959/947 960/960/948
f 960/960/948 959/959/947 961/961/949
f 959/959/947 962/962/950 961/961/949
f 961/961/949 962/962/950 963/963/951
f 961/961/949 963/963/951 964/964/952
f 964/964/952 963/963/951 965/965/953
f 960/960/948 961/961/949 966/966/954
f 966/966/954 961/961/949 964/964/952
f 966/966/954 964/964/952 967/967/955
f 967/967/955 964/964/952 968/968/956
f 964/964/952 965/965/953 968/968/956
f 968/968/956 965/965/953 969/969/957
f 968/968/956 969/969/957 970/970/958
f 970/970/958 969/969/957 971/971/959
f 968/968/956 970/970/958 967/967/955
f 967/967/955 970/970/958 972/972/960
f 956/956/944 973/973/961 957/957/945
f 957/957/945 973/973/961 974/974/962
f 955/955/943 975/975/963 956/956/944
f 956/956/944 975/975/963 973/973/961
f 975/975/963 976/976/964 973/973/961
f 973/973/961 976/976/964 977/977/965
f 973/973/961 977/977/965 974/974/962
f 974/974/962 977/977/965 978/978/966
f 979/979/967 980/980/968 981/981/969
f 981/981/969 980/980/968 982/982/970
f 980/980/968 983/983/971 982/982/970
f 982/982/970 983/983/971 984/984/972
f 985/985/973 986/986/974 987/987/975
f 987/987/975 986/986/974 988/988/976
f 989/989/977 987/987/975 990/990/978
f 990/990/978 987/987/975 988/988/976
f 970/970/958 991/991/979 972/972/960
f 972/972/960 991/991/979 992/992/980
f 970/970/958 971/971/959 991/991/979
f 991/991/979 971/971/959 993/993/981
f 994/994/982 995/995/983 996/996/984
f 996/996/984 995/995/983 997/997/985
f 998/998/986 994/994/982 999/999/987
f 999/999/987 994/994/982 996/996/984
f 1000/1000/988 1001/1001/989 1002/1002/990
f 1002/1002/990 1001/1001/989 1003/1003/991
f 1001/1001/989 1004/1004/992 1003/1003/991
f 1003/1003/991 1004/1004/992 1005/1005/993
f 1006/1006/994 1007/1007/995 1008/1008/996
f 1008/1008/996 1007/1007/995 1009/1009/997
f 1010/1010/998 1006/1006/994 1011/1011/999
f 1011/1011/999 1006/1006/994 1008/1008/996
f 1012/1012/1000 1013/1013/1001 1014/1014/1002
f 1014/1014/1002 1013/1013/1001 1015/1015/1003
f 1016/1016/1004 1017/1017/1005 1013/1013/1001
f 1013/1013/1001 1017/1017/1005 1015/1015/1003
f 1017/1017/1005 1018/1018/1006 1015/1015/1003
f 1015/1015/1003 1018/1018/1006 1019/1019/1007
f 1014/1014/1002 1015/1015/1003 1020/1020/1008
f 1020/1020/1008 1015/1015/1003 1019/1019/1007
f 1020/1020/1008 1019/1019/1007 1021/1021/1009
f 1021/1021/1009 1019/1019/1007 1022/1022/1010
f 1019/1019/1007 1018/1018/1006 1022/1022/1010
f 1022/1022/1010 1018/1018/1006 1023/1023/1011
f 1022/1022/1010 1023/1023/1011 1024/1024/1012
f 1024/1024/1012 1023/1023/1011 1025/1025/1013
f 1021/1021/1009 1022/1022/1010 1026/1026/1014
f 1026/1026/1014 1022/1022/1010 1024/1024/1012
f 1027/1027/1015 1028/1028/1016 1029/1029/1017
f 1029/1029/1017 1028/1028/1016 1030/1030/1018
f 1028/1028/1016 1031/1031/1019 1030/1030/1018
f 1030/1030/1018 1031/1031/1019 1032/1032/1020
f 1030/1030/1018 1032/1032/1020 1033/1033/1021
f 1033/1033/1021 1032/1032/1020 1034/1034/1022
f 1029/1029/1017 1030/1030/1018 1035/1035/1023
f 1035/1035/1023 1030/1030/1018 1033/1033/1021
f 1033/1033/1021 1036/1036/1024 1035/1035/1023
f 1035/1035/1023 1036/1036/1024 1037/1037/1025
f 1034/1034/1022 1038/1038/1026 1033/1033/1021
f 1033/1033/1021 1038/1038/1026 1036/1036/1024
f 1038/1038/1026 1039/1039/1027 1036/1036/1024
f 1036/1036/1024 1039/1039/1027 1040/1040/1028
f 1036/1036/1024 1040/1040/1028 1037/1037/1025
f 1037/1037/1025 1040/1040/1028 1041/1041/1029
f 1040/1040/1028 1042/1042/1030 1041/1041/1029
f 1041/1041/1029 1042/1042/1030 1043/1043/1031
f 1039/1039/1027 1044/1044/1032 1040/1040/1028
f 1040/1040/1028 1044/1044/1032 1042/1042/1030
f 1044/1044/1032 1045/1045/1033 1042/1042/1030
f 1042/1042/1030 1045/1045/1033 1046/1046/1034
f 1042/1042/1030 1046/1046/1034 1043/1043/1031
f 1043/1043/1031 1046/1046/1034 1047/1047/1035
f 1047/1047/1035 1046/1046/1034 1048/1048/1036
f 1048/1048/1036 1046/1046/1034 1049/1049/1037
f 1046/1046/1034 1045/1045/1033 1049/1049/1037
f 1049/1049/1037 1045/1045/1033 1050/1050/1038
f 1049/1049/1037 1050/1050/1038 1051/1051/1039
f 1051/1051/1039 1050/1050/1038 1052/1052/1040
f 1048/1048/1036 1049/1049/1037 1053/1053/1041
f 1053/1053/1041 1049/1049/1037 1051/1051/1039
f 1053/1053/1041 1051/1051/1039 1054/1054/1042
f 1054/1054/1042 1051/1051/1039 1055/1055/1043
f 1051/1051/1039 1052/1052/1040 1055/1055/1043
f 1055/1055/1043 1052/1052/1040 1056/1056/1044
f 1055/1055/1043 1056/1056/1044 1057/1057/1045
f 1057/1057/1045 1056/1056/1044 1058/1058/1046
f 1054/1054/1042 1055/1055/1043 1059/1059/1047
f 1059/1059/1047 1055/1055/1043 1057/1057/1045
f 1060/1060/1048 1061/1061/1049 1062/1062/1050
f 1062/1062/1050 1061/1061/1049 1063/1063/1051
f 1064/1064/1052 1065/1065/1053 1060/1060/1048
f 1060/1060/1048 1065/1065/1053 1061/1061/1049
f 1065/1065/1053 1066/1066/1054 1061/1061/1049
f 1061/1061/1049 1066/1066/1054 1067/1067/1055
f 1061/1061/1049 1067/1067/1055 1063/1063/1051
f 1063/1063/1051 1067/1067/1055 1068/1068/1056
f 71/71/71 1069/1069/1057 61/61/61
f 61/61/61 1069/1069/1057 1070/1070/1058
f 72/72/72 1071/1071/1059 71/71/71
f 71/71/71 1071/1071/1059 1069/1069/1057
f 1069/1069/1057 1071/1071/1059 856/856/845
f 856/856/845 1071/1071/1059 848/848/837
f 1070/1070/1058 1069/1069/1057 861/861/850
f 861/861/850 1069/1069/1057 856/856/845
f 375/375/374 445/445/444 1072/1072/1060
f 1072/1072/1060 445/445/444 1073/1073/1061
f 445/445/444 443/443/442 1073/1073/1061
f 1073/1073/1061 443/443/442 1074/1074/1062
f 1073/1073/1061 1074/1074/1062 879/879/868
f 879/879/868 1074/1074/1062 880/880/869
f 1072/1072/1060 1073/1073/1061 870/870/859
f 870/870/859 1073/1073/1061 879/879/868
f 443/443/442 441/441/440 1074/1074/1062
f 1074/1074/1062 441/441/440 1075/1075/1063
f 441/441/440 442/442/441 1075/1075/1063
f 1075/1075/1063 442/442/441 1076/1076/1064
f 1075/1075/1063 1076/1076/1064 885/885/874
f 885/885/874 1076/1076/1064 887/887/876
f 1074/1074/1062 1075/1075/1063 880/880/869
f 880/880/869 1075/1075/1063 885/885/874
f 571/571/570 1077/1077/1065 27/27/27
f 27/27/27 1077/1077/1065 1078/1078/1066
f 571/571/570 576/576/575 1077/1077/1065
f 1077/1077/1065 576/576/575 1079/1079/1067
f 1077/1077/1065 1079/1079/1067 894/894/883
f 894/894/883 1079/1079/1067 895/895/884
f 1077/1077/1065 894/894/883 1078/1078/1066
f 1078/1078/1066 894/894/883 893/893/882
f 581/581/580 582/582/581 1080/1080/1068
f 1080/1080/1068 582/582/581 1081/1081/1069
f 582/582/581 53/53/53 1081/1081/1069
f 1081/1081/1069 53/53/53 1082/1082/1070
f 1082/1082/1070 867/867/856 1081/1081/1069
f 1081/1081/1069 867/867/856 903/903/892
f 1080/1080/1068 1081/1081/1069 902/902/891
f 902/902/891 1081/1081/1069 903/903/892
f 55/55/55 1083/1083/1071 53/53/53
f 53/53/53 1083/1083/1071 1082/1082/1070
f 61/61/61 1070/1070/1058 55/55/55
f 55/55/55 1070/1070/1058 1083/1083/1071
f 1070/1070/1058 861/861/850 1083/1083/1071
f 1083/1083/1071 861/861/850 862/862/851
f 1083/1083/1071 862/862/851 1082/1082/1070
f 1082/1082/1070 862/862/851 867/867/856
f 1084/1084/1072 376/376/375 1085/1085/1073
f 1085/1085/1073 376/376/375 377/377/376
f 378/378/377 373/373/372 1086/1086/1074
f 1086/1086/1074 373/373/372 1087/1087/1075
f 1086/1086/1074 1087/1087/1075 905/905/894
f 905/905/894 1087/1087/1075 876/876/865
f 912/912/900 1084/1084/1072 911/911/899
f 911/911/899 1084/1084/1072 1085/1085/1073
f 373/373/372 374/374/373 1087/1087/1075
f 1087/1087/1075 374/374/373 1088/1088/1076
f 374/374/373 375/375/374 1088/1088/1076
f 1088/1088/1076 375/375/374 1072/1072/1060
f 1088/1088/1076 1072/1072/1060 871/871/860
f 871/871/860 1072/1072/1060 870/870/859
f 1087/1087/1075 1088/1088/1076 876/876/865
f 876/876/865 1088/1088/1076 871/871/860
f 72/72/72 191/191/191 1071/1071/1059
f 1071/1071/1059 191/191/191 1089/1089/1077
f 190/190/190 189/189/189 1090/1090/1078
f 1090/1090/1078 189/189/189 1091/1091/1079
f 1090/1090/1078 1091/1091/1079 850/850/839
f 850/850/839 1091/1091/1079 851/851/840
f 1071/1071/1059 1089/1089/1077 848/848/837
f 848/848/837 1089/1089/1077 849/849/838
f 184/184/184 183/183/183 1092/1092/1080
f 1092/1092/1080 183/183/183 1093/1093/1081
f 182/182/182 145/145/145 1094/1094/1082
f 1094/1094/1082 145/145/145 1095/1095/1083
f 1094/1094/1082 1095/1095/1083 931/931/919
f 931/931/919 1095/1095/1083 932/932/920
f 1092/1092/1080 1093/1093/1081 929/929/917
f 929/929/917 1093/1093/1081 930/930/918
f 464/464/463 1096/1096/1084 466/466/465
f 466/466/465 1096/1096/1084 1097/1097/1085
f 462/462/461 1098/1098/1086 464/464/463
f 464/464/463 1098/1098/1086 1096/1096/1084
f 1098/1098/1086 924/924/912 1096/1096/1084
f 1096/1096/1084 924/924/912 946/946/934
f 1096/1096/1084 946/946/934 1097/1097/1085
f 1097/1097/1085 946/946/934 951/951/939
f 461/461/460 1099/1099/1087 462/462/461
f 462/462/461 1099/1099/1087 1098/1098/1086
f 1100/1100/1088 459/459/458 1101/1101/1089
f 1101/1101/1089 459/459/458 460/460/459
f 915/915/903 1100/1100/1088 913/913/901
f 913/913/901 1100/1100/1088 1101/1101/1089
f 1099/1099/1087 923/923/911 1098/1098/1086
f 1098/1098/1086 923/923/911 924/924/912
f 145/145/145 147/147/147 1095/1095/1083
f 1095/1095/1083 147/147/147 1102/1102/1090
f 156/156/156 1103/1103/1091 155/155/155
f 155/155/155 1103/1103/1091 1104/1104/1092
f 1104/1104/1092 1103/1103/1091 940/940/928
f 940/940/928 1103/1103/1091 941/941/929
f 1095/1095/1083 1102/1102/1090 932/932/920
f 932/932/920 1102/1102/1090 939/939/927
f 171/171/171 1105/1105/1093 170/170/170
f 170/170/170 1105/1105/1093 1106/1106/1094
f 171/171/171 172/172/172 1105/1105/1093
f 1105/1105/1093 172/172/172 1107/1107/1095
f 1105/1105/1093 1107/1107/1095 963/963/951
f 963/963/951 1107/1107/1095 965/965/953
f 1106/1106/1094 1105/1105/1093 962/962/950
f 962/962/950 1105/1105/1093 963/963/951
f 521/521/520 522/522/521 1108/1108/1096
f 1108/1108/1096 522/522/521 1109/1109/1097
f 522/522/521 519/519/518 1109/1109/1097
f 1109/1109/1097 519/519/518 1110/1110/1098
f 1109/1109/1097 1110/1110/1098 974/974/962
f 974/974/962 1110/1110/1098 957/957/945
f 1108/1108/1096 1109/1109/1097 978/978/966
f 978/978/966 1109/1109/1097 974/974/962
f 519/519/518 520/520/519 1110/1110/1098
f 1110/1110/1098 520/520/519 1111/1111/1085
f 520/520/519 466/466/465 1111/1111/1085
f 1111/1111/1085 466/466/465 1097/1097/1085
f 1111/1111/1085 1097/1097/1085 953/953/941
f 953/953/941 1097/1097/1085 951/951/939
f 1110/1110/1098 1111/1111/1085 957/957/945
f 957/957/945 1111/1111/1085 953/953/941
f 172/172/172 304/304/304 1107/1107/1095
f 1107/1107/1095 304/304/304 1112/1112/1099
f 304/304/304 301/301/301 1112/1112/1099
f 1112/1112/1099 301/301/301 1113/1113/1100
f 1113/1113/1100 971/971/959 1112/1112/1099
f 1112/1112/1099 971/971/959 969/969/957
f 1112/1112/1099 969/969/957 1107/1107/1095
f 1107/1107/1095 969/969/957 965/965/953
f 301/301/301 300/300/300 1113/1113/1100
f 1113/1113/1100 300/300/300 1114/1114/1101
f 1115/1115/1102 299/299/299 1116/1116/1103
f 1116/1116/1103 299/299/299 298/298/298
f 995/995/983 1115/1115/1102 997/997/985
f 997/997/985 1115/1115/1102 1116/1116/1103
f 1114/1114/1101 993/993/981 1113/1113/1100
f 1113/1113/1100 993/993/981 971/971/959
f 415/415/414 1117/1117/1104 416/416/415
f 416/416/415 1117/1117/1104 1118/1118/1105
f 417/417/416 1119/1119/1106 415/415/414
f 415/415/414 1119/1119/1106 1117/1117/1104
f 1119/1119/1106 1012/1012/1000 1117/1117/1104
f 1117/1117/1104 1012/1012/1000 1014/1014/1002
f 1117/1117/1104 1014/1014/1002 1118/1118/1105
f 1118/1118/1105 1014/1014/1002 1020/1020/1008
f 411/411/410 1120/1120/1107 412/412/411
f 412/412/411 1120/1120/1107 1121/1121/1108
f 413/413/412 1122/1122/1109 414/414/413
f 414/414/413 1122/1122/1109 1123/1123/1110
f 1123/1123/1110 1122/1122/1109 981/981/969
f 981/981/969 1122/1122/1109 979/979/967
f 1120/1120/1107 989/989/977 1121/1121/1108
f 1121/1121/1108 989/989/977 990/990/978
f 1124/1124/1111 279/279/279 1125/1125/1112
f 1125/1125/1112 279/279/279 277/277/277
f 1126/1126/1113 275/275/275 1127/1127/1114
f 1127/1127/1114 275/275/275 274/274/274
f 1007/1007/995 1126/1126/1113 1009/1009/997
f 1009/1009/997 1126/1126/1113 1127/1127/1114
f 1124/1124/1111 1125/1125/1112 1004/1004/992
f 1004/1004/992 1125/1125/1112 1005/1005/993
f 1128/1128/1115 269/269/269 1129/1129/1116
f 1129/1129/1116 269/269/269 268/268/268
f 102/102/102 1130/1130/1117 268/268/268
f 268/268/268 1130/1130/1117 1129/1129/1116
f 1130/1130/1117 1034/1034/1022 1129/1129/1116
f 1129/1129/1116 1034/1034/1022 1032/1032/1020
f 1031/1031/1019 1128/1128/1115 1032/1032/1020
f 1032/1032/1020 1128/1128/1115 1129/1129/1116
f 102/102/102 101/101/101 1130/1130/1117
f 1130/1130/1117 101/101/101 1131/1131/1118
f 101/101/101 98/98/98 1131/1131/1118
f 1131/1131/1118 98/98/98 1132/1132/1119
f 1131/1131/1118 1132/1132/1119 1038/1038/1026
f 1038/1038/1026 1132/1132/1119 1039/1039/1027
f 1131/1131/1118 1038/1038/1026 1130/1130/1117
f 1130/1130/1117 1038/1038/1026 1034/1034/1022
f 98/98/98 97/97/97 1132/1132/1119
f 1132/1132/1119 97/97/97 1133/1133/1120
f 97/97/97 96/96/96 1133/1133/1120
f 1133/1133/1120 96/96/96 1134/1134/1121
f 1133/1133/1120 1134/1134/1121 1044/1044/1032
f 1044/1044/1032 1134/1134/1121 1045/1045/1033
f 1132/1132/1119 1133/1133/1120 1039/1039/1027
f 1039/1039/1027 1133/1133/1120 1044/1044/1032
f 597/597/596 1135/1135/1122 96/96/96
f 96/96/96 1135/1135/1122 1134/1134/1121
f 594/594/593 1136/1136/1123 597/597/596
f 597/597/596 1136/1136/1123 1135/1135/1122
f 1135/1135/1122 1136/1136/1123 1050/1050/1038
f 1050/1050/1038 1136/1136/1123 1052/1052/1040
f 1134/1134/1121 1135/1135/1122 1045/1045/1033
f 1045/1045/1033 1135/1135/1122 1050/1050/1038
f 593/593/592 1137/1137/1124 594/594/593
f 594/594/593 1137/1137/1124 1136/1136/1123
f 592/592/591 1138/1138/1125 593/593/592
f 593/593/592 1138/1138/1125 1137/1137/1124
f 1138/1138/1125 1058/1058/1046 1137/1137/1124
f 1137/1137/1124 1058/1058/1046 1056/1056/1044
f 1137/1137/1124 1056/1056/1044 1136/1136/1123
f 1136/1136/1123 1056/1056/1044 1052/1052/1040
f 83/83/83 506/506/505 1139/1139/1126
f 1139/1139/1126 506/506/505 1140/1140/1127
f 504/504/503 1141/1141/1128 506/506/505
f 506/506/505 1141/1141/1128 1140/1140/1127
f 1140/1140/1127 1141/1141/1128 1065/1065/1053
f 1065/1065/1053 1141/1141/1128 1066/1066/1054
f 1139/1139/1126 1140/1140/1127 1064/1064/1052
f 1064/1064/1052 1140/1140/1127 1065/1065/1053
f 500/500/499 1142/1142/1129 501/501/500
f 501/501/500 1142/1142/1129 1143/1143/1130
f 416/416/415 1118/1118/1105 500/500/499
f 500/500/499 1118/1118/1105 1142/1142/1129
f 1118/1118/1105 1020/1020/1008 1142/1142/1129
f 1142/1142/1129 1020/1020/1008 1021/1021/1009
f 1142/1142/1129 1021/1021/1009 1143/1143/1130
f 1143/1143/1130 1021/1021/1009 1026/1026/1014
f 546/546/545 1144/1144/1131 621/621/620
f 621/621/620 1144/1144/1131 1145/1145/1132
f 543/543/542 632/632/631 1144/1144/1131
f 1144/1144/1131 632/632/631 1145/1145/1132
f 629/629/628 628/628/627 1146/1146/1133
f 1146/1146/1133 628/628/627 1147/1147/1133
f 1146/1146/1133 1147/1147/1133 622/622/621
f 622/622/621 1147/1147/1133 623/623/622
f 538/538/537 1148/1148/1134 546/546/545
f 546/546/545 1148/1148/1134 1144/1144/1131
f 1148/1148/1134 539/539/538 1144/1144/1131
f 1144/1144/1131 539/539/538 543/543/542
f 537/537/536 1149/1149/1135 538/538/537
f 538/538/537 1149/1149/1135 1148/1148/1134
f 1149/1149/1135 540/540/539 1148/1148/1134
f 1148/1148/1134 540/540/539 539/539/538
f 510/510/509 502/502/501 1150/1150/1136
f 1150/1150/1136 502/502/501 1151/1151/1137
f 503/503/502 507/507/506 1151/1151/1137
f 1151/1151/1137 507/507/506 1150/1150/1136
f 502/502/501 501/501/500 1151/1151/1137
f 1151/1151/1137 501/501/500 1152/1152/1138
f 504/504/503 503/503/502 1152/1152/1138
f 1152/1152/1138 503/503/502 1151/1151/1137
f 1066/1066/1054 1141/1141/1128 1153/1153/1139
f 1153/1153/1139 1141/1141/1128 1154/1154/1140
f 1141/1141/1128 504/504/503 1154/1154/1140
f 1154/1154/1140 504/504/503 1152/1152/1138
f 1154/1154/1140 1152/1152/1138 1143/1143/1130
f 1143/1143/1130 1152/1152/1138 501/501/500
f 1153/1153/1139 1154/1154/1140 1026/1026/1014
f 1026/1026/1014 1154/1154/1140 1143/1143/1130
f 1067/1067/1055 1155/1155/1141 1068/1068/1056
f 1068/1068/1056 1155/1155/1141 1156/1156/1142
f 1066/1066/1054 1153/1153/1139 1067/1067/1055
f 1067/1067/1055 1153/1153/1139 1155/1155/1141
f 1153/1153/1139 1026/1026/1014 1155/1155/1141
f 1155/1155/1141 1026/1026/1014 1024/1024/1012
f 1156/1156/1142 1155/1155/1141 1025/1025/1013
f 1025/1025/1013 1155/1155/1141 1024/1024/1012
f 13/13/13 1157/1157/1143 820/820/809
f 820/820/809 1157/1157/1143 1158/1158/1144
f 1157/1157/1143 496/496/495 1158/1158/1144
f 1158/1158/1144 496/496/495 809/809/798
f 1159/1159/1145 805/805/795 1160/1160/1146
f 1160/1160/1146 805/805/795 807/807/797
f 1161/1161/1147 1159/1159/1145 1162/1162/1148
f 1162/1162/1148 1159/1159/1145 1160/1160/1146
f 1163/1163/1149 495/495/494 1157/1157/1143
f 1157/1157/1143 495/495/494 496/496/495
f 1157/1157/1143 13/13/13 1163/1163/1149
f 1163/1163/1149 13/13/13 10/10/10
f 1164/1164/1150 498/498/497 1163/1163/1149
f 1163/1163/1149 498/498/497 495/495/494
f 1163/1163/1149 10/10/10 1164/1164/1150
f 1164/1164/1150 10/10/10 9/9/9
f 18/18/18 1165/1165/1151 16/16/16
f 16/16/16 1165/1165/1151 1166/1166/1152
f 1165/1165/1151 440/440/439 1166/1166/1152
f 1166/1166/1152 440/440/439 450/450/449
f 27/27/27 1167/1167/1153 18/18/18
f 18/18/18 1167/1167/1153 1165/1165/1151
f 1167/1167/1153 442/442/441 1165/1165/1151
f 1165/1165/1151 442/442/441 440/440/439
f 887/887/876 1076/1076/1064 1168/1168/1154
f 1168/1168/1154 1076/1076/1064 1169/1169/1155
f 442/442/441 1167/1167/1153 1076/1076/1064
f 1076/1076/1064 1167/1167/1153 1169/1169/1155
f 1169/1169/1155 1167/1167/1153 1078/1078/1066
f 1078/1078/1066 1167/1167/1153 27/27/27
f 1168/1168/1154 1169/1169/1155 893/893/882
f 893/893/882 1169/1169/1155 1078/1078/1066
f 888/888/877 886/886/875 1170/1170/1156
f 1170/1170/1156 886/886/875 1171/1171/1157
f 886/886/875 887/887/876 1171/1171/1157
f 1171/1171/1157 887/887/876 1168/1168/1154
f 1171/1171/1157 1168/1168/1154 890/890/879
f 890/890/879 1168/1168/1154 893/893/882
f 1170/1170/1156 1171/1171/1157 889/889/878
f 889/889/878 1171/1171/1157 890/890/879
f 1172/1172/1158 1173/1173/1159 140/140/140
f 140/140/140 1173/1173/1159 634/634/633
f 1172/1172/1158 614/614/613 1173/1173/1159
f 1173/1173/1159 614/614/613 641/641/640
f 1174/1174/1160 637/637/636 1175/1175/1161
f 1175/1175/1161 637/637/636 639/639/638
f 636/636/635 1176/1176/1160 635/635/634
f 635/635/634 1176/1176/1160 1177/1177/1162
f 615/615/614 1178/1178/1163 616/616/615
f 616/616/615 1178/1178/1163 1179/1179/1164
f 614/614/613 1172/1172/1158 615/615/614
f 615/615/614 1172/1172/1158 1178/1178/1163
f 1178/1178/1163 1172/1172/1158 139/139/139
f 139/139/139 1172/1172/1158 140/140/140
f 1178/1178/1163 139/139/139 1179/1179/1164
f 1179/1179/1164 139/139/139 137/137/137
f 602/602/601 618/618/617 1180/1180/1165
f 1180/1180/1165 618/618/617 1181/1181/1166
f 1180/1180/1165 1181/1181/1166 132/132/132
f 132/132/132 1181/1181/1166 133/133/133
f 132/132/132 84/84/84 1180/1180/1165
f 1180/1180/1165 84/84/84 1182/1182/1167
f 1180/1180/1165 1182/1182/1167 602/602/601
f 602/602/601 1182/1182/1167 585/585/584
f 81/81/81 1183/1183/1168 84/84/84
f 84/84/84 1183/1183/1168 1182/1182/1167
f 81/81/81 82/82/82 1183/1183/1168
f 1183/1183/1168 82/82/82 1184/1184/1169
f 1183/1183/1168 1184/1184/1169 583/583/582
f 583/583/582 1184/1184/1169 587/587/586
f 1183/1183/1168 583/583/582 1182/1182/1167
f 1182/1182/1167 583/583/582 585/585/584
f 83/83/83 1185/1185/1170 82/82/82
f 82/82/82 1185/1185/1170 1184/1184/1169
f 1184/1184/1169 1185/1185/1170 587/587/586
f 587/587/586 1185/1185/1170 592/592/591
f 1058/1058/1046 1138/1138/1125 1186/1186/1171
f 1186/1186/1171 1138/1138/1125 1187/1187/1172
f 1138/1138/1125 592/592/591 1187/1187/1172
f 1187/1187/1172 592/592/591 1185/1185/1170
f 1185/1185/1170 83/83/83 1187/1187/1172
f 1187/1187/1172 83/83/83 1139/1139/1126
f 1187/1187/1172 1139/1139/1126 1186/1186/1171
f 1186/1186/1171 1139/1139/1126 1064/1064/1052
f 1059/1059/1047 1057/1057/1045 1188/1188/1173
f 1188/1188/1173 1057/1057/1045 1189/1189/1174
f 1057/1057/1045 1058/1058/1046 1189/1189/1174
f 1189/1189/1174 1058/1058/1046 1186/1186/1171
f 1186/1186/1171 1064/1064/1052 1189/1189/1174
f 1189/1189/1174 1064/1064/1052 1060/1060/1048
f 1189/1189/1174 1060/1060/1048 1188/1188/1173
f 1188/1188/1173 1060/1060/1048 1062/1062/1050
f 1190/1190/1175 1191/1191/1176 561/561/560
f 561/561/560 1191/1191/1176 839/839/828
f 556/556/555 818/818/807 1190/1190/1175
f 1190/1190/1175 818/818/807 1191/1191/1176
f 815/815/804 814/814/803 1192/1192/1177
f 1192/1192/1177 814/814/803 1193/1193/1178
f 1192/1192/1177 1193/1193/1178 840/840/829
f 840/840/829 1193/1193/1178 841/841/830
f 551/551/550 556/556/555 1194/1194/1179
f 1194/1194/1179 556/556/555 1190/1190/1175
f 1194/1194/1179 1190/1190/1175 559/559/558
f 559/559/558 1190/1190/1175 561/561/560
f 553/553/552 1195/1195/1180 554/554/553
f 554/554/553 1195/1195/1180 1196/1196/1181
f 1194/1194/1179 1197/1197/1182 551/551/550
f 551/551/550 1197/1197/1182 552/552/551
f 559/559/558 560/560/559 1194/1194/1179
f 1194/1194/1179 560/560/559 1197/1197/1182
f 1195/1195/1180 563/563/562 1196/1196/1181
f 1196/1196/1181 563/563/562 565/565/564
f 1198/1198/599 568/568/567 1196/1196/1181
f 1196/1196/1181 568/568/567 554/554/553
f 1196/1196/1181 565/565/564 1198/1198/599
f 1198/1198/599 565/565/564 570/570/569
f 575/575/574 568/568/567 1199/1199/1183
f 1199/1199/1183 568/568/567 1198/1198/599
f 1199/1199/1183 1198/1198/599 577/577/576
f 577/577/576 1198/1198/599 570/570/569
f 574/574/573 1200/1200/1184 576/576/575
f 576/576/575 1200/1200/1184 1201/1201/1185
f 1200/1200/1184 574/574/573 1199/1199/1183
f 1199/1199/1183 574/574/573 575/575/574
f 579/579/578 1200/1200/1184 577/577/576
f 577/577/576 1200/1200/1184 1199/1199/1183
f 1200/1200/1184 579/579/578 1201/1201/1185
f 1201/1201/1185 579/579/578 581/581/580
f 1079/1079/1067 1202/1202/1186 895/895/884
f 895/895/884 1202/1202/1186 1203/1203/1187
f 576/576/575 1201/1201/1185 1079/1079/1067
f 1079/1079/1067 1201/1201/1185 1202/1202/1186
f 1201/1201/1185 581/581/580 1202/1202/1186
f 1202/1202/1186 581/581/580 1080/1080/1068
f 1202/1202/1186 1080/1080/1068 1203/1203/1187
f 1203/1203/1187 1080/1080/1068 902/902/891
f 896/896/885 1204/1204/1188 897/897/886
f 897/897/886 1204/1204/1188 1205/1205/1189
f 895/895/884 1203/1203/1187 896/896/885
f 896/896/885 1203/1203/1187 1204/1204/1188
f 1203/1203/1187 902/902/891 1204/1204/1188
f 1204/1204/1188 902/902/891 898/898/887
f 1204/1204/1188 898/898/887 1205/1205/1189
f 1205/1205/1189 898/898/887 900/900/889
f 926/926/914 933/933/921 928/928/916
f 928/928/916 933/933/921 935/935/923
f 930/930/918 931/931/919 926/926/914
f 926/926/914 931/931/919 933/933/921
f 1094/1094/1082 931/931/919 1093/1093/1081
f 1093/1093/1081 931/931/919 930/930/918
f 183/183/183 182/182/182 1093/1093/1081
f 1093/1093/1081 182/182/182 1094/1094/1082
f 182/182/182 183/183/183 175/175/175
f 175/175/175 183/183/183 179/179/179
f 177/177/177 174/174/174 179/179/179
f 179/179/179 174/174/174 175/175/175
f 173/173/173 174/174/174 180/180/180
f 180/180/180 174/174/174 177/177/177
f 228/228/228 173/173/173 226/226/226
f 226/226/226 173/173/173 180/180/180
f 226/226/226 227/227/227 228/228/228
f 228/228/228 227/227/227 229/229/229
f 218/218/218 222/222/222 215/215/215
f 215/215/215 222/222/222 214/214/214
f 215/215/215 217/217/217 218/218/218
f 218/218/218 217/217/217 219/219/219
f 784/784/775 219/219/219 786/786/777
f 786/786/777 219/219/219 217/217/217
f 792/792/782 791/791/781 789/789/780
f 789/789/780 791/791/781 787/787/778
f 999/999/987 996/996/984 1000/1000/988
f 1000/1000/988 996/996/984 1001/1001/989
f 996/996/984 997/997/985 1001/1001/989
f 1001/1001/989 997/997/985 1004/1004/992
f 1124/1124/1111 1004/1004/992 1116/1116/1103
f 1116/1116/1103 1004/1004/992 997/997/985
f 279/279/279 1124/1124/1111 298/298/298
f 298/298/298 1124/1124/1111 1116/1116/1103
f 278/278/278 279/279/279 291/291/291
f 291/291/291 279/279/279 298/298/298
f 278/278/278 291/291/291 280/280/280
f 280/280/280 291/291/291 286/286/286
f 280/280/280 286/286/286 285/285/285
f 285/285/285 286/286/286 288/288/288
f 285/285/285 288/288/288 325/325/324
f 325/325/324 288/288/288 348/348/347
f 325/325/324 348/348/347 327/327/326
f 327/327/326 348/348/347 350/350/349
f 329/329/328 341/341/340 331/331/330
f 331/331/330 341/341/340 337/337/336
f 331/331/330 337/337/336 335/335/334
f 335/335/334 337/337/336 336/336/335
f 335/335/334 336/336/335 673/673/670
f 673/673/670 336/336/335 701/701/698
f 677/677/674 675/675/672 711/711/707
f 711/711/707 675/675/672 710/710/706
f 1002/1002/990 1003/1003/991 1010/1010/998
f 1010/1010/998 1003/1003/991 1006/1006/994
f 1003/1003/991 1005/1005/993 1006/1006/994
f 1006/1006/994 1005/1005/993 1007/1007/995
f 1126/1126/1113 1007/1007/995 1125/1125/1112
f 1125/1125/1112 1007/1007/995 1005/1005/993
f 275/275/275 1126/1126/1113 277/277/277
f 277/277/277 1126/1126/1113 1125/1125/1112
f 273/273/273 275/275/275 276/276/276
f 276/276/276 275/275/275 277/277/277
f 272/272/272 273/273/273 281/281/281
f 281/281/281 273/273/273 276/276/276
f 272/272/272 281/281/281 283/283/283
f 283/283/283 281/281/281 284/284/284
f 283/283/283 284/284/284 321/321/320
f 321/321/320 284/284/284 324/324/323
f 321/321/320 324/324/323 323/323/322
f 323/323/322 324/324/323 326/326/325
f 317/317/316 328/328/327 319/319/318
f 319/319/318 328/328/327 330/330/329
f 319/319/318 330/330/329 333/333/332
f 333/333/332 330/330/329 334/334/333
f 333/333/332 334/334/333 671/671/668
f 671/671/668 334/334/333 672/672/669
f 681/681/678 679/679/676 676/676/673
f 676/676/673 679/679/676 674/674/671
f 1011/1011/999 1008/1008/996 1027/1027/1015
f 1027/1027/1015 1008/1008/996 1028/1028/1016
f 1008/1008/996 1009/1009/997 1028/1028/1016
f 1028/1028/1016 1009/1009/997 1031/1031/1019
f 1128/1128/1115 1031/1031/1019 1127/1127/1114
f 1127/1127/1114 1031/1031/1019 1009/1009/997
f 269/269/269 1128/1128/1115 274/274/274
f 274/274/274 1128/1128/1115 1127/1127/1114
f 265/265/265 269/269/269 271/271/271
f 271/271/271 269/269/269 274/274/274
f 266/266/266 265/265/265 270/270/270
f 270/270/270 265/265/265 271/271/271
f 267/267/267 266/266/266 282/282/282
f 282/282/282 266/266/266 270/270/270
f 315/315/314 267/267/267 320/320/319
f 320/320/319 267/267/267 282/282/282
f 315/315/314 320/320/319 314/314/313
f 314/314/313 320/320/319 322/322/321
f 318/318/317 309/309/308 316/316/315
f 316/316/315 309/309/308 310/310/309
f 309/309/308 318/318/317 311/311/310
f 311/311/310 318/318/317 332/332/331
f 311/311/310 332/332/331 665/665/663
f 665/665/663 332/332/331 670/670/667
f 667/667/665 666/666/664 680/680/677
f 680/680/677 666/666/664 678/678/675
f 992/992/980 991/991/979 998/998/986
f 998/998/986 991/991/979 994/994/982
f 991/991/979 993/993/981 994/994/982
f 994/994/982 993/993/981 995/995/983
f 1115/1115/1102 995/995/983 1114/1114/1101
f 1114/1114/1101 995/995/983 993/993/981
f 300/300/300 299/299/299 1114/1114/1101
f 1114/1114/1101 299/299/299 1115/1115/1102
f 299/299/299 300/300/300 290/290/290
f 290/290/290 300/300/300 295/295/295
f 293/293/293 287/287/287 295/295/295
f 295/295/295 287/287/287 290/290/290
f 287/287/287 293/293/293 289/289/289
f 289/289/289 293/293/293 296/296/296
f 352/352/351 349/349/348 296/296/296
f 296/296/296 349/349/348 289/289/289
f 349/349/348 352/352/351 351/351/350
f 351/351/350 352/352/351 354/354/353
f 343/343/342 339/339/338 345/345/344
f 345/345/344 339/339/338 340/340/339
f 338/338/337 339/339/338 346/346/345
f 346/346/345 339/339/338 343/343/342
f 700/700/697 338/338/337 703/703/700
f 703/703/700 338/338/337 346/346/345
f 709/709/705 708/708/704 707/707/703
f 707/707/703 708/708/704 706/706/703
f 742/742/735 737/737/731 744/744/737
f 744/744/737 737/737/731 739/739/733
f 245/245/245 244/244/244 734/734/728
f 734/734/728 244/244/244 735/735/729
f 244/244/244 245/245/245 234/234/234
f 234/234/234 245/245/245 238/238/238
f 235/235/235 234/234/234 239/239/239
f 239/239/239 234/234/234 238/238/238
f 232/232/232 233/233/233 240/240/240
f 240/240/240 233/233/233 241/241/241
f 158/158/158 232/232/232 159/159/159
f 159/159/159 232/232/232 240/240/240
f 149/149/149 158/158/158 153/153/153
f 153/153/153 158/158/158 159/159/159
f 148/148/148 149/149/149 154/154/154
f 154/154/154 149/149/149 153/153/153
f 147/147/147 148/148/148 155/155/155
f 155/155/155 148/148/148 154/154/154
f 1102/1102/1090 147/147/147 1104/1104/1092
f 1104/1104/1092 147/147/147 155/155/155
f 1102/1102/1090 1104/1104/1092 939/939/927
f 939/939/927 1104/1104/1092 940/940/928
f 939/939/927 940/940/928 937/937/925
f 937/937/925 940/940/928 942/942/930
f 938/938/926 937/937/925 944/944/932
f 944/944/932 937/937/925 942/942/930
f 763/763/756 741/741/734 765/765/756
f 765/765/756 741/741/734 743/743/736
f 251/251/251 246/246/246 761/761/754
f 761/761/754 246/246/246 733/733/727
f 246/246/246 251/251/251 236/236/236
f 236/236/236 251/251/251 248/248/248
f 237/237/237 236/236/236 247/247/247
f 247/247/247 236/236/236 248/248/248
f 242/242/242 243/243/243 256/256/256
f 256/256/256 243/243/243 257/257/257
f 160/160/160 242/242/242 165/165/165
f 165/165/165 242/242/242 256/256/256
f 151/151/151 160/160/160 162/162/162
f 162/162/162 160/160/160 165/165/165
f 152/152/152 151/151/151 161/161/161
f 161/161/161 151/151/151 162/162/162
f 156/156/156 152/152/152 170/170/170
f 170/170/170 152/152/152 161/161/161
f 1103/1103/1091 156/156/156 1106/1106/1094
f 1106/1106/1094 156/156/156 170/170/170
f 1103/1103/1091 1106/1106/1094 941/941/929
f 941/941/929 1106/1106/1094 962/962/950
f 941/941/929 962/962/950 943/943/931
f 943/943/931 962/962/950 959/959/947
f 945/945/933 943/943/931 958/958/946
f 958/958/946 943/943/931 959/959/947
f 853/853/842 925/925/913 855/855/844
f 855/855/844 925/925/913 927/927/915
f 851/851/840 929/929/917 853/853/842
f 853/853/842 929/929/917 925/925/913
f 1091/1091/1079 1092/1092/1080 851/851/840
f 851/851/840 1092/1092/1080 929/929/917
f 189/189/189 184/184/184 1091/1091/1079
f 1091/1091/1079 184/184/184 1092/1092/1080
f 184/184/184 189/189/189 178/178/178
f 178/178/178 189/189/189 185/185/185
f 187/187/187 176/176/176 185/185/185
f 185/185/185 176/176/176 178/178/178
f 181/181/181 176/176/176 194/194/194
f 194/194/194 176/176/176 187/187/187
f 224/224/224 181/181/181 207/207/207
f 207/207/207 181/181/181 194/194/194
f 207/207/207 208/208/208 224/224/224
f 224/224/224 208/208/208 225/225/225
f 203/203/203 204/204/204 212/212/212
f 212/212/212 204/204/204 213/213/213
f 204/204/204 211/211/211 213/213/213
f 213/213/213 211/211/211 216/216/216
f 785/785/776 216/216/216 794/794/784
f 794/794/784 216/216/216 211/211/211
f 790/790/779 788/788/779 803/803/793
f 803/803/793 788/788/779 801/801/791
f 845/845/834 852/852/841 847/847/836
f 847/847/836 852/852/841 854/854/843
f 849/849/838 850/850/839 845/845/834
f 845/845/834 850/850/839 852/852/841
f 1089/1089/1077 1090/1090/1078 849/849/838
f 849/849/838 1090/1090/1078 850/850/839
f 191/191/191 190/190/190 1089/1089/1077
f 1089/1089/1077 190/190/190 1090/1090/1078
f 190/190/190 191/191/191 186/186/186
f 186/186/186 191/191/191 192/192/192
f 186/186/186 192/192/192 188/188/188
f 188/188/188 192/192/192 193/193/193
f 188/188/188 193/193/193 195/195/195
f 195/195/195 193/193/193 196/196/196
f 195/195/195 196/196/196 205/205/205
f 205/205/205 196/196/196 198/198/198
f 197/197/197 206/206/206 198/198/198
f 198/198/198 206/206/206 205/205/205
f 202/202/202 201/201/201 200/200/200
f 200/200/200 201/201/201 199/199/199
f 200/200/200 209/209/209 202/202/202
f 202/202/202 209/209/209 210/210/210
f 793/793/783 210/210/210 795/795/785
f 795/795/785 210/210/210 209/209/209
f 802/802/792 797/797/787 804/804/794
f 804/804/794 797/797/787 799/799/789
f 906/906/895 907/907/896 904/904/893
f 904/904/893 907/907/896 909/909/898
f 905/905/894 904/904/893 911/911/899
f 911/911/899 904/904/893 909/909/898
f 1086/1086/1074 905/905/894 1085/1085/1073
f 1085/1085/1073 905/905/894 911/911/899
f 377/377/376 378/378/377 1085/1085/1073
f 1085/1085/1073 378/378/377 1086/1086/1074
f 364/364/363 367/367/366 377/377/376
f 377/377/376 367/367/366 378/378/377
f 362/362/361 365/365/364 364/364/363
f 364/364/363 365/365/364 367/367/366
f 385/385/384 386/386/385 389/389/388
f 389/389/388 386/386/385 387/387/386
f 391/391/390 385/385/384 394/394/393
f 394/394/393 385/385/384 389/389/388
f 775/775/767 391/391/390 777/777/769
f 777/777/769 391/391/390 394/394/393
f 783/783/774 782/782/773 780/780/770
f 780/780/770 782/782/773 778/778/770
f 908/908/897 917/917/905 910/910/898
f 910/910/898 917/917/905 914/914/902
f 912/912/900 910/910/898 913/913/901
f 913/913/901 910/910/898 914/914/902
f 1084/1084/1072 912/912/900 1101/1101/1089
f 1101/1101/1089 912/912/900 913/913/901
f 376/376/375 1084/1084/1072 460/460/459
f 460/460/459 1084/1084/1072 1101/1101/1089
f 454/454/453 363/363/362 460/460/459
f 460/460/459 363/363/362 376/376/375
f 452/452/451 361/361/360 454/454/453
f 454/454/453 361/361/360 363/363/362
f 388/388/387 484/484/483 390/390/389
f 390/390/389 484/484/483 480/480/479
f 390/390/389 480/480/479 393/393/392
f 393/393/392 480/480/479 478/478/477
f 776/776/768 393/393/392 746/746/739
f 746/746/739 393/393/392 478/478/477
f 781/781/772 779/779/771 756/756/749
f 756/756/749 779/779/771 755/755/748
f 918/918/906 919/919/907 916/916/904
f 916/916/904 919/919/907 921/921/909
f 915/915/903 916/916/904 923/923/911
f 923/923/911 916/916/904 921/921/909
f 1100/1100/1088 915/915/903 1099/1099/1087
f 1099/1099/1087 915/915/903 923/923/911
f 459/459/458 1100/1100/1088 461/461/460
f 461/461/460 1100/1100/1088 1099/1099/1087
f 453/453/452 459/459/458 455/455/454
f 455/455/454 459/459/458 461/461/460
f 457/457/456 451/451/450 455/455/454
f 455/455/454 451/451/450 453/453/452
f 476/476/475 479/479/478 482/482/481
f 482/482/481 479/479/478 483/483/482
f 475/475/474 477/477/476 476/476/475
f 476/476/475 477/477/476 479/479/478
f 745/745/738 477/477/476 747/747/740
f 747/747/740 477/477/476 475/475/474
f 753/753/746 749/749/742 754/754/747
f 754/754/747 749/749/742 751/751/744
f 729/729/723 690/690/687 730/730/724
f 730/730/724 690/690/687 692/692/689
f 524/524/523 429/429/428 728/728/722
f 728/728/722 429/429/428 682/682/679
f 431/431/430 429/429/428 523/523/522
f 523/523/522 429/429/428 524/524/523
f 434/434/433 431/431/430 533/533/532
f 533/533/532 431/431/430 523/523/522
f 408/408/407 407/407/406 511/511/510
f 511/511/510 407/407/406 512/512/511
f 408/408/407 511/511/510 413/413/412
f 413/413/412 511/511/510 521/521/520
f 413/413/412 521/521/520 1122/1122/1109
f 1122/1122/1109 521/521/520 1108/1108/1096
f 1122/1122/1109 1108/1108/1096 979/979/967
f 979/979/967 1108/1108/1096 978/978/966
f 977/977/965 980/980/968 978/978/966
f 978/978/966 980/980/968 979/979/967
f 976/976/964 983/983/971 977/977/965
f 977/977/965 983/983/971 980/980/968
f 691/691/688 687/687/684 693/693/690
f 693/693/690 687/687/684 686/686/683
f 428/428/427 425/425/424 683/683/680
f 683/683/680 425/425/424 684/684/681
f 425/425/424 428/428/427 427/427/426
f 427/427/426 428/428/427 430/430/429
f 427/427/426 430/430/429 433/433/432
f 433/433/432 430/430/429 435/435/434
f 405/405/404 406/406/405 410/410/409
f 410/410/409 406/406/405 409/409/408
f 411/411/410 405/405/404 414/414/413
f 414/414/413 405/405/404 410/410/409
f 1120/1120/1107 411/411/410 1123/1123/1110
f 1123/1123/1110 411/411/410 414/414/413
f 1120/1120/1107 1123/1123/1110 989/989/977
f 989/989/977 1123/1123/1110 981/981/969
f 981/981/969 982/982/970 989/989/977
f 989/989/977 982/982/970 987/987/975
f 982/982/970 984/984/972 987/987/975
f 987/987/975 984/984/972 985/985/973
f 699/699/696 698/698/695 689/689/686
f 689/689/686 698/698/695 688/688/685
f 424/424/423 422/422/421 685/685/682
f 685/685/682 422/422/421 694/694/691
f 422/422/421 424/424/423 423/423/422
f 423/423/422 424/424/423 426/426/425
f 423/423/422 426/426/425 438/438/437
f 438/438/437 426/426/425 432/432/431
f 402/402/401 401/401/400 403/403/402
f 403/403/402 401/401/400 404/404/403
f 417/417/416 402/402/401 412/412/411
f 412/412/411 402/402/401 403/403/402
f 1119/1119/1106 417/417/416 1121/1121/1108
f 1121/1121/1108 417/417/416 412/412/411
f 1012/1012/1000 1119/1119/1106 990/990/978
f 990/990/978 1119/1119/1106 1121/1121/1108
f 990/990/978 988/988/976 1012/1012/1000
f 1012/1012/1000 988/988/976 1013/1013/1001
f 986/986/974 1016/1016/1004 988/988/976
f 988/988/976 1016/1016/1004 1013/1013/1001
f 1212/1206/1190 1213/1207/1191 1214/1208/1192
f 1214/1208/1192 1213/1207/1191 1215/1209/1193
f 1216/1210/1194 1217/1211/1195 1218/1212/1196
f 1218/1212/1196 1217/1211/1195 1219/1213/1197
f 1220/1214/1198 1221/1215/1199 1222/1216/1200
f 1222/1216/1200 1221/1215/1199 1223/1217/1201
f 1224/1218/1202 1225/1219/1203 1226/1220/1204
f 1226/1220/1204 1225/1219/1203 1227/1221/1205
f 1228/1222/1206 1229/1223/1207 1230/1224/1208
f 1230/1224/1208 1229/1223/1207 1231/1225/1209
f 1232/1226/1210 1233/1227/1211 1234/1228/1212
f 1234/1228/1212 1233/1227/1211 1235/1229/1213
f 1236/1230/1214 1237/1231/1215 1238/1232/1216
f 1238/1232/1216 1237/1231/1215 1239/1233/1217
f 1240/1234/1218 1241/1235/1219 1242/1236/1220
f 1242/1236/1220 1241/1235/1219 1243/1237/1221
f 1244/1238/1222 1245/1239/1223 1246/1240/1224
f 1246/1240/1224 1245/1239/1223 1247/1241/1225
f 1248/1242/1226 1249/1243/1227 1250/1244/1228
f 1250/1244/1228 1249/1243/1227 1251/1245/1229
f 1252/1246/1230 1253/1247/1231 1254/1248/1232
f 1254/1248/1232 1253/1247/1231 1255/1249/1233
f 1256/1250/1234 1257/1251/1235 1258/1252/1236
f 1258/1252/1236 1257/1251/1235 1259/1253/1237
f 1260/1254/1238 1261/1255/1239 1262/1256/1240
f 1262/1256/1240 1261/1255/1239 1263/1257/1241
f 1264/1258/1242 1265/1259/1243 1266/1260/1244
f 1266/1260/1244 1265/1259/1243 1267/1261/1245
f 1268/1262/1246 1269/1263/1247 1270/1264/1248
f 1270/1264/1248 1269/1263/1247 1271/1265/1249
f 1272/1266/1250 1273/1267/1251 1274/1268/1252
f 1274/1268/1252 1273/1267/1251 1275/1269/1253
f 1276/1270/1254 1277/1271/1255 1278/1272/1256
f 1278/1272/1256 1277/1271/1255 1279/1273/1257
f 1269/1263/1247 1280/1274/1258 1271/1265/1249
f 1271/1265/1249 1280/1274/1258 1281/1275/1259
f 1282/1276/1260 1283/1277/1261 1275/1269/1253
f 1275/1269/1253 1283/1277/1261 1274/1268/1252
f 1284/1278/1262 1276/1270/1254 1285/1279/1263
f 1285/1279/1263 1276/1270/1254 1278/1272/1256
f 1268/1262/1246 1270/1264/1248 1216/1210/1194
f 1216/1210/1194 1270/1264/1248 1217/1211/1195
f 1272/1266/1250 1223/1217/1201 1273/1267/1251
f 1273/1267/1251 1223/1217/1201 1221/1215/1199
f 1226/1220/1204 1227/1221/1205 1277/1271/1255
f 1277/1271/1255 1227/1221/1205 1279/1273/1257
f 1234/1228/1212 1235/1229/1213 1286/1280/1264
f 1286/1280/1264 1235/1229/1213 1287/1281/1265
f 1237/1231/1215 1288/1282/1266 1239/1233/1217
f 1239/1233/1217 1288/1282/1266 1289/1283/1267
f 1241/1235/1219 1290/1284/1268 1243/1237/1221
f 1243/1237/1221 1290/1284/1268 1291/1285/1269
f 1292/1286/1270 1246/1240/1224 1293/1287/1271
f 1293/1287/1271 1246/1240/1224 1247/1241/1225
f 1249/1243/1227 1294/1288/1272 1251/1245/1229
f 1251/1245/1229 1294/1288/1272 1295/1289/1273
f 1252/1246/1230 1296/1290/1274 1253/1247/1231
f 1253/1247/1231 1296/1290/1274 1297/1291/1275
f 1298/1292/1276 1299/1293/1277 1300/1294/1278
f 1300/1294/1278 1299/1293/1277 1301/1295/1279
f 1302/1296/1280 1303/1297/1281 1304/1298/1282
f 1304/1298/1282 1303/1297/1281 1305/1299/1283
f 1306/1300/1284 1301/1295/1279 1307/1301/1285
f 1307/1301/1285 1301/1295/1279 1299/1293/1277
f 1258/1252/1236 1259/1253/1237 1232/1226/1210
f 1232/1226/1210 1259/1253/1237 1233/1227/1211
f 1261/1255/1239 1236/1230/1214 1263/1257/1241
f 1263/1257/1241 1236/1230/1214 1238/1232/1216
f 1265/1259/1243 1240/1234/1218 1267/1261/1245
f 1267/1261/1245 1240/1234/1218 1242/1236/1220
f 1218/1212/1196 1219/1213/1197 1256/1250/1234
f 1256/1250/1234 1219/1213/1197 1257/1251/1235
f 1222/1216/1200 1260/1254/1238 1220/1214/1198
f 1220/1214/1198 1260/1254/1238 1262/1256/1240
f 1264/1258/1242 1266/1260/1244 1224/1218/1202
f 1224/1218/1202 1266/1260/1244 1225/1219/1203
f 1212/1206/1190 1308/1302/1286 1213/1207/1191
f 1213/1207/1191 1308/1302/1286 1309/1303/1287
f 1296/1290/1274 1310/1304/1288 1297/1291/1275
f 1297/1291/1275 1310/1304/1288 1311/1305/1289
f 1312/1306/1290 1313/1307/1291 1314/1308/1292
f 1314/1308/1292 1313/1307/1291 1315/1309/1293
f 1316/1310/1294 1317/1311/1295 1315/1309/1293
f 1315/1309/1293 1317/1311/1295 1314/1308/1292
f 1318/1312/1296 1319/1313/1297 1320/1314/1298
f 1320/1314/1298 1319/1313/1297 1321/1315/1299
f 1320/1314/1298 1321/1315/1299 1322/1316/1300
f 1322/1316/1300 1321/1315/1299 1323/1317/1301
f 1324/1318/1302 1322/1316/1300 1325/1319/1303
f 1325/1319/1303 1322/1316/1300 1323/1317/1301
f 1326/1320/1304 1324/1318/1302 1327/1321/1305
f 1327/1321/1305 1324/1318/1302 1325/1319/1303
f 1328/1322/1306 1326/1320/1304 1329/1323/1307
f 1329/1323/1307 1326/1320/1304 1327/1321/1305
f 1330/1324/1308 1328/1322/1306 1331/1325/1309
f 1331/1325/1309 1328/1322/1306 1329/1323/1307
f 1332/1326/1310 1330/1324/1308 1333/1327/1311
f 1333/1327/1311 1330/1324/1308 1331/1325/1309
f 1332/1326/1310 1333/1327/1311 1334/1328/1312
f 1334/1328/1312 1333/1327/1311 1335/1329/1313
f 1336/1330/1314 1337/1331/1315 1335/1329/1313
f 1335/1329/1313 1337/1331/1315 1334/1328/1312
f 1338/1332/1316 1339/1333/1317 1340/1334/1318
f 1340/1334/1318 1339/1333/1317 1341/1335/1319
f 1286/1280/1264 1287/1281/1265 1342/1336/1320
f 1342/1336/1320 1287/1281/1265 1343/1337/1321
f 1290/1284/1268 1344/1338/1322 1291/1285/1269
f 1291/1285/1269 1344/1338/1322 1345/1339/1323
f 1319/1313/1297 1318/1312/1296 1346/1340/1324
f 1346/1340/1324 1318/1312/1296 1347/1341/1325
f 1288/1282/1266 1348/1342/1326 1289/1283/1267
f 1289/1283/1267 1348/1342/1326 1349/1343/1327
f 1342/1336/1320 1343/1337/1321 1244/1238/1222
f 1244/1238/1222 1343/1337/1321 1245/1239/1223
f 1348/1342/1326 1248/1242/1226 1349/1343/1327
f 1349/1343/1327 1248/1242/1226 1250/1244/1228
f 1317/1311/1295 1316/1310/1294 1347/1341/1325
f 1347/1341/1325 1316/1310/1294 1346/1340/1324
f 1254/1248/1232 1255/1249/1233 1344/1338/1322
f 1344/1338/1322 1255/1249/1233 1345/1339/1323
f 1307/1301/1285 1292/1286/1270 1306/1300/1284
f 1306/1300/1284 1292/1286/1270 1293/1287/1271
f 1295/1289/1273 1294/1288/1272 1303/1297/1281
f 1303/1297/1281 1294/1288/1272 1305/1299/1283
f 1300/1294/1278 1350/1344/1328 1298/1292/1276
f 1298/1292/1276 1350/1344/1328 1351/1345/1329
f 1304/1298/1282 1352/1346/1330 1302/1296/1280
f 1302/1296/1280 1352/1346/1330 1353/1347/1331
f 1354/1348/1332 1355/1349/1333 1356/1350/1334
f 1356/1350/1334 1355/1349/1333 1357/1351/1335
f 1358/1352/1336 1359/1353/1337 1360/1354/1338
f 1360/1354/1338 1359/1353/1337 1361/1355/1339
f 1357/1351/1335 1362/1356/1340 1356/1350/1334
f 1356/1350/1334 1362/1356/1340 1363/1357/1341
f 1362/1356/1340 1364/1358/1342 1363/1357/1341
f 1364/1358/1342 1365/1359/1343 1363/1357/1341
f 1363/1357/1341 1365/1359/1343 1366/1360/1344
f 1365/1359/1343 1367/1361/1345 1366/1360/1344
f 1367/1361/1345 1368/1362/1346 1366/1360/1344
f 1369/1363/1347 1370/1364/1348 1310/1304/1288
f 1310/1304/1288 1370/1364/1348 1311/1305/1289
f 1298/1292/1276 1371/1365/1349 1369/1363/1347
f 1369/1363/1347 1371/1365/1349 1370/1364/1348
f 1372/1366/1350 1371/1365/1349 1351/1345/1329
f 1351/1345/1329 1371/1365/1349 1298/1292/1276
f 1373/1367/1351 1352/1346/1330 1374/1368/1352
f 1374/1368/1352 1352/1346/1330 1304/1298/1282
f 1375/1369/1353 1376/1370/1354 1377/1371/1355
f 1376/1370/1354 1375/1369/1353 1378/1372/1356
f 1378/1372/1356 1375/1369/1353 1379/1373/1357
f 1378/1372/1356 1379/1373/1357 1312/1306/1290
f 1312/1306/1290 1379/1373/1357 1313/1307/1291
f 1380/1374/1358 1381/1375/1359 1382/1376/1360
f 1383/1377/1361 1384/1378/1362 1381/1375/1359
f 1381/1375/1359 1384/1378/1362 1382/1376/1360
f 1381/1375/1359 1380/1374/1358 1385/1379/1363
f 1380/1374/1358 1386/1380/1364 1385/1379/1363
f 1386/1380/1364 1387/1381/1365 1385/1379/1363
f 1387/1381/1365 1388/1382/1366 1385/1379/1363
f 1388/1382/1366 1389/1383/1367 1385/1379/1363
f 1390/1384/1368 1391/1385/1369 1392/1386/1370
f 1392/1386/1370 1391/1385/1369 1393/1387/1371
f 1390/1384/1368 1392/1386/1370 1394/1388/1372
f 1390/1384/1368 1394/1388/1372 1395/1389/1373
f 1390/1384/1368 1395/1389/1373 1396/1390/1374
f 1390/1384/1368 1396/1390/1374 1397/1391/1375
f 1397/1391/1375 1398/1392/1376 1390/1384/1368
f 1390/1384/1368 1398/1392/1376 1399/1393/1377
f 1400/1394/1378 1401/1395/1379 1215/1209/1193
f 1215/1209/1193 1401/1395/1379 1214/1208/1192
f 1283/1277/1261 1402/1396/1380 1274/1268/1252
f 1274/1268/1252 1402/1396/1380 1403/1397/1381
f 1404/1398/1382 1272/1266/1250 1403/1397/1381
f 1403/1397/1381 1272/1266/1250 1274/1268/1252
f 1404/1398/1382 1405/1399/1383 1272/1266/1250
f 1272/1266/1250 1405/1399/1383 1223/1217/1201
f 1406/1400/1384 1407/1401/1385 1222/1216/1200
f 1222/1216/1200 1407/1401/1385 1260/1254/1238
f 1407/1401/1385 1408/1402/1386 1260/1254/1238
f 1260/1254/1238 1408/1402/1386 1261/1255/1239
f 1408/1402/1386 1409/1403/1387 1261/1255/1239
f 1261/1255/1239 1409/1403/1387 1236/1230/1214
f 1409/1403/1387 1410/1404/1388 1236/1230/1214
f 1236/1230/1214 1410/1404/1388 1237/1231/1215
f 1410/1404/1388 1411/1405/1389 1237/1231/1215
f 1237/1231/1215 1411/1405/1389 1288/1282/1266
f 1411/1405/1389 1412/1406/1390 1288/1282/1266
f 1288/1282/1266 1412/1406/1390 1348/1342/1326
f 1412/1406/1390 1413/1407/1391 1348/1342/1326
f 1348/1342/1326 1413/1407/1391 1248/1242/1226
f 1413/1407/1391 1414/1408/1392 1248/1242/1226
f 1248/1242/1226 1414/1408/1392 1249/1243/1227
f 1415/1409/1393 1294/1288/1272 1414/1408/1392
f 1414/1408/1392 1294/1288/1272 1249/1243/1227
f 1416/1410/1394 1305/1299/1283 1415/1409/1393
f 1415/1409/1393 1305/1299/1283 1294/1288/1272
f 1374/1368/1352 1304/1298/1282 1416/1410/1394
f 1416/1410/1394 1304/1298/1282 1305/1299/1283
f 1417/1411/1395 1418/1412/1396 1419/1413/1397
f 1419/1413/1397 1418/1412/1396 1420/1414/1398
f 1421/1415/1399 1422/1416/1400 1419/1413/1397
f 1419/1413/1397 1422/1416/1400 1417/1411/1395
f 1423/1417/1401 1424/1418/1402 1421/1415/1399
f 1421/1415/1399 1424/1418/1402 1422/1416/1400
f 1425/1419/1403 1426/1420/1404 1423/1417/1401
f 1423/1417/1401 1426/1420/1404 1424/1418/1402
f 1427/1421/1405 1428/1422/1406 1425/1419/1403
f 1425/1419/1403 1428/1422/1406 1426/1420/1404
f 1429/1423/1407 1430/1424/1408 1427/1421/1405
f 1427/1421/1405 1430/1424/1408 1428/1422/1406
f 1431/1425/1409 1432/1426/1410 1429/1423/1407
f 1429/1423/1407 1432/1426/1410 1430/1424/1408
f 1432/1426/1410 1431/1425/1409 1433/1427/1411
f 1433/1427/1411 1431/1425/1409 1434/1428/1412
f 1435/1429/1413 1436/1430/1414 1434/1428/1412
f 1434/1428/1412 1436/1430/1414 1433/1427/1411
f 1437/1431/1415 1438/1432/1416 1435/1429/1413
f 1435/1429/1413 1438/1432/1416 1436/1430/1414
f 1439/1433/1417 1438/1432/1416 1440/1434/1418
f 1440/1434/1418 1438/1432/1416 1437/1431/1415
f 1441/1435/1419 1439/1433/1417 1442/1436/1420
f 1442/1436/1420 1439/1433/1417 1440/1434/1418
f 1443/1437/1421 1441/1435/1419 1444/1438/1422
f 1444/1438/1422 1441/1435/1419 1442/1436/1420
f 1444/1438/1422 1445/1439/1423 1443/1437/1421
f 1443/1437/1421 1445/1439/1423 1446/1440/1424
f 1447/1441/1425 1446/1440/1424 1448/1442/1426
f 1448/1442/1426 1446/1440/1424 1445/1439/1423
f 1449/1443/1427 1447/1441/1425 1450/1444/1428
f 1450/1444/1428 1447/1441/1425 1448/1442/1426
f 1269/1263/1247 1276/1270/1254 1280/1274/1258
f 1280/1274/1258 1276/1270/1254 1284/1278/1262
f 1268/1262/1246 1277/1271/1255 1269/1263/1247
f 1269/1263/1247 1277/1271/1255 1276/1270/1254
f 1216/1210/1194 1226/1220/1204 1268/1262/1246
f 1268/1262/1246 1226/1220/1204 1277/1271/1255
f 1218/1212/1196 1224/1218/1202 1216/1210/1194
f 1216/1210/1194 1224/1218/1202 1226/1220/1204
f 1256/1250/1234 1264/1258/1242 1218/1212/1196
f 1218/1212/1196 1264/1258/1242 1224/1218/1202
f 1258/1252/1236 1265/1259/1243 1256/1250/1234
f 1256/1250/1234 1265/1259/1243 1264/1258/1242
f 1240/1234/1218 1265/1259/1243 1232/1226/1210
f 1232/1226/1210 1265/1259/1243 1258/1252/1236
f 1241/1235/1219 1240/1234/1218 1234/1228/1212
f 1234/1228/1212 1240/1234/1218 1232/1226/1210
f 1290/1284/1268 1241/1235/1219 1286/1280/1264
f 1286/1280/1264 1241/1235/1219 1234/1228/1212
f 1342/1336/1320 1344/1338/1322 1286/1280/1264
f 1286/1280/1264 1344/1338/1322 1290/1284/1268
f 1244/1238/1222 1254/1248/1232 1342/1336/1320
f 1342/1336/1320 1254/1248/1232 1344/1338/1322
f 1252/1246/1230 1254/1248/1232 1246/1240/1224
f 1246/1240/1224 1254/1248/1232 1244/1238/1222
f 1296/1290/1274 1252/1246/1230 1292/1286/1270
f 1292/1286/1270 1252/1246/1230 1246/1240/1224
f 1292/1286/1270 1307/1301/1285 1296/1290/1274
f 1296/1290/1274 1307/1301/1285 1310/1304/1288
f 1307/1301/1285 1299/1293/1277 1310/1304/1288
f 1310/1304/1288 1299/1293/1277 1369/1363/1347
f 1298/1292/1276 1369/1363/1347 1299/1293/1277
f 1451/1445/1429 1452/1446/1430 1278/1272/1256
f 1278/1272/1256 1452/1446/1430 1285/1279/1263
f 1453/1447/1431 1451/1445/1429 1279/1273/1257
f 1279/1273/1257 1451/1445/1429 1278/1272/1256
f 1454/1448/1432 1453/1447/1431 1227/1221/1205
f 1227/1221/1205 1453/1447/1431 1279/1273/1257
f 1455/1449/1433 1454/1448/1432 1225/1219/1203
f 1225/1219/1203 1454/1448/1432 1227/1221/1205
f 1455/1449/1433 1225/1219/1203 1456/1450/1434
f 1456/1450/1434 1225/1219/1203 1266/1260/1244
f 1456/1450/1434 1266/1260/1244 1457/1451/1435
f 1457/1451/1435 1266/1260/1244 1267/1261/1245
f 1458/1452/1436 1457/1451/1435 1242/1236/1220
f 1242/1236/1220 1457/1451/1435 1267/1261/1245
f 1459/1453/1437 1458/1452/1436 1243/1237/1221
f 1243/1237/1221 1458/1452/1436 1242/1236/1220
f 1460/1454/1438 1459/1453/1437 1291/1285/1269
f 1291/1285/1269 1459/1453/1437 1243/1237/1221
f 1461/1455/1439 1460/1454/1438 1345/1339/1323
f 1345/1339/1323 1460/1454/1438 1291/1285/1269
f 1461/1455/1439 1345/1339/1323 1462/1456/1440
f 1462/1456/1440 1345/1339/1323 1255/1249/1233
f 1462/1456/1440 1255/1249/1233 1463/1457/1441
f 1463/1457/1441 1255/1249/1233 1253/1247/1231
f 1463/1457/1441 1253/1247/1231 1464/1458/1442
f 1464/1458/1442 1253/1247/1231 1297/1291/1275
f 1465/1459/1443 1464/1458/1442 1311/1305/1289
f 1311/1305/1289 1464/1458/1442 1297/1291/1275
f 1311/1305/1289 1370/1364/1348 1465/1459/1443
f 1465/1459/1443 1370/1364/1348 1466/1460/1444
f 1467/1461/1445 1466/1460/1444 1371/1365/1349
f 1371/1365/1349 1466/1460/1444 1370/1364/1348
f 1468/1462/1446 1467/1461/1445 1372/1366/1350
f 1372/1366/1350 1467/1461/1445 1371/1365/1349
f 1337/1331/1315 1452/1446/1430 1334/1328/1312
f 1334/1328/1312 1452/1446/1430 1451/1445/1429
f 1453/1447/1431 1332/1326/1310 1451/1445/1429
f 1451/1445/1429 1332/1326/1310 1334/1328/1312
f 1453/1447/1431 1454/1448/1432 1332/1326/1310
f 1332/1326/1310 1454/1448/1432 1330/1324/1308
f 1454/1448/1432 1455/1449/1433 1330/1324/1308
f 1330/1324/1308 1455/1449/1433 1328/1322/1306
f 1455/1449/1433 1456/1450/1434 1328/1322/1306
f 1328/1322/1306 1456/1450/1434 1326/1320/1304
f 1456/1450/1434 1457/1451/1435 1326/1320/1304
f 1326/1320/1304 1457/1451/1435 1324/1318/1302
f 1457/1451/1435 1458/1452/1436 1324/1318/1302
f 1324/1318/1302 1458/1452/1436 1322/1316/1300
f 1458/1452/1436 1459/1453/1437 1322/1316/1300
f 1322/1316/1300 1459/1453/1437 1320/1314/1298
f 1459/1453/1437 1460/1454/1438 1320/1314/1298
f 1320/1314/1298 1460/1454/1438 1318/1312/1296
f 1318/1312/1296 1460/1454/1438 1347/1341/1325
f 1347/1341/1325 1460/1454/1438 1461/1455/1439
f 1462/1456/1440 1317/1311/1295 1461/1455/1439
f 1461/1455/1439 1317/1311/1295 1347/1341/1325
f 1317/1311/1295 1462/1456/1440 1314/1308/1292
f 1314/1308/1292 1462/1456/1440 1463/1457/1441
f 1464/1458/1442 1312/1306/1290 1463/1457/1441
f 1463/1457/1441 1312/1306/1290 1314/1308/1292
f 1465/1459/1443 1378/1372/1356 1464/1458/1442
f 1464/1458/1442 1378/1372/1356 1312/1306/1290
f 1376/1370/1354 1378/1372/1356 1466/1460/1444
f 1466/1460/1444 1378/1372/1356 1465/1459/1443
f 1376/1370/1354 1466/1460/1444 1377/1371/1355
f 1377/1371/1355 1466/1460/1444 1467/1461/1445
f 1468/1462/1446 1469/1463/1447 1467/1461/1445
f 1467/1461/1445 1469/1463/1447 1377/1371/1355
f 1470/1464/1448 1471/1465/1449 1472/1466/1450
f 1472/1466/1450 1471/1465/1449 1473/1467/1451
f 1228/1222/1206 1341/1335/1319 1229/1223/1207
f 1229/1223/1207 1341/1335/1319 1339/1333/1317
f 1471/1465/1449 1338/1332/1316 1473/1467/1451
f 1473/1467/1451 1338/1332/1316 1340/1334/1318
f 1230/1224/1208 1231/1225/1209 1474/1468/1452
f 1474/1468/1452 1231/1225/1209 1475/1469/1453
f 1476/1470/1454 1477/1471/1455 1478/1472/1456
f 1479/1473/1457 1480/1474/1458 1481/1475/1459
f 1481/1475/1459 1480/1474/1458 1482/1476/1460
f 1483/1477/1461 1481/1475/1459 1484/1478/1462
f 1484/1478/1462 1481/1475/1459 1482/1476/1460
f 1356/1350/1334 1483/1477/1461 1354/1348/1332
f 1354/1348/1332 1483/1477/1461 1484/1478/1462
f 1485/1479/1463 1486/1480/1464 1368/1362/1346
f 1368/1362/1346 1486/1480/1464 1366/1360/1344
f 1487/1481/1465 1488/1482/1466 1485/1479/1463
f 1485/1479/1463 1488/1482/1466 1486/1480/1464
f 1489/1483/1467 1490/1484/1468 1487/1481/1465
f 1487/1481/1465 1490/1484/1468 1488/1482/1466
f 1491/1485/1469 1492/1486/1470 1493/1487/1471
f 1493/1487/1471 1492/1486/1470 1494/1488/1472
f 1491/1485/1469 1495/1489/1473 1492/1486/1470
f 1492/1486/1470 1495/1489/1473 1496/1490/1474
f 1497/1491/1475 1498/1492/1476 1499/1493/1477
f 1499/1493/1477 1498/1492/1476 1500/1494/1478
f 1497/1491/1475 1501/1495/1479 1498/1492/1476
f 1498/1492/1476 1501/1495/1479 1502/1496/1480
f 1503/1497/1481 1504/1498/1482 1505/1499/1483
f 1505/1499/1483 1504/1498/1482 1506/1500/1484
f 1503/1497/1481 1507/1501/1485 1504/1498/1482
f 1504/1498/1482 1507/1501/1485 1508/1502/1486
f 1509/1503/1487 1510/1504/1488 1511/1505/1489
f 1511/1505/1489 1510/1504/1488 1512/1506/1490
f 1509/1503/1487 1513/1507/1491 1510/1504/1488
f 1510/1504/1488 1513/1507/1491 1514/1508/1492
f 1515/1509/1493 1508/1502/1486 1516/1510/1494
f 1516/1510/1494 1508/1502/1486 1383/1377/1361
f 1517/1511/1495 1399/1393/1377 1518/1512/1496
f 1518/1512/1496 1399/1393/1377 1519/1513/1497
f 1520/1514/1498 1521/1515/1499 1522/1516/1500
f 1522/1516/1500 1521/1515/1499 1523/1517/1501
f 1524/1518/1502 1525/1519/1503 1526/1520/1504
f 1526/1520/1504 1525/1519/1503 1527/1521/1505
f 1528/1522/1506 1529/1523/1507 1530/1524/1508
f 1530/1524/1508 1529/1523/1507 1531/1525/1509
f 1530/1524/1508 1531/1525/1509 1532/1526/1510
f 1532/1526/1510 1531/1525/1509 1533/1527/1511
f 1534/1528/1512 1493/1487/1471 1535/1529/1513
f 1535/1529/1513 1493/1487/1471 1536/1530/1514
f 1493/1487/1471 1494/1488/1472 1536/1530/1514
f 1536/1530/1514 1494/1488/1472 1537/1531/1515
f 1538/1532/1516 1501/1495/1479 1539/1533/1517
f 1539/1533/1517 1501/1495/1479 1540/1534/1518
f 1541/1535/1519 1502/1496/1480 1538/1532/1516
f 1538/1532/1516 1502/1496/1480 1501/1495/1479
f 1542/1536/1520 1543/1537/1521 1500/1494/1478
f 1500/1494/1478 1543/1537/1521 1499/1493/1477
f 1543/1537/1521 1544/1538/1522 1499/1493/1477
f 1499/1493/1477 1544/1538/1522 1545/1539/1523
f 1507/1501/1485 1384/1378/1362 1508/1502/1486
f 1508/1502/1486 1384/1378/1362 1383/1377/1361
f 1546/1540/1524 1382/1376/1360 1507/1501/1485
f 1507/1501/1485 1382/1376/1360 1384/1378/1362
f 1547/1541/1525 1380/1374/1358 1546/1540/1524
f 1546/1540/1524 1380/1374/1358 1382/1376/1360
f 1548/1542/1526 1386/1380/1364 1547/1541/1525
f 1547/1541/1525 1386/1380/1364 1380/1374/1358
f 1549/1543/1527 1387/1381/1365 1548/1542/1526
f 1548/1542/1526 1387/1381/1365 1386/1380/1364
f 1550/1544/1528 1388/1382/1366 1549/1543/1527
f 1549/1543/1527 1388/1382/1366 1387/1381/1365
f 1550/1544/1528 1551/1545/1529 1388/1382/1366
f 1388/1382/1366 1551/1545/1529 1389/1383/1367
f 1520/1514/1498 1522/1516/1500 1551/1545/1529
f 1551/1545/1529 1522/1516/1500 1389/1383/1367
f 1389/1383/1367 1522/1516/1500 1385/1379/1363
f 1552/1546/1530 1511/1505/1489 1393/1387/1371
f 1393/1387/1371 1511/1505/1489 1512/1506/1490
f 1512/1506/1490 1553/1547/1531 1393/1387/1371
f 1393/1387/1371 1553/1547/1531 1392/1386/1370
f 1554/1548/1532 1394/1388/1372 1553/1547/1531
f 1553/1547/1531 1394/1388/1372 1392/1386/1370
f 1554/1548/1532 1555/1549/1533 1394/1388/1372
f 1394/1388/1372 1555/1549/1533 1395/1389/1373
f 1555/1549/1533 1556/1550/1534 1395/1389/1373
f 1395/1389/1373 1556/1550/1534 1396/1390/1374
f 1557/1551/1535 1397/1391/1375 1556/1550/1534
f 1556/1550/1534 1397/1391/1375 1396/1390/1374
f 1557/1551/1535 1558/1552/1536 1397/1391/1375
f 1397/1391/1375 1558/1552/1536 1398/1392/1376
f 1558/1552/1536 1519/1513/1497 1398/1392/1376
f 1398/1392/1376 1519/1513/1497 1399/1393/1377
f 1559/1553/1537 1560/1554/1538 1561/1555/1539
f 1562/1556/1540 1563/1557/1541 1564/1558/1542
f 1560/1554/1538 1565/1559/1543 1566/1560/1544
f 1563/1557/1541 1567/1561/1545 1568/1562/1546
f 1568/1562/1546 1567/1561/1545 1569/1563/1547
f 1521/1515/1499 1570/1564/1548 1523/1517/1501
f 1523/1517/1501 1570/1564/1548 1571/1565/1549
f 1511/1505/1489 1552/1546/1530 1524/1518/1502
f 1524/1518/1502 1552/1546/1530 1525/1519/1503
f 1518/1512/1496 1515/1509/1493 1517/1511/1495
f 1517/1511/1495 1515/1509/1493 1516/1510/1494
f 1528/1522/1506 1572/1566/1550 1529/1523/1507
f 1529/1523/1507 1572/1566/1550 1573/1567/1551
f 1541/1535/1519 1574/1568/1552 1502/1496/1480
f 1502/1496/1480 1574/1568/1552 1498/1492/1476
f 1498/1492/1476 1574/1568/1552 1500/1494/1478
f 1574/1568/1552 1542/1536/1520 1500/1494/1478
f 1575/1569/1553 1576/1570/1554 1577/1571/1555
f 1577/1571/1555 1576/1570/1554 1578/1572/1556
f 1576/1570/1554 1515/1509/1493 1578/1572/1556
f 1578/1572/1556 1515/1509/1493 1518/1512/1496
f 1495/1489/1473 1491/1485/1469 1579/1573/1557
f 1579/1573/1557 1491/1485/1469 1580/1574/1558
f 1493/1487/1471 1534/1528/1512 1491/1485/1469
f 1491/1485/1469 1534/1528/1512 1580/1574/1558
f 1581/1575/1559 1582/1576/1560 1583/1577/1561
f 1583/1577/1561 1582/1576/1560 1584/1578/1562
f 1582/1576/1560 1570/1564/1548 1584/1578/1562
f 1584/1578/1562 1570/1564/1548 1521/1515/1499
f 1585/1579/1563 1497/1491/1475 1545/1539/1523
f 1545/1539/1523 1497/1491/1475 1499/1493/1477
f 1585/1579/1563 1540/1534/1518 1497/1491/1475
f 1497/1491/1475 1540/1534/1518 1501/1495/1479
f 1526/1520/1504 1586/1580/1564 1524/1518/1502
f 1524/1518/1502 1586/1580/1564 1587/1581/1565
f 1586/1580/1564 1588/1582/1566 1587/1581/1565
f 1587/1581/1565 1588/1582/1566 1589/1583/1567
f 1590/1584/1568 1578/1572/1556 1519/1513/1497
f 1519/1513/1497 1578/1572/1556 1518/1512/1496
f 1590/1584/1568 1591/1585/1569 1578/1572/1556
f 1578/1572/1556 1591/1585/1569 1577/1571/1555
f 1507/1501/1485 1503/1497/1481 1546/1540/1524
f 1546/1540/1524 1503/1497/1481 1592/1586/1570
f 1503/1497/1481 1505/1499/1483 1592/1586/1570
f 1592/1586/1570 1505/1499/1483 1593/1587/1571
f 1575/1569/1553 1506/1500/1484 1576/1570/1554
f 1576/1570/1554 1506/1500/1484 1504/1498/1482
f 1504/1498/1482 1508/1502/1486 1576/1570/1554
f 1576/1570/1554 1508/1502/1486 1515/1509/1493
f 1546/1540/1524 1592/1586/1570 1547/1541/1525
f 1547/1541/1525 1592/1586/1570 1594/1588/1572
f 1592/1586/1570 1593/1587/1571 1594/1588/1572
f 1594/1588/1572 1593/1587/1571 1595/1589/1573
f 1547/1541/1525 1594/1588/1572 1548/1542/1526
f 1548/1542/1526 1594/1588/1572 1596/1590/1574
f 1594/1588/1572 1595/1589/1573 1596/1590/1574
f 1596/1590/1574 1595/1589/1573 1597/1591/1575
f 1548/1542/1526 1596/1590/1574 1549/1543/1527
f 1549/1543/1527 1596/1590/1574 1598/1592/1576
f 1596/1590/1574 1597/1591/1575 1598/1592/1576
f 1598/1592/1576 1597/1591/1575 1599/1593/1577
f 1549/1543/1527 1598/1592/1576 1550/1544/1528
f 1550/1544/1528 1598/1592/1576 1600/1594/1578
f 1598/1592/1576 1599/1593/1577 1600/1594/1578
f 1600/1594/1578 1599/1593/1577 1601/1595/1579
f 1550/1544/1528 1600/1594/1578 1551/1545/1529
f 1551/1545/1529 1600/1594/1578 1602/1596/1580
f 1600/1594/1578 1601/1595/1579 1602/1596/1580
f 1602/1596/1580 1601/1595/1579 1603/1597/1581
f 1551/1545/1529 1602/1596/1580 1520/1514/1498
f 1520/1514/1498 1602/1596/1580 1604/1598/1582
f 1602/1596/1580 1603/1597/1581 1604/1598/1582
f 1604/1598/1582 1603/1597/1581 1605/1599/1583
f 1583/1577/1561 1584/1578/1562 1605/1599/1583
f 1605/1599/1583 1584/1578/1562 1604/1598/1582
f 1584/1578/1562 1521/1515/1499 1604/1598/1582
f 1604/1598/1582 1521/1515/1499 1520/1514/1498
f 1587/1581/1565 1509/1503/1487 1524/1518/1502
f 1524/1518/1502 1509/1503/1487 1511/1505/1489
f 1589/1583/1567 1513/1507/1491 1587/1581/1565
f 1587/1581/1565 1513/1507/1491 1509/1503/1487
f 1510/1504/1488 1606/1600/1584 1512/1506/1490
f 1512/1506/1490 1606/1600/1584 1553/1547/1531
f 1514/1508/1492 1607/1601/1585 1510/1504/1488
f 1510/1504/1488 1607/1601/1585 1606/1600/1584
f 1606/1600/1584 1608/1602/1586 1553/1547/1531
f 1553/1547/1531 1608/1602/1586 1554/1548/1532
f 1607/1601/1585 1609/1603/1587 1606/1600/1584
f 1606/1600/1584 1609/1603/1587 1608/1602/1586
f 1608/1602/1586 1610/1604/1588 1554/1548/1532
f 1554/1548/1532 1610/1604/1588 1555/1549/1533
f 1609/1603/1587 1611/1605/1589 1608/1602/1586
f 1608/1602/1586 1611/1605/1589 1610/1604/1588
f 1555/1549/1533 1610/1604/1588 1556/1550/1534
f 1556/1550/1534 1610/1604/1588 1612/1606/1590
f 1611/1605/1589 1613/1607/1591 1610/1604/1588
f 1610/1604/1588 1613/1607/1591 1612/1606/1590
f 1556/1550/1534 1612/1606/1590 1557/1551/1535
f 1557/1551/1535 1612/1606/1590 1614/1608/1592
f 1613/1607/1591 1615/1609/1593 1612/1606/1590
f 1612/1606/1590 1615/1609/1593 1614/1608/1592
f 1557/1551/1535 1614/1608/1592 1558/1552/1536
f 1558/1552/1536 1614/1608/1592 1616/1610/1594
f 1615/1609/1593 1617/1611/1595 1614/1608/1592
f 1614/1608/1592 1617/1611/1595 1616/1610/1594
f 1591/1585/1569 1590/1584/1568 1617/1611/1595
f 1617/1611/1595 1590/1584/1568 1616/1610/1594
f 1519/1513/1497 1558/1552/1536 1590/1584/1568
f 1590/1584/1568 1558/1552/1536 1616/1610/1594
f 1475/1469/1453 1618/1612/1596 1474/1468/1452
f 1474/1468/1452 1618/1612/1596 1619/1613/1597
f 1418/1412/1396 1620/1614/1598 1420/1414/1398
f 1420/1414/1398 1620/1614/1598 1621/1615/1599
f 1373/1367/1351 1309/1303/1287 1622/1616/1600
f 1622/1616/1600 1309/1303/1287 1308/1302/1286
f 1622/1616/1600 1353/1347/1331 1373/1367/1351
f 1373/1367/1351 1353/1347/1331 1352/1346/1330
f 1623/1617/1601 1624/1618/1602 1418/1412/1396
f 1418/1412/1396 1624/1618/1602 1620/1614/1598
f 1625/1619/1603 1623/1617/1601 1417/1411/1395
f 1417/1411/1395 1623/1617/1601 1418/1412/1396
f 1625/1619/1603 1417/1411/1395 1626/1620/1604
f 1626/1620/1604 1417/1411/1395 1422/1416/1400
f 1626/1620/1604 1422/1416/1400 1627/1621/1605
f 1627/1621/1605 1422/1416/1400 1424/1418/1402
f 1627/1621/1605 1424/1418/1402 1628/1622/1606
f 1628/1622/1606 1424/1418/1402 1426/1420/1404
f 1628/1622/1606 1426/1420/1404 1629/1623/1607
f 1629/1623/1607 1426/1420/1404 1428/1422/1406
f 1629/1623/1607 1428/1422/1406 1630/1624/1608
f 1630/1624/1608 1428/1422/1406 1430/1424/1408
f 1630/1624/1608 1430/1424/1408 1631/1625/1609
f 1631/1625/1609 1430/1424/1408 1432/1426/1410
f 1631/1625/1609 1432/1426/1410 1632/1626/1610
f 1632/1626/1610 1432/1426/1410 1433/1427/1411
f 1632/1626/1610 1433/1427/1411 1633/1627/1611
f 1633/1627/1611 1433/1427/1411 1436/1430/1414
f 1633/1627/1611 1436/1430/1414 1634/1628/1612
f 1634/1628/1612 1436/1430/1414 1438/1432/1416
f 1634/1628/1612 1438/1432/1416 1635/1629/1613
f 1635/1629/1613 1438/1432/1416 1439/1433/1417
f 1636/1630/1614 1635/1629/1613 1441/1435/1419
f 1441/1435/1419 1635/1629/1613 1439/1433/1417
f 1637/1631/1615 1636/1630/1614 1443/1437/1421
f 1443/1437/1421 1636/1630/1614 1441/1435/1419
f 1443/1437/1421 1446/1440/1424 1637/1631/1615
f 1637/1631/1615 1446/1440/1424 1638/1632/1616
f 1639/1633/1617 1638/1632/1616 1447/1441/1425
f 1447/1441/1425 1638/1632/1616 1446/1440/1424
f 1640/1634/1618 1639/1633/1617 1449/1443/1427
f 1449/1443/1427 1639/1633/1617 1447/1441/1425
f 1641/1635/1619 1449/1443/1427 1642/1636/1620
f 1642/1636/1620 1449/1443/1427 1450/1444/1428
f 1643/1637/1621 1336/1330/1314 1644/1638/1622
f 1644/1638/1622 1336/1330/1314 1335/1329/1313
f 1335/1329/1313 1333/1327/1311 1644/1638/1622
f 1644/1638/1622 1333/1327/1311 1645/1639/1623
f 1333/1327/1311 1331/1325/1309 1645/1639/1623
f 1645/1639/1623 1331/1325/1309 1646/1640/1624
f 1331/1325/1309 1329/1323/1307 1646/1640/1624
f 1646/1640/1624 1329/1323/1307 1647/1641/1625
f 1329/1323/1307 1327/1321/1305 1647/1641/1625
f 1647/1641/1625 1327/1321/1305 1648/1642/1626
f 1327/1321/1305 1325/1319/1303 1648/1642/1626
f 1648/1642/1626 1325/1319/1303 1649/1643/1627
f 1325/1319/1303 1323/1317/1301 1649/1643/1627
f 1649/1643/1627 1323/1317/1301 1650/1644/1628
f 1323/1317/1301 1321/1315/1299 1650/1644/1628
f 1650/1644/1628 1321/1315/1299 1651/1645/1629
f 1321/1315/1299 1319/1313/1297 1651/1645/1629
f 1651/1645/1629 1319/1313/1297 1652/1646/1630
f 1346/1340/1324 1653/1647/1631 1319/1313/1297
f 1319/1313/1297 1653/1647/1631 1652/1646/1630
f 1316/1310/1294 1654/1648/1632 1346/1340/1324
f 1346/1340/1324 1654/1648/1632 1653/1647/1631
f 1315/1309/1293 1655/1649/1633 1316/1310/1294
f 1316/1310/1294 1655/1649/1633 1654/1648/1632
f 1313/1307/1291 1656/1650/1634 1315/1309/1293
f 1315/1309/1293 1656/1650/1634 1655/1649/1633
f 1379/1373/1357 1657/1651/1635 1313/1307/1291
f 1313/1307/1291 1657/1651/1635 1656/1650/1634
f 1375/1369/1353 1658/1652/1636 1379/1373/1357
f 1379/1373/1357 1658/1652/1636 1657/1651/1635
f 1469/1463/1447 1658/1652/1636 1377/1371/1355
f 1377/1371/1355 1658/1652/1636 1375/1369/1353
f 1659/1653/1637 1660/1654/1638 1661/1655/1639
f 1661/1655/1639 1660/1654/1638 1662/1656/1640
f 1663/1657/1641 1664/1658/1642 1665/1659/1643
f 1665/1659/1643 1664/1658/1642 1666/1660/1644
f 1665/1659/1643 1667/1661/1645 1663/1657/1641
f 1663/1657/1641 1667/1661/1645 1668/1662/1646
f 1667/1661/1645 1669/1663/1647 1668/1662/1646
f 1668/1662/1646 1669/1663/1647 1670/1664/1648
f 1671/1665/1649 1672/1666/1650 1673/1667/1651
f 1673/1667/1651 1672/1666/1650 1674/1668/1652
f 1672/1666/1650 1671/1665/1649 1675/1669/1653
f 1675/1669/1653 1671/1665/1649 1676/1670/1654
f 1676/1670/1654 1677/1671/1655 1675/1669/1653
f 1675/1669/1653 1677/1671/1655 1678/1672/1656
f 1679/1673/1657 1680/1674/1658 1681/1675/1659
f 1681/1675/1659 1680/1674/1658 1682/1676/1660
f 1680/1674/1658 1679/1673/1657 1683/1677/1661
f 1683/1677/1661 1679/1673/1657 1684/1678/1662
f 1682/1676/1660 1685/1679/1663 1681/1675/1659
f 1681/1675/1659 1685/1679/1663 1686/1680/1664
f 1687/1681/1665 1688/1682/1666 1689/1683/1667
f 1689/1683/1667 1688/1682/1666 1690/1684/1668
f 1688/1682/1666 1687/1681/1665 1691/1685/1669
f 1691/1685/1669 1687/1681/1665 1692/1686/1670
f 1691/1685/1669 1692/1686/1670 1693/1687/1671
f 1693/1687/1671 1692/1686/1670 1694/1688/1672
f 1695/1689/1673 1696/1690/1674 1697/1691/1675
f 1697/1691/1675 1696/1690/1674 1698/1692/1676
f 1695/1689/1673 1697/1691/1675 1699/1693/1677
f 1699/1693/1677 1697/1691/1675 1700/1694/1678
f 1698/1692/1676 1696/1690/1674 1701/1695/1679
f 1701/1695/1679 1696/1690/1674 1702/1696/1680
f 1703/1697/1681 1704/1698/1682 1705/1699/1683
f 1705/1699/1683 1704/1698/1682 1706/1700/1684
f 1704/1698/1682 1703/1697/1681 1690/1684/1668
f 1690/1684/1668 1703/1697/1681 1689/1683/1667
f 1707/1701/1685 1708/1702/1686 1700/1694/1678
f 1700/1694/1678 1708/1702/1686 1699/1693/1677
f 1707/1701/1685 1709/1703/1687 1708/1702/1686
f 1708/1702/1686 1709/1703/1687 1710/1704/1688
f 1705/1699/1683 1706/1700/1684 1711/1705/1689
f 1711/1705/1689 1706/1700/1684 1712/1706/1690
f 1711/1705/1689 1712/1706/1690 1713/1707/1691
f 1713/1707/1691 1712/1706/1690 1714/1708/1692
f 1709/1703/1687 1715/1709/1693 1710/1704/1688
f 1710/1704/1688 1715/1709/1693 1716/1710/1694
f 1716/1710/1694 1715/1709/1693 1717/1711/1695
f 1717/1711/1695 1715/1709/1693 1718/1712/1696
f 1713/1707/1691 1714/1708/1692 1719/1713/1697
f 1719/1713/1697 1714/1708/1692 1720/1714/1698
f 1718/1712/1696 1721/1715/1699 1717/1711/1695
f 1717/1711/1695 1721/1715/1699 1722/1716/1700
f 1719/1713/1697 1720/1714/1698 1723/1717/1701
f 1723/1717/1701 1720/1714/1698 1724/1718/1702
f 1721/1715/1699 1725/1719/1703 1722/1716/1700
f 1722/1716/1700 1725/1719/1703 1726/1720/1704
f 1727/1721/1705 1728/1722/1706 1729/1723/1707
f 1729/1723/1707 1728/1722/1706 1730/1724/1708
f 1731/1725/1709 1729/1723/1707 1732/1726/1710
f 1732/1726/1710 1729/1723/1707 1733/1727/1711
f 1732/1726/1710 1733/1727/1711 1734/1728/1712
f 1734/1728/1712 1733/1727/1711 1735/1729/1713
f 1730/1724/1708 1736/1730/1714 1737/1731/1715
f 1737/1731/1715 1736/1730/1714 1738/1732/1716
f 1737/1731/1715 1738/1732/1716 1739/1733/1717
f 1739/1733/1717 1738/1732/1716 1740/1734/1718
f 1734/1728/1712 1735/1729/1713 1741/1735/1719
f 1741/1735/1719 1735/1729/1713 1742/1736/1720
f 1739/1733/1717 1740/1734/1718 1743/1737/1721
f 1743/1737/1721 1740/1734/1718 1744/1738/1722
f 1741/1735/1719 1742/1736/1720 1745/1739/1723
f 1745/1739/1723 1742/1736/1720 1746/1740/1724
f 1744/1738/1722 1747/1741/1725 1743/1737/1721
f 1743/1737/1721 1747/1741/1725 1748/1742/1726
f 1745/1739/1723 1746/1740/1724 1749/1743/1727
f 1749/1743/1727 1746/1740/1724 1750/1744/1728
f 1747/1741/1725 1751/1745/1729 1748/1742/1726
f 1748/1742/1726 1751/1745/1729 1752/1746/1730
f 1753/1747/1731 1754/1748/1732 1755/1749/1733
f 1755/1749/1733 1754/1748/1732 1756/1750/1734
f 1754/1748/1732 1753/1747/1731 1750/1744/1728
f 1750/1744/1728 1753/1747/1731 1749/1743/1727
f 1757/1751/1735 1758/1752/1736 1751/1745/1729
f 1751/1745/1729 1758/1752/1736 1752/1746/1730
f 1757/1751/1735 1759/1753/1737 1758/1752/1736
f 1758/1752/1736 1759/1753/1737 1760/1754/1738
f 1761/1755/1739 1762/1756/1740 1763/1757/1741
f 1763/1757/1741 1762/1756/1740 1764/1758/1742
f 1762/1756/1740 1761/1755/1739 1756/1750/1734
f 1756/1750/1734 1761/1755/1739 1755/1749/1733
f 1765/1759/1743 1766/1760/1744 1759/1753/1737
f 1759/1753/1737 1766/1760/1744 1760/1754/1738
f 1765/1759/1743 1767/1761/1745 1766/1760/1744
f 1766/1760/1744 1767/1761/1745 1768/1762/1746
f 1769/1763/1747 1770/1764/1748 1771/1765/1749
f 1771/1765/1749 1770/1764/1748 1772/1766/1750
f 1771/1765/1749 1773/1767/1751 1769/1763/1747
f 1769/1763/1747 1773/1767/1751 1774/1768/1752
f 1774/1768/1752 1773/1767/1751 1775/1769/1753
f 1775/1769/1753 1773/1767/1751 1776/1770/1754
f 1777/1771/1755 1778/1772/1756 1779/1773/1757
f 1779/1773/1757 1778/1772/1756 1780/1774/1758
f 1779/1773/1757 1781/1775/1759 1777/1771/1755
f 1777/1771/1755 1781/1775/1759 1782/1776/1760
f 1780/1774/1758 1778/1772/1756 1783/1777/1761
f 1783/1777/1761 1778/1772/1756 1784/1778/1762
f 1785/1779/1763 1786/1780/1764 1787/1781/1765
f 1787/1781/1765 1786/1780/1764 1788/1782/1766
f 1786/1780/1764 1789/1783/1767 1788/1782/1766
f 1788/1782/1766 1789/1783/1767 1790/1784/1768
f 1791/1785/1769 1792/1786/1770 1793/1787/1771
f 1793/1787/1771 1792/1786/1770 1794/1788/1772
f 1795/1789/1773 1796/1790/1774 1797/1791/1775
f 1797/1791/1775 1796/1790/1774 1798/1792/1776
f 1797/1791/1775 1799/1793/1777 1795/1789/1773
f 1795/1789/1773 1799/1793/1777 1800/1794/1778
f 1763/1757/1741 1764/1758/1742 1776/1770/1754
f 1776/1770/1754 1764/1758/1742 1775/1769/1753
f 1768/1762/1746 1767/1761/1745 1784/1778/1762
f 1784/1778/1762 1767/1761/1745 1783/1777/1761
f 1693/1687/1671 1694/1688/1672 1674/1668/1652
f 1674/1668/1652 1694/1688/1672 1673/1667/1651
f 1701/1695/1679 1702/1696/1680 1801/1795/1779
f 1801/1795/1779 1702/1696/1680 1802/1796/1780
f 1770/1764/1748 1803/1797/1781 1772/1766/1750
f 1772/1766/1750 1803/1797/1781 1804/1798/1782
f 1781/1775/1759 1805/1799/1783 1782/1776/1760
f 1782/1776/1760 1805/1799/1783 1806/1800/1784
f 1686/1680/1664 1685/1679/1663 1807/1801/1785
f 1807/1801/1785 1685/1679/1663 1808/1802/1786
f 1677/1671/1655 1809/1803/1787 1678/1672/1656
f 1678/1672/1656 1809/1803/1787 1810/1804/1788
f 1789/1783/1767 1811/1805/1789 1790/1784/1768
f 1790/1784/1768 1811/1805/1789 1812/1806/1790
f 1811/1805/1789 1804/1798/1782 1812/1806/1790
f 1812/1806/1790 1804/1798/1782 1803/1797/1781
f 1813/1807/1791 1814/1808/1792 1815/1809/1793
f 1815/1809/1793 1814/1808/1792 1816/1810/1794
f 1813/1807/1791 1815/1809/1793 1817/1811/1795
f 1817/1811/1795 1815/1809/1793 1818/1812/1796
f 1814/1808/1792 1806/1800/1784 1816/1810/1794
f 1816/1810/1794 1806/1800/1784 1805/1799/1783
f 1664/1658/1642 1810/1804/1788 1666/1660/1644
f 1666/1660/1644 1810/1804/1788 1809/1803/1787
f 1807/1801/1785 1808/1802/1786 1819/1813/1797
f 1819/1813/1797 1808/1802/1786 1820/1814/1798
f 1819/1813/1797 1820/1814/1798 1821/1815/1799
f 1821/1815/1799 1820/1814/1798 1822/1816/1800
f 1823/1817/1801 1824/1818/1802 1794/1788/1772
f 1794/1788/1772 1824/1818/1802 1793/1787/1771
f 1823/1817/1801 1670/1664/1648 1824/1818/1802
f 1824/1818/1802 1670/1664/1648 1669/1663/1647
f 1801/1795/1779 1802/1796/1780 1684/1678/1662
f 1684/1678/1662 1802/1796/1780 1683/1677/1661
f 1825/1819/1803 1826/1820/1804 1827/1821/1805
f 1827/1821/1805 1826/1820/1804 1828/1822/1806
f 1827/1821/1805 1828/1822/1806 1818/1812/1796
f 1818/1812/1796 1828/1822/1806 1817/1811/1795
f 1821/1815/1799 1822/1816/1800 1829/1823/1807
f 1829/1823/1807 1822/1816/1800 1830/1824/1808
f 1829/1823/1807 1830/1824/1808 1831/1825/1809
f 1831/1825/1809 1830/1824/1808 1832/1826/1810
f 1798/1792/1776 1796/1790/1774 1832/1826/1810
f 1832/1826/1810 1796/1790/1774 1831/1825/1809
f 1833/1827/1811 1793/1787/1771 1834/1828/1812
f 1834/1828/1812 1793/1787/1771 1824/1818/1802
f 1835/1829/1813 1836/1830/1814 1665/1659/1643
f 1665/1659/1643 1836/1830/1814 1667/1661/1645
f 1837/1831/1815 1676/1670/1654 1838/1832/1816
f 1838/1832/1816 1676/1670/1654 1671/1665/1649
f 1839/1833/1817 1840/1834/1818 1687/1681/1665
f 1687/1681/1665 1840/1834/1818 1692/1686/1670
f 1841/1835/1819 1842/1836/1820 1703/1697/1681
f 1703/1697/1681 1842/1836/1820 1689/1683/1667
f 1843/1837/1821 1844/1838/1822 1711/1705/1689
f 1711/1705/1689 1844/1838/1822 1705/1699/1683
f 1845/1839/1823 1846/1840/1824 1489/1483/1467
f 1489/1483/1467 1846/1840/1824 1490/1484/1468
f 1847/1841/1825 1843/1837/1821 1713/1707/1691
f 1713/1707/1691 1843/1837/1821 1711/1705/1689
f 1489/1483/1467 1487/1481/1465 1715/1709/1693
f 1715/1709/1693 1487/1481/1465 1718/1712/1696
f 1847/1841/1825 1713/1707/1691 1848/1842/1826
f 1848/1842/1826 1713/1707/1691 1719/1713/1697
f 1485/1479/1463 1721/1715/1699 1487/1481/1465
f 1487/1481/1465 1721/1715/1699 1718/1712/1696
f 1849/1843/1827 1850/1844/1828 1851/1845/1829
f 1851/1845/1829 1850/1844/1828 1723/1717/1701
f 1723/1717/1701 1850/1844/1828 1719/1713/1697
f 1850/1844/1828 1848/1842/1826 1719/1713/1697
f 1368/1362/1346 1852/1846/1830 1485/1479/1463
f 1852/1846/1830 1725/1719/1703 1485/1479/1463
f 1485/1479/1463 1725/1719/1703 1721/1715/1699
f 1853/1847/1831 1854/1848/1832 1855/1849/1833
f 1854/1848/1832 1731/1725/1709 1855/1849/1833
f 1731/1725/1709 1732/1726/1710 1855/1849/1833
f 1856/1850/1834 1855/1849/1833 1732/1726/1710
f 1857/1851/1835 1856/1850/1834 1734/1728/1712
f 1734/1728/1712 1856/1850/1834 1732/1726/1710
f 1482/1476/1460 1740/1734/1718 1484/1478/1462
f 1484/1478/1462 1740/1734/1718 1738/1732/1716
f 1857/1851/1835 1734/1728/1712 1858/1852/1836
f 1858/1852/1836 1734/1728/1712 1741/1735/1719
f 1482/1476/1460 1480/1474/1458 1740/1734/1718
f 1740/1734/1718 1480/1474/1458 1744/1738/1722
f 1858/1852/1836 1741/1735/1719 1859/1853/1837
f 1859/1853/1837 1741/1735/1719 1745/1739/1723
f 1480/1474/1458 1476/1470/1454 1744/1738/1722
f 1744/1738/1722 1476/1470/1454 1747/1741/1725
f 1860/1854/1838 1749/1743/1727 1861/1855/1839
f 1861/1855/1839 1749/1743/1727 1753/1747/1731
f 1862/1856/1840 1755/1749/1733 1863/1857/1841
f 1863/1857/1841 1755/1749/1733 1761/1755/1739
f 1864/1858/1842 1865/1859/1843 1771/1765/1749
f 1771/1765/1749 1865/1859/1843 1773/1767/1751
f 1833/1827/1811 1866/1860/1844 1793/1787/1771
f 1793/1787/1771 1866/1860/1844 1791/1785/1769
f 1863/1857/1841 1761/1755/1739 1867/1861/1845
f 1867/1861/1845 1761/1755/1739 1763/1757/1741
f 1840/1834/1818 1868/1862/1846 1692/1686/1670
f 1692/1686/1670 1868/1862/1846 1694/1688/1672
f 1869/1863/1847 1864/1858/1842 1772/1766/1750
f 1772/1766/1750 1864/1858/1842 1771/1765/1749
f 1837/1831/1815 1870/1864/1848 1676/1670/1654
f 1676/1670/1654 1870/1864/1848 1677/1671/1655
f 1871/1865/1849 1872/1866/1850 1789/1783/1767
f 1789/1783/1767 1872/1866/1850 1811/1805/1789
f 1873/1867/1851 1874/1868/1852 1809/1803/1787
f 1809/1803/1787 1874/1868/1852 1666/1660/1644
f 1872/1866/1850 1875/1869/1853 1811/1805/1789
f 1811/1805/1789 1875/1869/1853 1804/1798/1782
f 1861/1855/1839 1753/1747/1731 1862/1856/1840
f 1862/1856/1840 1753/1747/1731 1755/1749/1733
f 1842/1836/1820 1839/1833/1817 1689/1683/1667
f 1689/1683/1667 1839/1833/1817 1687/1681/1665
f 1859/1853/1837 1745/1739/1723 1860/1854/1838
f 1860/1854/1838 1745/1739/1723 1749/1743/1727
f 1476/1470/1454 1876/1870/1854 1747/1741/1725
f 1747/1741/1725 1876/1870/1854 1751/1745/1729
f 1844/1838/1822 1841/1835/1819 1705/1699/1683
f 1705/1699/1683 1841/1835/1819 1703/1697/1681
f 1877/1871/1855 1878/1872/1856 1845/1839/1823
f 1845/1839/1823 1878/1872/1856 1879/1873/1857
f 1669/1663/1647 1880/1874/1858 1824/1818/1802
f 1824/1818/1802 1880/1874/1858 1834/1828/1812
f 1868/1862/1846 1881/1875/1859 1694/1688/1672
f 1694/1688/1672 1881/1875/1859 1673/1667/1651
f 1867/1861/1845 1763/1757/1741 1882/1876/1860
f 1882/1876/1860 1763/1757/1741 1776/1770/1754
f 1865/1859/1843 1882/1876/1860 1773/1767/1751
f 1773/1767/1751 1882/1876/1860 1776/1770/1754
f 1838/1832/1816 1671/1665/1649 1881/1875/1859
f 1881/1875/1859 1671/1665/1649 1673/1667/1651
f 1870/1864/1848 1873/1867/1851 1677/1671/1655
f 1677/1671/1655 1873/1867/1851 1809/1803/1787
f 1875/1869/1853 1869/1863/1847 1804/1798/1782
f 1804/1798/1782 1869/1863/1847 1772/1766/1750
f 1874/1868/1852 1835/1829/1813 1666/1660/1644
f 1666/1660/1644 1835/1829/1813 1665/1659/1643
f 1883/1877/1861 1871/1865/1849 1786/1780/1764
f 1786/1780/1764 1871/1865/1849 1789/1783/1767
f 1757/1751/1735 1751/1745/1729 1884/1878/1862
f 1884/1878/1862 1751/1745/1729 1876/1870/1854
f 1700/1694/1678 1885/1879/1863 1707/1701/1685
f 1707/1701/1685 1885/1879/1863 1877/1871/1855
f 1697/1691/1675 1886/1880/1863 1700/1694/1678
f 1700/1694/1678 1886/1880/1863 1885/1879/1863
f 1697/1691/1675 1698/1692/1676 1886/1880/1863
f 1886/1880/1863 1698/1692/1676 1887/1881/1863
f 1701/1695/1679 1888/1882/1863 1698/1692/1676
f 1698/1692/1676 1888/1882/1863 1887/1881/1863
f 1701/1695/1679 1801/1795/1779 1888/1882/1863
f 1888/1882/1863 1801/1795/1779 1889/1883/1863
f 1801/1795/1779 1684/1678/1662 1889/1883/1863
f 1889/1883/1863 1684/1678/1662 1890/1884/1863
f 1891/1885/1863 1807/1801/1785 1892/1886/1863
f 1892/1886/1863 1807/1801/1785 1819/1813/1797
f 1831/1825/1809 1893/1887/1460 1829/1823/1807
f 1829/1823/1807 1893/1887/1460 1894/1888/1468
f 1895/1889/1864 1795/1789/1773 1896/1890/1865
f 1896/1890/1865 1795/1789/1773 1800/1794/1778
f 1897/1891/1866 1898/1892/1866 1816/1810/1794
f 1816/1810/1794 1898/1892/1866 1815/1809/1793
f 1816/1810/1794 1805/1799/1783 1897/1891/1866
f 1897/1891/1866 1805/1799/1783 1899/1893/1866
f 1900/1894/1866 1899/1893/1866 1781/1775/1759
f 1781/1775/1759 1899/1893/1866 1805/1799/1783
f 1901/1895/1866 1900/1894/1866 1779/1773/1757
f 1779/1773/1757 1900/1894/1866 1781/1775/1759
f 1902/1896/1866 1901/1895/1866 1780/1774/1758
f 1780/1774/1758 1901/1895/1866 1779/1773/1757
f 1903/1897/1866 1902/1896/1866 1783/1777/1761
f 1783/1777/1761 1902/1896/1866 1780/1774/1758
f 1767/1761/1745 1904/1898/1866 1783/1777/1761
f 1783/1777/1761 1904/1898/1866 1903/1897/1866
f 1767/1761/1745 1765/1759/1743 1904/1898/1866
f 1904/1898/1866 1765/1759/1743 1905/1899/1866
f 1765/1759/1743 1759/1753/1737 1905/1899/1866
f 1905/1899/1866 1759/1753/1737 1906/1900/1866
f 1759/1753/1737 1757/1751/1735 1906/1900/1866
f 1906/1900/1866 1757/1751/1735 1884/1878/1862
f 1796/1790/1774 1795/1789/1773 1907/1901/1460
f 1907/1901/1460 1795/1789/1773 1895/1889/1864
f 1825/1819/1803 1827/1821/1805 1908/1902/1867
f 1908/1902/1867 1827/1821/1805 1909/1903/1868
f 1892/1886/1863 1819/1813/1797 1910/1904/1863
f 1910/1904/1863 1819/1813/1797 1821/1815/1799
f 1893/1887/1460 1831/1825/1809 1907/1901/1460
f 1907/1901/1460 1831/1825/1809 1796/1790/1774
f 1890/1884/1863 1684/1678/1662 1911/1905/1863
f 1911/1905/1863 1684/1678/1662 1679/1673/1657
f 1679/1673/1657 1681/1675/1659 1911/1905/1863
f 1911/1905/1863 1681/1675/1659 1912/1906/1863
f 1913/1907/1869 1686/1680/1664 1891/1885/1863
f 1891/1885/1863 1686/1680/1664 1807/1801/1785
f 1912/1906/1863 1681/1675/1659 1913/1907/1869
f 1913/1907/1869 1681/1675/1659 1686/1680/1664
f 1910/1904/1863 1821/1815/1799 1894/1888/1468
f 1894/1888/1468 1821/1815/1799 1829/1823/1807
f 1914/1908/1870 1909/1903/1868 1818/1812/1796
f 1818/1812/1796 1909/1903/1868 1827/1821/1805
f 1898/1892/1866 1914/1908/1870 1815/1809/1793
f 1815/1809/1793 1914/1908/1870 1818/1812/1796
f 1729/1723/1707 1730/1724/1708 1733/1727/1711
f 1733/1727/1711 1730/1724/1708 1737/1731/1715
f 1724/1718/1702 1720/1714/1698 1726/1720/1704
f 1726/1720/1704 1720/1714/1698 1722/1716/1700
f 1733/1727/1711 1737/1731/1715 1735/1729/1713
f 1735/1729/1713 1737/1731/1715 1739/1733/1717
f 1720/1714/1698 1714/1708/1692 1722/1716/1700
f 1722/1716/1700 1714/1708/1692 1717/1711/1695
f 1735/1729/1713 1739/1733/1717 1742/1736/1720
f 1742/1736/1720 1739/1733/1717 1743/1737/1721
f 1714/1708/1692 1712/1706/1690 1717/1711/1695
f 1717/1711/1695 1712/1706/1690 1716/1710/1694
f 1742/1736/1720 1743/1737/1721 1746/1740/1724
f 1746/1740/1724 1743/1737/1721 1748/1742/1726
f 1712/1706/1690 1706/1700/1684 1716/1710/1694
f 1716/1710/1694 1706/1700/1684 1710/1704/1688
f 1746/1740/1724 1748/1742/1726 1750/1744/1728
f 1750/1744/1728 1748/1742/1726 1752/1746/1730
f 1706/1700/1684 1704/1698/1682 1710/1704/1688
f 1710/1704/1688 1704/1698/1682 1708/1702/1686
f 1754/1748/1732 1750/1744/1728 1758/1752/1736
f 1758/1752/1736 1750/1744/1728 1752/1746/1730
f 1704/1698/1682 1690/1684/1668 1708/1702/1686
f 1708/1702/1686 1690/1684/1668 1699/1693/1677
f 1756/1750/1734 1754/1748/1732 1760/1754/1738
f 1760/1754/1738 1754/1748/1732 1758/1752/1736
f 1690/1684/1668 1688/1682/1666 1699/1693/1677
f 1699/1693/1677 1688/1682/1666 1695/1689/1673
f 1762/1756/1740 1756/1750/1734 1766/1760/1744
f 1766/1760/1744 1756/1750/1734 1760/1754/1738
f 1688/1682/1666 1691/1685/1669 1695/1689/1673
f 1695/1689/1673 1691/1685/1669 1696/1690/1674
f 1764/1758/1742 1762/1756/1740 1768/1762/1746
f 1768/1762/1746 1762/1756/1740 1766/1760/1744
f 1693/1687/1671 1702/1696/1680 1691/1685/1669
f 1691/1685/1669 1702/1696/1680 1696/1690/1674
f 1775/1769/1753 1764/1758/1742 1784/1778/1762
f 1784/1778/1762 1764/1758/1742 1768/1762/1746
f 1674/1668/1652 1802/1796/1780 1693/1687/1671
f 1693/1687/1671 1802/1796/1780 1702/1696/1680
f 1674/1668/1652 1672/1666/1650 1802/1796/1780
f 1802/1796/1780 1672/1666/1650 1683/1677/1661
f 1682/1676/1660 1680/1674/1658 1675/1669/1653
f 1675/1669/1653 1680/1674/1658 1672/1666/1650
f 1672/1666/1650 1680/1674/1658 1683/1677/1661
f 1685/1679/1663 1682/1676/1660 1678/1672/1656
f 1678/1672/1656 1682/1676/1660 1675/1669/1653
f 1670/1664/1648 1823/1817/1801 1832/1826/1810
f 1832/1826/1810 1823/1817/1801 1798/1792/1776
f 1808/1802/1786 1685/1679/1663 1810/1804/1788
f 1810/1804/1788 1685/1679/1663 1678/1672/1656
f 1810/1804/1788 1664/1658/1642 1808/1802/1786
f 1808/1802/1786 1664/1658/1642 1820/1814/1798
f 1822/1816/1800 1820/1814/1798 1663/1657/1641
f 1663/1657/1641 1820/1814/1798 1664/1658/1642
f 1663/1657/1641 1668/1662/1646 1822/1816/1800
f 1822/1816/1800 1668/1662/1646 1830/1824/1808
f 1832/1826/1810 1830/1824/1808 1670/1664/1648
f 1670/1664/1648 1830/1824/1808 1668/1662/1646
f 1794/1788/1772 1797/1791/1775 1823/1817/1801
f 1823/1817/1801 1797/1791/1775 1798/1792/1776
f 1782/1776/1760 1806/1800/1784 1770/1764/1748
f 1770/1764/1748 1806/1800/1784 1803/1797/1781
f 1799/1793/1777 1797/1791/1775 1792/1786/1770
f 1792/1786/1770 1797/1791/1775 1794/1788/1772
f 1788/1782/1766 1828/1822/1806 1787/1781/1765
f 1787/1781/1765 1828/1822/1806 1826/1820/1804
f 1828/1822/1806 1788/1782/1766 1817/1811/1795
f 1817/1811/1795 1788/1782/1766 1790/1784/1768
f 1790/1784/1768 1813/1807/1791 1817/1811/1795
f 1814/1808/1792 1813/1807/1791 1812/1806/1790
f 1812/1806/1790 1813/1807/1791 1790/1784/1768
f 1812/1806/1790 1803/1797/1781 1814/1808/1792
f 1814/1808/1792 1803/1797/1781 1806/1800/1784
f 1777/1771/1755 1782/1776/1760 1769/1763/1747
f 1769/1763/1747 1782/1776/1760 1770/1764/1748
f 1778/1772/1756 1774/1768/1752 1784/1778/1762
f 1784/1778/1762 1774/1768/1752 1775/1769/1753
f 1769/1763/1747 1774/1768/1752 1777/1771/1755
f 1777/1771/1755 1774/1768/1752 1778/1772/1756
f 1354/1348/1332 1484/1478/1462 1915/1909/1871
f 1915/1909/1871 1484/1478/1462 1736/1730/1714
f 1736/1730/1714 1484/1478/1462 1738/1732/1716
f 1836/1830/1814 1880/1874/1858 1667/1661/1645
f 1667/1661/1645 1880/1874/1858 1669/1663/1647
f 1729/1723/1707 1731/1725/1709 1727/1721/1705
f 1736/1730/1714 1730/1724/1708 1728/1722/1706
f 1368/1362/1346 1367/1361/1345 1916/1910/1872
f 1916/1910/1872 1367/1361/1345 1917/1911/1873
f 1918/1912/1874 1849/1843/1827 1851/1845/1829
f 1919/1913/1875 1920/1914/1876 1915/1909/1871
f 1915/1909/1871 1920/1914/1876 1354/1348/1332
f 1921/1915/1877 1355/1349/1333 1920/1914/1876
f 1920/1914/1876 1355/1349/1333 1354/1348/1332
f 1916/1910/1872 1917/1911/1873 1922/1916/1878
f 1922/1916/1878 1917/1911/1873 1923/1917/1879
f 1525/1519/1503 1659/1653/1637 1527/1521/1505
f 1527/1521/1505 1659/1653/1637 1924/1918/1880
f 1925/1919/1881 1926/1920/1882 1927/1921/1883
f 1927/1921/1883 1926/1920/1882 1928/1922/1884
f 1355/1349/1333 1921/1915/1877 1929/1923/1885
f 1929/1923/1885 1921/1915/1877 1930/1924/1886
f 1918/1912/1874 1851/1845/1829 1724/1718/1702
f 1724/1718/1702 1851/1845/1829 1723/1717/1701
f 1726/1720/1704 1725/1719/1703 1931/1925/1887
f 1931/1925/1887 1725/1719/1703 1852/1846/1830
f 1727/1721/1705 1731/1725/1709 1932/1926/1888
f 1932/1926/1888 1731/1725/1709 1854/1848/1832
f 1736/1730/1714 1728/1722/1706 1915/1909/1871
f 1915/1909/1871 1728/1722/1706 1919/1913/1875
f 1726/1720/1704 1931/1925/1887 1724/1718/1702
f 1724/1718/1702 1931/1925/1887 1918/1912/1874
f 1728/1722/1706 1727/1721/1705 1919/1913/1875
f 1919/1913/1875 1727/1721/1705 1932/1926/1888
f 1922/1916/1878 1933/1927/1889 1916/1910/1872
f 1916/1910/1872 1933/1927/1889 1934/1928/1890
f 1931/1925/1887 1852/1846/1830 1933/1927/1889
f 1933/1927/1889 1852/1846/1830 1934/1928/1890
f 1931/1925/1887 1933/1927/1889 1918/1912/1874
f 1918/1912/1874 1933/1927/1889 1849/1843/1827
f 1933/1927/1889 1922/1916/1878 1849/1843/1827
f 1854/1848/1832 1853/1847/1831 1932/1926/1888
f 1853/1847/1831 1920/1914/1876 1932/1926/1888
f 1932/1926/1888 1920/1914/1876 1919/1913/1875
f 1853/1847/1831 1921/1915/1877 1920/1914/1876
f 1916/1910/1872 1934/1928/1890 1368/1362/1346
f 1368/1362/1346 1934/1928/1890 1852/1846/1830
f 1495/1489/1473 1935/1929/1891 1496/1490/1474
f 1496/1490/1474 1935/1929/1891 1936/1930/1892
f 1579/1573/1557 1937/1931/1893 1495/1489/1473
f 1495/1489/1473 1937/1931/1893 1935/1929/1891
f 1938/1932/1539 1560/1554/1538 1939/1933/1894
f 1940/1934/1895 1941/1935/1896 1942/1936/1897
f 1942/1936/1897 1941/1935/1896 1943/1937/1898
f 1944/1938/1899 1945/1939/1900 1941/1935/1896
f 1941/1935/1896 1945/1939/1900 1943/1937/1898
f 1946/1940/1901 1567/1561/1545 1947/1941/1902
f 1947/1941/1902 1567/1561/1545 1563/1557/1541
f 1948/1942/1903 1574/1568/1552 1541/1535/1519
f 1537/1531/1515 1949/1943/1904 1950/1944/1905
f 1950/1944/1905 1362/1356/1340 1537/1531/1515
f 1537/1531/1515 1362/1356/1340 1951/1945/1906
f 1367/1361/1345 1365/1359/1343 1541/1535/1519
f 1541/1535/1519 1365/1359/1343 1948/1942/1903
f 1952/1946/1907 1953/1947/1908 1954/1948/1909
f 1954/1948/1909 1953/1947/1908 1955/1949/1910
f 1953/1947/1908 1956/1950/1911 1955/1949/1910
f 1955/1949/1910 1956/1950/1911 1957/1951/1912
f 1958/1952/1913 1959/1953/1914 1960/1954/1915
f 1960/1954/1915 1959/1953/1914 1961/1955/1916
f 1962/1956/1917 1963/1957/1918 1959/1953/1914
f 1959/1953/1914 1963/1957/1918 1961/1955/1916
f 1956/1950/1911 1964/1958/1919 1957/1951/1912
f 1957/1951/1912 1964/1958/1919 1965/1959/1920
f 1966/1960/1921 1957/1951/1912 1967/1961/1922
f 1967/1961/1922 1957/1951/1912 1965/1959/1920
f 1963/1957/1918 1962/1956/1917 1965/1959/1920
f 1965/1959/1920 1962/1956/1917 1967/1961/1922
f 1965/1959/1920 1964/1958/1919 1963/1957/1918
f 1963/1957/1918 1964/1958/1919 1968/1962/1923
f 1969/1963/1924 1952/1946/1907 1970/1964/1925
f 1970/1964/1925 1952/1946/1907 1954/1948/1909
f 1970/1964/1925 1954/1948/1909 1971/1965/1926
f 1971/1965/1926 1954/1948/1909 1972/1966/1909
f 1973/1967/1927 1958/1952/1913 1974/1968/1928
f 1974/1968/1928 1958/1952/1913 1960/1954/1915
f 1975/1969/1929 1974/1968/1928 1976/1970/1930
f 1976/1970/1930 1974/1968/1928 1960/1954/1915
f 1977/1971/1931 1978/1972/1932 1979/1973/1933
f 1978/1972/1932 1980/1974/1934 1979/1973/1933
f 1980/1974/1934 1981/1975/1934 1979/1973/1933
f 1982/1976/1934 1979/1973/1933 1981/1975/1934
f 1983/1977/1935 1984/1978/1936 1985/1979/1937
f 1985/1979/1937 1984/1978/1936 1986/1980/1938
f 1987/1981/1939 1988/1982/1940 1989/1983/1941
f 1977/1971/1931 1979/1973/1933 1990/1984/1942
f 1990/1984/1942 1979/1973/1933 1991/1985/1942
f 1991/1985/1942 1979/1973/1933 1992/1986/1942
f 1979/1973/1933 1993/1987/1942 1992/1986/1942
f 1954/1948/1909 1955/1949/1910 1972/1966/1909
f 1972/1966/1909 1955/1949/1910 1994/1988/1943
f 1955/1949/1910 1957/1951/1912 1994/1988/1943
f 1994/1988/1943 1957/1951/1912 1966/1960/1921
f 1961/1955/1916 1995/1989/1944 1960/1954/1915
f 1960/1954/1915 1995/1989/1944 1976/1970/1930
f 1963/1957/1918 1968/1962/1923 1961/1955/1916
f 1961/1955/1916 1968/1962/1923 1995/1989/1944
f 1983/1977/1935 1985/1979/1937 1996/1990/1945
f 1997/1991/1945 1996/1990/1945 1985/1979/1937
f 1983/1977/1935 1998/1992/1946 1989/1983/1941
f 1989/1983/1941 1998/1992/1946 1999/1993/1947
f 1537/1531/1515 1494/1488/1472 1949/1943/1904
f 1494/1488/1472 1492/1486/1470 1949/1943/1904
f 1492/1486/1470 1496/1490/1474 1949/1943/1904
f 1936/1930/1892 1949/1943/1904 1496/1490/1474
f 1940/1934/1895 1942/1936/1897 2000/1994/1948
f 2000/1994/1948 1942/1936/1897 2001/1995/1949
f 2002/1996/1950 1989/1983/1941 2003/1997/1951
f 1949/1943/1904 1936/1930/1892 2004/1998/1952
f 2004/1998/1952 1936/1930/1892 2005/1999/1953
f 1936/1930/1892 1935/1929/1891 2005/1999/1953
f 2005/1999/1953 1935/1929/1891 2006/2000/1954
f 2007/2001/1955 2006/2000/1954 1937/1931/1893
f 1937/1931/1893 2006/2000/1954 1935/1929/1891
f 1560/1554/1538 2008/2002/1956 1939/1933/1894
f 2009/2003/1957 1560/1554/1538 2010/2004/1958
f 2011/2005/1959 2012/2006/1960 2013/2007/1961
f 2013/2007/1961 2012/2006/1960 2014/2008/1962
f 2011/2005/1959 2013/2007/1961 2015/2009/1963
f 2015/2009/1963 2013/2007/1961 2016/2010/1964
f 2016/2010/1964 2017/2011/1965 2015/2009/1963
f 2015/2009/1963 2017/2011/1965 2018/2012/1966
f 1989/1983/1941 2019/2013/1967 2020/2014/1968
f 1563/1557/1541 2021/2015/1969 2022/2016/1970
f 2023/2017/1971 2024/2018/1972 2025/2019/1973
f 2025/2019/1973 2024/2018/1972 2026/2020/1974
f 2027/2021/1975 2028/2022/1976 2023/2017/1971
f 2023/2017/1971 2028/2022/1976 2024/2018/1972
f 2029/2023/1977 2030/2024/1978 2027/2021/1975
f 2027/2021/1975 2030/2024/1978 2028/2022/1976
f 2031/2025/1979 1985/1979/1937 2032/2026/1980
f 2033/2027/1981 1563/1557/1541 2022/2016/1970
f 2034/2028/1982 2026/2020/1974 2035/2029/1983
f 2035/2029/1983 2026/2020/1974 2024/2018/1972
f 2036/2030/1984 2035/2029/1983 2028/2022/1976
f 2028/2022/1976 2035/2029/1983 2024/2018/1972
f 2030/2024/1978 2037/2031/1985 2028/2022/1976
f 2028/2022/1976 2037/2031/1985 2036/2030/1984
f 2032/2026/1980 1985/1979/1937 2038/2032/1986
f 1989/1983/1941 2020/2014/1968 2039/2033/1987
f 2040/2034/1988 2041/2035/1989 2016/2010/1964
f 2016/2010/1964 2041/2035/1989 2017/2011/1965
f 2013/2007/1961 2042/2036/1990 2016/2010/1964
f 2016/2010/1964 2042/2036/1990 2040/2034/1988
f 2013/2007/1961 2014/2008/1962 2042/2036/1990
f 2042/2036/1990 2014/2008/1962 2043/2037/1991
f 2010/2004/1958 1560/1554/1538 2044/2038/1992
f 2045/2039/1993 1985/1979/1937 1986/1980/1938
f 2046/2040/1994 2001/1995/1949 2047/2041/1995
f 2047/2041/1995 2001/1995/1949 1942/1936/1897
f 1943/1937/1898 2048/2042/1996 1942/1936/1897
f 1942/1936/1897 2048/2042/1996 2047/2041/1995
f 1945/1939/1900 2049/2043/1997 1943/1937/1898
f 1943/1937/1898 2049/2043/1997 2048/2042/1996
f 1947/1941/1902 1563/1557/1541 2050/2044/1998
f 2051/2045/1999 1563/1557/1541 2052/2046/2000
f 1543/1537/1521 2053/2047/2001 1544/1538/1522
f 1544/1538/1522 2053/2047/2001 2054/2048/2002
f 1542/1536/1520 2055/2049/2003 1543/1537/1521
f 1543/1537/1521 2055/2049/2003 2053/2047/2001
f 1574/1568/1552 2056/2050/2004 1542/1536/1520
f 1542/1536/1520 2056/2050/2004 2055/2049/2003
f 2057/2051/2005 1985/1979/1937 2058/2052/2006
f 2058/2052/2006 1985/1979/1937 2031/2025/1979
f 2056/2050/2004 2029/2023/1977 2055/2049/2003
f 2055/2049/2003 2029/2023/1977 2027/2021/1975
f 2055/2049/2003 2027/2021/1975 2053/2047/2001
f 2053/2047/2001 2027/2021/1975 2023/2017/1971
f 2053/2047/2001 2023/2017/1971 2054/2048/2002
f 2054/2048/2002 2023/2017/1971 2025/2019/1973
f 2021/2015/1969 1563/1557/1541 2051/2045/1999
f 2038/2032/1986 1985/1979/1937 2059/2053/2007
f 2037/2031/1985 2060/2054/2008 2036/2030/1984
f 2036/2030/1984 2060/2054/2008 2061/2055/1984
f 2062/2056/2009 2035/2029/1983 2061/2055/1984
f 2061/2055/1984 2035/2029/1983 2036/2030/1984
f 2063/2057/2010 2034/2028/1982 2062/2056/2009
f 2062/2056/2009 2034/2028/1982 2035/2029/1983
f 2064/2058/1998 1563/1557/1541 2033/2027/1981
f 2050/2044/1998 1563/1557/1541 2064/2058/1998
f 2049/2043/1997 2063/2057/2010 2048/2042/1996
f 2048/2042/1996 2063/2057/2010 2062/2056/2009
f 2048/2042/1996 2062/2056/2009 2047/2041/1995
f 2047/2041/1995 2062/2056/2009 2061/2055/1984
f 2060/2054/2008 2046/2040/1994 2061/2055/1984
f 2061/2055/1984 2046/2040/1994 2047/2041/1995
f 2059/2053/2007 1985/1979/1937 2045/2039/1993
f 1989/1983/1941 2065/2059/2011 2066/2060/2012
f 2067/2061/2013 2068/2062/2014 2069/2063/2015
f 2069/2063/2015 2068/2062/2014 2070/2064/2016
f 2071/2065/2017 2072/2066/2018 2069/2063/2015
f 2069/2063/2015 2072/2066/2018 2067/2061/2013
f 2071/2065/2017 2073/2067/2019 2072/2066/2018
f 2072/2066/2018 2073/2067/2019 2074/2068/2020
f 2075/2069/2021 1560/1554/1538 2076/2070/1957
f 2075/2069/2021 2008/2002/1956 1560/1554/1538
f 2006/2000/1954 2007/2001/1955 2071/2065/2017
f 2071/2065/2017 2007/2001/1955 2073/2067/2019
f 2005/1999/1953 2006/2000/1954 2069/2063/2015
f 2069/2063/2015 2006/2000/1954 2071/2065/2017
f 2004/1998/1952 2005/1999/1953 2070/2064/2016
f 2070/2064/2016 2005/1999/1953 2069/2063/2015
f 1989/1983/1941 2002/1996/1950 2065/2059/2011
f 2044/2038/1992 1560/1554/1538 1566/1560/1544
f 2042/2036/1990 2043/2037/1991 1531/1525/1509
f 1531/1525/1509 2043/2037/1991 1533/1527/1511
f 2042/2036/1990 1531/1525/1509 2040/2034/1988
f 2040/2034/1988 1531/1525/1509 1529/1523/1507
f 1529/1523/1507 1573/1567/1551 2040/2034/1988
f 2040/2034/1988 1573/1567/1551 2041/2035/1989
f 1989/1983/1941 2039/2033/1987 1987/1981/1939
f 1560/1554/1538 1567/1561/1545 1565/1559/1543
f 1565/1559/1543 1567/1561/1545 1946/1940/1901
f 1944/1938/1899 1941/1935/1896 1532/1526/1510
f 1532/1526/1510 1941/1935/1896 1530/1524/1508
f 1940/1934/1895 1528/1522/1506 1941/1935/1896
f 1941/1935/1896 1528/1522/1506 1530/1524/1508
f 1572/1566/1550 1528/1522/1506 2000/1994/1948
f 2000/1994/1948 1528/1522/1506 1940/1934/1895
f 1989/1983/1941 1988/1982/1940 1983/1977/1935
f 1983/1977/1935 1988/1982/1940 1984/1978/1936
f 2076/2070/1957 1560/1554/1538 2009/2003/1957
f 2072/2066/2018 2074/2068/2020 2011/2005/1959
f 2011/2005/1959 2074/2068/2020 2012/2006/1960
f 2072/2066/2018 2011/2005/1959 2067/2061/2013
f 2067/2061/2013 2011/2005/1959 2015/2009/1963
f 2015/2009/1963 2018/2012/1966 2067/2061/2013
f 2067/2061/2013 2018/2012/1966 2068/2062/2014
f 1989/1983/1941 2066/2060/2012 2019/2013/1967
f 2077/2071/1540 1563/1557/1541 2078/2072/1540
f 2079/2073/1540 1563/1557/1541 2077/2071/1540
f 2080/2074/2022 1563/1557/1541 2079/2073/1540
f 2081/2075/2023 1563/1557/1541 2080/2074/2022
f 2082/2076/1540 1563/1557/1541 2081/2075/2023
f 2083/2077/2024 1563/1557/1541 2082/2076/1540
f 2084/2078/2025 1563/1557/1541 2083/2077/2024
f 2085/2079/2026 1563/1557/1541 2084/2078/2025
f 2085/2079/2026 1564/1558/1542 1563/1557/1541
f 2052/2046/2000 1563/1557/1541 1562/1556/1540
f 2078/2072/1540 1563/1557/1541 1568/1562/1546
f 2086/2080/2027 1560/1554/1538 2087/2081/2028
f 2087/2081/2028 1560/1554/1538 2088/2082/2028
f 2088/2082/2028 1560/1554/1538 2089/2083/2028
f 2089/2083/2028 1560/1554/1538 2090/2084/1538
f 2090/2084/1538 1560/1554/1538 2091/2085/2029
f 2091/2085/2029 1560/1554/1538 2092/2086/2030
f 2092/2086/2030 1560/1554/1538 2093/2087/2031
f 2093/2087/2031 1560/1554/1538 1559/1553/1537
f 1561/1555/1539 1560/1554/1538 1938/1932/1539
f 1569/1563/1547 1567/1561/1545 2086/2080/2027
f 2086/2080/2027 1567/1561/1545 1560/1554/1538
f 1552/1546/1530 1659/1653/1637 1525/1519/1503
f 1390/1384/1368 1471/1465/1449 1391/1385/1369
f 1391/1385/1369 1471/1465/1449 1470/1464/1448
f 1338/1332/1316 1471/1465/1449 1399/1393/1377
f 1399/1393/1377 1471/1465/1449 1390/1384/1368
f 1339/1333/1317 1338/1332/1316 1517/1511/1495
f 1517/1511/1495 1338/1332/1316 1399/1393/1377
f 1229/1223/1207 1339/1333/1317 1516/1510/1494
f 1516/1510/1494 1339/1333/1317 1517/1511/1495
f 1229/1223/1207 1516/1510/1494 1231/1225/1209
f 1231/1225/1209 1516/1510/1494 1383/1377/1361
f 1231/1225/1209 1383/1377/1361 1475/1469/1453
f 1475/1469/1453 1383/1377/1361 1381/1375/1359
f 1385/1379/1363 1618/1612/1596 1381/1375/1359
f 1381/1375/1359 1618/1612/1596 1475/1469/1453
f 1523/1517/1501 1358/1352/1336 1522/1516/1500
f 1522/1516/1500 1358/1352/1336 1360/1354/1338
f 1283/1277/1261 1282/1276/1260 1661/1655/1639
f 1661/1655/1639 1282/1276/1260 2094/2088/2032
f 1402/1396/1380 1283/1277/1261 1662/1656/1640
f 1662/1656/1640 1283/1277/1261 1661/1655/1639
f 1336/1330/1314 1643/1637/1621 1473/1467/1451
f 1473/1467/1451 1643/1637/1621 1472/1466/1450
f 1337/1331/1315 1336/1330/1314 1340/1334/1318
f 1340/1334/1318 1336/1330/1314 1473/1467/1451
f 1452/1446/1430 1337/1331/1315 1341/1335/1319
f 1341/1335/1319 1337/1331/1315 1340/1334/1318
f 1285/1279/1263 1452/1446/1430 1228/1222/1206
f 1228/1222/1206 1452/1446/1430 1341/1335/1319
f 1230/1224/1208 1284/1278/1262 1228/1222/1206
f 1228/1222/1206 1284/1278/1262 1285/1279/1263
f 1280/1274/1258 1284/1278/1262 1474/1468/1452
f 1474/1468/1452 1284/1278/1262 1230/1224/1208
f 1619/1613/1597 1281/1275/1259 1474/1468/1452
f 1474/1468/1452 1281/1275/1259 1280/1274/1258
f 1624/1618/1602 1361/1355/1339 1620/1614/1598
f 1620/1614/1598 1361/1355/1339 1359/1353/1337
f 1620/1614/1598 1359/1353/1337 1621/1615/1599
f 1621/1615/1599 1359/1353/1337 1927/1921/1883
f 1618/1612/1596 1385/1379/1363 1360/1354/1338
f 1360/1354/1338 1385/1379/1363 1522/1516/1500
f 1619/1613/1597 1618/1612/1596 1361/1355/1339
f 1361/1355/1339 1618/1612/1596 1360/1354/1338
f 1281/1275/1259 1619/1613/1597 1624/1618/1602
f 1624/1618/1602 1619/1613/1597 1361/1355/1339
f 1271/1265/1249 1281/1275/1259 1623/1617/1601
f 1623/1617/1601 1281/1275/1259 1624/1618/1602
f 1270/1264/1248 1271/1265/1249 1625/1619/1603
f 1625/1619/1603 1271/1265/1249 1623/1617/1601
f 1270/1264/1248 1625/1619/1603 1217/1211/1195
f 1217/1211/1195 1625/1619/1603 1626/1620/1604
f 1217/1211/1195 1626/1620/1604 1219/1213/1197
f 1219/1213/1197 1626/1620/1604 1627/1621/1605
f 1219/1213/1197 1627/1621/1605 1257/1251/1235
f 1257/1251/1235 1627/1621/1605 1628/1622/1606
f 1257/1251/1235 1628/1622/1606 1259/1253/1237
f 1259/1253/1237 1628/1622/1606 1629/1623/1607
f 1259/1253/1237 1629/1623/1607 1233/1227/1211
f 1233/1227/1211 1629/1623/1607 1630/1624/1608
f 1233/1227/1211 1630/1624/1608 1235/1229/1213
f 1235/1229/1213 1630/1624/1608 1631/1625/1609
f 1235/1229/1213 1631/1625/1609 1287/1281/1265
f 1287/1281/1265 1631/1625/1609 1632/1626/1610
f 1287/1281/1265 1632/1626/1610 1343/1337/1321
f 1343/1337/1321 1632/1626/1610 1633/1627/1611
f 1343/1337/1321 1633/1627/1611 1245/1239/1223
f 1245/1239/1223 1633/1627/1611 1634/1628/1612
f 1245/1239/1223 1634/1628/1612 1247/1241/1225
f 1247/1241/1225 1634/1628/1612 1635/1629/1613
f 1293/1287/1271 1247/1241/1225 1636/1630/1614
f 1636/1630/1614 1247/1241/1225 1635/1629/1613
f 1306/1300/1284 1293/1287/1271 1637/1631/1615
f 1637/1631/1615 1293/1287/1271 1636/1630/1614
f 1637/1631/1615 1638/1632/1616 1306/1300/1284
f 1306/1300/1284 1638/1632/1616 1301/1295/1279
f 1300/1294/1278 1301/1295/1279 1639/1633/1617
f 1639/1633/1617 1301/1295/1279 1638/1632/1616
f 1350/1344/1328 1300/1294/1278 1640/1634/1618
f 1640/1634/1618 1300/1294/1278 1639/1633/1617
f 1641/1635/1619 1642/1636/1620 1400/1394/1378
f 1400/1394/1378 1642/1636/1620 1401/1395/1379
f 1866/1860/1844 2095/2089/2033 1791/1785/1769
f 1791/1785/1769 2095/2089/2033 1785/1779/1763
f 1785/1779/1763 1787/1781/1765 1791/1785/1769
f 1791/1785/1769 1787/1781/1765 1792/1786/1770
f 1792/1786/1770 1787/1781/1765 1799/1793/1777
f 1799/1793/1777 1787/1781/1765 1826/1820/1804
f 1800/1794/1778 1799/1793/1777 1825/1819/1803
f 1825/1819/1803 1799/1793/1777 1826/1820/1804
f 1825/1819/1803 1908/1902/1867 1800/1794/1778
f 1800/1794/1778 1908/1902/1867 1896/1890/1865
f 2095/2089/2033 1883/1877/1861 1785/1779/1763
f 1785/1779/1763 1883/1877/1861 1786/1780/1764
f 1641/1635/1619 1640/1634/1618 1449/1443/1427
f 1400/1394/1378 1350/1344/1328 1641/1635/1619
f 1641/1635/1619 1350/1344/1328 1640/1634/1618
f 1350/1344/1328 1400/1394/1378 1351/1345/1329
f 1351/1345/1329 1400/1394/1378 1215/1209/1193
f 1213/1207/1191 1372/1366/1350 1215/1209/1193
f 1215/1209/1193 1372/1366/1350 1351/1345/1329
f 1213/1207/1191 1309/1303/1287 1372/1366/1350
f 1372/1366/1350 1309/1303/1287 1468/1462/1446
f 1309/1303/1287 1373/1367/1351 1468/1462/1446
f 1468/1462/1446 1373/1367/1351 1469/1463/1447
f 1658/1652/1636 1469/1463/1447 1374/1368/1352
f 1374/1368/1352 1469/1463/1447 1373/1367/1351
f 1658/1652/1636 1374/1368/1352 1657/1651/1635
f 1657/1651/1635 1374/1368/1352 1416/1410/1394
f 1657/1651/1635 1416/1410/1394 1656/1650/1634
f 1656/1650/1634 1416/1410/1394 1415/1409/1393
f 1656/1650/1634 1415/1409/1393 1655/1649/1633
f 1655/1649/1633 1415/1409/1393 1414/1408/1392
f 1654/1648/1632 1655/1649/1633 1413/1407/1391
f 1413/1407/1391 1655/1649/1633 1414/1408/1392
f 1653/1647/1631 1654/1648/1632 1412/1406/1390
f 1412/1406/1390 1654/1648/1632 1413/1407/1391
f 1652/1646/1630 1653/1647/1631 1411/1405/1389
f 1411/1405/1389 1653/1647/1631 1412/1406/1390
f 1651/1645/1629 1652/1646/1630 1410/1404/1388
f 1410/1404/1388 1652/1646/1630 1411/1405/1389
f 1650/1644/1628 1651/1645/1629 1409/1403/1387
f 1409/1403/1387 1651/1645/1629 1410/1404/1388
f 1649/1643/1627 1650/1644/1628 1408/1402/1386
f 1408/1402/1386 1650/1644/1628 1409/1403/1387
f 1648/1642/1626 1649/1643/1627 1407/1401/1385
f 1407/1401/1385 1649/1643/1627 1408/1402/1386
f 1647/1641/1625 1648/1642/1626 1406/1400/1384
f 1406/1400/1384 1648/1642/1626 1407/1401/1385
f 1646/1640/1624 1647/1641/1625 1405/1399/1383
f 1405/1399/1383 1647/1641/1625 1406/1400/1384
f 1645/1639/1623 1646/1640/1624 1404/1398/1382
f 1404/1398/1382 1646/1640/1624 1405/1399/1383
f 1645/1639/1623 1404/1398/1382 1644/1638/1622
f 1644/1638/1622 1404/1398/1382 1403/1397/1381
f 1402/1396/1380 1643/1637/1621 1403/1397/1381
f 1403/1397/1381 1643/1637/1621 1644/1638/1622
f 1643/1637/1621 1402/1396/1380 1472/1466/1450
f 1472/1466/1450 1402/1396/1380 1662/1656/1640
f 1660/1654/1638 1470/1464/1448 1662/1656/1640
f 1662/1656/1640 1470/1464/1448 1472/1466/1450
f 1470/1464/1448 1660/1654/1638 1391/1385/1369
f 1391/1385/1369 1660/1654/1638 1552/1546/1530
f 1926/1920/1882 1925/1919/1881 1571/1565/1549
f 1571/1565/1549 1925/1919/1881 1523/1517/1501
f 2096/2090/2034 2097/2091/2035 2098/2092/2036
f 2098/2092/2036 2097/2091/2035 2099/2093/2037
f 2100/2094/2038 2101/2095/2039 2102/2096/2040
f 2102/2096/2040 2101/2095/2039 2103/2097/2041
f 2099/2093/2037 2104/2098/2042 2098/2092/2036
f 2098/2092/2036 2104/2098/2042 2105/2099/2043
f 2100/2094/2038 2102/2096/2040 2106/2100/2044
f 2106/2100/2044 2102/2096/2040 2107/2101/2043
f 2108/2102/2045 2109/2103/2046 2110/2104/2047
f 2110/2104/2047 2109/2103/2046 2111/2105/2048
f 2108/2102/2045 2112/2106/2049 2109/2103/2046
f 2109/2103/2046 2112/2106/2049 2113/2107/2049
f 2114/2108/2050 2115/2109/2050 2116/2110/2050
f 2116/2110/2050 2115/2109/2050 2117/2111/2050
f 2118/2112/2051 2119/2113/2052 2120/2114/2052
f 2120/2114/2052 2119/2113/2052 2121/2115/2053
f 2122/2116/2054 2123/2117/2055 2124/2118/2056
f 2124/2118/2056 2123/2117/2055 2125/2119/2057
f 2123/2117/2055 2126/2120/2058 2125/2119/2057
f 2125/2119/2057 2126/2120/2058 2127/2121/2059
f 2126/2120/2058 2128/2122/2060 2127/2121/2059
f 2127/2121/2059 2128/2122/2060 2129/2123/2061
f 2128/2122/2060 2130/2124/2062 2129/2123/2061
f 2129/2123/2061 2130/2124/2062 2131/2125/2063
f 2131/2125/2063 2130/2124/2062 2132/2126/2064
f 2132/2126/2064 2130/2124/2062 2106/2100/2044
f 2133/2127/2065 2134/2128/2066 2135/2129/2067
f 2134/2128/2066 2136/2130/2068 2135/2129/2067
f 2137/2131/2069 2138/2132/2070 2139/2133/2071
f 2139/2133/2071 2138/2132/2070 2140/2134/2071
f 2141/2135/2072 2142/2136/2072 2143/2137/2072
f 2143/2137/2072 2142/2136/2072 2144/2138/2072
f 2145/2139/2073 2146/2140/2074 2147/2141/2075
f 2147/2141/2075 2146/2140/2074 2148/2142/2076
f 2147/2141/2075 2148/2142/2076 2149/2143/2077
f 2149/2143/2077 2148/2142/2076 2150/2144/2078
f 2149/2143/2077 2150/2144/2078 2151/2145/2079
f 2151/2145/2079 2150/2144/2078 2152/2146/2080
f 2153/2147/2081 2154/2148/2080 2155/2149/2082
f 2155/2149/2082 2154/2148/2080 2156/2150/2083
f 2156/2150/2083 2157/2151/2084 2155/2149/2082
f 2155/2149/2082 2157/2151/2084 2158/2152/2085
f 2159/2153/2086 2160/2154/2087 2161/2155/2088
f 2161/2155/2088 2160/2154/2087 2162/2156/2087
f 2163/2157/2089 2159/2153/2086 2164/2158/2089
f 2164/2158/2089 2159/2153/2086 2161/2155/2088
f 2165/2159/2090 2166/2160/2091 2167/2161/2092
f 2167/2161/2092 2166/2160/2091 2168/2162/2092
f 2169/2163/2093 2170/2164/2094 2165/2159/2090
f 2165/2159/2090 2170/2164/2094 2166/2160/2091
f 2171/2165/2095 2172/2166/2095 2173/2167/2096
f 2173/2167/2096 2172/2166/2095 2174/2168/2097
f 2173/2167/2096 2174/2168/2097 2175/2169/2098
f 2175/2169/2098 2174/2168/2097 2176/2170/2098
f 2177/2171/2099 2175/2169/2098 2178/2172/2100
f 2178/2172/2100 2175/2169/2098 2176/2170/2098
f 2179/2173/2101 2180/2174/2102 2181/2175/2103
f 2181/2175/2103 2180/2174/2102 2182/2176/2102
f 2183/2177/2104 2184/2178/2105 2180/2174/2102
f 2180/2174/2102 2184/2178/2105 2182/2176/2102
f 2185/2179/2106 2186/2180/2106 2183/2177/2104
f 2183/2177/2104 2186/2180/2106 2184/2178/2105
f 2187/2181/2107 2188/2182/2108 2189/2183/2109
f 2190/2184/2110 2191/2185/2111 2192/2186/2112
f 2192/2186/2112 2191/2185/2111 2193/2187/2112
f 2194/2188/2113 2195/2189/2114 2190/2184/2110
f 2190/2184/2110 2195/2189/2114 2191/2185/2111
f 2196/2190/2115 2197/2191/2116 2198/2192/2115
f 2198/2192/2115 2197/2191/2116 2199/2193/2117
f 2197/2191/2116 2200/2194/2118 2199/2193/2117
f 2199/2193/2117 2200/2194/2118 2201/2195/2118
f 2202/2196/2119 2203/2197/2120 2194/2188/2113
f 2194/2188/2113 2203/2197/2120 2195/2189/2114
f 2200/2194/2118 2204/2198/2121 2201/2195/2118
f 2201/2195/2118 2204/2198/2121 2205/2199/2122
f 2206/2200/2123 2207/2201/2124 2202/2196/2119
f 2202/2196/2119 2207/2201/2124 2203/2197/2120
f 2208/2202/2125 2209/2203/2126 2210/2204/2127
f 2149/2143/2077 2099/2093/2037 2147/2141/2075
f 2147/2141/2075 2099/2093/2037 2145/2139/2073
f 2151/2145/2079 2104/2098/2042 2149/2143/2077
f 2149/2143/2077 2104/2098/2042 2099/2093/2037
f 2211/2205/2128 2104/2098/2042 2151/2145/2079
f 2126/2120/2058 2123/2117/2055 2100/2094/2038
f 2100/2094/2038 2123/2117/2055 2122/2116/2054
f 2106/2100/2044 2128/2122/2060 2100/2094/2038
f 2126/2120/2058 2100/2094/2038 2128/2122/2060
f 2106/2100/2044 2130/2124/2062 2128/2122/2060
f 2212/2206/2129 2208/2202/2125 2213/2207/2130
f 2213/2207/2130 2208/2202/2125 2214/2208/2131
f 2215/2209/2132 2216/2210/2133 2217/2211/2134
f 2217/2211/2134 2216/2210/2133 2218/2212/2135
f 2208/2202/2125 2210/2204/2127 2214/2208/2131
f 2214/2208/2131 2210/2204/2127 2219/2213/2136
f 2217/2211/2134 2218/2212/2135 2135/2129/2067
f 2135/2129/2067 2218/2212/2135 2220/2214/2137
f 2135/2129/2067 2220/2214/2137 2133/2127/2065
f 2133/2127/2065 2220/2214/2137 2221/2215/2138
f 2221/2215/2138 2222/2216/2139 2133/2127/2065
f 2133/2127/2065 2222/2216/2139 2223/2217/2140
f 2224/2218/2141 2225/2219/2142 2226/2220/2143
f 2226/2220/2143 2225/2219/2142 2227/2221/2144
f 2228/2222/2145 2229/2223/2146 2230/2224/2147
f 2230/2224/2147 2229/2223/2146 2231/2225/2148
f 2226/2220/2143 2227/2221/2144 2232/2226/2149
f 2232/2226/2149 2227/2221/2144 2233/2227/2150
f 2229/2223/2146 2234/2228/2151 2231/2225/2148
f 2231/2225/2148 2234/2228/2151 2235/2229/2152
f 2210/2204/2127 2157/2151/2084 2219/2213/2136
f 2219/2213/2136 2157/2151/2084 2236/2230/2153
f 2236/2230/2153 2157/2151/2084 2237/2231/2154
f 2237/2231/2154 2157/2151/2084 2238/2232/2155
f 1715/1709/1693 1709/1703/1687 1489/1483/1467
f 1489/1483/1467 1709/1703/1687 1845/1839/1823
f 1709/1703/1687 1707/1701/1685 1845/1839/1823
f 1845/1839/1823 1707/1701/1685 1877/1871/1855
f 2135/2129/2067 2136/2130/2068 2217/2211/2134
f 2217/2211/2134 2136/2130/2068 2215/2209/2132
f 2215/2209/2132 2136/2130/2068 2239/2233/2156
f 2207/2201/2124 2206/2200/2123 2240/2234/2157
f 2240/2234/2157 2206/2200/2123 2241/2235/2158
f 2241/2235/2158 2206/2200/2123 2242/2236/2159
f 2204/2198/2121 2235/2229/2152 2205/2199/2122
f 2205/2199/2122 2235/2229/2152 2234/2228/2151
f 1479/1473/1457 2243/2237/2160 1480/1474/1458
f 1480/1474/1458 2243/2237/2160 1476/1470/1454
f 1476/1470/1454 2243/2237/2160 1477/1471/1455
f 2244/2238/2161 1876/1870/1854 1478/1472/1456
f 1876/1870/1854 1476/1470/1454 1478/1472/1456
f 2245/2239/2162 1876/1870/1854 2244/2238/2161
f 2246/2240/2163 1876/1870/1854 2245/2239/2162
f 2247/2241/2164 1876/1870/1854 2246/2240/2163
f 2248/2242/2165 1845/1839/1823 1879/1873/1857
f 1846/1840/1824 1845/1839/1823 2248/2242/2165
f 1878/1872/1856 1877/1871/1855 2249/2243/2166
f 2249/2243/2166 1877/1871/1855 2250/2244/2167
f 2250/2244/2167 1877/1871/1855 2251/2245/2168
f 1877/1871/1855 2252/2246/2169 2251/2245/2168
f 2251/2245/2168 2252/2246/2169 2253/2247/2170
f 2179/2173/2101 2181/2175/2103 2233/2227/2150
f 2233/2227/2150 2181/2175/2103 2232/2226/2149
f 2157/2151/2084 2210/2204/2127 2158/2152/2085
f 2210/2204/2127 2209/2203/2126 2158/2152/2085
f 2212/2206/2129 2209/2203/2126 2208/2202/2125
f 2254/2248/2156 2209/2203/2126 2212/2206/2129
f 2187/2181/2107 2255/2249/2171 2256/2250/2172
f 2187/2181/2107 2256/2250/2172 2188/2182/2108
f 2187/2181/2107 2177/2171/2099 2255/2249/2171
f 2255/2249/2171 2177/2171/2099 2178/2172/2100
f 2253/2247/2170 2252/2246/2169 2247/2241/2164
f 2247/2241/2164 2252/2246/2169 1876/1870/1854
f 2239/2233/2156 2257/2251/2173 2215/2209/2132
f 2215/2209/2132 2257/2251/2173 2216/2210/2133
f 2213/2207/2130 2258/2252/2173 2212/2206/2129
f 2212/2206/2129 2258/2252/2173 2254/2248/2156
f 1367/1361/1345 1541/1535/1519 1917/1911/1873
f 1917/1911/1873 1541/1535/1519 1538/1532/1516
f 1917/1911/1873 1538/1532/1516 1923/1917/1879
f 1923/1917/1879 1538/1532/1516 1539/1533/1517
f 1222/1216/1200 1223/1217/1201 1406/1400/1384
f 1406/1400/1384 1223/1217/1201 1405/1399/1383
f 1896/1890/1865 2259/2253/2174 1895/1889/1864
f 2252/2246/2169 1877/1871/1855 2259/2253/2174
f 2259/2253/2174 1877/1871/1855 1885/1879/1863
f 2259/2253/2174 1885/1879/1863 1886/1880/1863
f 2259/2253/2174 1886/1880/1863 1887/1881/1863
f 2259/2253/2174 1887/1881/1863 1888/1882/1863
f 2259/2253/2174 1888/1882/1863 1889/1883/1863
f 2259/2253/2174 1889/1883/1863 1890/1884/1863
f 2259/2253/2174 1890/1884/1863 1911/1905/1863
f 2259/2253/2174 1911/1905/1863 1912/1906/1863
f 2259/2253/2174 1912/1906/1863 1913/1907/1869
f 2259/2253/2174 1913/1907/1869 1891/1885/1863
f 2259/2253/2174 1891/1885/1863 1892/1886/1863
f 2259/2253/2174 1892/1886/1863 1910/1904/1863
f 2259/2253/2174 1910/1904/1863 1894/1888/1468
f 2259/2253/2174 1894/1888/1468 1893/1887/1460
f 2259/2253/2174 1893/1887/1460 1907/1901/1460
f 2259/2253/2174 1907/1901/1460 1895/1889/1864
f 1908/1902/1867 2259/2253/2174 1896/1890/1865
f 1909/1903/1868 2259/2253/2174 1908/1902/1867
f 1914/1908/1870 2259/2253/2174 1909/1903/1868
f 1898/1892/1866 2259/2253/2174 1914/1908/1870
f 1897/1891/1866 2259/2253/2174 1898/1892/1866
f 1899/1893/1866 2259/2253/2174 1897/1891/1866
f 1900/1894/1866 2259/2253/2174 1899/1893/1866
f 1901/1895/1866 2259/2253/2174 1900/1894/1866
f 1902/1896/1866 2259/2253/2174 1901/1895/1866
f 1903/1897/1866 2259/2253/2174 1902/1896/1866
f 1904/1898/1866 2259/2253/2174 1903/1897/1866
f 1905/1899/1866 2259/2253/2174 1904/1898/1866
f 1906/1900/1866 2259/2253/2174 1905/1899/1866
f 1884/1878/1862 2259/2253/2174 1906/1900/1866
f 1876/1870/1854 2259/2253/2174 1884/1878/1862
f 2252/2246/2169 2259/2253/2174 1876/1870/1854
f 2260/2254/2175 1924/1918/1880 2094/2088/2032
f 2094/2088/2032 1924/1918/1880 1659/1653/1637
f 1661/1655/1639 2094/2088/2032 1659/1653/1637
f 1552/1546/1530 1393/1387/1371 1391/1385/1369
f 1552/1546/1530 1660/1654/1638 1659/1653/1637
f 1929/1923/1885 1930/1924/1886 1536/1530/1514
f 1536/1530/1514 1930/1924/1886 1535/1529/1513
f 1951/1945/1906 1929/1923/1885 1537/1531/1515
f 1537/1531/1515 1929/1923/1885 1536/1530/1514
f 1929/1923/1885 1951/1945/1906 1355/1349/1333
f 1357/1351/1335 1355/1349/1333 1951/1945/1906
f 1951/1945/1906 1362/1356/1340 1357/1351/1335
f 1359/1353/1337 1358/1352/1336 1927/1921/1883
f 1927/1921/1883 1358/1352/1336 1925/1919/1881
f 1523/1517/1501 1925/1919/1881 1358/1352/1336
f 1206/2255/2176 1207/2256/2177 1208/2257/2178
f 1208/2257/2178 1207/2256/2177 1209/2258/2179
f 1207/2256/2177 1210/2259/2180 1209/2258/2179
f 1209/2258/2179 1210/2259/2180 1211/2260/2181
f 2261/2261/2182 2262/2262/2183 2263/2263/2184
f 2263/2263/2184 2262/2262/2183 2264/2264/2185
f 2262/2262/2183 2265/2265/2186 2266/2266/2187
f 2266/2266/2187 2265/2265/2186 2267/2267/2188
f 2266/2266/2187 2268/2268/2189 2269/2269/2190
f 2269/2269/2190 2268/2268/2189 2270/2270/2189
f 2271/2271/2191 2264/2264/2185 2272/2272/2191
f 2272/2272/2191 2264/2264/2185 2269/2269/2190
f 2273/2273/2192 2267/2267/2188 2274/2274/2192
f 2274/2274/2192 2267/2267/2188 2265/2265/2186
f 2262/2262/2183 2266/2266/2187 2264/2264/2185
f 2264/2264/2185 2266/2266/2187 2269/2269/2190
f 2271/2271/2191 2272/2272/2191 2275/2275/2193
f 2275/2275/2193 2272/2272/2191 2276/2276/2193
f 2277/2277/2194 2278/2278/2194 2268/2268/2189
f 2268/2268/2189 2278/2278/2194 2270/2270/2189
f 2279/2279/2195 2280/2280/2195 2263/2263/2184
f 2263/2263/2184 2280/2280/2195 2261/2261/2182
f 2281/2281/2196 2282/2282/2197 2283/2283/2198
f 2283/2283/2198 2282/2282/2197 2284/2284/2197
f 2282/2282/2197 2285/2285/2193 2284/2284/2197
f 2284/2284/2197 2285/2285/2193 2286/2286/2193
f 2285/2285/2193 2287/2287/2199 2286/2286/2193
f 2286/2286/2193 2287/2287/2199 2288/2288/2199
f 2287/2287/2199 2289/2289/2200 2288/2288/2199
f 2288/2288/2199 2289/2289/2200 2290/2290/2200
f 2289/2289/2200 2291/2291/2201 2290/2290/2200
f 2290/2290/2200 2291/2291/2201 2292/2292/2201
f 2293/2293/2202 2294/2294/2203 2295/2295/2202
f 2295/2295/2202 2294/2294/2203 2296/2296/2204
f 2294/2294/2203 2297/2297/2205 2296/2296/2204
f 2296/2296/2204 2297/2297/2205 2298/2298/2206
f 2297/2297/2205 2299/2299/2192 2298/2298/2206
f 2298/2298/2206 2299/2299/2192 2300/2300/2192
f 2299/2299/2192 2301/2301/2207 2300/2300/2192
f 2300/2300/2192 2301/2301/2207 2302/2302/2208
f 2301/2301/2207 2303/2303/2209 2302/2302/2208
f 2302/2302/2208 2303/2303/2209 2304/2304/2210
f 2303/2303/2209 2305/2305/2194 2304/2304/2210
f 2304/2304/2210 2305/2305/2194 2306/2306/2194
f 2305/2305/2194 2281/2281/2196 2306/2306/2194
f 2306/2306/2194 2281/2281/2196 2283/2283/2198
f 2307/2307/2211 2308/2308/2212 2309/2309/2211
f 2309/2309/2211 2308/2308/2212 2310/2310/2185
f 2308/2308/2212 2311/2311/2213 2312/2312/2187
f 2312/2312/2187 2311/2311/2213 2313/2313/2213
f 2312/2312/2187 2314/2314/2214 2315/2315/2190
f 2315/2315/2190 2314/2314/2214 2316/2316/2214
f 2317/2317/2215 2310/2310/2185 2318/2318/2216
f 2318/2318/2216 2310/2310/2185 2315/2315/2190
f 2319/2319/2192 2313/2313/2213 2320/2320/2192
f 2320/2320/2192 2313/2313/2213 2311/2311/2213
f 2308/2308/2212 2312/2312/2187 2310/2310/2185
f 2310/2310/2185 2312/2312/2187 2315/2315/2190
f 2317/2317/2215 2318/2318/2216 2321/2321/2193
f 2321/2321/2193 2318/2318/2216 2322/2322/2193
f 2323/2323/2194 2324/2324/2194 2314/2314/2214
f 2314/2314/2214 2324/2324/2194 2316/2316/2214
f 2325/2325/2195 2326/2326/2195 2309/2309/2211
f 2309/2309/2211 2326/2326/2195 2307/2307/2211
f 2327/2327/2196 2328/2328/2217 2329/2329/2198
f 2329/2329/2198 2328/2328/2217 2330/2330/2197
f 2328/2328/2217 2331/2331/2193 2330/2330/2197
f 2330/2330/2197 2331/2331/2193 2332/2332/2193
f 2331/2331/2193 2333/2333/2199 2332/2332/2193
f 2332/2332/2193 2333/2333/2199 2334/2334/2199
f 2333/2333/2199 2335/2335/2200 2334/2334/2199
f 2334/2334/2199 2335/2335/2200 2336/2336/2200
f 2335/2335/2200 2337/2337/2201 2336/2336/2200
f 2336/2336/2200 2337/2337/2201 2338/2338/2201
f 2339/2339/2202 2340/2340/2203 2341/2341/2202
f 2341/2341/2202 2340/2340/2203 2342/2342/2204
f 2340/2340/2203 2343/2343/2205 2342/2342/2204
f 2342/2342/2204 2343/2343/2205 2344/2344/2206
f 2343/2343/2205 2345/2345/2192 2344/2344/2206
f 2344/2344/2206 2345/2345/2192 2346/2346/2192
f 2345/2345/2192 2347/2347/2218 2346/2346/2192
f 2346/2346/2192 2347/2347/2218 2348/2348/2218
f 2347/2347/2218 2349/2349/2209 2348/2348/2218
f 2348/2348/2218 2349/2349/2209 2350/2350/2210
f 2349/2349/2209 2351/2351/2194 2350/2350/2210
f 2350/2350/2210 2351/2351/2194 2352/2352/2194
f 2351/2351/2194 2327/2327/2196 2352/2352/2194
f 2352/2352/2194 2327/2327/2196 2329/2329/2198
f 2353/2353/2192 2354/2354/2219 2355/2355/2220
f 2355/2355/2220 2354/2354/2219 2356/2356/2219
f 2357/2357/2221 2358/2358/2221 2359/2359/2221
f 2359/2359/2221 2358/2358/2221 2360/2360/2221
f 2361/2361/2222 2362/2362/2223 2363/2363/2224
f 2363/2363/2224 2362/2362/2223 2364/2364/2224
f 2365/2365/2225 2366/2366/2225 2367/2367/2226
f 2367/2367/2226 2366/2366/2225 2368/2368/2227
f 2369/2369/2228 2370/2370/2228 2371/2371/2228
f 2371/2371/2228 2370/2370/2228 2372/2372/2228
f 2356/2356/2219 2354/2354/2219 2373/2373/2192
f 2373/2373/2192 2354/2354/2219 2374/2374/2192
f 2375/2375/2229 2376/2376/2229 2377/2377/2229
f 2377/2377/2229 2376/2376/2229 2378/2378/2229
f 2379/2379/2193 2362/2362/2223 2380/2380/2193
f 2380/2380/2193 2362/2362/2223 2361/2361/2222
f 2381/2381/2230 2382/2382/2230 2383/2383/2230
f 2383/2383/2230 2382/2382/2230 2384/2384/2230
f 2385/2385/2195 2386/2386/2195 2387/2387/2195
f 2387/2387/2195 2386/2386/2195 2388/2388/2195
f 2389/2389/2231 2390/2390/2232 2391/2391/2233
f 2391/2391/2233 2390/2390/2232 2392/2392/2234
f 2392/2392/2234 2390/2390/2232 2393/2393/2235
f 2390/2390/2232 2394/2394/2236 2393/2393/2235
f 2393/2393/2235 2394/2394/2236 2395/2395/2237
f 2395/2395/2237 2394/2394/2236 2396/2396/2238
f 2396/2396/2238 2397/2397/2239 2398/2398/2240
f 2399/2399/2241 2400/2400/2242 2390/2390/2232
f 2390/2390/2232 2400/2400/2242 2401/2401/2243
f 2390/2390/2232 2401/2401/2243 2402/2402/2244
f 2403/2403/2245 2394/2394/2236 2404/2404/2246
f 2404/2404/2246 2394/2394/2236 2390/2390/2232
f 2403/2403/2245 2404/2404/2246 2405/2405/2247
f 2405/2405/2247 2406/2406/2248 2403/2403/2245
f 2403/2403/2245 2406/2406/2248 2407/2407/2249
f 2405/2405/2247 2408/2408/2250 2406/2406/2248
f 2404/2404/2246 2409/2409/2251 2405/2405/2247
f 2396/2396/2238 2403/2403/2245 2397/2397/2239
f 2397/2397/2239 2403/2403/2245 2407/2407/2249
f 2394/2394/2236 2403/2403/2245 2396/2396/2238
f 2390/2390/2232 2402/2402/2244 2404/2404/2246
f 2404/2404/2246 2402/2402/2244 2409/2409/2251
f 2410/2410/2252 2411/2411/2253 2398/2398/2240
f 2398/2398/2240 2411/2411/2253 2396/2396/2238
f 2411/2411/2253 2412/2412/2254 2396/2396/2238
f 2396/2396/2238 2412/2412/2254 2395/2395/2237
f 2412/2412/2254 2413/2413/2255 2395/2395/2237
f 2395/2395/2237 2413/2413/2255 2393/2393/2235
f 2413/2413/2255 2414/2414/2256 2393/2393/2235
f 2393/2393/2235 2414/2414/2256 2392/2392/2234
f 2414/2414/2256 2415/2415/2257 2392/2392/2234
f 2392/2392/2234 2415/2415/2257 2391/2391/2233
f 2415/2415/2257 2416/2416/2258 2391/2391/2233
f 2391/2391/2233 2416/2416/2258 2389/2389/2231
f 2417/2417/2259 2408/2408/2250 2418/2418/2260
f 2418/2418/2260 2408/2408/2250 2405/2405/2247
f 2419/2419/2261 2418/2418/2260 2409/2409/2251
f 2409/2409/2251 2418/2418/2260 2405/2405/2247
f 2420/2420/2262 2419/2419/2261 2402/2402/2244
f 2402/2402/2244 2419/2419/2261 2409/2409/2251
f 2421/2421/2263 2420/2420/2262 2401/2401/2243
f 2401/2401/2243 2420/2420/2262 2402/2402/2244
f 2422/2422/2264 2421/2421/2263 2400/2400/2242
f 2400/2400/2242 2421/2421/2263 2401/2401/2243
f 2422/2422/2264 2400/2400/2242 2423/2423/2265
f 2423/2423/2265 2400/2400/2242 2399/2399/2241
f 2417/2417/2259 2418/2418/2260 2424/2424/2266
f 2424/2424/2266 2418/2418/2260 2425/2425/2267
f 2418/2418/2260 2419/2419/2261 2425/2425/2267
f 2425/2425/2267 2419/2419/2261 2426/2426/2268
f 2419/2419/2261 2420/2420/2262 2426/2426/2268
f 2426/2426/2268 2420/2420/2262 2427/2427/2269
f 2420/2420/2262 2421/2421/2263 2427/2427/2269
f 2427/2427/2269 2421/2421/2263 2428/2428/2270
f 2421/2421/2263 2422/2422/2264 2428/2428/2270
f 2428/2428/2270 2422/2422/2264 2429/2429/2271
f 2423/2423/2265 2430/2430/2272 2422/2422/2264
f 2422/2422/2264 2430/2430/2272 2429/2429/2271
f 2417/2417/2259 2424/2424/2266 2431/2431/2273
f 2425/2425/2267 2432/2432/2274 2424/2424/2266
f 2424/2424/2266 2432/2432/2274 2431/2431/2273
f 2433/2433/2275 2434/2434/2276 2425/2425/2267
f 2425/2425/2267 2434/2434/2276 2432/2432/2274
f 2433/2433/2275 2435/2435/2277 2434/2434/2276
f 2434/2434/2276 2435/2435/2277 2436/2436/2278
f 2435/2435/2277 2437/2437/2279 2436/2436/2278
f 2436/2436/2278 2437/2437/2279 2438/2438/2280
f 2429/2429/2271 2439/2439/2281 2437/2437/2279
f 2437/2437/2279 2439/2439/2281 2438/2438/2280
f 2430/2430/2272 2423/2423/2265 2440/2440/2282
f 2429/2429/2271 2430/2430/2272 2439/2439/2281
f 2439/2439/2281 2430/2430/2272 2440/2440/2282
f 2433/2433/2275 2441/2441/2283 2435/2435/2277
f 2441/2441/2283 2442/2442/2284 2435/2435/2277
f 2435/2435/2277 2442/2442/2284 2437/2437/2279
f 2442/2442/2284 2429/2429/2271 2437/2437/2279
f 2416/2416/2258 2415/2415/2257 2443/2443/2285
f 2414/2414/2256 2444/2444/2286 2415/2415/2257
f 2415/2415/2257 2444/2444/2286 2443/2443/2285
f 2413/2413/2255 2445/2445/2287 2414/2414/2256
f 2414/2414/2256 2445/2445/2287 2444/2444/2286
f 2412/2412/2254 2446/2446/2288 2413/2413/2255
f 2413/2413/2255 2446/2446/2288 2445/2445/2287
f 2412/2412/2254 2411/2411/2253 2446/2446/2288
f 2411/2411/2253 2410/2410/2252 2447/2447/2289
f 2416/2416/2258 2443/2443/2285 2448/2448/2290
f 2444/2444/2286 2449/2449/2291 2443/2443/2285
f 2443/2443/2285 2449/2449/2291 2448/2448/2290
f 2445/2445/2287 2450/2450/2292 2444/2444/2286
f 2444/2444/2286 2450/2450/2292 2449/2449/2291
f 2451/2451/2293 2452/2452/2294 2446/2446/2288
f 2446/2446/2288 2452/2452/2294 2445/2445/2287
f 2451/2451/2293 2453/2453/2295 2452/2452/2294
f 2454/2454/2296 2455/2455/2297 2451/2451/2293
f 2451/2451/2293 2455/2455/2297 2453/2453/2295
f 2453/2453/2295 2455/2455/2297 2456/2456/2298
f 2452/2452/2294 2453/2453/2295 2457/2457/2299
f 2411/2411/2253 2447/2447/2289 2451/2451/2293
f 2451/2451/2293 2447/2447/2289 2454/2454/2296
f 2446/2446/2288 2411/2411/2253 2451/2451/2293
f 2445/2445/2287 2452/2452/2294 2450/2450/2292
f 2450/2450/2292 2452/2452/2294 2457/2457/2299
f 2458/2458/2300 2453/2453/2295 2459/2459/2301
f 2459/2459/2301 2453/2453/2295 2456/2456/2298
f 2460/2460/2302 2457/2457/2299 2458/2458/2300
f 2458/2458/2300 2457/2457/2299 2453/2453/2295
f 2461/2461/2303 2450/2450/2292 2460/2460/2302
f 2460/2460/2302 2450/2450/2292 2457/2457/2299
f 2462/2462/2304 2449/2449/2291 2461/2461/2303
f 2461/2461/2303 2449/2449/2291 2450/2450/2292
f 2463/2463/2305 2448/2448/2290 2462/2462/2304
f 2462/2462/2304 2448/2448/2290 2449/2449/2291
f 2416/2416/2258 2448/2448/2290 2464/2464/2306
f 2464/2464/2306 2448/2448/2290 2463/2463/2305
f 2459/2459/2301 2465/2465/2307 2458/2458/2300
f 2463/2463/2305 2466/2466/2308 2464/2464/2306
f 2459/2459/2301 2467/2467/2309 2465/2465/2307
f 2467/2467/2309 2468/2468/2310 2465/2465/2307
f 2465/2465/2307 2468/2468/2310 2458/2458/2300
f 2468/2468/2310 2469/2469/2279 2458/2458/2300
f 2458/2458/2300 2469/2469/2279 2470/2470/2311
f 2469/2469/2279 2471/2471/2312 2470/2470/2311
f 2470/2470/2311 2471/2471/2312 2472/2472/2313
f 2472/2472/2313 2471/2471/2312 2473/2473/2314
f 2473/2473/2314 2471/2471/2312 2474/2474/2276
f 2473/2473/2314 2474/2474/2276 2463/2463/2305
f 2463/2463/2305 2474/2474/2276 2475/2475/2315
f 2466/2466/2308 2476/2476/2316 2464/2464/2306
f 2463/2463/2305 2475/2475/2315 2466/2466/2308
f 2466/2466/2308 2475/2475/2315 2476/2476/2316
f 2477/2477/2192 2478/2478/2219 2479/2479/2220
f 2479/2479/2220 2478/2478/2219 2480/2480/2219
f 2481/2481/2221 2482/2482/2221 2483/2483/2221
f 2483/2483/2221 2482/2482/2221 2484/2484/2221
f 2485/2485/2222 2486/2486/2223 2487/2487/2224
f 2487/2487/2224 2486/2486/2223 2488/2488/2224
f 2489/2489/2226 2490/2490/2226 2491/2491/2226
f 2491/2491/2226 2490/2490/2226 2492/2492/2226
f 2493/2493/2228 2494/2494/2228 2495/2495/2228
f 2495/2495/2228 2494/2494/2228 2496/2496/2228
f 2480/2480/2219 2478/2478/2219 2497/2497/2192
f 2497/2497/2192 2478/2478/2219 2498/2498/2192
f 2499/2499/2229 2500/2500/2229 2501/2501/2229
f 2501/2501/2229 2500/2500/2229 2502/2502/2229
f 2503/2503/2193 2486/2486/2223 2504/2504/2193
f 2504/2504/2193 2486/2486/2223 2485/2485/2222
f 2505/2505/2230 2506/2506/2230 2507/2507/2230
f 2507/2507/2230 2506/2506/2230 2508/2508/2230
f 2509/2509/2195 2510/2510/2195 2511/2511/2195
f 2511/2511/2195 2510/2510/2195 2512/2512/2195
f 2513/2513/2231 2514/2514/2232 2515/2515/2233
f 2515/2515/2233 2514/2514/2232 2516/2516/2234
f 2516/2516/2234 2514/2514/2232 2517/2517/2235
f 2514/2514/2232 2518/2518/2236 2517/2517/2235
f 2517/2517/2235 2518/2518/2236 2519/2519/2237
f 2519/2519/2237 2518/2518/2236 2520/2520/2238
f 2520/2520/2238 2521/2521/2317 2522/2522/2240
f 2523/2523/2241 2524/2524/2242 2514/2514/2232
f 2514/2514/2232 2524/2524/2242 2525/2525/2243
f 2514/2514/2232 2525/2525/2243 2526/2526/2244
f 2527/2527/2245 2518/2518/2236 2528/2528/2246
f 2528/2528/2246 2518/2518/2236 2514/2514/2232
f 2527/2527/2245 2528/2528/2246 2529/2529/2247
f 2529/2529/2247 2530/2530/2318 2527/2527/2245
f 2527/2527/2245 2530/2530/2318 2531/2531/2249
f 2529/2529/2247 2532/2532/2250 2530/2530/2318
f 2528/2528/2246 2533/2533/2319 2529/2529/2247
f 2520/2520/2238 2527/2527/2245 2521/2521/2317
f 2521/2521/2317 2527/2527/2245 2531/2531/2249
f 2518/2518/2236 2527/2527/2245 2520/2520/2238
f 2514/2514/2232 2526/2526/2244 2528/2528/2246
f 2528/2528/2246 2526/2526/2244 2533/2533/2319
f 2534/2534/2252 2535/2535/2253 2522/2522/2240
f 2522/2522/2240 2535/2535/2253 2520/2520/2238
f 2535/2535/2253 2536/2536/2320 2520/2520/2238
f 2520/2520/2238 2536/2536/2320 2519/2519/2237
f 2536/2536/2320 2537/2537/2255 2519/2519/2237
f 2519/2519/2237 2537/2537/2255 2517/2517/2235
f 2537/2537/2255 2538/2538/2256 2517/2517/2235
f 2517/2517/2235 2538/2538/2256 2516/2516/2234
f 2538/2538/2256 2539/2539/2257 2516/2516/2234
f 2516/2516/2234 2539/2539/2257 2515/2515/2233
f 2539/2539/2257 2540/2540/2258 2515/2515/2233
f 2515/2515/2233 2540/2540/2258 2513/2513/2231
f 2541/2541/2321 2532/2532/2250 2542/2542/2260
f 2542/2542/2260 2532/2532/2250 2529/2529/2247
f 2543/2543/2322 2542/2542/2260 2533/2533/2319
f 2533/2533/2319 2542/2542/2260 2529/2529/2247
f 2544/2544/2323 2543/2543/2322 2526/2526/2244
f 2526/2526/2244 2543/2543/2322 2533/2533/2319
f 2545/2545/2324 2544/2544/2323 2525/2525/2243
f 2525/2525/2243 2544/2544/2323 2526/2526/2244
f 2546/2546/2264 2545/2545/2324 2524/2524/2242
f 2524/2524/2242 2545/2545/2324 2525/2525/2243
f 2546/2546/2264 2524/2524/2242 2547/2547/2265
f 2547/2547/2265 2524/2524/2242 2523/2523/2241
f 2541/2541/2321 2542/2542/2260 2548/2548/2325
f 2548/2548/2325 2542/2542/2260 2549/2549/2326
f 2542/2542/2260 2543/2543/2322 2549/2549/2326
f 2549/2549/2326 2543/2543/2322 2550/2550/2268
f 2543/2543/2322 2544/2544/2323 2550/2550/2268
f 2550/2550/2268 2544/2544/2323 2551/2551/2269
f 2544/2544/2323 2545/2545/2324 2551/2551/2269
f 2551/2551/2269 2545/2545/2324 2552/2552/2327
f 2545/2545/2324 2546/2546/2264 2552/2552/2327
f 2552/2552/2327 2546/2546/2264 2553/2553/2328
f 2547/2547/2265 2554/2554/2329 2546/2546/2264
f 2546/2546/2264 2554/2554/2329 2553/2553/2328
f 2541/2541/2321 2548/2548/2325 2555/2555/2330
f 2556/2556/2267 2557/2557/2274 2558/2558/2331
f 2558/2558/2331 2557/2557/2274 2559/2559/2273
f 2560/2560/2275 2561/2561/2276 2556/2556/2267
f 2556/2556/2267 2561/2561/2276 2557/2557/2274
f 2560/2560/2275 2562/2562/2277 2561/2561/2276
f 2561/2561/2276 2562/2562/2277 2563/2563/2278
f 2562/2562/2277 2564/2564/2279 2563/2563/2278
f 2563/2563/2278 2564/2564/2279 2565/2565/2280
f 2566/2566/2328 2567/2567/2281 2564/2564/2279
f 2564/2564/2279 2567/2567/2281 2565/2565/2280
f 2554/2554/2329 2547/2547/2265 2568/2568/2332
f 2566/2566/2328 2569/2569/2333 2567/2567/2281
f 2567/2567/2281 2569/2569/2333 2570/2570/2282
f 2560/2560/2275 2571/2571/2283 2562/2562/2277
f 2571/2571/2283 2572/2572/2284 2562/2562/2277
f 2562/2562/2277 2572/2572/2284 2564/2564/2279
f 2572/2572/2284 2566/2566/2328 2564/2564/2279
f 2540/2540/2258 2539/2539/2257 2573/2573/2285
f 2538/2538/2256 2574/2574/2286 2539/2539/2257
f 2539/2539/2257 2574/2574/2286 2573/2573/2285
f 2537/2537/2255 2575/2575/2287 2538/2538/2256
f 2538/2538/2256 2575/2575/2287 2574/2574/2286
f 2536/2536/2320 2576/2576/2288 2537/2537/2255
f 2537/2537/2255 2576/2576/2288 2575/2575/2287
f 2536/2536/2320 2535/2535/2253 2576/2576/2288
f 2535/2535/2253 2534/2534/2252 2577/2577/2334
f 2540/2540/2258 2573/2573/2285 2578/2578/2290
f 2574/2574/2286 2579/2579/2291 2573/2573/2285
f 2573/2573/2285 2579/2579/2291 2578/2578/2290
f 2575/2575/2287 2580/2580/2335 2574/2574/2286
f 2574/2574/2286 2580/2580/2335 2579/2579/2291
f 2581/2581/2293 2582/2582/2294 2576/2576/2288
f 2576/2576/2288 2582/2582/2294 2575/2575/2287
f 2581/2581/2293 2583/2583/2295 2582/2582/2294
f 2584/2584/2336 2585/2585/2297 2581/2581/2293
f 2581/2581/2293 2585/2585/2297 2583/2583/2295
f 2583/2583/2295 2585/2585/2297 2586/2586/2298
f 2582/2582/2294 2583/2583/2295 2587/2587/2299
f 2535/2535/2253 2577/2577/2334 2581/2581/2293
f 2581/2581/2293 2577/2577/2334 2584/2584/2336
f 2576/2576/2288 2535/2535/2253 2581/2581/2293
f 2575/2575/2287 2582/2582/2294 2580/2580/2335
f 2580/2580/2335 2582/2582/2294 2587/2587/2299
f 2588/2588/2300 2583/2583/2295 2589/2589/2337
f 2589/2589/2337 2583/2583/2295 2586/2586/2298
f 2590/2590/2338 2587/2587/2299 2588/2588/2300
f 2588/2588/2300 2587/2587/2299 2583/2583/2295
f 2591/2591/2339 2580/2580/2335 2590/2590/2338
f 2590/2590/2338 2580/2580/2335 2587/2587/2299
f 2592/2592/2340 2579/2579/2291 2591/2591/2339
f 2591/2591/2339 2579/2579/2291 2580/2580/2335
f 2593/2593/2305 2578/2578/2290 2592/2592/2340
f 2592/2592/2340 2578/2578/2290 2579/2579/2291
f 2540/2540/2258 2578/2578/2290 2594/2594/2306
f 2594/2594/2306 2578/2578/2290 2593/2593/2305
f 2589/2589/2337 2595/2595/2307 2588/2588/2300
f 2593/2593/2305 2596/2596/2308 2594/2594/2306
f 2589/2589/2337 2597/2597/2309 2595/2595/2307
f 2597/2597/2309 2598/2598/2310 2595/2595/2307
f 2595/2595/2307 2598/2598/2310 2588/2588/2300
f 2598/2598/2310 2599/2599/2279 2588/2588/2300
f 2588/2588/2300 2599/2599/2279 2600/2600/2311
f 2599/2599/2279 2601/2601/2312 2600/2600/2311
f 2600/2600/2311 2601/2601/2312 2602/2602/2313
f 2602/2602/2313 2601/2601/2312 2603/2603/2314
f 2603/2603/2314 2601/2601/2312 2604/2604/2276
f 2603/2603/2314 2604/2604/2276 2593/2593/2305
f 2593/2593/2305 2604/2604/2276 2605/2605/2315
f 2596/2596/2308 2606/2606/2316 2594/2594/2306
f 2593/2593/2305 2605/2605/2315 2596/2596/2308
f 2596/2596/2308 2605/2605/2315 2606/2606/2316
f 2607/2607/2192 2608/2608/2219 2609/2609/2220
f 2609/2609/2220 2608/2608/2219 2610/2610/2219
f 2611/2611/2221 2612/2612/2221 2613/2613/2221
f 2613/2613/2221 2612/2612/2221 2614/2614/2341
f 2615/2615/2222 2616/2616/2223 2617/2617/2224
f 2617/2617/2224 2616/2616/2223 2618/2618/2224
f 2619/2619/2226 2620/2620/2227 2621/2621/2226
f 2621/2621/2226 2620/2620/2227 2622/2622/2226
f 2623/2623/2228 2624/2624/2228 2625/2625/2228
f 2625/2625/2228 2624/2624/2228 2626/2626/2342
f 2610/2610/2219 2608/2608/2219 2627/2627/2192
f 2627/2627/2192 2608/2608/2219 2628/2628/2192
f 2629/2629/2229 2630/2630/2229 2631/2631/2229
f 2631/2631/2229 2630/2630/2229 2632/2632/2229
f 2633/2633/2193 2616/2616/2223 2634/2634/2193
f 2634/2634/2193 2616/2616/2223 2615/2615/2222
f 2635/2635/2230 2636/2636/2230 2637/2637/2230
f 2637/2637/2230 2636/2636/2230 2638/2638/2230
f 2639/2639/2195 2640/2640/2195 2641/2641/2195
f 2641/2641/2195 2640/2640/2195 2642/2642/2195
f 2643/2643/2192 2644/2644/2192 2645/2645/2192
f 2645/2645/2192 2644/2644/2192 2646/2646/2192
f 2647/2647/2193 2648/2648/2193 2649/2649/2193
f 2649/2649/2193 2648/2648/2193 2650/2650/2193
f 2651/2651/2343 2652/2652/2343 2653/2653/2343
f 2653/2653/2343 2652/2652/2343 2654/2654/2343
f 2655/2655/2344 2656/2656/2344 2657/2657/2344
f 2657/2657/2344 2656/2656/2344 2658/2658/2344
f 2659/2659/2192 2660/2660/2192 2661/2661/2192
f 2661/2661/2192 2660/2660/2192 2662/2662/2192
f 2663/2663/2193 2664/2664/2193 2665/2665/2193
f 2665/2665/2193 2664/2664/2193 2666/2666/2193
f 2667/2667/2345 2668/2668/2346 2669/2669/2346
f 2669/2669/2346 2668/2668/2346 2670/2670/2346
f 2671/2671/2347 2672/2672/2347 2673/2673/2348
f 2673/2673/2348 2672/2672/2347 2674/2674/2347
f 2675/2675/2231 2676/2676/2232 2677/2677/2233
f 2677/2677/2233 2676/2676/2232 2678/2678/2349
f 2678/2678/2349 2676/2676/2232 2679/2679/2350
f 2676/2676/2232 2680/2680/2236 2679/2679/2350
f 2679/2679/2350 2680/2680/2236 2681/2681/2351
f 2681/2681/2351 2680/2680/2236 2682/2682/2352
f 2682/2682/2352 2683/2683/2317 2684/2684/2353
f 2685/2685/2241 2686/2686/2242 2676/2676/2232
f 2676/2676/2232 2686/2686/2242 2687/2687/2354
f 2676/2676/2232 2687/2687/2354 2688/2688/2355
f 2689/2689/2356 2680/2680/2236 2690/2690/2357
f 2690/2690/2357 2680/2680/2236 2676/2676/2232
f 2689/2689/2356 2690/2690/2357 2691/2691/2358
f 2691/2691/2358 2692/2692/2248 2689/2689/2356
f 2689/2689/2356 2692/2692/2248 2693/2693/2249
f 2691/2691/2358 2694/2694/2250 2692/2692/2248
f 2690/2690/2357 2695/2695/2319 2691/2691/2358
f 2682/2682/2352 2689/2689/2356 2683/2683/2317
f 2683/2683/2317 2689/2689/2356 2693/2693/2249
f 2680/2680/2236 2689/2689/2356 2682/2682/2352
f 2676/2676/2232 2688/2688/2355 2690/2690/2357
f 2690/2690/2357 2688/2688/2355 2695/2695/2319
f 2696/2696/2359 2697/2697/2360 2684/2684/2353
f 2684/2684/2353 2697/2697/2360 2682/2682/2352
f 2697/2697/2360 2698/2698/2361 2682/2682/2352
f 2682/2682/2352 2698/2698/2361 2681/2681/2351
f 2698/2698/2361 2699/2699/2255 2681/2681/2351
f 2681/2681/2351 2699/2699/2255 2679/2679/2350
f 2699/2699/2255 2700/2700/2362 2679/2679/2350
f 2679/2679/2350 2700/2700/2362 2678/2678/2349
f 2700/2700/2362 2701/2701/2363 2678/2678/2349
f 2678/2678/2349 2701/2701/2363 2677/2677/2233
f 2701/2701/2363 2702/2702/2364 2677/2677/2233
f 2677/2677/2233 2702/2702/2364 2675/2675/2231
f 2703/2703/2321 2694/2694/2250 2704/2704/2260
f 2704/2704/2260 2694/2694/2250 2691/2691/2358
f 2705/2705/2322 2704/2704/2260 2695/2695/2319
f 2695/2695/2319 2704/2704/2260 2691/2691/2358
f 2706/2706/2323 2705/2705/2322 2688/2688/2355
f 2688/2688/2355 2705/2705/2322 2695/2695/2319
f 2707/2707/2365 2706/2706/2323 2687/2687/2354
f 2687/2687/2354 2706/2706/2323 2688/2688/2355
f 2708/2708/2264 2707/2707/2365 2686/2686/2242
f 2686/2686/2242 2707/2707/2365 2687/2687/2354
f 2708/2708/2264 2686/2686/2242 2709/2709/2265
f 2709/2709/2265 2686/2686/2242 2685/2685/2241
f 2703/2703/2321 2704/2704/2260 2710/2710/2266
f 2710/2710/2266 2704/2704/2260 2711/2711/2267
f 2704/2704/2260 2705/2705/2322 2711/2711/2267
f 2711/2711/2267 2705/2705/2322 2712/2712/2366
f 2705/2705/2322 2706/2706/2323 2712/2712/2366
f 2712/2712/2366 2706/2706/2323 2713/2713/2367
f 2706/2706/2323 2707/2707/2365 2713/2713/2367
f 2713/2713/2367 2707/2707/2365 2714/2714/2327
f 2707/2707/2365 2708/2708/2264 2714/2714/2327
f 2714/2714/2327 2708/2708/2264 2715/2715/2271
f 2709/2709/2265 2716/2716/2272 2708/2708/2264
f 2708/2708/2264 2716/2716/2272 2715/2715/2271
f 2703/2703/2321 2710/2710/2266 2717/2717/2273
f 2711/2711/2267 2718/2718/2274 2710/2710/2266
f 2710/2710/2266 2718/2718/2274 2717/2717/2273
f 2719/2719/2275 2720/2720/2276 2711/2711/2267
f 2711/2711/2267 2720/2720/2276 2718/2718/2274
f 2719/2719/2275 2721/2721/2277 2720/2720/2276
f 2720/2720/2276 2721/2721/2277 2722/2722/2278
f 2721/2721/2277 2723/2723/2279 2722/2722/2278
f 2722/2722/2278 2723/2723/2279 2724/2724/2280
f 2715/2715/2271 2725/2725/2281 2723/2723/2279
f 2723/2723/2279 2725/2725/2281 2724/2724/2280
f 2716/2716/2272 2709/2709/2265 2726/2726/2282
f 2715/2715/2271 2716/2716/2272 2725/2725/2281
f 2725/2725/2281 2716/2716/2272 2726/2726/2282
f 2719/2719/2275 2727/2727/2283 2721/2721/2277
f 2727/2727/2283 2728/2728/2284 2721/2721/2277
f 2721/2721/2277 2728/2728/2284 2723/2723/2279
f 2728/2728/2284 2715/2715/2271 2723/2723/2279
f 2702/2702/2364 2701/2701/2363 2729/2729/2285
f 2700/2700/2362 2730/2730/2286 2701/2701/2363
f 2701/2701/2363 2730/2730/2286 2729/2729/2285
f 2699/2699/2255 2731/2731/2287 2700/2700/2362
f 2700/2700/2362 2731/2731/2287 2730/2730/2286
f 2698/2698/2361 2732/2732/2288 2699/2699/2255
f 2699/2699/2255 2732/2732/2288 2731/2731/2287
f 2698/2698/2361 2697/2697/2360 2732/2732/2288
f 2697/2697/2360 2696/2696/2359 2733/2733/2368
f 2702/2702/2364 2729/2729/2285 2734/2734/2290
f 2730/2730/2286 2735/2735/2369 2729/2729/2285
f 2729/2729/2285 2735/2735/2369 2734/2734/2290
f 2731/2731/2287 2736/2736/2335 2730/2730/2286
f 2730/2730/2286 2736/2736/2335 2735/2735/2369
f 2737/2737/2293 2738/2738/2294 2732/2732/2288
f 2732/2732/2288 2738/2738/2294 2731/2731/2287
f 2737/2737/2293 2739/2739/2295 2738/2738/2294
f 2740/2740/2296 2741/2741/2297 2737/2737/2293
f 2737/2737/2293 2741/2741/2297 2739/2739/2295
f 2739/2739/2295 2741/2741/2297 2742/2742/2298
f 2738/2738/2294 2739/2739/2295 2743/2743/2370
f 2697/2697/2360 2733/2733/2368 2737/2737/2293
f 2737/2737/2293 2733/2733/2368 2740/2740/2296
f 2732/2732/2288 2697/2697/2360 2737/2737/2293
f 2731/2731/2287 2738/2738/2294 2736/2736/2335
f 2736/2736/2335 2738/2738/2294 2743/2743/2370
f 2744/2744/2300 2739/2739/2295 2745/2745/2301
f 2745/2745/2301 2739/2739/2295 2742/2742/2298
f 2746/2746/2338 2743/2743/2370 2744/2744/2300
f 2744/2744/2300 2743/2743/2370 2739/2739/2295
f 2747/2747/2371 2736/2736/2335 2746/2746/2338
f 2746/2746/2338 2736/2736/2335 2743/2743/2370
f 2748/2748/2372 2735/2735/2369 2747/2747/2371
f 2747/2747/2371 2735/2735/2369 2736/2736/2335
f 2749/2749/2305 2734/2734/2290 2748/2748/2372
f 2748/2748/2372 2734/2734/2290 2735/2735/2369
f 2702/2702/2364 2734/2734/2290 2750/2750/2306
f 2750/2750/2306 2734/2734/2290 2749/2749/2305
f 2745/2745/2301 2751/2751/2373 2744/2744/2300
f 2749/2749/2305 2752/2752/2308 2750/2750/2306
f 2745/2745/2301 2753/2753/2309 2751/2751/2373
f 2753/2753/2309 2754/2754/2310 2751/2751/2373
f 2751/2751/2373 2754/2754/2310 2744/2744/2300
f 2754/2754/2310 2755/2755/2279 2744/2744/2300
f 2744/2744/2300 2755/2755/2279 2756/2756/2311
f 2755/2755/2279 2757/2757/2374 2756/2756/2311
f 2756/2756/2311 2757/2757/2374 2758/2758/2375
f 2758/2758/2375 2757/2757/2374 2759/2759/2314
f 2759/2759/2314 2757/2757/2374 2760/2760/2276
f 2759/2759/2314 2760/2760/2276 2749/2749/2305
f 2749/2749/2305 2760/2760/2276 2761/2761/2315
f 2752/2752/2308 2762/2762/2316 2750/2750/2306
f 2749/2749/2305 2761/2761/2315 2752/2752/2308
f 2752/2752/2308 2761/2761/2315 2762/2762/2316
f 2763/2763/2376 2764/2764/2377 2765/2765/2378
f 2765/2765/2378 2764/2764/2377 2766/2766/2379
f 2764/2764/2377 2767/2767/2380 2766/2766/2379
f 2766/2766/2379 2767/2767/2380 2768/2768/2381
f 2767/2767/2380 2769/2769/2382 2768/2768/2381
f 2768/2768/2381 2769/2769/2382 2770/2770/2383
f 2769/2769/2382 2771/2771/2384 2770/2770/2383
f 2770/2770/2383 2771/2771/2384 2772/2772/2385
f 2771/2771/2384 2773/2773/2386 2772/2772/2385
f 2772/2772/2385 2773/2773/2386 2774/2774/2387
f 2773/2773/2386 2775/2775/2388 2774/2774/2387
f 2774/2774/2387 2775/2775/2388 2776/2776/2389
f 2775/2775/2388 2777/2777/2390 2776/2776/2389
f 2776/2776/2389 2777/2777/2390 2778/2778/2391
f 2777/2777/2390 2779/2779/2392 2778/2778/2391
f 2778/2778/2391 2779/2779/2392 2780/2780/2393
f 2779/2779/2392 2781/2781/2394 2780/2780/2393
f 2780/2780/2393 2781/2781/2394 2782/2782/2395
f 2783/2783/2396 2784/2784/2397 2781/2781/2394
f 2781/2781/2394 2784/2784/2397 2782/2782/2395
f 2785/2785/2398 2786/2786/2399 2783/2783/2396
f 2783/2783/2396 2786/2786/2399 2784/2784/2397
f 2787/2787/2400 2788/2788/2401 2785/2785/2398
f 2785/2785/2398 2788/2788/2401 2786/2786/2399
f 2789/2789/2402 2790/2790/2403 2787/2787/2400
f 2787/2787/2400 2790/2790/2403 2788/2788/2401
f 2791/2791/2404 2792/2792/2405 2789/2789/2402
f 2789/2789/2402 2792/2792/2405 2790/2790/2403
f 2793/2793/2406 2794/2794/2407 2791/2791/2404
f 2791/2791/2404 2794/2794/2407 2792/2792/2405
f 2795/2795/2408 2796/2796/2409 2793/2793/2406
f 2793/2793/2406 2796/2796/2409 2794/2794/2407
f 2797/2797/2410 2798/2798/2411 2795/2795/2408
f 2795/2795/2408 2798/2798/2411 2796/2796/2409
f 2799/2799/2412 2800/2800/2413 2797/2797/2410
f 2797/2797/2410 2800/2800/2413 2798/2798/2411
f 2801/2801/2414 2802/2802/2415 2799/2799/2412
f 2799/2799/2412 2802/2802/2415 2800/2800/2413
f 2803/2803/2416 2763/2763/2376 2804/2804/2417
f 2804/2804/2417 2763/2763/2376 2765/2765/2378
f 2805/2805/2418 2806/2806/2419 2807/2807/2420
f 2806/2806/2419 2808/2808/2419 2807/2807/2420
f 2808/2808/2419 2809/2809/2421 2807/2807/2420
f 2809/2809/2421 2810/2810/2421 2807/2807/2420
f 2810/2810/2421 2811/2811/2421 2807/2807/2420
f 2811/2811/2421 2812/2812/2418 2807/2807/2420
f 2812/2812/2418 2813/2813/2418 2807/2807/2420
f 2813/2813/2418 2814/2814/2422 2807/2807/2420
f 2814/2814/2422 2815/2815/2422 2807/2807/2420
f 2815/2815/2422 2816/2816/2423 2807/2807/2420
f 2816/2816/2423 2817/2817/2423 2807/2807/2420
f 2817/2817/2423 2818/2818/2422 2807/2807/2420
f 2818/2818/2422 2819/2819/2424 2807/2807/2420
f 2819/2819/2424 2820/2820/2422 2807/2807/2420
f 2820/2820/2422 2821/2821/2422 2807/2807/2420
f 2821/2821/2422 2822/2822/2423 2807/2807/2420
f 2822/2822/2423 2823/2823/2423 2807/2807/2420
f 2823/2823/2423 2824/2824/2418 2807/2807/2420
f 2824/2824/2418 2825/2825/2424 2807/2807/2420
f 2825/2825/2424 2805/2805/2418 2807/2807/2420
f 2826/2826/2425 2827/2827/2426 2828/2828/2427
f 2828/2828/2427 2827/2827/2426 2829/2829/2428
f 2827/2827/2426 2826/2826/2425 2830/2830/2429
f 2830/2830/2429 2826/2826/2425 2831/2831/2430
f 2830/2830/2429 2831/2831/2430 2832/2832/2431
f 2832/2832/2431 2831/2831/2430 2833/2833/2432
f 2832/2832/2431 2833/2833/2432 2834/2834/2433
f 2834/2834/2433 2833/2833/2432 2835/2835/2434
f 2834/2834/2433 2835/2835/2434 2836/2836/2435
f 2836/2836/2435 2835/2835/2434 2837/2837/2436
f 2836/2836/2435 2837/2837/2436 2838/2838/2437
f 2838/2838/2437 2837/2837/2436 2839/2839/2438
f 2838/2838/2437 2839/2839/2438 2840/2840/2439
f 2840/2840/2439 2839/2839/2438 2841/2841/2440
f 2840/2840/2439 2841/2841/2440 2842/2842/2441
f 2842/2842/2441 2841/2841/2440 2843/2843/2442
f 2842/2842/2441 2843/2843/2442 2844/2844/2443
f 2844/2844/2443 2843/2843/2442 2845/2845/2444
f 2844/2844/2443 2845/2845/2444 2846/2846/2445
f 2846/2846/2445 2845/2845/2444 2847/2847/2446
f 2846/2846/2445 2847/2847/2446 2848/2848/2447
f 2848/2848/2447 2847/2847/2446 2849/2849/2448
f 2848/2848/2447 2849/2849/2448 2850/2850/2449
f 2850/2850/2449 2849/2849/2448 2851/2851/2450
f 2850/2850/2449 2851/2851/2450 2852/2852/2451
f 2852/2852/2451 2851/2851/2450 2853/2853/2452
f 2852/2852/2451 2853/2853/2452 2854/2854/2453
f 2854/2854/2453 2853/2853/2452 2855/2855/2454
f 2854/2854/2453 2855/2855/2454 2856/2856/2455
f 2856/2856/2455 2855/2855/2454 2857/2857/2456
f 2856/2856/2455 2857/2857/2456 2858/2858/2457
f 2858/2858/2457 2857/2857/2456 2859/2859/2458
f 2858/2858/2457 2859/2859/2458 2860/2860/2459
f 2860/2860/2459 2859/2859/2458 2861/2861/2460
f 2860/2860/2459 2861/2861/2460 2862/2862/2461
f 2862/2862/2461 2861/2861/2460 2863/2863/2462
f 2862/2862/2461 2863/2863/2462 2864/2864/2463
f 2864/2864/2463 2863/2863/2462 2865/2865/2464
f 2864/2864/2463 2865/2865/2464 2866/2866/2465
f 2866/2866/2465 2865/2865/2464 2867/2867/2466
f 2765/2765/2378 2766/2766/2379 2826/2826/2425
f 2826/2826/2425 2766/2766/2379 2831/2831/2430
f 2766/2766/2379 2768/2768/2381 2831/2831/2430
f 2831/2831/2430 2768/2768/2381 2833/2833/2432
f 2768/2768/2381 2770/2770/2383 2833/2833/2432
f 2833/2833/2432 2770/2770/2383 2835/2835/2434
f 2770/2770/2383 2772/2772/2385 2835/2835/2434
f 2835/2835/2434 2772/2772/2385 2837/2837/2436
f 2772/2772/2385 2774/2774/2387 2837/2837/2436
f 2837/2837/2436 2774/2774/2387 2839/2839/2438
f 2774/2774/2387 2776/2776/2389 2839/2839/2438
f 2839/2839/2438 2776/2776/2389 2841/2841/2440
f 2776/2776/2389 2778/2778/2391 2841/2841/2440
f 2841/2841/2440 2778/2778/2391 2843/2843/2442
f 2778/2778/2391 2780/2780/2393 2843/2843/2442
f 2843/2843/2442 2780/2780/2393 2845/2845/2444
f 2780/2780/2393 2782/2782/2395 2845/2845/2444
f 2845/2845/2444 2782/2782/2395 2847/2847/2446
f 2782/2782/2395 2784/2784/2397 2847/2847/2446
f 2847/2847/2446 2784/2784/2397 2849/2849/2448
f 2784/2784/2397 2786/2786/2399 2849/2849/2448
f 2849/2849/2448 2786/2786/2399 2851/2851/2450
f 2786/2786/2399 2788/2788/2401 2851/2851/2450
f 2851/2851/2450 2788/2788/2401 2853/2853/2452
f 2788/2788/2401 2790/2790/2403 2853/2853/2452
f 2853/2853/2452 2790/2790/2403 2855/2855/2454
f 2790/2790/2403 2792/2792/2405 2855/2855/2454
f 2855/2855/2454 2792/2792/2405 2857/2857/2456
f 2792/2792/2405 2794/2794/2407 2857/2857/2456
f 2857/2857/2456 2794/2794/2407 2859/2859/2458
f 2794/2794/2407 2796/2796/2409 2859/2859/2458
f 2859/2859/2458 2796/2796/2409 2861/2861/2460
f 2796/2796/2409 2798/2798/2411 2861/2861/2460
f 2861/2861/2460 2798/2798/2411 2863/2863/2462
f 2798/2798/2411 2800/2800/2413 2863/2863/2462
f 2863/2863/2462 2800/2800/2413 2865/2865/2464
f 2800/2800/2413 2802/2802/2415 2865/2865/2464
f 2865/2865/2464 2802/2802/2415 2867/2867/2466
f 2804/2804/2417 2765/2765/2378 2828/2828/2427
f 2828/2828/2427 2765/2765/2378 2826/2826/2425
f 2827/2827/2426 2830/2830/2429 2868/2868/2467
f 2868/2868/2467 2830/2830/2429 2869/2869/2468
f 2830/2830/2429 2832/2832/2431 2869/2869/2468
f 2869/2869/2468 2832/2832/2431 2870/2870/2469
f 2832/2832/2431 2834/2834/2433 2870/2870/2469
f 2870/2870/2469 2834/2834/2433 2871/2871/2470
f 2834/2834/2433 2836/2836/2435 2871/2871/2470
f 2871/2871/2470 2836/2836/2435 2872/2872/2471
f 2836/2836/2435 2838/2838/2437 2872/2872/2471
f 2872/2872/2471 2838/2838/2437 2873/2873/2472
f 2838/2838/2437 2840/2840/2439 2873/2873/2472
f 2873/2873/2472 2840/2840/2439 2874/2874/2473
f 2840/2840/2439 2842/2842/2441 2874/2874/2473
f 2874/2874/2473 2842/2842/2441 2875/2875/2474
f 2842/2842/2441 2844/2844/2443 2875/2875/2474
f 2875/2875/2474 2844/2844/2443 2876/2876/2475
f 2844/2844/2443 2846/2846/2445 2876/2876/2475
f 2876/2876/2475 2846/2846/2445 2877/2877/2476
f 2846/2846/2445 2848/2848/2447 2877/2877/2476
f 2877/2877/2476 2848/2848/2447 2878/2878/2477
f 2848/2848/2447 2850/2850/2449 2878/2878/2477
f 2878/2878/2477 2850/2850/2449 2879/2879/2478
f 2850/2850/2449 2852/2852/2451 2879/2879/2478
f 2879/2879/2478 2852/2852/2451 2880/2880/2479
f 2852/2852/2451 2854/2854/2453 2880/2880/2479
f 2880/2880/2479 2854/2854/2453 2881/2881/2480
f 2854/2854/2453 2856/2856/2455 2881/2881/2480
f 2881/2881/2480 2856/2856/2455 2882/2882/2481
f 2856/2856/2455 2858/2858/2457 2882/2882/2481
f 2882/2882/2481 2858/2858/2457 2883/2883/2482
f 2858/2858/2457 2860/2860/2459 2883/2883/2482
f 2883/2883/2482 2860/2860/2459 2884/2884/2483
f 2860/2860/2459 2862/2862/2461 2884/2884/2483
f 2884/2884/2483 2862/2862/2461 2885/2885/2484
f 2862/2862/2461 2864/2864/2463 2885/2885/2484
f 2885/2885/2484 2864/2864/2463 2886/2886/2485
f 2864/2864/2463 2866/2866/2465 2886/2886/2485
f 2886/2886/2485 2866/2866/2465 2887/2887/2486
f 2829/2829/2428 2827/2827/2426 2888/2888/2487
f 2888/2888/2487 2827/2827/2426 2868/2868/2467
f 2889/2889/2488 2890/2890/2489 2891/2891/2490
f 2891/2891/2490 2890/2890/2489 2892/2892/2491
f 2890/2890/2489 2893/2893/2492 2892/2892/2491
f 2892/2892/2491 2893/2893/2492 2894/2894/2492
f 2893/2893/2492 2895/2895/2493 2894/2894/2492
f 2894/2894/2492 2895/2895/2493 2896/2896/2493
f 2895/2895/2493 2897/2897/2494 2896/2896/2493
f 2896/2896/2493 2897/2897/2494 2898/2898/2495
f 2897/2897/2494 2899/2899/2496 2898/2898/2495
f 2898/2898/2495 2899/2899/2496 2900/2900/2497
f 2899/2899/2496 2901/2901/2498 2900/2900/2497
f 2900/2900/2497 2901/2901/2498 2902/2902/2498
f 2901/2901/2498 2903/2903/2499 2902/2902/2498
f 2902/2902/2498 2903/2903/2499 2904/2904/2500
f 2903/2903/2499 2905/2905/2501 2904/2904/2500
f 2904/2904/2500 2905/2905/2501 2906/2906/2501
f 2905/2905/2501 2907/2907/2502 2906/2906/2501
f 2906/2906/2501 2907/2907/2502 2908/2908/2503
f 2907/2907/2502 2909/2909/2504 2908/2908/2503
f 2908/2908/2503 2909/2909/2504 2910/2910/2505
f 2909/2909/2504 2911/2911/2506 2910/2910/2505
f 2910/2910/2505 2911/2911/2506 2912/2912/2506
f 2911/2911/2506 2913/2913/2507 2912/2912/2506
f 2912/2912/2506 2913/2913/2507 2914/2914/2508
f 2913/2913/2507 2915/2915/2509 2914/2914/2508
f 2914/2914/2508 2915/2915/2509 2916/2916/2510
f 2915/2915/2509 2917/2917/2511 2916/2916/2510
f 2916/2916/2510 2917/2917/2511 2918/2918/2512
f 2917/2917/2511 2919/2919/2513 2918/2918/2512
f 2918/2918/2512 2919/2919/2513 2920/2920/2514
f 2919/2919/2513 2921/2921/2515 2920/2920/2514
f 2920/2920/2514 2921/2921/2515 2922/2922/2515
f 2921/2921/2515 2923/2923/2516 2922/2922/2515
f 2922/2922/2515 2923/2923/2516 2924/2924/2517
f 2923/2923/2516 2925/2925/2518 2924/2924/2517
f 2924/2924/2517 2925/2925/2518 2926/2926/2519
f 2925/2925/2518 2927/2927/2520 2926/2926/2519
f 2926/2926/2519 2927/2927/2520 2928/2928/2520
f 2929/2929/2521 2889/2889/2488 2930/2930/2521
f 2930/2930/2521 2889/2889/2488 2891/2891/2490
f 2931/2931/2522 2932/2932/2523 2933/2933/2524
f 2934/2934/2525 2931/2931/2522 2933/2933/2524
f 2935/2935/2523 2934/2934/2525 2933/2933/2524
f 2936/2936/2526 2935/2935/2523 2933/2933/2524
f 2937/2937/2524 2936/2936/2526 2933/2933/2524
f 2938/2938/2524 2937/2937/2524 2933/2933/2524
f 2939/2939/2524 2938/2938/2524 2933/2933/2524
f 2940/2940/2527 2939/2939/2524 2933/2933/2524
f 2941/2941/2523 2940/2940/2527 2933/2933/2524
f 2942/2942/2524 2941/2941/2523 2933/2933/2524
f 2943/2943/2523 2942/2942/2524 2933/2933/2524
f 2944/2944/2528 2943/2943/2523 2933/2933/2524
f 2945/2945/2524 2944/2944/2528 2933/2933/2524
f 2946/2946/2526 2945/2945/2524 2933/2933/2524
f 2947/2947/2526 2946/2946/2526 2933/2933/2524
f 2948/2948/2524 2947/2947/2526 2933/2933/2524
f 2949/2949/2529 2948/2948/2524 2933/2933/2524
f 2950/2950/2524 2949/2949/2529 2933/2933/2524
f 2951/2951/2524 2950/2950/2524 2933/2933/2524
f 2932/2932/2523 2951/2951/2524 2933/2933/2524
f 2952/2952/2530 2953/2953/2531 2954/2954/2532
f 2953/2953/2531 2955/2955/2533 2954/2954/2532
f 2955/2955/2533 2956/2956/2534 2954/2954/2532
f 2956/2956/2534 2957/2957/2535 2954/2954/2532
f 2957/2957/2535 2958/2958/2536 2954/2954/2532
f 2958/2958/2536 2959/2959/2537 2954/2954/2532
f 2959/2959/2537 2960/2960/2538 2954/2954/2532
f 2960/2960/2538 2961/2961/2539 2954/2954/2532
f 2961/2961/2539 2962/2962/2540 2954/2954/2532
f 2962/2962/2540 2963/2963/2541 2954/2954/2532
f 2963/2963/2541 2964/2964/2542 2954/2954/2532
f 2964/2964/2542 2965/2965/2543 2954/2954/2532
f 2965/2965/2543 2966/2966/2544 2954/2954/2532
f 2966/2966/2544 2967/2967/2545 2954/2954/2532
f 2967/2967/2545 2968/2968/2546 2954/2954/2532
f 2968/2968/2546 2969/2969/2547 2954/2954/2532
f 2969/2969/2547 2970/2970/2548 2954/2954/2532
f 2970/2970/2548 2971/2971/2549 2954/2954/2532
f 2971/2971/2549 2972/2972/2550 2954/2954/2532
f 2972/2972/2550 2952/2952/2530 2954/2954/2532
f 2973/2973/2532 2974/2974/2532 2975/2975/2551
f 2975/2975/2551 2974/2974/2532 2976/2976/2552
f 2974/2974/2532 2977/2977/2553 2976/2976/2552
f 2976/2976/2552 2977/2977/2553 2978/2978/2554
f 2977/2977/2553 2979/2979/2553 2978/2978/2554
f 2978/2978/2554 2979/2979/2553 2980/2980/2555
f 2979/2979/2553 2981/2981/2532 2980/2980/2555
f 2980/2980/2555 2981/2981/2532 2982/2982/2556
f 2981/2981/2532 2983/2983/2532 2982/2982/2556
f 2982/2982/2556 2983/2983/2532 2984/2984/2557
f 2983/2983/2532 2985/2985/2532 2984/2984/2557
f 2984/2984/2557 2985/2985/2532 2986/2986/2558
f 2985/2985/2532 2987/2987/2559 2986/2986/2558
f 2986/2986/2558 2987/2987/2559 2988/2988/2560
f 2987/2987/2559 2989/2989/2561 2988/2988/2560
f 2988/2988/2560 2989/2989/2561 2990/2990/2562
f 2989/2989/2561 2991/2991/2563 2990/2990/2562
f 2990/2990/2562 2991/2991/2563 2992/2992/2564
f 2991/2991/2563 2993/2993/2565 2992/2992/2564
f 2992/2992/2564 2993/2993/2565 2994/2994/2566
f 2993/2993/2565 2995/2995/2532 2994/2994/2566
f 2994/2994/2566 2995/2995/2532 2996/2996/2567
f 2995/2995/2532 2997/2997/2532 2996/2996/2567
f 2996/2996/2567 2997/2997/2532 2998/2998/2568
f 2997/2997/2532 2999/2999/2569 2998/2998/2568
f 2998/2998/2568 2999/2999/2569 3000/3000/2570
f 2999/2999/2569 3001/3001/2571 3000/3000/2570
f 3000/3000/2570 3001/3001/2571 3002/3002/2572
f 3001/3001/2571 3003/3003/2532 3002/3002/2572
f 3002/3002/2572 3003/3003/2532 3004/3004/2573
f 3003/3003/2532 3005/3005/2574 3004/3004/2573
f 3004/3004/2573 3005/3005/2574 3006/3006/2575
f 3005/3005/2574 3007/3007/2576 3006/3006/2575
f 3006/3006/2575 3007/3007/2576 3008/3008/2577
f 3007/3007/2576 3009/3009/2565 3008/3008/2577
f 3008/3008/2577 3009/3009/2565 3010/3010/2578
f 3009/3009/2565 3011/3011/2579 3010/3010/2578
f 3010/3010/2578 3011/3011/2579 3012/3012/2580
f 3011/3011/2579 2973/2973/2532 3012/3012/2580
f 3012/3012/2580 2973/2973/2532 2975/2975/2551
f 2975/2975/2551 2976/2976/2552 2952/2952/2530
f 2952/2952/2530 2976/2976/2552 2953/2953/2531
f 2976/2976/2552 2978/2978/2554 2953/2953/2531
f 2953/2953/2531 2978/2978/2554 2955/2955/2533
f 2978/2978/2554 2980/2980/2555 2955/2955/2533
f 2955/2955/2533 2980/2980/2555 2956/2956/2534
f 2980/2980/2555 2982/2982/2556 2956/2956/2534
f 2956/2956/2534 2982/2982/2556 2957/2957/2535
f 2982/2982/2556 2984/2984/2557 2957/2957/2535
f 2957/2957/2535 2984/2984/2557 2958/2958/2536
f 2984/2984/2557 2986/2986/2558 2958/2958/2536
f 2958/2958/2536 2986/2986/2558 2959/2959/2537
f 2986/2986/2558 2988/2988/2560 2959/2959/2537
f 2959/2959/2537 2988/2988/2560 2960/2960/2538
f 2988/2988/2560 2990/2990/2562 2960/2960/2538
f 2960/2960/2538 2990/2990/2562 2961/2961/2539
f 2990/2990/2562 2992/2992/2564 2961/2961/2539
f 2961/2961/2539 2992/2992/2564 2962/2962/2540
f 2992/2992/2564 2994/2994/2566 2962/2962/2540
f 2962/2962/2540 2994/2994/2566 2963/2963/2541
f 2994/2994/2566 2996/2996/2567 2963/2963/2541
f 2963/2963/2541 2996/2996/2567 2964/2964/2542
f 2996/2996/2567 2998/2998/2568 2964/2964/2542
f 2964/2964/2542 2998/2998/2568 2965/2965/2543
f 2998/2998/2568 3000/3000/2570 2965/2965/2543
f 2965/2965/2543 3000/3000/2570 2966/2966/2544
f 3000/3000/2570 3002/3002/2572 2966/2966/2544
f 2966/2966/2544 3002/3002/2572 2967/2967/2545
f 3002/3002/2572 3004/3004/2573 2967/2967/2545
f 2967/2967/2545 3004/3004/2573 2968/2968/2546
f 3004/3004/2573 3006/3006/2575 2968/2968/2546
f 2968/2968/2546 3006/3006/2575 2969/2969/2547
f 3006/3006/2575 3008/3008/2577 2969/2969/2547
f 2969/2969/2547 3008/3008/2577 2970/2970/2548
f 3008/3008/2577 3010/3010/2578 2970/2970/2548
f 2970/2970/2548 3010/3010/2578 2971/2971/2549
f 3010/3010/2578 3012/3012/2580 2971/2971/2549
f 2971/2971/2549 3012/3012/2580 2972/2972/2550
f 3012/3012/2580 2975/2975/2551 2972/2972/2550
f 2972/2972/2550 2975/2975/2551 2952/2952/2530
f 3013/3013/2581 3014/3014/2582 3015/3015/2583
f 3015/3015/2583 3014/3014/2582 3016/3016/2584
f 3015/3015/2583 3017/3017/2585 3013/3013/2581
f 3013/3013/2581 3017/3017/2585 3018/3018/2586
f 3019/3019/2587 3020/3020/2588 3021/3021/2589
f 3021/3021/2589 3020/3020/2588 3022/3022/2590
f 3014/3014/2582 3021/3021/2589 3016/3016/2584
f 3016/3016/2584 3021/3021/2589 3022/3022/2590
f 3023/3023/2591 3024/3024/2592 3025/3025/2593
f 3025/3025/2593 3024/3024/2592 3026/3026/2594
f 3025/3025/2593 3026/3026/2594 3019/3019/2587
f 3019/3019/2587 3026/3026/2594 3020/3020/2588
f 3027/3027/2595 3018/3018/2586 3028/3028/2595
f 3028/3028/2595 3018/3018/2586 3017/3017/2585
f 3029/3029/2596 3030/3030/2596 3023/3023/2591
f 3023/3023/2591 3030/3030/2596 3024/3024/2592
f 3031/3031/2597 3032/3032/2598 3033/3033/2599
f 3033/3033/2599 3032/3032/2598 3034/3034/2600
f 3035/3035/2601 3036/3036/2601 3037/3037/2601
f 3037/3037/2601 3036/3036/2601 3038/3038/2602
f 3039/3039/2603 3040/3040/2604 3041/3041/2605
f 3041/3041/2605 3040/3040/2604 3042/3042/2606
f 3043/3043/2607 3044/3044/2608 3045/3045/2609
f 3045/3045/2609 3044/3044/2608 3046/3046/2608
f 3047/3047/2610 3048/3048/2611 3049/3049/2612
f 3049/3049/2612 3048/3048/2611 3050/3050/2613
f 3051/3051/2614 3052/3052/2608 3053/3053/2608
f 3053/3053/2608 3052/3052/2608 3054/3054/2615
f 3055/3055/2615 3056/3056/2608 3057/3057/2616
f 3057/3057/2616 3056/3056/2608 3058/3058/2617
f 3059/3059/2618 3060/3060/2619 3061/3061/2620
f 3061/3061/2620 3060/3060/2619 3062/3062/2621
f 3033/3033/2599 3034/3034/2600 3063/3063/2622
f 3063/3063/2622 3034/3034/2600 3064/3064/2623
f 3065/3065/2624 3039/3039/2603 3066/3066/2625
f 3066/3066/2625 3039/3039/2603 3041/3041/2605
f 3067/3067/2626 3047/3047/2610 3068/3068/2627
f 3068/3068/2627 3047/3047/2610 3049/3049/2612
f 3069/3069/2628 3062/3062/2621 3070/3070/2629
f 3070/3070/2629 3062/3062/2621 3060/3060/2619
f 3063/3063/2622 3071/3071/2630 3033/3033/2599
f 3033/3033/2599 3071/3071/2630 3072/3072/2631
f 3073/3073/2632 3070/3070/2629 3074/3074/2633
f 3074/3074/2633 3070/3070/2629 3060/3060/2619
f 3065/3065/2624 3075/3075/2634 3039/3039/2603
f 3039/3039/2603 3075/3075/2634 3076/3076/2635
f 3075/3075/2634 3064/3064/2623 3076/3076/2635
f 3076/3076/2635 3064/3064/2623 3034/3034/2600
f 3077/3077/2636 3078/3078/2637 3067/3067/2626
f 3067/3067/2626 3078/3078/2637 3047/3047/2610
f 3066/3066/2625 3041/3041/2605 3077/3077/2636
f 3077/3077/2636 3041/3041/2605 3078/3078/2637
f 3079/3079/2638 3080/3080/2639 3069/3069/2628
f 3069/3069/2628 3080/3080/2639 3062/3062/2621
f 3068/3068/2627 3049/3049/2612 3079/3079/2638
f 3079/3079/2638 3049/3049/2612 3080/3080/2639
f 3081/3081/2640 3046/3046/2608 3051/3051/2614
f 3046/3046/2608 3044/3044/2608 3051/3051/2614
f 3051/3051/2614 3044/3044/2608 3052/3052/2608
f 3052/3052/2608 3044/3044/2608 3082/3082/2641
f 3082/3082/2641 3044/3044/2608 3057/3057/2616
f 3083/3083/2615 3055/3055/2615 3036/3036/2601
f 3084/3084/2608 3038/3038/2602 3044/3044/2608
f 3044/3044/2608 3038/3038/2602 3057/3057/2616
f 3057/3057/2616 3038/3038/2602 3055/3055/2615
f 3038/3038/2602 3036/3036/2601 3055/3055/2615
f 3036/3036/2601 3035/3035/2601 3083/3083/2615
f 3083/3083/2615 3035/3035/2601 3085/3085/2642
f 3031/3031/2597 3033/3033/2599 3086/3086/2643
f 3086/3086/2643 3033/3033/2599 3072/3072/2631
f 3044/3044/2608 3043/3043/2607 3084/3084/2608
f 3084/3084/2608 3043/3043/2607 3087/3087/2608
f 3039/3039/2603 3076/3076/2635 3040/3040/2604
f 3040/3040/2604 3076/3076/2635 3088/3088/2644
f 3051/3051/2614 3053/3053/2608 3081/3081/2640
f 3081/3081/2640 3053/3053/2608 3089/3089/2608
f 3048/3048/2611 3047/3047/2610 3090/3090/2645
f 3090/3090/2645 3047/3047/2610 3078/3078/2637
f 3057/3057/2616 3058/3058/2617 3082/3082/2641
f 3082/3082/2641 3058/3058/2617 3091/3091/2646
f 3061/3061/2620 3062/3062/2621 3092/3092/2647
f 3092/3092/2647 3062/3062/2621 3080/3080/2639
f 3060/3060/2619 3059/3059/2618 3074/3074/2633
f 3074/3074/2633 3059/3059/2618 3093/3093/2648
f 3055/3055/2615 3083/3083/2615 3056/3056/2608
f 3056/3056/2608 3083/3083/2615 3085/3085/2642
f 3032/3032/2598 3088/3088/2644 3034/3034/2600
f 3034/3034/2600 3088/3088/2644 3076/3076/2635
f 3038/3038/2602 3084/3084/2608 3037/3037/2601
f 3037/3037/2601 3084/3084/2608 3087/3087/2608
f 3041/3041/2605 3042/3042/2606 3078/3078/2637
f 3078/3078/2637 3042/3042/2606 3090/3090/2645
f 3046/3046/2608 3081/3081/2640 3045/3045/2609
f 3045/3045/2609 3081/3081/2640 3089/3089/2608
f 3049/3049/2612 3050/3050/2613 3080/3080/2639
f 3080/3080/2639 3050/3050/2613 3092/3092/2647
f 3052/3052/2608 3082/3082/2641 3054/3054/2615
f 3054/3054/2615 3082/3082/2641 3091/3091/2646
f 3094/3094/2649 3095/3095/2650 3096/3096/2651
f 3096/3096/2651 3095/3095/2650 3097/3097/2652
f 3095/3095/2650 3098/3098/2653 3097/3097/2652
f 3097/3097/2652 3098/3098/2653 3099/3099/2654
f 3098/3098/2653 3100/3100/2655 3099/3099/2654
f 3099/3099/2654 3100/3100/2655 3101/3101/2656
f 3100/3100/2655 3102/3102/2657 3101/3101/2656
f 3101/3101/2656 3102/3102/2657 3103/3103/2658
f 3102/3102/2657 3104/3104/2659 3103/3103/2658
f 3103/3103/2658 3104/3104/2659 3105/3105/2660
f 3104/3104/2659 3106/3106/2661 3105/3105/2660
f 3105/3105/2660 3106/3106/2661 3107/3107/2662
f 3106/3106/2661 3108/3108/2663 3107/3107/2662
f 3107/3107/2662 3108/3108/2663 3109/3109/2664
f 3110/3110/2665 3094/3094/2649 3111/3111/2666
f 3111/3111/2666 3094/3094/2649 3096/3096/2651
f 3112/3112/2667 3113/3113/2668 3114/3114/2669
f 3114/3114/2669 3113/3113/2668 3115/3115/2670
f 3113/3113/2668 3116/3116/2671 3115/3115/2670
f 3115/3115/2670 3116/3116/2671 3117/3117/2672
f 3116/3116/2671 3118/3118/2673 3117/3117/2672
f 3117/3117/2672 3118/3118/2673 3119/3119/2674
f 3118/3118/2673 3120/3120/2675 3119/3119/2674
f 3119/3119/2674 3120/3120/2675 3121/3121/2676
f 3120/3120/2675 3122/3122/2677 3121/3121/2676
f 3121/3121/2676 3122/3122/2677 3123/3123/2678
f 3122/3122/2677 3124/3124/2679 3123/3123/2678
f 3123/3123/2678 3124/3124/2679 3125/3125/2680
f 3124/3124/2679 3126/3126/2681 3125/3125/2680
f 3125/3125/2680 3126/3126/2681 3127/3127/2682
f 3128/3128/2683 3112/3112/2667 3129/3129/2684
f 3129/3129/2684 3112/3112/2667 3114/3114/2669
f 3130/3130/2667 3131/3131/2685 3132/3132/2686
f 3132/3132/2686 3131/3131/2685 3133/3133/2687
f 3131/3131/2685 3134/3134/2671 3133/3133/2687
f 3133/3133/2687 3134/3134/2671 3135/3135/2688
f 3134/3134/2671 3136/3136/2689 3135/3135/2688
f 3135/3135/2688 3136/3136/2689 3137/3137/2690
f 3138/3138/2691 3139/3139/2675 3140/3140/2692
f 3140/3140/2692 3139/3139/2675 3141/3141/2693
f 3139/3139/2675 3142/3142/2694 3141/3141/2693
f 3141/3141/2693 3142/3142/2694 3143/3143/2695
f 3142/3142/2694 3144/3144/2679 3143/3143/2695
f 3143/3143/2695 3144/3144/2679 3145/3145/2696
f 3144/3144/2679 3146/3146/2697 3145/3145/2696
f 3145/3145/2696 3146/3146/2697 3147/3147/2698
f 3146/3146/2697 3130/3130/2667 3147/3147/2698
f 3147/3147/2698 3130/3130/2667 3132/3132/2686
f 3148/3148/2699 3149/3149/2700 3115/3115/2670
f 3115/3115/2670 3149/3149/2700 3114/3114/2669
f 3149/3149/2700 3150/3150/2701 3114/3114/2669
f 3114/3114/2669 3150/3150/2701 3129/3129/2684
f 3151/3151/2702 3125/3125/2680 3152/3152/2703
f 3152/3152/2703 3125/3125/2680 3127/3127/2682
f 3153/3153/2704 3123/3123/2678 3151/3151/2702
f 3151/3151/2702 3123/3123/2678 3125/3125/2680
f 3154/3154/2705 3121/3121/2676 3153/3153/2704
f 3153/3153/2704 3121/3121/2676 3123/3123/2678
f 3154/3154/2705 3155/3155/2706 3121/3121/2676
f 3121/3121/2676 3155/3155/2706 3119/3119/2674
f 3156/3156/2707 3117/3117/2672 3155/3155/2706
f 3155/3155/2706 3117/3117/2672 3119/3119/2674
f 3156/3156/2707 3148/3148/2699 3117/3117/2672
f 3117/3117/2672 3148/3148/2699 3115/3115/2670
f 3094/3094/2649 3157/3157/2708 3095/3095/2650
f 3095/3095/2650 3157/3157/2708 3158/3158/2709
f 3110/3110/2665 3159/3159/2710 3094/3094/2649
f 3094/3094/2649 3159/3159/2710 3157/3157/2708
f 3108/3108/2663 3106/3106/2661 3160/3160/2711
f 3160/3160/2711 3106/3106/2661 3161/3161/2712
f 3106/3106/2661 3104/3104/2659 3161/3161/2712
f 3161/3161/2712 3104/3104/2659 3162/3162/2713
f 3104/3104/2659 3102/3102/2657 3162/3162/2713
f 3162/3162/2713 3102/3102/2657 3163/3163/2714
f 3100/3100/2655 3164/3164/2715 3102/3102/2657
f 3102/3102/2657 3164/3164/2715 3163/3163/2714
f 3100/3100/2655 3098/3098/2653 3164/3164/2715
f 3164/3164/2715 3098/3098/2653 3165/3165/2716
f 3095/3095/2650 3158/3158/2709 3098/3098/2653
f 3098/3098/2653 3158/3158/2709 3165/3165/2716
f 3164/3164/2715 3166/3166/2717 3163/3163/2714
f 3163/3163/2714 3166/3166/2717 3167/3167/2718
f 3164/3164/2715 3165/3165/2716 3166/3166/2717
f 3166/3166/2717 3165/3165/2716 3168/3168/2719
f 3150/3150/2701 3149/3149/2700 3159/3159/2710
f 3159/3159/2710 3149/3149/2700 3157/3157/2708
f 3152/3152/2703 3160/3160/2711 3151/3151/2702
f 3151/3151/2702 3160/3160/2711 3161/3161/2712
f 3167/3167/2718 3154/3154/2705 3153/3153/2704
f 3167/3167/2718 3166/3166/2717 3154/3154/2705
f 3154/3154/2705 3166/3166/2717 3155/3155/2706
f 3168/3168/2719 3156/3156/2707 3166/3166/2717
f 3166/3166/2717 3156/3156/2707 3155/3155/2706
f 3158/3158/2709 3168/3168/2719 3165/3165/2716
f 3169/3169/2720 3132/3132/2686 3170/3170/2721
f 3170/3170/2721 3132/3132/2686 3133/3133/2687
f 3169/3169/2720 3171/3171/2722 3132/3132/2686
f 3132/3132/2686 3171/3171/2722 3147/3147/2698
f 3172/3172/2723 3145/3145/2696 3171/3171/2722
f 3171/3171/2722 3145/3145/2696 3147/3147/2698
f 3172/3172/2723 3173/3173/2724 3145/3145/2696
f 3145/3145/2696 3173/3173/2724 3143/3143/2695
f 3173/3173/2724 3174/3174/2725 3143/3143/2695
f 3143/3143/2695 3174/3174/2725 3141/3141/2693
f 3174/3174/2725 3175/3175/2726 3141/3141/2693
f 3141/3141/2693 3175/3175/2726 3140/3140/2692
f 3176/3176/2727 3135/3135/2688 3177/3177/2728
f 3177/3177/2728 3135/3135/2688 3137/3137/2690
f 3170/3170/2721 3133/3133/2687 3176/3176/2727
f 3176/3176/2727 3133/3133/2687 3135/3135/2688
f 3097/3097/2652 3099/3099/2654 3178/3178/2729
f 3178/3178/2729 3099/3099/2654 3179/3179/2730
f 3101/3101/2656 3180/3180/2731 3099/3099/2654
f 3099/3099/2654 3180/3180/2731 3179/3179/2730
f 3101/3101/2656 3103/3103/2658 3180/3180/2731
f 3180/3180/2731 3103/3103/2658 3181/3181/2732
f 3105/3105/2660 3182/3182/2733 3103/3103/2658
f 3103/3103/2658 3182/3182/2733 3181/3181/2732
f 3107/3107/2662 3183/3183/2734 3105/3105/2660
f 3105/3105/2660 3183/3183/2734 3182/3182/2733
f 3109/3109/2664 3184/3184/2735 3107/3107/2662
f 3107/3107/2662 3184/3184/2735 3183/3183/2734
f 3111/3111/2666 3096/3096/2651 3185/3185/2736
f 3185/3185/2736 3096/3096/2651 3186/3186/2737
f 3096/3096/2651 3097/3097/2652 3186/3186/2737
f 3186/3186/2737 3097/3097/2652 3178/3178/2729
f 3179/3179/2730 3187/3187/2738 3178/3178/2729
f 3178/3178/2729 3187/3187/2738 3188/3188/2739
f 3180/3180/2731 3189/3189/2740 3179/3179/2730
f 3179/3179/2730 3189/3189/2740 3187/3187/2738
f 3180/3180/2731 3181/3181/2732 3189/3189/2740
f 3189/3189/2740 3181/3181/2732 3190/3190/2741
f 3181/3181/2732 3182/3182/2733 3190/3190/2741
f 3190/3190/2741 3182/3182/2733 3191/3191/2742
f 3182/3182/2733 3183/3183/2734 3191/3191/2742
f 3191/3191/2742 3183/3183/2734 3192/3192/2743
f 3184/3184/2735 3193/3193/2744 3183/3183/2734
f 3183/3183/2734 3193/3193/2744 3192/3192/2743
f 3185/3185/2736 3186/3186/2737 3194/3194/2745
f 3194/3194/2745 3186/3186/2737 3195/3195/2746
f 3178/3178/2729 3188/3188/2739 3186/3186/2737
f 3186/3186/2737 3188/3188/2739 3195/3195/2746
f 3188/3188/2739 3187/3187/2738 3170/3170/2721
f 3170/3170/2721 3187/3187/2738 3169/3169/2720
f 3187/3187/2738 3189/3189/2740 3169/3169/2720
f 3169/3169/2720 3189/3189/2740 3171/3171/2722
f 3190/3190/2741 3172/3172/2723 3189/3189/2740
f 3189/3189/2740 3172/3172/2723 3171/3171/2722
f 3191/3191/2742 3173/3173/2724 3190/3190/2741
f 3190/3190/2741 3173/3173/2724 3172/3172/2723
f 3192/3192/2743 3174/3174/2725 3191/3191/2742
f 3191/3191/2742 3174/3174/2725 3173/3173/2724
f 3192/3192/2743 3193/3193/2744 3174/3174/2725
f 3174/3174/2725 3193/3193/2744 3175/3175/2726
f 3195/3195/2746 3176/3176/2727 3194/3194/2745
f 3194/3194/2745 3176/3176/2727 3177/3177/2728
f 3195/3195/2746 3188/3188/2739 3176/3176/2727
f 3176/3176/2727 3188/3188/2739 3170/3170/2721
f 3162/3162/2713 3196/3196/2747 3161/3161/2712
f 3161/3161/2712 3196/3196/2747 3151/3151/2702
f 3151/3151/2702 3196/3196/2747 3153/3153/2704
f 3167/3167/2718 3162/3162/2713 3163/3163/2714
f 3148/3148/2699 3156/3156/2707 3168/3168/2719
f 3148/3148/2699 3168/3168/2719 3158/3158/2709
f 3158/3158/2709 3157/3157/2708 3148/3148/2699
f 3148/3148/2699 3157/3157/2708 3149/3149/2700
f 3153/3153/2704 3196/3196/2747 3167/3167/2718
f 3167/3167/2718 3196/3196/2747 3162/3162/2713
f 3197/3197/2748 3198/3198/2749 3199/3199/2750
f 3199/3199/2750 3198/3198/2749 3200/3200/2751
f 3198/3198/2749 3201/3201/2752 3200/3200/2751
f 3200/3200/2751 3201/3201/2752 3202/3202/2753
f 3201/3201/2752 3203/3203/2754 3202/3202/2753
f 3202/3202/2753 3203/3203/2754 3204/3204/2755
f 3203/3203/2754 3205/3205/2756 3204/3204/2755
f 3204/3204/2755 3205/3205/2756 3206/3206/2757
f 3205/3205/2756 3207/3207/2758 3206/3206/2757
f 3206/3206/2757 3207/3207/2758 3208/3208/2759
f 3207/3207/2758 3209/3209/2760 3208/3208/2759
f 3208/3208/2759 3209/3209/2760 3210/3210/2761
f 3209/3209/2760 3211/3211/2762 3210/3210/2761
f 3210/3210/2761 3211/3211/2762 3212/3212/2763
f 3211/3211/2762 3213/3213/2764 3212/3212/2763
f 3212/3212/2763 3213/3213/2764 3214/3214/2765
f 3213/3213/2764 3215/3215/2766 3214/3214/2765
f 3214/3214/2765 3215/3215/2766 3216/3216/2767
f 3217/3217/2768 3218/3218/2769 3215/3215/2766
f 3215/3215/2766 3218/3218/2769 3216/3216/2767
f 3219/3219/2770 3220/3220/2771 3217/3217/2768
f 3217/3217/2768 3220/3220/2771 3218/3218/2769
f 3221/3221/2772 3222/3222/2773 3219/3219/2770
f 3219/3219/2770 3222/3222/2773 3220/3220/2771
f 3223/3223/2774 3224/3224/2775 3221/3221/2772
f 3221/3221/2772 3224/3224/2775 3222/3222/2773
f 3225/3225/2776 3226/3226/2777 3223/3223/2774
f 3223/3223/2774 3226/3226/2777 3224/3224/2775
f 3227/3227/2778 3228/3228/2779 3225/3225/2776
f 3225/3225/2776 3228/3228/2779 3226/3226/2777
f 3229/3229/2780 3230/3230/2781 3227/3227/2778
f 3227/3227/2778 3230/3230/2781 3228/3228/2779
f 3231/3231/2782 3232/3232/2783 3229/3229/2780
f 3229/3229/2780 3232/3232/2783 3230/3230/2781
f 3233/3233/2784 3234/3234/2785 3231/3231/2782
f 3231/3231/2782 3234/3234/2785 3232/3232/2783
f 3235/3235/2786 3236/3236/2787 3233/3233/2784
f 3233/3233/2784 3236/3236/2787 3234/3234/2785
f 3235/3235/2786 3237/3237/2788 3236/3236/2787
f 3236/3236/2787 3237/3237/2788 3238/3238/2789
f 3239/3239/2423 3240/3240/2421 3241/3241/2421
f 3240/3240/2421 3242/3242/2790 3241/3241/2421
f 3242/3242/2790 3243/3243/2790 3241/3241/2421
f 3243/3243/2790 3244/3244/2420 3241/3241/2421
f 3244/3244/2420 3245/3245/2790 3241/3241/2421
f 3245/3245/2790 3246/3246/2423 3241/3241/2421
f 3246/3246/2423 3247/3247/2418 3241/3241/2421
f 3247/3247/2418 3248/3248/2422 3241/3241/2421
f 3248/3248/2422 3249/3249/2422 3241/3241/2421
f 3249/3249/2422 3250/3250/2423 3241/3241/2421
f 3250/3250/2423 3251/3251/2422 3241/3241/2421
f 3251/3251/2422 3252/3252/2422 3241/3241/2421
f 3252/3252/2422 3253/3253/2424 3241/3241/2421
f 3253/3253/2424 3254/3254/2424 3241/3241/2421
f 3254/3254/2424 3255/3255/2424 3241/3241/2421
f 3255/3255/2424 3256/3256/2423 3241/3241/2421
f 3256/3256/2423 3257/3257/2790 3241/3241/2421
f 3257/3257/2790 3258/3258/2423 3241/3241/2421
f 3258/3258/2423 3259/3259/2420 3241/3241/2421
f 3259/3259/2420 3239/3239/2423 3241/3241/2421
f 3260/3260/2791 3261/3261/2792 3262/3262/2793
f 3262/3262/2793 3261/3261/2792 3263/3263/2794
f 3264/3264/2795 3265/3265/2796 3266/3266/2797
f 3266/3266/2797 3265/3265/2796 3267/3267/2798
f 3266/3266/2797 3267/3267/2798 3268/3268/2799
f 3268/3268/2799 3267/3267/2798 3269/3269/2800
f 3268/3268/2799 3269/3269/2800 3270/3270/2801
f 3270/3270/2801 3269/3269/2800 3271/3271/2802
f 3270/3270/2801 3271/3271/2802 3272/3272/2803
f 3272/3272/2803 3271/3271/2802 3273/3273/2804
f 3272/3272/2803 3273/3273/2804 3274/3274/2805
f 3274/3274/2805 3273/3273/2804 3275/3275/2806
f 3274/3274/2805 3275/3275/2806 3276/3276/2807
f 3276/3276/2807 3275/3275/2806 3277/3277/2808
f 3276/3276/2807 3277/3277/2808 3278/3278/2809
f 3278/3278/2809 3277/3277/2808 3279/3279/2810
f 3278/3278/2809 3279/3279/2810 3280/3280/2811
f 3280/3280/2811 3279/3279/2810 3281/3281/2812
f 3280/3280/2811 3281/3281/2812 3282/3282/2813
f 3282/3282/2813 3281/3281/2812 3283/3283/2814
f 3282/3282/2813 3283/3283/2814 3284/3284/2815
f 3284/3284/2815 3283/3283/2814 3285/3285/2816
f 3284/3284/2815 3285/3285/2816 3286/3286/2817
f 3286/3286/2817 3285/3285/2816 3287/3287/2818
f 3286/3286/2817 3287/3287/2818 3288/3288/2819
f 3288/3288/2819 3287/3287/2818 3289/3289/2820
f 3288/3288/2819 3289/3289/2820 3290/3290/2821
f 3290/3290/2821 3289/3289/2820 3291/3291/2822
f 3290/3290/2821 3291/3291/2822 3292/3292/2823
f 3292/3292/2823 3291/3291/2822 3293/3293/2824
f 3292/3292/2823 3293/3293/2824 3294/3294/2825
f 3294/3294/2825 3293/3293/2824 3295/3295/2826
f 3294/3294/2825 3295/3295/2826 3296/3296/2827
f 3296/3296/2827 3295/3295/2826 3297/3297/2828
f 3296/3296/2827 3297/3297/2828 3298/3298/2829
f 3298/3298/2829 3297/3297/2828 3299/3299/2830
f 3298/3298/2829 3299/3299/2830 3300/3300/2831
f 3300/3300/2831 3299/3299/2830 3301/3301/2832
f 3300/3300/2831 3301/3301/2832 3263/3263/2794
f 3263/3263/2794 3301/3301/2832 3262/3262/2793
f 3199/3199/2750 3200/3200/2751 3265/3265/2796
f 3265/3265/2796 3200/3200/2751 3267/3267/2798
f 3200/3200/2751 3202/3202/2753 3267/3267/2798
f 3267/3267/2798 3202/3202/2753 3269/3269/2800
f 3202/3202/2753 3204/3204/2755 3269/3269/2800
f 3269/3269/2800 3204/3204/2755 3271/3271/2802
f 3204/3204/2755 3206/3206/2757 3271/3271/2802
f 3271/3271/2802 3206/3206/2757 3273/3273/2804
f 3206/3206/2757 3208/3208/2759 3273/3273/2804
f 3273/3273/2804 3208/3208/2759 3275/3275/2806
f 3208/3208/2759 3210/3210/2761 3275/3275/2806
f 3275/3275/2806 3210/3210/2761 3277/3277/2808
f 3210/3210/2761 3212/3212/2763 3277/3277/2808
f 3277/3277/2808 3212/3212/2763 3279/3279/2810
f 3212/3212/2763 3214/3214/2765 3279/3279/2810
f 3279/3279/2810 3214/3214/2765 3281/3281/2812
f 3214/3214/2765 3216/3216/2767 3281/3281/2812
f 3281/3281/2812 3216/3216/2767 3283/3283/2814
f 3216/3216/2767 3218/3218/2769 3283/3283/2814
f 3283/3283/2814 3218/3218/2769 3285/3285/2816
f 3218/3218/2769 3220/3220/2771 3285/3285/2816
f 3285/3285/2816 3220/3220/2771 3287/3287/2818
f 3220/3220/2771 3222/3222/2773 3287/3287/2818
f 3287/3287/2818 3222/3222/2773 3289/3289/2820
f 3222/3222/2773 3224/3224/2775 3289/3289/2820
f 3289/3289/2820 3224/3224/2775 3291/3291/2822
f 3224/3224/2775 3226/3226/2777 3291/3291/2822
f 3291/3291/2822 3226/3226/2777 3293/3293/2824
f 3226/3226/2777 3228/3228/2779 3293/3293/2824
f 3293/3293/2824 3228/3228/2779 3295/3295/2826
f 3228/3228/2779 3230/3230/2781 3295/3295/2826
f 3295/3295/2826 3230/3230/2781 3297/3297/2828
f 3230/3230/2781 3232/3232/2783 3297/3297/2828
f 3297/3297/2828 3232/3232/2783 3299/3299/2830
f 3232/3232/2783 3234/3234/2785 3299/3299/2830
f 3299/3299/2830 3234/3234/2785 3301/3301/2832
f 3234/3234/2785 3236/3236/2787 3301/3301/2832
f 3301/3301/2832 3236/3236/2787 3262/3262/2793
f 3236/3236/2787 3238/3238/2789 3262/3262/2793
f 3262/3262/2793 3238/3238/2789 3260/3260/2791
f 3264/3264/2795 3266/3266/2797 3302/3302/2833
f 3302/3302/2833 3266/3266/2797 3303/3303/2834
f 3266/3266/2797 3268/3268/2799 3303/3303/2834
f 3303/3303/2834 3268/3268/2799 3304/3304/2835
f 3268/3268/2799 3270/3270/2801 3304/3304/2835
f 3304/3304/2835 3270/3270/2801 3305/3305/2836
f 3270/3270/2801 3272/3272/2803 3305/3305/2836
f 3305/3305/2836 3272/3272/2803 3306/3306/2837
f 3272/3272/2803 3274/3274/2805 3306/3306/2837
f 3306/3306/2837 3274/3274/2805 3307/3307/2838
f 3274/3274/2805 3276/3276/2807 3307/3307/2838
f 3307/3307/2838 3276/3276/2807 3308/3308/2839
f 3276/3276/2807 3278/3278/2809 3308/3308/2839
f 3308/3308/2839 3278/3278/2809 3309/3309/2840
f 3278/3278/2809 3280/3280/2811 3309/3309/2840
f 3309/3309/2840 3280/3280/2811 3310/3310/2841
f 3280/3280/2811 3282/3282/2813 3310/3310/2841
f 3310/3310/2841 3282/3282/2813 3311/3311/2842
f 3282/3282/2813 3284/3284/2815 3311/3311/2842
f 3311/3311/2842 3284/3284/2815 3312/3312/2843
f 3284/3284/2815 3286/3286/2817 3312/3312/2843
f 3312/3312/2843 3286/3286/2817 3313/3313/2844
f 3286/3286/2817 3288/3288/2819 3313/3313/2844
f 3313/3313/2844 3288/3288/2819 3314/3314/2845
f 3288/3288/2819 3290/3290/2821 3314/3314/2845
f 3314/3314/2845 3290/3290/2821 3315/3315/2846
f 3290/3290/2821 3292/3292/2823 3315/3315/2846
f 3315/3315/2846 3292/3292/2823 3316/3316/2847
f 3292/3292/2823 3294/3294/2825 3316/3316/2847
f 3316/3316/2847 3294/3294/2825 3317/3317/2848
f 3294/3294/2825 3296/3296/2827 3317/3317/2848
f 3317/3317/2848 3296/3296/2827 3318/3318/2849
f 3296/3296/2827 3298/3298/2829 3318/3318/2849
f 3318/3318/2849 3298/3298/2829 3319/3319/2850
f 3298/3298/2829 3300/3300/2831 3319/3319/2850
f 3319/3319/2850 3300/3300/2831 3320/3320/2851
f 3300/3300/2831 3263/3263/2794 3320/3320/2851
f 3320/3320/2851 3263/3263/2794 3321/3321/2852
f 3263/3263/2794 3261/3261/2792 3321/3321/2852
f 3321/3321/2852 3261/3261/2792 3322/3322/2853
f 3323/3323/2854 3324/3324/2855 3325/3325/2856
f 3325/3325/2856 3324/3324/2855 3326/3326/2857
f 3327/3327/2858 3328/3328/2859 3323/3323/2854
f 3323/3323/2854 3328/3328/2859 3324/3324/2855
f 3329/3329/2860 3330/3330/2861 3327/3327/2858
f 3327/3327/2858 3330/3330/2861 3328/3328/2859
f 3331/3331/2862 3332/3332/2863 3329/3329/2860
f 3329/3329/2860 3332/3332/2863 3330/3330/2861
f 3333/3333/2864 3334/3334/2865 3331/3331/2862
f 3331/3331/2862 3334/3334/2865 3332/3332/2863
f 3335/3335/2866 3336/3336/2867 3333/3333/2864
f 3333/3333/2864 3336/3336/2867 3334/3334/2865
f 3337/3337/2868 3338/3338/2869 3335/3335/2866
f 3335/3335/2866 3338/3338/2869 3336/3336/2867
f 3339/3339/2870 3340/3340/2871 3337/3337/2868
f 3337/3337/2868 3340/3340/2871 3338/3338/2869
f 3339/3339/2870 3341/3341/2872 3340/3340/2871
f 3340/3340/2871 3341/3341/2872 3342/3342/2873
f 3341/3341/2872 3343/3343/2874 3342/3342/2873
f 3342/3342/2873 3343/3343/2874 3344/3344/2875
f 3343/3343/2874 3345/3345/2876 3344/3344/2875
f 3344/3344/2875 3345/3345/2876 3346/3346/2877
f 3345/3345/2876 3347/3347/2878 3346/3346/2877
f 3346/3346/2877 3347/3347/2878 3348/3348/2879
f 3347/3347/2878 3349/3349/2880 3348/3348/2879
f 3348/3348/2879 3349/3349/2880 3350/3350/2881
f 3349/3349/2880 3351/3351/2882 3350/3350/2881
f 3350/3350/2881 3351/3351/2882 3352/3352/2883
f 3351/3351/2882 3353/3353/2884 3352/3352/2883
f 3352/3352/2883 3353/3353/2884 3354/3354/2885
f 3353/3353/2884 3355/3355/2886 3354/3354/2885
f 3354/3354/2885 3355/3355/2886 3356/3356/2887
f 3355/3355/2886 3357/3357/2888 3356/3356/2887
f 3356/3356/2887 3357/3357/2888 3358/3358/2889
f 3357/3357/2888 3359/3359/2890 3358/3358/2889
f 3358/3358/2889 3359/3359/2890 3360/3360/2891
f 3361/3361/2892 3362/3362/2893 3359/3359/2890
f 3359/3359/2890 3362/3362/2893 3360/3360/2891
f 3325/3325/2856 3326/3326/2857 3363/3363/2894
f 3363/3363/2894 3326/3326/2857 3364/3364/2895
f 3365/3365/2896 3366/3366/2897 3367/3367/2898
f 3366/3366/2897 3368/3368/2899 3367/3367/2898
f 3368/3368/2899 3369/3369/2900 3367/3367/2898
f 3369/3369/2900 3370/3370/2901 3367/3367/2898
f 3370/3370/2901 3371/3371/2902 3367/3367/2898
f 3371/3371/2902 3372/3372/2903 3367/3367/2898
f 3372/3372/2903 3373/3373/2904 3367/3367/2898
f 3373/3373/2904 3374/3374/2905 3367/3367/2898
f 3374/3374/2905 3375/3375/2906 3367/3367/2898
f 3375/3375/2906 3376/3376/2907 3367/3367/2898
f 3376/3376/2907 3377/3377/2908 3367/3367/2898
f 3377/3377/2908 3378/3378/2909 3367/3367/2898
f 3378/3378/2909 3379/3379/2910 3367/3367/2898
f 3379/3379/2910 3380/3380/2911 3367/3367/2898
f 3380/3380/2911 3381/3381/2912 3367/3367/2898
f 3381/3381/2912 3382/3382/2913 3367/3367/2898
f 3382/3382/2913 3383/3383/2914 3367/3367/2898
f 3383/3383/2914 3384/3384/2915 3367/3367/2898
f 3384/3384/2915 3385/3385/2916 3367/3367/2898
f 3385/3385/2916 3365/3365/2896 3367/3367/2898
f 3386/3386/2917 3387/3387/2917 3388/3388/2918
f 3388/3388/2918 3387/3387/2917 3389/3389/2919
f 3387/3387/2917 3390/3390/2920 3389/3389/2919
f 3389/3389/2919 3390/3390/2920 3391/3391/2921
f 3390/3390/2920 3392/3392/2898 3391/3391/2921
f 3391/3391/2921 3392/3392/2898 3393/3393/2922
f 3392/3392/2898 3394/3394/2898 3393/3393/2922
f 3393/3393/2922 3394/3394/2898 3395/3395/2923
f 3394/3394/2898 3396/3396/2924 3395/3395/2923
f 3395/3395/2923 3396/3396/2924 3397/3397/2925
f 3396/3396/2924 3398/3398/2926 3397/3397/2925
f 3397/3397/2925 3398/3398/2926 3399/3399/2927
f 3398/3398/2926 3400/3400/2928 3399/3399/2927
f 3399/3399/2927 3400/3400/2928 3401/3401/2929
f 3400/3400/2928 3402/3402/2930 3401/3401/2929
f 3401/3401/2929 3402/3402/2930 3403/3403/2931
f 3402/3402/2930 3404/3404/2932 3403/3403/2931
f 3403/3403/2931 3404/3404/2932 3405/3405/2933
f 3404/3404/2932 3406/3406/2934 3405/3405/2933
f 3405/3405/2933 3406/3406/2934 3407/3407/2935
f 3406/3406/2934 3408/3408/2936 3407/3407/2935
f 3407/3407/2935 3408/3408/2936 3409/3409/2937
f 3408/3408/2936 3410/3410/2934 3409/3409/2937
f 3409/3409/2937 3410/3410/2934 3411/3411/2938
f 3410/3410/2934 3412/3412/2917 3411/3411/2938
f 3411/3411/2938 3412/3412/2917 3413/3413/2939
f 3412/3412/2917 3414/3414/2917 3413/3413/2939
f 3413/3413/2939 3414/3414/2917 3415/3415/2940
f 3414/3414/2917 3416/3416/2934 3415/3415/2940
f 3415/3415/2940 3416/3416/2934 3417/3417/2941
f 3416/3416/2934 3418/3418/2942 3417/3417/2941
f 3417/3417/2941 3418/3418/2942 3419/3419/2943
f 3418/3418/2942 3420/3420/2926 3419/3419/2943
f 3419/3419/2943 3420/3420/2926 3421/3421/2944
f 3420/3420/2926 3422/3422/2936 3421/3421/2944
f 3421/3421/2944 3422/3422/2936 3423/3423/2945
f 3422/3422/2936 3424/3424/2898 3423/3423/2945
f 3423/3423/2945 3424/3424/2898 3425/3425/2946
f 3424/3424/2898 3386/3386/2917 3425/3425/2946
f 3425/3425/2946 3386/3386/2917 3388/3388/2918
f 3388/3388/2918 3389/3389/2919 3426/3426/2947
f 3426/3426/2947 3389/3389/2919 3427/3427/2948
f 3389/3389/2919 3391/3391/2921 3427/3427/2948
f 3427/3427/2948 3391/3391/2921 3428/3428/2949
f 3391/3391/2921 3393/3393/2922 3428/3428/2949
f 3428/3428/2949 3393/3393/2922 3429/3429/2950
f 3393/3393/2922 3395/3395/2923 3429/3429/2950
f 3429/3429/2950 3395/3395/2923 3430/3430/2951
f 3395/3395/2923 3397/3397/2925 3430/3430/2951
f 3430/3430/2951 3397/3397/2925 3431/3431/2952
f 3397/3397/2925 3399/3399/2927 3431/3431/2952
f 3431/3431/2952 3399/3399/2927 3432/3432/2953
f 3399/3399/2927 3401/3401/2929 3432/3432/2953
f 3432/3432/2953 3401/3401/2929 3433/3433/2954
f 3401/3401/2929 3403/3403/2931 3433/3433/2954
f 3433/3433/2954 3403/3403/2931 3434/3434/2955
f 3403/3403/2931 3405/3405/2933 3434/3434/2955
f 3434/3434/2955 3405/3405/2933 3435/3435/2956
f 3405/3405/2933 3407/3407/2935 3435/3435/2956
f 3435/3435/2956 3407/3407/2935 3436/3436/2957
f 3407/3407/2935 3409/3409/2937 3436/3436/2957
f 3436/3436/2957 3409/3409/2937 3437/3437/2958
f 3409/3409/2937 3411/3411/2938 3437/3437/2958
f 3437/3437/2958 3411/3411/2938 3438/3438/2959
f 3411/3411/2938 3413/3413/2939 3438/3438/2959
f 3438/3438/2959 3413/3413/2939 3439/3439/2960
f 3413/3413/2939 3415/3415/2940 3439/3439/2960
f 3439/3439/2960 3415/3415/2940 3440/3440/2961
f 3415/3415/2940 3417/3417/2941 3440/3440/2961
f 3440/3440/2961 3417/3417/2941 3441/3441/2962
f 3417/3417/2941 3419/3419/2943 3441/3441/2962
f 3441/3441/2962 3419/3419/2943 3442/3442/2963
f 3419/3419/2943 3421/3421/2944 3442/3442/2963
f 3442/3442/2963 3421/3421/2944 3443/3443/2964
f 3421/3421/2944 3423/3423/2945 3443/3443/2964
f 3443/3443/2964 3423/3423/2945 3444/3444/2965
f 3423/3423/2945 3425/3425/2946 3444/3444/2965
f 3444/3444/2965 3425/3425/2946 3445/3445/2966
f 3425/3425/2946 3388/3388/2918 3445/3445/2966
f 3445/3445/2966 3388/3388/2918 3426/3426/2947
f 3426/3426/2947 3427/3427/2948 3446/3446/2967
f 3446/3446/2967 3427/3427/2948 3447/3447/2968
f 3427/3427/2948 3428/3428/2949 3447/3447/2968
f 3447/3447/2968 3428/3428/2949 3448/3448/2969
f 3428/3428/2949 3429/3429/2950 3448/3448/2969
f 3448/3448/2969 3429/3429/2950 3449/3449/2970
f 3429/3429/2950 3430/3430/2951 3449/3449/2970
f 3449/3449/2970 3430/3430/2951 3450/3450/2971
f 3430/3430/2951 3431/3431/2952 3450/3450/2971
f 3450/3450/2971 3431/3431/2952 3451/3451/2972
f 3431/3431/2952 3432/3432/2953 3451/3451/2972
f 3451/3451/2972 3432/3432/2953 3452/3452/2973
f 3432/3432/2953 3433/3433/2954 3452/3452/2973
f 3452/3452/2973 3433/3433/2954 3453/3453/2974
f 3433/3433/2954 3434/3434/2955 3453/3453/2974
f 3453/3453/2974 3434/3434/2955 3454/3454/2975
f 3434/3434/2955 3435/3435/2956 3454/3454/2975
f 3454/3454/2975 3435/3435/2956 3455/3455/2976
f 3435/3435/2956 3436/3436/2957 3455/3455/2976
f 3455/3455/2976 3436/3436/2957 3456/3456/2977
f 3436/3436/2957 3437/3437/2958 3456/3456/2977
f 3456/3456/2977 3437/3437/2958 3457/3457/2978
f 3437/3437/2958 3438/3438/2959 3457/3457/2978
f 3457/3457/2978 3438/3438/2959 3458/3458/2979
f 3438/3438/2959 3439/3439/2960 3458/3458/2979
f 3458/3458/2979 3439/3439/2960 3459/3459/2980
f 3439/3439/2960 3440/3440/2961 3459/3459/2980
f 3459/3459/2980 3440/3440/2961 3460/3460/2981
f 3440/3440/2961 3441/3441/2962 3460/3460/2981
f 3460/3460/2981 3441/3441/2962 3461/3461/2982
f 3441/3441/2962 3442/3442/2963 3461/3461/2982
f 3461/3461/2982 3442/3442/2963 3462/3462/2983
f 3442/3442/2963 3443/3443/2964 3462/3462/2983
f 3462/3462/2983 3443/3443/2964 3463/3463/2984
f 3443/3443/2964 3444/3444/2965 3463/3463/2984
f 3463/3463/2984 3444/3444/2965 3464/3464/2985
f 3444/3444/2965 3445/3445/2966 3464/3464/2985
f 3464/3464/2985 3445/3445/2966 3465/3465/2986
f 3445/3445/2966 3426/3426/2947 3465/3465/2986
f 3465/3465/2986 3426/3426/2947 3446/3446/2967
f 3446/3446/2967 3447/3447/2968 3466/3466/2987
f 3466/3466/2987 3447/3447/2968 3467/3467/2988
f 3447/3447/2968 3448/3448/2969 3467/3467/2988
f 3467/3467/2988 3448/3448/2969 3468/3468/2989
f 3448/3448/2969 3449/3449/2970 3468/3468/2989
f 3468/3468/2989 3449/3449/2970 3469/3469/2990
f 3449/3449/2970 3450/3450/2971 3469/3469/2990
f 3469/3469/2990 3450/3450/2971 3470/3470/2991
f 3450/3450/2971 3451/3451/2972 3470/3470/2991
f 3470/3470/2991 3451/3451/2972 3471/3471/2992
f 3451/3451/2972 3452/3452/2973 3471/3471/2992
f 3471/3471/2992 3452/3452/2973 3472/3472/2993
f 3452/3452/2973 3453/3453/2974 3472/3472/2993
f 3472/3472/2993 3453/3453/2974 3473/3473/2994
f 3453/3453/2974 3454/3454/2975 3473/3473/2994
f 3473/3473/2994 3454/3454/2975 3474/3474/2995
f 3454/3454/2975 3455/3455/2976 3474/3474/2995
f 3474/3474/2995 3455/3455/2976 3475/3475/2996
f 3455/3455/2976 3456/3456/2977 3475/3475/2996
f 3475/3475/2996 3456/3456/2977 3476/3476/2997
f 3456/3456/2977 3457/3457/2978 3476/3476/2997
f 3476/3476/2997 3457/3457/2978 3477/3477/2998
f 3457/3457/2978 3458/3458/2979 3477/3477/2998
f 3477/3477/2998 3458/3458/2979 3478/3478/2999
f 3458/3458/2979 3459/3459/2980 3478/3478/2999
f 3478/3478/2999 3459/3459/2980 3479/3479/3000
f 3459/3459/2980 3460/3460/2981 3479/3479/3000
f 3479/3479/3000 3460/3460/2981 3480/3480/3001
f 3460/3460/2981 3461/3461/2982 3480/3480/3001
f 3480/3480/3001 3461/3461/2982 3481/3481/3002
f 3461/3461/2982 3462/3462/2983 3481/3481/3002
f 3481/3481/3002 3462/3462/2983 3482/3482/3003
f 3462/3462/2983 3463/3463/2984 3482/3482/3003
f 3482/3482/3003 3463/3463/2984 3483/3483/3004
f 3463/3463/2984 3464/3464/2985 3483/3483/3004
f 3483/3483/3004 3464/3464/2985 3484/3484/3005
f 3464/3464/2985 3465/3465/2986 3484/3484/3005
f 3484/3484/3005 3465/3465/2986 3485/3485/3006
f 3465/3465/2986 3446/3446/2967 3485/3485/3006
f 3485/3485/3006 3446/3446/2967 3466/3466/2987
f 3466/3466/2987 3467/3467/2988 3365/3365/2896
f 3365/3365/2896 3467/3467/2988 3366/3366/2897
f 3467/3467/2988 3468/3468/2989 3366/3366/2897
f 3366/3366/2897 3468/3468/2989 3368/3368/2899
f 3468/3468/2989 3469/3469/2990 3368/3368/2899
f 3368/3368/2899 3469/3469/2990 3369/3369/2900
f 3469/3469/2990 3470/3470/2991 3369/3369/2900
f 3369/3369/2900 3470/3470/2991 3370/3370/2901
f 3470/3470/2991 3471/3471/2992 3370/3370/2901
f 3370/3370/2901 3471/3471/2992 3371/3371/2902
f 3471/3471/2992 3472/3472/2993 3371/3371/2902
f 3371/3371/2902 3472/3472/2993 3372/3372/2903
f 3472/3472/2993 3473/3473/2994 3372/3372/2903
f 3372/3372/2903 3473/3473/2994 3373/3373/2904
f 3473/3473/2994 3474/3474/2995 3373/3373/2904
f 3373/3373/2904 3474/3474/2995 3374/3374/2905
f 3474/3474/2995 3475/3475/2996 3374/3374/2905
f 3374/3374/2905 3475/3475/2996 3375/3375/2906
f 3475/3475/2996 3476/3476/2997 3375/3375/2906
f 3375/3375/2906 3476/3476/2997 3376/3376/2907
f 3476/3476/2997 3477/3477/2998 3376/3376/2907
f 3376/3376/2907 3477/3477/2998 3377/3377/2908
f 3477/3477/2998 3478/3478/2999 3377/3377/2908
f 3377/3377/2908 3478/3478/2999 3378/3378/2909
f 3478/3478/2999 3479/3479/3000 3378/3378/2909
f 3378/3378/2909 3479/3479/3000 3379/3379/2910
f 3479/3479/3000 3480/3480/3001 3379/3379/2910
f 3379/3379/2910 3480/3480/3001 3380/3380/2911
f 3480/3480/3001 3481/3481/3002 3380/3380/2911
f 3380/3380/2911 3481/3481/3002 3381/3381/2912
f 3481/3481/3002 3482/3482/3003 3381/3381/2912
f 3381/3381/2912 3482/3482/3003 3382/3382/2913
f 3482/3482/3003 3483/3483/3004 3382/3382/2913
f 3382/3382/2913 3483/3483/3004 3383/3383/2914
f 3483/3483/3004 3484/3484/3005 3383/3383/2914
f 3383/3383/2914 3484/3484/3005 3384/3384/2915
f 3484/3484/3005 3485/3485/3006 3384/3384/2915
f 3384/3384/2915 3485/3485/3006 3385/3385/2916
f 3485/3485/3006 3466/3466/2987 3385/3385/2916
f 3385/3385/2916 3466/3466/2987 3365/3365/2896
f 3486/3486/3007 3487/3487/3008 3488/3488/3009
f 3487/3487/3008 3489/3489/3009 3488/3488/3009
f 3489/3489/3009 3490/3490/3009 3488/3488/3009
f 3490/3490/3009 3491/3491/3008 3488/3488/3009
f 3491/3491/3008 3492/3492/3009 3488/3488/3009
f 3492/3492/3009 3493/3493/3009 3488/3488/3009
f 3493/3493/3009 3494/3494/3007 3488/3488/3009
f 3494/3494/3007 3495/3495/3010 3488/3488/3009
f 3495/3495/3010 3496/3496/3010 3488/3488/3009
f 3496/3496/3010 3497/3497/3009 3488/3488/3009
f 3497/3497/3009 3498/3498/3007 3488/3488/3009
f 3498/3498/3007 3499/3499/3011 3488/3488/3009
f 3499/3499/3011 3500/3500/3011 3488/3488/3009
f 3500/3500/3011 3501/3501/3012 3488/3488/3009
f 3501/3501/3012 3502/3502/3013 3488/3488/3009
f 3502/3502/3013 3503/3503/3013 3488/3488/3009
f 3503/3503/3013 3504/3504/3013 3488/3488/3009
f 3504/3504/3013 3505/3505/3014 3488/3488/3009
f 3505/3505/3014 3506/3506/3012 3488/3488/3009
f 3506/3506/3012 3486/3486/3007 3488/3488/3009
f 3507/3507/3015 3508/3508/3016 3509/3509/3017
f 3509/3509/3017 3508/3508/3016 3510/3510/3018
f 3508/3508/3016 3507/3507/3015 3511/3511/3019
f 3511/3511/3019 3507/3507/3015 3512/3512/3020
f 3511/3511/3019 3512/3512/3020 3513/3513/3021
f 3513/3513/3021 3512/3512/3020 3514/3514/3022
f 3513/3513/3021 3514/3514/3022 3515/3515/3023
f 3515/3515/3023 3514/3514/3022 3516/3516/3024
f 3515/3515/3023 3516/3516/3024 3517/3517/3025
f 3517/3517/3025 3516/3516/3024 3518/3518/3026
f 3517/3517/3025 3518/3518/3026 3519/3519/3027
f 3519/3519/3027 3518/3518/3026 3520/3520/3028
f 3519/3519/3027 3520/3520/3028 3521/3521/3029
f 3521/3521/3029 3520/3520/3028 3522/3522/3030
f 3521/3521/3029 3522/3522/3030 3523/3523/3031
f 3523/3523/3031 3522/3522/3030 3524/3524/3032
f 3523/3523/3031 3524/3524/3032 3525/3525/3033
f 3525/3525/3033 3524/3524/3032 3526/3526/3034
f 3525/3525/3033 3526/3526/3034 3527/3527/3035
f 3527/3527/3035 3526/3526/3034 3528/3528/3036
f 3527/3527/3035 3528/3528/3036 3529/3529/3037
f 3529/3529/3037 3528/3528/3036 3530/3530/3038
f 3529/3529/3037 3530/3530/3038 3531/3531/3039
f 3531/3531/3039 3530/3530/3038 3532/3532/3040
f 3531/3531/3039 3532/3532/3040 3533/3533/3041
f 3533/3533/3041 3532/3532/3040 3534/3534/3042
f 3533/3533/3041 3534/3534/3042 3535/3535/3043
f 3535/3535/3043 3534/3534/3042 3536/3536/3044
f 3535/3535/3043 3536/3536/3044 3537/3537/3045
f 3537/3537/3045 3536/3536/3044 3538/3538/3046
f 3537/3537/3045 3538/3538/3046 3539/3539/3047
f 3539/3539/3047 3538/3538/3046 3540/3540/3048
f 3539/3539/3047 3540/3540/3048 3541/3541/3049
f 3541/3541/3049 3540/3540/3048 3542/3542/3050
f 3541/3541/3049 3542/3542/3050 3543/3543/3051
f 3543/3543/3051 3542/3542/3050 3544/3544/3052
f 3543/3543/3051 3544/3544/3052 3545/3545/3053
f 3545/3545/3053 3544/3544/3052 3546/3546/3054
f 3545/3545/3053 3546/3546/3054 3547/3547/3055
f 3547/3547/3055 3546/3546/3054 3548/3548/3056
f 3549/3549/3057 3550/3550/3058 3507/3507/3015
f 3507/3507/3015 3550/3550/3058 3512/3512/3020
f 3550/3550/3058 3551/3551/3059 3512/3512/3020
f 3512/3512/3020 3551/3551/3059 3514/3514/3022
f 3551/3551/3059 3552/3552/3060 3514/3514/3022
f 3514/3514/3022 3552/3552/3060 3516/3516/3024
f 3552/3552/3060 3553/3553/3061 3516/3516/3024
f 3516/3516/3024 3553/3553/3061 3518/3518/3026
f 3553/3553/3061 3554/3554/3062 3518/3518/3026
f 3518/3518/3026 3554/3554/3062 3520/3520/3028
f 3554/3554/3062 3555/3555/3063 3520/3520/3028
f 3520/3520/3028 3555/3555/3063 3522/3522/3030
f 3555/3555/3063 3556/3556/3064 3522/3522/3030
f 3522/3522/3030 3556/3556/3064 3524/3524/3032
f 3556/3556/3064 3557/3557/3065 3524/3524/3032
f 3524/3524/3032 3557/3557/3065 3526/3526/3034
f 3557/3557/3065 3558/3558/3066 3526/3526/3034
f 3526/3526/3034 3558/3558/3066 3528/3528/3036
f 3558/3558/3066 3559/3559/3067 3528/3528/3036
f 3528/3528/3036 3559/3559/3067 3530/3530/3038
f 3559/3559/3067 3560/3560/3068 3530/3530/3038
f 3530/3530/3038 3560/3560/3068 3532/3532/3040
f 3560/3560/3068 3561/3561/3069 3532/3532/3040
f 3532/3532/3040 3561/3561/3069 3534/3534/3042
f 3561/3561/3069 3562/3562/3070 3534/3534/3042
f 3534/3534/3042 3562/3562/3070 3536/3536/3044
f 3562/3562/3070 3563/3563/3071 3536/3536/3044
f 3536/3536/3044 3563/3563/3071 3538/3538/3046
f 3563/3563/3071 3564/3564/3072 3538/3538/3046
f 3538/3538/3046 3564/3564/3072 3540/3540/3048
f 3564/3564/3072 3565/3565/3073 3540/3540/3048
f 3540/3540/3048 3565/3565/3073 3542/3542/3050
f 3565/3565/3073 3566/3566/3074 3542/3542/3050
f 3542/3542/3050 3566/3566/3074 3544/3544/3052
f 3566/3566/3074 3567/3567/3075 3544/3544/3052
f 3544/3544/3052 3567/3567/3075 3546/3546/3054
f 3567/3567/3075 3568/3568/3076 3546/3546/3054
f 3546/3546/3054 3568/3568/3076 3548/3548/3056
f 3569/3569/3077 3549/3549/3057 3509/3509/3017
f 3509/3509/3017 3549/3549/3057 3507/3507/3015
f 3508/3508/3016 3511/3511/3019 3570/3570/3078
f 3570/3570/3078 3511/3511/3019 3571/3571/3079
f 3511/3511/3019 3513/3513/3021 3571/3571/3079
f 3571/3571/3079 3513/3513/3021 3572/3572/3080
f 3513/3513/3021 3515/3515/3023 3572/3572/3080
f 3572/3572/3080 3515/3515/3023 3573/3573/3081
f 3515/3515/3023 3517/3517/3025 3573/3573/3081
f 3573/3573/3081 3517/3517/3025 3574/3574/3082
f 3517/3517/3025 3519/3519/3027 3574/3574/3082
f 3574/3574/3082 3519/3519/3027 3575/3575/3083
f 3519/3519/3027 3521/3521/3029 3575/3575/3083
f 3575/3575/3083 3521/3521/3029 3576/3576/3084
f 3521/3521/3029 3523/3523/3031 3576/3576/3084
f 3576/3576/3084 3523/3523/3031 3577/3577/3085
f 3523/3523/3031 3525/3525/3033 3577/3577/3085
f 3577/3577/3085 3525/3525/3033 3578/3578/3086
f 3525/3525/3033 3527/3527/3035 3578/3578/3086
f 3578/3578/3086 3527/3527/3035 3579/3579/3087
f 3527/3527/3035 3529/3529/3037 3579/3579/3087
f 3579/3579/3087 3529/3529/3037 3580/3580/3088
f 3529/3529/3037 3531/3531/3039 3580/3580/3088
f 3580/3580/3088 3531/3531/3039 3581/3581/3089
f 3531/3531/3039 3533/3533/3041 3581/3581/3089
f 3581/3581/3089 3533/3533/3041 3582/3582/3090
f 3533/3533/3041 3535/3535/3043 3582/3582/3090
f 3582/3582/3090 3535/3535/3043 3583/3583/3091
f 3535/3535/3043 3537/3537/3045 3583/3583/3091
f 3583/3583/3091 3537/3537/3045 3584/3584/3092
f 3537/3537/3045 3539/3539/3047 3584/3584/3092
f 3584/3584/3092 3539/3539/3047 3585/3585/3093
f 3539/3539/3047 3541/3541/3049 3585/3585/3093
f 3585/3585/3093 3541/3541/3049 3586/3586/3094
f 3541/3541/3049 3543/3543/3051 3586/3586/3094
f 3586/3586/3094 3543/3543/3051 3587/3587/3095
f 3543/3543/3051 3545/3545/3053 3587/3587/3095
f 3587/3587/3095 3545/3545/3053 3588/3588/3096
f 3545/3545/3053 3547/3547/3055 3588/3588/3096
f 3588/3588/3096 3547/3547/3055 3589/3589/3097
f 3510/3510/3018 3508/3508/3016 3590/3590/3098
f 3590/3590/3098 3508/3508/3016 3570/3570/3078
f 3591/3591/3099 3592/3592/3100 3593/3593/3101
f 3593/3593/3101 3592/3592/3100 3594/3594/3102
f 3595/3595/3103 3596/3596/3104 3591/3591/3099
f 3591/3591/3099 3596/3596/3104 3592/3592/3100
f 3597/3597/3105 3598/3598/3106 3595/3595/3103
f 3595/3595/3103 3598/3598/3106 3596/3596/3104
f 3599/3599/3107 3600/3600/3108 3597/3597/3105
f 3597/3597/3105 3600/3600/3108 3598/3598/3106
f 3601/3601/3109 3602/3602/3110 3599/3599/3107
f 3599/3599/3107 3602/3602/3110 3600/3600/3108
f 3603/3603/3111 3604/3604/3112 3601/3601/3109
f 3601/3601/3109 3604/3604/3112 3602/3602/3110
f 3605/3605/3113 3606/3606/3114 3603/3603/3111
f 3603/3603/3111 3606/3606/3114 3604/3604/3112
f 3607/3607/3115 3608/3608/3116 3605/3605/3113
f 3605/3605/3113 3608/3608/3116 3606/3606/3114
f 3607/3607/3115 3609/3609/3117 3608/3608/3116
f 3608/3608/3116 3609/3609/3117 3610/3610/3118
f 3609/3609/3117 3611/3611/3119 3610/3610/3118
f 3610/3610/3118 3611/3611/3119 3612/3612/3120
f 3611/3611/3119 3613/3613/3121 3612/3612/3120
f 3612/3612/3120 3613/3613/3121 3614/3614/3122
f 3613/3613/3121 3615/3615/3123 3614/3614/3122
f 3614/3614/3122 3615/3615/3123 3616/3616/3124
f 3615/3615/3123 3617/3617/3125 3616/3616/3124
f 3616/3616/3124 3617/3617/3125 3618/3618/3126
f 3617/3617/3125 3619/3619/3127 3618/3618/3126
f 3618/3618/3126 3619/3619/3127 3620/3620/3128
f 3619/3619/3127 3621/3621/3129 3620/3620/3128
f 3620/3620/3128 3621/3621/3129 3622/3622/3130
f 3621/3621/3129 3623/3623/3131 3622/3622/3130
f 3622/3622/3130 3623/3623/3131 3624/3624/3132
f 3623/3623/3131 3625/3625/3133 3624/3624/3132
f 3624/3624/3132 3625/3625/3133 3626/3626/3134
f 3625/3625/3133 3627/3627/3135 3626/3626/3134
f 3626/3626/3134 3627/3627/3135 3628/3628/3135
f 3629/3629/3136 3630/3630/3137 3627/3627/3135
f 3627/3627/3135 3630/3630/3137 3628/3628/3135
f 3593/3593/3101 3594/3594/3102 3631/3631/3138
f 3631/3631/3138 3594/3594/3102 3632/3632/3139
f 3633/3633/2896 3634/3634/3140 3635/3635/2898
f 3634/3634/3140 3636/3636/2899 3635/3635/2898
f 3636/3636/2899 3637/3637/2900 3635/3635/2898
f 3637/3637/2900 3638/3638/3141 3635/3635/2898
f 3638/3638/3141 3639/3639/2902 3635/3635/2898
f 3639/3639/2902 3640/3640/2903 3635/3635/2898
f 3640/3640/2903 3641/3641/2904 3635/3635/2898
f 3641/3641/2904 3642/3642/3142 3635/3635/2898
f 3642/3642/3142 3643/3643/3143 3635/3635/2898
f 3643/3643/3143 3644/3644/2907 3635/3635/2898
f 3644/3644/2907 3645/3645/3144 3635/3635/2898
f 3645/3645/3144 3646/3646/2909 3635/3635/2898
f 3646/3646/2909 3647/3647/3145 3635/3635/2898
f 3647/3647/3145 3648/3648/3146 3635/3635/2898
f 3648/3648/3146 3649/3649/3147 3635/3635/2898
f 3649/3649/3147 3650/3650/2913 3635/3635/2898
f 3650/3650/2913 3651/3651/2914 3635/3635/2898
f 3651/3651/2914 3652/3652/2915 3635/3635/2898
f 3652/3652/2915 3653/3653/3148 3635/3635/2898
f 3653/3653/3148 3633/3633/2896 3635/3635/2898
f 3654/3654/3149 3655/3655/3150 3656/3656/2918
f 3656/3656/2918 3655/3655/3150 3657/3657/2919
f 3655/3655/3150 3658/3658/2920 3657/3657/2919
f 3657/3657/2919 3658/3658/2920 3659/3659/3151
f 3658/3658/2920 3660/3660/2930 3659/3659/3151
f 3659/3659/3151 3660/3660/2930 3661/3661/3152
f 3660/3660/2930 3662/3662/2898 3661/3661/3152
f 3661/3661/3152 3662/3662/2898 3663/3663/3153
f 3662/3662/2898 3664/3664/2924 3663/3663/3153
f 3663/3663/3153 3664/3664/2924 3665/3665/2925
f 3664/3664/2924 3666/3666/2926 3665/3665/2925
f 3665/3665/2925 3666/3666/2926 3667/3667/3154
f 3666/3666/2926 3668/3668/3155 3667/3667/3154
f 3667/3667/3154 3668/3668/3155 3669/3669/3156
f 3668/3668/3155 3670/3670/2898 3669/3669/3156
f 3669/3669/3156 3670/3670/2898 3671/3671/2931
f 3670/3670/2898 3672/3672/2898 3671/3671/2931
f 3671/3671/2931 3672/3672/2898 3673/3673/2933
f 3672/3672/2898 3674/3674/2934 3673/3673/2933
f 3673/3673/2933 3674/3674/2934 3675/3675/2935
f 3674/3674/2934 3676/3676/2936 3675/3675/2935
f 3675/3675/2935 3676/3676/2936 3677/3677/3157
f 3676/3676/2936 3678/3678/2917 3677/3677/3157
f 3677/3677/3157 3678/3678/2917 3679/3679/2938
f 3678/3678/2917 3680/3680/3158 3679/3679/2938
f 3679/3679/2938 3680/3680/3158 3681/3681/2939
f 3680/3680/3158 3682/3682/2942 3681/3681/2939
f 3681/3681/2939 3682/3682/2942 3683/3683/3159
f 3682/3682/2942 3684/3684/3160 3683/3683/3159
f 3683/3683/3159 3684/3684/3160 3685/3685/2941
f 3684/3684/3160 3686/3686/2942 3685/3685/2941
f 3685/3685/2941 3686/3686/2942 3687/3687/2943
f 3686/3686/2942 3688/3688/2936 3687/3687/2943
f 3687/3687/2943 3688/3688/2936 3689/3689/3161
f 3688/3688/2936 3690/3690/3155 3689/3689/3161
f 3689/3689/3161 3690/3690/3155 3691/3691/2945
f 3690/3690/3155 3692/3692/2898 3691/3691/2945
f 3691/3691/2945 3692/3692/2898 3693/3693/2946
f 3692/3692/2898 3654/3654/3149 3693/3693/2946
f 3693/3693/2946 3654/3654/3149 3656/3656/2918
f 3656/3656/2918 3657/3657/2919 3694/3694/3162
f 3694/3694/3162 3657/3657/2919 3695/3695/2948
f 3657/3657/2919 3659/3659/3151 3695/3695/2948
f 3695/3695/2948 3659/3659/3151 3696/3696/3163
f 3659/3659/3151 3661/3661/3152 3696/3696/3163
f 3696/3696/3163 3661/3661/3152 3697/3697/2950
f 3661/3661/3152 3663/3663/3153 3697/3697/2950
f 3697/3697/2950 3663/3663/3153 3698/3698/2951
f 3663/3663/3153 3665/3665/2925 3698/3698/2951
f 3698/3698/2951 3665/3665/2925 3699/3699/2952
f 3665/3665/2925 3667/3667/3154 3699/3699/2952
f 3699/3699/2952 3667/3667/3154 3700/3700/2953
f 3667/3667/3154 3669/3669/3156 3700/3700/2953
f 3700/3700/2953 3669/3669/3156 3701/3701/2954
f 3669/3669/3156 3671/3671/2931 3701/3701/2954
f 3701/3701/2954 3671/3671/2931 3702/3702/2955
f 3671/3671/2931 3673/3673/2933 3702/3702/2955
f 3702/3702/2955 3673/3673/2933 3703/3703/2956
f 3673/3673/2933 3675/3675/2935 3703/3703/2956
f 3703/3703/2956 3675/3675/2935 3704/3704/2957
f 3675/3675/2935 3677/3677/3157 3704/3704/2957
f 3704/3704/2957 3677/3677/3157 3705/3705/3164
f 3677/3677/3157 3679/3679/2938 3705/3705/3164
f 3705/3705/3164 3679/3679/2938 3706/3706/2959
f 3679/3679/2938 3681/3681/2939 3706/3706/2959
f 3706/3706/2959 3681/3681/2939 3707/3707/3165
f 3681/3681/2939 3683/3683/3159 3707/3707/3165
f 3707/3707/3165 3683/3683/3159 3708/3708/2961
f 3683/3683/3159 3685/3685/2941 3708/3708/2961
f 3708/3708/2961 3685/3685/2941 3709/3709/2962
f 3685/3685/2941 3687/3687/2943 3709/3709/2962
f 3709/3709/2962 3687/3687/2943 3710/3710/2963
f 3687/3687/2943 3689/3689/3161 3710/3710/2963
f 3710/3710/2963 3689/3689/3161 3711/3711/3166
f 3689/3689/3161 3691/3691/2945 3711/3711/3166
f 3711/3711/3166 3691/3691/2945 3712/3712/2965
f 3691/3691/2945 3693/3693/2946 3712/3712/2965
f 3712/3712/2965 3693/3693/2946 3713/3713/2966
f 3693/3693/2946 3656/3656/2918 3713/3713/2966
f 3713/3713/2966 3656/3656/2918 3694/3694/3162
f 3694/3694/3162 3695/3695/2948 3714/3714/2967
f 3714/3714/2967 3695/3695/2948 3715/3715/2968
f 3695/3695/2948 3696/3696/3163 3715/3715/2968
f 3715/3715/2968 3696/3696/3163 3716/3716/2969
f 3696/3696/3163 3697/3697/2950 3716/3716/2969
f 3716/3716/2969 3697/3697/2950 3717/3717/3167
f 3697/3697/2950 3698/3698/2951 3717/3717/3167
f 3717/3717/3167 3698/3698/2951 3718/3718/2971
f 3698/3698/2951 3699/3699/2952 3718/3718/2971
f 3718/3718/2971 3699/3699/2952 3719/3719/3168
f 3699/3699/2952 3700/3700/2953 3719/3719/3168
f 3719/3719/3168 3700/3700/2953 3720/3720/2973
f 3700/3700/2953 3701/3701/2954 3720/3720/2973
f 3720/3720/2973 3701/3701/2954 3721/3721/2974
f 3701/3701/2954 3702/3702/2955 3721/3721/2974
f 3721/3721/2974 3702/3702/2955 3722/3722/2975
f 3702/3702/2955 3703/3703/2956 3722/3722/2975
f 3722/3722/2975 3703/3703/2956 3723/3723/3169
f 3703/3703/2956 3704/3704/2957 3723/3723/3169
f 3723/3723/3169 3704/3704/2957 3724/3724/2977
f 3704/3704/2957 3705/3705/3164 3724/3724/2977
f 3724/3724/2977 3705/3705/3164 3725/3725/3170
f 3705/3705/3164 3706/3706/2959 3725/3725/3170
f 3725/3725/3170 3706/3706/2959 3726/3726/2979
f 3706/3706/2959 3707/3707/3165 3726/3726/2979
f 3726/3726/2979 3707/3707/3165 3727/3727/2980
f 3707/3707/3165 3708/3708/2961 3727/3727/2980
f 3727/3727/2980 3708/3708/2961 3728/3728/3171
f 3708/3708/2961 3709/3709/2962 3728/3728/3171
f 3728/3728/3171 3709/3709/2962 3729/3729/3172
f 3709/3709/2962 3710/3710/2963 3729/3729/3172
f 3729/3729/3172 3710/3710/2963 3730/3730/3173
f 3710/3710/2963 3711/3711/3166 3730/3730/3173
f 3730/3730/3173 3711/3711/3166 3731/3731/2984
f 3711/3711/3166 3712/3712/2965 3731/3731/2984
f 3731/3731/2984 3712/3712/2965 3732/3732/3174
f 3712/3712/2965 3713/3713/2966 3732/3732/3174
f 3732/3732/3174 3713/3713/2966 3733/3733/2986
f 3713/3713/2966 3694/3694/3162 3733/3733/2986
f 3733/3733/2986 3694/3694/3162 3714/3714/2967
f 3714/3714/2967 3715/3715/2968 3734/3734/3175
f 3734/3734/3175 3715/3715/2968 3735/3735/3176
f 3715/3715/2968 3716/3716/2969 3735/3735/3176
f 3735/3735/3176 3716/3716/2969 3736/3736/2989
f 3716/3716/2969 3717/3717/3167 3736/3736/2989
f 3736/3736/2989 3717/3717/3167 3737/3737/2990
f 3717/3717/3167 3718/3718/2971 3737/3737/2990
f 3737/3737/2990 3718/3718/2971 3738/3738/2991
f 3718/3718/2971 3719/3719/3168 3738/3738/2991
f 3738/3738/2991 3719/3719/3168 3739/3739/3177
f 3719/3719/3168 3720/3720/2973 3739/3739/3177
f 3739/3739/3177 3720/3720/2973 3740/3740/3178
f 3720/3720/2973 3721/3721/2974 3740/3740/3178
f 3740/3740/3178 3721/3721/2974 3741/3741/2994
f 3721/3721/2974 3722/3722/2975 3741/3741/2994
f 3741/3741/2994 3722/3722/2975 3742/3742/2995
f 3722/3722/2975 3723/3723/3169 3742/3742/2995
f 3742/3742/2995 3723/3723/3169 3743/3743/3179
f 3723/3723/3169 3724/3724/2977 3743/3743/3179
f 3743/3743/3179 3724/3724/2977 3744/3744/2997
f 3724/3724/2977 3725/3725/3170 3744/3744/2997
f 3744/3744/2997 3725/3725/3170 3745/3745/2998
f 3725/3725/3170 3726/3726/2979 3745/3745/2998
f 3745/3745/2998 3726/3726/2979 3746/3746/2999
f 3726/3726/2979 3727/3727/2980 3746/3746/2999
f 3746/3746/2999 3727/3727/2980 3747/3747/3180
f 3727/3727/2980 3728/3728/3171 3747/3747/3180
f 3747/3747/3180 3728/3728/3171 3748/3748/3001
f 3728/3728/3171 3729/3729/3172 3748/3748/3001
f 3748/3748/3001 3729/3729/3172 3749/3749/3181
f 3729/3729/3172 3730/3730/3173 3749/3749/3181
f 3749/3749/3181 3730/3730/3173 3750/3750/3182
f 3730/3730/3173 3731/3731/2984 3750/3750/3182
f 3750/3750/3182 3731/3731/2984 3751/3751/3004
f 3731/3731/2984 3732/3732/3174 3751/3751/3004
f 3751/3751/3004 3732/3732/3174 3752/3752/3005
f 3732/3732/3174 3733/3733/2986 3752/3752/3005
f 3752/3752/3005 3733/3733/2986 3753/3753/3006
f 3733/3733/2986 3714/3714/2967 3753/3753/3006
f 3753/3753/3006 3714/3714/2967 3734/3734/3175
f 3734/3734/3175 3735/3735/3176 3633/3633/2896
f 3633/3633/2896 3735/3735/3176 3634/3634/3140
f 3735/3735/3176 3736/3736/2989 3634/3634/3140
f 3634/3634/3140 3736/3736/2989 3636/3636/2899
f 3736/3736/2989 3737/3737/2990 3636/3636/2899
f 3636/3636/2899 3737/3737/2990 3637/3637/2900
f 3737/3737/2990 3738/3738/2991 3637/3637/2900
f 3637/3637/2900 3738/3738/2991 3638/3638/3141
f 3738/3738/2991 3739/3739/3177 3638/3638/3141
f 3638/3638/3141 3739/3739/3177 3639/3639/2902
f 3739/3739/3177 3740/3740/3178 3639/3639/2902
f 3639/3639/2902 3740/3740/3178 3640/3640/2903
f 3740/3740/3178 3741/3741/2994 3640/3640/2903
f 3640/3640/2903 3741/3741/2994 3641/3641/2904
f 3741/3741/2994 3742/3742/2995 3641/3641/2904
f 3641/3641/2904 3742/3742/2995 3642/3642/3142
f 3742/3742/2995 3743/3743/3179 3642/3642/3142
f 3642/3642/3142 3743/3743/3179 3643/3643/3143
f 3743/3743/3179 3744/3744/2997 3643/3643/3143
f 3643/3643/3143 3744/3744/2997 3644/3644/2907
f 3744/3744/2997 3745/3745/2998 3644/3644/2907
f 3644/3644/2907 3745/3745/2998 3645/3645/3144
f 3745/3745/2998 3746/3746/2999 3645/3645/3144
f 3645/3645/3144 3746/3746/2999 3646/3646/2909
f 3746/3746/2999 3747/3747/3180 3646/3646/2909
f 3646/3646/2909 3747/3747/3180 3647/3647/3145
f 3747/3747/3180 3748/3748/3001 3647/3647/3145
f 3647/3647/3145 3748/3748/3001 3648/3648/3146
f 3748/3748/3001 3749/3749/3181 3648/3648/3146
f 3648/3648/3146 3749/3749/3181 3649/3649/3147
f 3749/3749/3181 3750/3750/3182 3649/3649/3147
f 3649/3649/3147 3750/3750/3182 3650/3650/2913
f 3750/3750/3182 3751/3751/3004 3650/3650/2913
f 3650/3650/2913 3751/3751/3004 3651/3651/2914
f 3751/3751/3004 3752/3752/3005 3651/3651/2914
f 3651/3651/2914 3752/3752/3005 3652/3652/2915
f 3752/3752/3005 3753/3753/3006 3652/3652/2915
f 3652/3652/2915 3753/3753/3006 3653/3653/3148
f 3753/3753/3006 3734/3734/3175 3653/3653/3148
f 3653/3653/3148 3734/3734/3175 3633/3633/2896
f 3754/3754/3183 3755/3755/3184 3756/3756/3185
f 3756/3756/3185 3755/3755/3184 3757/3757/3185
f 3758/3758/3186 3759/3759/3187 3760/3760/3188
f 3760/3760/3188 3759/3759/3187 3761/3761/3189
f 3762/3762/3190 3763/3763/3191 3764/3764/3192
f 3764/3764/3192 3763/3763/3191 3765/3765/3193
f 3766/3766/3194 3767/3767/3194 3768/3768/3195
f 3768/3768/3195 3767/3767/3194 3769/3769/3196
f 3754/3754/3183 3770/3770/3197 3755/3755/3184
f 3755/3755/3184 3770/3770/3197 3771/3771/3198
f 3770/3770/3197 3772/3772/3199 3771/3771/3198
f 3771/3771/3198 3772/3772/3199 3773/3773/3200
f 3772/3772/3199 3774/3774/3201 3773/3773/3200
f 3773/3773/3200 3774/3774/3201 3775/3775/3202
f 3774/3774/3201 3768/3768/3195 3775/3775/3202
f 3775/3775/3202 3768/3768/3195 3769/3769/3196
f 3758/3758/3186 3776/3776/3203 3759/3759/3187
f 3759/3759/3187 3776/3776/3203 3777/3777/3204
f 3776/3776/3203 3778/3778/3205 3777/3777/3204
f 3777/3777/3204 3778/3778/3205 3779/3779/3205
f 3778/3778/3205 3780/3780/3206 3779/3779/3205
f 3779/3779/3205 3780/3780/3206 3781/3781/3206
f 3780/3780/3206 3756/3756/3185 3781/3781/3206
f 3781/3781/3206 3756/3756/3185 3757/3757/3185
f 3762/3762/3190 3782/3782/3207 3763/3763/3191
f 3763/3763/3191 3782/3782/3207 3783/3783/3207
f 3782/3782/3207 3784/3784/3208 3783/3783/3207
f 3783/3783/3207 3784/3784/3208 3785/3785/3209
f 3784/3784/3208 3786/3786/3210 3785/3785/3209
f 3785/3785/3209 3786/3786/3210 3787/3787/3210
f 3786/3786/3210 3760/3760/3188 3787/3787/3210
f 3787/3787/3210 3760/3760/3188 3761/3761/3189
f 3788/3788/3211 3789/3789/3212 3790/3790/3211
f 3790/3790/3211 3789/3789/3212 3791/3791/3213
f 3789/3789/3212 3792/3792/3214 3791/3791/3213
f 3791/3791/3213 3792/3792/3214 3793/3793/3215
f 3792/3792/3214 3794/3794/3216 3793/3793/3215
f 3793/3793/3215 3794/3794/3216 3795/3795/3216
f 3794/3794/3216 3764/3764/3192 3795/3795/3216
f 3795/3795/3216 3764/3764/3192 3765/3765/3193
f 3796/3796/3217 3797/3797/3218 3798/3798/3219
f 3799/3799/3220 3800/3800/3221 3801/3801/3221
f 3802/3802/3222 3803/3803/3221 3800/3800/3221
f 3800/3800/3221 3803/3803/3221 3804/3804/3223
f 3800/3800/3221 3804/3804/3223 3805/3805/3220
f 3800/3800/3221 3805/3805/3220 3806/3806/3224
f 3800/3800/3221 3807/3807/3222 3808/3808/3220
f 3800/3800/3221 3808/3808/3220 3809/3809/3222
f 3800/3800/3221 3809/3809/3222 3810/3810/3221
f 3800/3800/3221 3810/3810/3221 3801/3801/3221
f 3811/3811/3220 3800/3800/3221 3799/3799/3220
f 3812/3812/3220 3800/3800/3221 3811/3811/3220
f 3813/3813/3221 3800/3800/3221 3812/3812/3220
f 3814/3814/3221 3800/3800/3221 3813/3813/3221
f 3815/3815/3225 3800/3800/3221 3814/3814/3221
f 3816/3816/3222 3800/3800/3221 3815/3815/3225
f 3817/3817/3221 3800/3800/3221 3816/3816/3222
f 3818/3818/3222 3800/3800/3221 3817/3817/3221
f 3802/3802/3222 3800/3800/3221 3818/3818/3222
f 3819/3819/3219 3820/3820/3217 3797/3797/3218
f 3797/3797/3218 3820/3820/3217 3821/3821/3219
f 3797/3797/3218 3821/3821/3219 3822/3822/3219
f 3797/3797/3218 3822/3822/3219 3823/3823/3217
f 3797/3797/3218 3823/3823/3217 3824/3824/3226
f 3797/3797/3218 3824/3824/3226 3825/3825/3219
f 3797/3797/3218 3825/3825/3219 3826/3826/3217
f 3797/3797/3218 3826/3826/3217 3827/3827/3227
f 3797/3797/3218 3827/3827/3227 3828/3828/3219
f 3797/3797/3218 3828/3828/3219 3798/3798/3219
f 3829/3829/3219 3797/3797/3218 3796/3796/3217
f 3830/3830/3226 3797/3797/3218 3829/3829/3219
f 3831/3831/3226 3797/3797/3218 3830/3830/3226
f 3832/3832/3219 3797/3797/3218 3831/3831/3226
f 3833/3833/3218 3797/3797/3218 3832/3832/3219
f 3834/3834/3218 3797/3797/3218 3833/3833/3218
f 3835/3835/3218 3797/3797/3218 3834/3834/3218
f 3836/3836/3217 3797/3797/3218 3835/3835/3218
f 3819/3819/3219 3797/3797/3218 3836/3836/3217
f 3837/3837/3228 3838/3838/3229 3839/3839/3230
f 3839/3839/3230 3838/3838/3229 3840/3840/3231
f 3841/3841/3232 3840/3840/3231 3842/3842/3233
f 3842/3842/3233 3840/3840/3231 3843/3843/3234
f 3841/3841/3232 3844/3844/3235 3845/3845/3236
f 3845/3845/3236 3844/3844/3235 3846/3846/3237
f 3847/3847/3238 3848/3848/3239 3849/3849/3240
f 3849/3849/3240 3848/3848/3239 3850/3850/3241
f 3849/3849/3240 3844/3844/3235 3851/3851/3242
f 3851/3851/3242 3844/3844/3235 3852/3852/3243
f 3853/3853/3244 3854/3854/3245 3851/3851/3242
f 3851/3851/3242 3854/3854/3245 3855/3855/3246
f 3856/3856/3247 3852/3852/3243 3857/3857/3248
f 3857/3857/3248 3852/3852/3243 3842/3842/3233
f 3858/3858/3249 3859/3859/3250 3857/3857/3248
f 3857/3857/3248 3859/3859/3250 3860/3860/3251
f 3845/3845/3236 3846/3846/3237 3861/3861/3252
f 3861/3861/3252 3846/3846/3237 3862/3862/3253
f 3849/3849/3240 3851/3851/3242 3847/3847/3238
f 3847/3847/3238 3851/3851/3242 3855/3855/3246
f 3863/3863/3254 3856/3856/3247 3860/3860/3251
f 3860/3860/3251 3856/3856/3247 3857/3857/3248
f 3864/3864/3255 3843/3843/3234 3838/3838/3229
f 3838/3838/3229 3843/3843/3234 3840/3840/3231
f 3842/3842/3233 3852/3852/3243 3841/3841/3232
f 3841/3841/3232 3852/3852/3243 3844/3844/3235
f 3841/3841/3232 3839/3839/3230 3840/3840/3231
f 3849/3849/3240 3850/3850/3241 3844/3844/3235
f 3852/3852/3243 3853/3853/3244 3851/3851/3242
f 3842/3842/3233 3858/3858/3249 3857/3857/3248
f 3848/3848/3239 3862/3862/3253 3850/3850/3241
f 3850/3850/3241 3862/3862/3253 3846/3846/3237
f 3844/3844/3235 3850/3850/3241 3846/3846/3237
f 3856/3856/3247 3853/3853/3244 3852/3852/3243
f 3854/3854/3245 3853/3853/3244 3863/3863/3254
f 3863/3863/3254 3853/3853/3244 3856/3856/3247
f 3843/3843/3234 3858/3858/3249 3842/3842/3233
f 3859/3859/3250 3858/3858/3249 3864/3864/3255
f 3864/3864/3255 3858/3858/3249 3843/3843/3234
f 3841/3841/3232 3845/3845/3236 3839/3839/3230
f 3861/3861/3252 3837/3837/3228 3845/3845/3236
f 3845/3845/3236 3837/3837/3228 3839/3839/3230
f 3865/3865/3256 3866/3866/3257 3867/3867/3258
f 3867/3867/3258 3866/3866/3257 3868/3868/3258
f 3867/3867/3258 3868/3868/3258 3869/3869/3259
f 3869/3869/3259 3868/3868/3258 3870/3870/3260
f 3869/3869/3259 3870/3870/3260 3871/3871/3261
f 3871/3871/3261 3870/3870/3260 3872/3872/3262
f 3871/3871/3261 3872/3872/3262 3873/3873/2222
f 3873/3873/2222 3872/3872/3262 3874/3874/3263
f 3873/3873/2222 3874/3874/3263 3875/3875/3264
f 3875/3875/3264 3874/3874/3263 3876/3876/3265
f 3875/3875/3264 3876/3876/3265 3877/3877/3266
f 3877/3877/3266 3876/3876/3265 3878/3878/3267
f 3877/3877/3266 3878/3878/3267 3879/3879/3268
f 3879/3879/3268 3878/3878/3267 3880/3880/3269
f 3879/3879/3268 3880/3880/3269 3881/3881/3270
f 3881/3881/3270 3880/3880/3269 3882/3882/3271
f 3881/3881/3270 3882/3882/3271 3883/3883/3272
f 3883/3883/3272 3882/3882/3271 3884/3884/3272
f 3883/3883/3272 3884/3884/3272 3885/3885/3273
f 3885/3885/3273 3884/3884/3272 3886/3886/3274
f 3885/3885/3273 3886/3886/3274 3887/3887/3275
f 3887/3887/3275 3886/3886/3274 3888/3888/3276
f 3887/3887/3275 3888/3888/3276 3889/3889/3277
f 3889/3889/3277 3888/3888/3276 3890/3890/3278
f 3889/3889/3277 3890/3890/3278 3891/3891/3279
f 3891/3891/3279 3890/3890/3278 3892/3892/3280
f 3891/3891/3279 3892/3892/3280 3893/3893/3281
f 3893/3893/3281 3892/3892/3280 3894/3894/3281
f 3893/3893/3281 3894/3894/3281 3895/3895/3282
f 3895/3895/3282 3894/3894/3281 3896/3896/3282
f 3895/3895/3282 3896/3896/3282 3897/3897/3283
f 3897/3897/3283 3896/3896/3282 3898/3898/3284
f 3897/3897/3283 3898/3898/3284 3899/3899/3285
f 3899/3899/3285 3898/3898/3284 3900/3900/3286
f 3899/3899/3285 3900/3900/3286 3901/3901/3287
f 3901/3901/3287 3900/3900/3286 3902/3902/3287
f 3901/3901/3287 3902/3902/3287 3903/3903/3288
f 3903/3903/3288 3902/3902/3287 3904/3904/3288
f 3905/3905/3289 3906/3906/3289 3865/3865/3256
f 3865/3865/3256 3906/3906/3289 3866/3866/3257
f 3907/3907/3290 3908/3908/3291 3909/3909/2898
f 3908/3908/3291 3910/3910/3292 3909/3909/2898
f 3909/3909/2898 3910/3910/3292 3911/3911/3293
f 3911/3911/3293 3912/3912/3294 3909/3909/2898
f 3909/3909/2898 3912/3912/3294 3913/3913/3295
f 3913/3913/3295 3914/3914/3296 3909/3909/2898
f 3914/3914/3296 3915/3915/3297 3909/3909/2898
f 3909/3909/2898 3915/3915/3297 3916/3916/3298
f 3916/3916/3298 3917/3917/3299 3909/3909/2898
f 3909/3909/2898 3917/3917/3299 3918/3918/3300
f 3918/3918/3300 3919/3919/3301 3909/3909/2898
f 3909/3909/2898 3919/3919/3301 3920/3920/3302
f 3920/3920/3302 3921/3921/3303 3909/3909/2898
f 3909/3909/2898 3921/3921/3303 3922/3922/3304
f 3922/3922/3304 3923/3923/3305 3909/3909/2898
f 3923/3923/3305 3924/3924/3306 3909/3909/2898
f 3909/3909/2898 3924/3924/3306 3925/3925/3307
f 3925/3925/3307 3926/3926/3308 3909/3909/2898
f 3926/3926/3308 3927/3927/3309 3909/3909/2898
f 3909/3909/2898 3927/3927/3309 3907/3907/3290
f 3928/3928/2918 3929/3929/2917 3930/3930/2919
f 3930/3930/2919 3929/3929/2917 3931/3931/2917
f 3930/3930/2919 3931/3931/2917 3932/3932/2921
f 3932/3932/2921 3931/3931/2917 3933/3933/3155
f 3932/3932/2921 3933/3933/3155 3934/3934/3152
f 3934/3934/3152 3933/3933/3155 3935/3935/2936
f 3934/3934/3152 3935/3935/2936 3936/3936/2923
f 3936/3936/2923 3935/3935/2936 3937/3937/2936
f 3936/3936/2923 3937/3937/2936 3938/3938/2925
f 3938/3938/2925 3937/3937/2936 3939/3939/2936
f 3938/3938/2925 3939/3939/2936 3940/3940/3154
f 3940/3940/3154 3939/3939/2936 3941/3941/2936
f 3940/3940/3154 3941/3941/2936 3942/3942/2929
f 3942/3942/2929 3941/3941/2936 3943/3943/2898
f 3942/3942/2929 3943/3943/2898 3944/3944/2931
f 3944/3944/2931 3943/3943/2898 3945/3945/2898
f 3944/3944/2931 3945/3945/2898 3946/3946/3310
f 3946/3946/3310 3945/3945/2898 3947/3947/2917
f 3946/3946/3310 3947/3947/2917 3948/3948/2935
f 3948/3948/2935 3947/3947/2917 3949/3949/2917
f 3948/3948/2935 3949/3949/2917 3950/3950/2937
f 3950/3950/2937 3949/3949/2917 3951/3951/2926
f 3950/3950/2937 3951/3951/2926 3952/3952/2938
f 3952/3952/2938 3951/3951/2926 3953/3953/3158
f 3952/3952/2938 3953/3953/3158 3954/3954/3311
f 3954/3954/3311 3953/3953/3158 3955/3955/3312
f 3954/3954/3311 3955/3955/3312 3956/3956/2940
f 3956/3956/2940 3955/3955/3312 3957/3957/2942
f 3956/3956/2940 3957/3957/2942 3958/3958/2941
f 3958/3958/2941 3957/3957/2942 3959/3959/3160
f 3958/3958/2941 3959/3959/3160 3960/3960/2943
f 3960/3960/2943 3959/3959/3160 3961/3961/2917
f 3960/3960/2943 3961/3961/2917 3962/3962/2944
f 3962/3962/2944 3961/3961/2917 3963/3963/2932
f 3962/3962/2944 3963/3963/2932 3964/3964/2945
f 3964/3964/2945 3963/3963/2932 3965/3965/2920
f 3964/3964/2945 3965/3965/2920 3966/3966/2946
f 3966/3966/2946 3965/3965/2920 3967/3967/3155
f 3966/3966/2946 3967/3967/3155 3928/3928/2918
f 3928/3928/2918 3967/3967/3155 3929/3929/2917
f 3968/3968/2947 3928/3928/2918 3969/3969/3313
f 3969/3969/3313 3928/3928/2918 3930/3930/2919
f 3969/3969/3313 3930/3930/2919 3970/3970/2949
f 3970/3970/2949 3930/3930/2919 3932/3932/2921
f 3970/3970/2949 3932/3932/2921 3971/3971/2950
f 3971/3971/2950 3932/3932/2921 3934/3934/3152
f 3971/3971/2950 3934/3934/3152 3972/3972/2951
f 3972/3972/2951 3934/3934/3152 3936/3936/2923
f 3972/3972/2951 3936/3936/2923 3973/3973/3314
f 3973/3973/3314 3936/3936/2923 3938/3938/2925
f 3973/3973/3314 3938/3938/2925 3974/3974/3315
f 3974/3974/3315 3938/3938/2925 3940/3940/3154
f 3974/3974/3315 3940/3940/3154 3975/3975/3316
f 3975/3975/3316 3940/3940/3154 3942/3942/2929
f 3975/3975/3316 3942/3942/2929 3976/3976/2955
f 3976/3976/2955 3942/3942/2929 3944/3944/2931
f 3976/3976/2955 3944/3944/2931 3977/3977/3317
f 3977/3977/3317 3944/3944/2931 3946/3946/3310
f 3977/3977/3317 3946/3946/3310 3978/3978/2957
f 3978/3978/2957 3946/3946/3310 3948/3948/2935
f 3978/3978/2957 3948/3948/2935 3979/3979/3164
f 3979/3979/3164 3948/3948/2935 3950/3950/2937
f 3979/3979/3164 3950/3950/2937 3980/3980/3318
f 3980/3980/3318 3950/3950/2937 3952/3952/2938
f 3980/3980/3318 3952/3952/2938 3981/3981/3165
f 3981/3981/3165 3952/3952/2938 3954/3954/3311
f 3981/3981/3165 3954/3954/3311 3982/3982/2961
f 3982/3982/2961 3954/3954/3311 3956/3956/2940
f 3982/3982/2961 3956/3956/2940 3983/3983/2962
f 3983/3983/2962 3956/3956/2940 3958/3958/2941
f 3983/3983/2962 3958/3958/2941 3984/3984/2963
f 3984/3984/2963 3958/3958/2941 3960/3960/2943
f 3984/3984/2963 3960/3960/2943 3985/3985/3319
f 3985/3985/3319 3960/3960/2943 3962/3962/2944
f 3985/3985/3319 3962/3962/2944 3986/3986/3320
f 3986/3986/3320 3962/3962/2944 3964/3964/2945
f 3986/3986/3320 3964/3964/2945 3987/3987/2966
f 3987/3987/2966 3964/3964/2945 3966/3966/2946
f 3987/3987/2966 3966/3966/2946 3968/3968/2947
f 3968/3968/2947 3966/3966/2946 3928/3928/2918
f 3988/3988/3321 3968/3968/2947 3989/3989/3322
f 3989/3989/3322 3968/3968/2947 3969/3969/3313
f 3989/3989/3322 3969/3969/3313 3990/3990/3323
f 3990/3990/3323 3969/3969/3313 3970/3970/2949
f 3990/3990/3323 3970/3970/2949 3991/3991/2970
f 3991/3991/2970 3970/3970/2949 3971/3971/2950
f 3991/3991/2970 3971/3971/2950 3992/3992/3324
f 3992/3992/3324 3971/3971/2950 3972/3972/2951
f 3992/3992/3324 3972/3972/2951 3993/3993/2972
f 3993/3993/2972 3972/3972/2951 3973/3973/3314
f 3993/3993/2972 3973/3973/3314 3994/3994/2973
f 3994/3994/2973 3973/3973/3314 3974/3974/3315
f 3994/3994/2973 3974/3974/3315 3995/3995/2974
f 3995/3995/2974 3974/3974/3315 3975/3975/3316
f 3995/3995/2974 3975/3975/3316 3996/3996/2975
f 3996/3996/2975 3975/3975/3316 3976/3976/2955
f 3996/3996/2975 3976/3976/2955 3997/3997/3325
f 3997/3997/3325 3976/3976/2955 3977/3977/3317
f 3997/3997/3325 3977/3977/3317 3998/3998/3326
f 3998/3998/3326 3977/3977/3317 3978/3978/2957
f 3998/3998/3326 3978/3978/2957 3999/3999/3327
f 3999/3999/3327 3978/3978/2957 3979/3979/3164
f 3999/3999/3327 3979/3979/3164 4000/4000/3328
f 4000/4000/3328 3979/3979/3164 3980/3980/3318
f 4000/4000/3328 3980/3980/3318 4001/4001/3329
f 4001/4001/3329 3980/3980/3318 3981/3981/3165
f 4001/4001/3329 3981/3981/3165 4002/4002/3330
f 4002/4002/3330 3981/3981/3165 3982/3982/2961
f 4002/4002/3330 3982/3982/2961 4003/4003/3331
f 4003/4003/3331 3982/3982/2961 3983/3983/2962
f 4003/4003/3331 3983/3983/2962 4004/4004/3332
f 4004/4004/3332 3983/3983/2962 3984/3984/2963
f 4004/4004/3332 3984/3984/2963 4005/4005/3333
f 4005/4005/3333 3984/3984/2963 3985/3985/3319
f 4005/4005/3333 3985/3985/3319 4006/4006/3334
f 4006/4006/3334 3985/3985/3319 3986/3986/3320
f 4006/4006/3334 3986/3986/3320 4007/4007/2986
f 4007/4007/2986 3986/3986/3320 3987/3987/2966
f 4007/4007/2986 3987/3987/2966 3988/3988/3321
f 3988/3988/3321 3987/3987/2966 3968/3968/2947
f 4008/4008/3175 3988/3988/3321 4009/4009/2988
f 4009/4009/2988 3988/3988/3321 3989/3989/3322
f 4009/4009/2988 3989/3989/3322 4010/4010/2989
f 4010/4010/2989 3989/3989/3322 3990/3990/3323
f 4010/4010/2989 3990/3990/3323 4011/4011/3335
f 4011/4011/3335 3990/3990/3323 3991/3991/2970
f 4011/4011/3335 3991/3991/2970 4012/4012/3336
f 4012/4012/3336 3991/3991/2970 3992/3992/3324
f 4012/4012/3336 3992/3992/3324 4013/4013/2992
f 4013/4013/2992 3992/3992/3324 3993/3993/2972
f 4013/4013/2992 3993/3993/2972 4014/4014/2993
f 4014/4014/2993 3993/3993/2972 3994/3994/2973
f 4014/4014/2993 3994/3994/2973 4015/4015/2994
f 4015/4015/2994 3994/3994/2973 3995/3995/2974
f 4015/4015/2994 3995/3995/2974 4016/4016/2995
f 4016/4016/2995 3995/3995/2974 3996/3996/2975
f 4016/4016/2995 3996/3996/2975 4017/4017/3337
f 4017/4017/3337 3996/3996/2975 3997/3997/3325
f 4017/4017/3337 3997/3997/3325 4018/4018/3338
f 4018/4018/3338 3997/3997/3325 3998/3998/3326
f 4018/4018/3338 3998/3998/3326 4019/4019/2998
f 4019/4019/2998 3998/3998/3326 3999/3999/3327
f 4019/4019/2998 3999/3999/3327 4020/4020/3339
f 4020/4020/3339 3999/3999/3327 4000/4000/3328
f 4020/4020/3339 4000/4000/3328 4021/4021/3340
f 4021/4021/3340 4000/4000/3328 4001/4001/3329
f 4021/4021/3340 4001/4001/3329 4022/4022/3001
f 4022/4022/3001 4001/4001/3329 4002/4002/3330
f 4022/4022/3001 4002/4002/3330 4023/4023/3002
f 4023/4023/3002 4002/4002/3330 4003/4003/3331
f 4023/4023/3002 4003/4003/3331 4024/4024/3182
f 4024/4024/3182 4003/4003/3331 4004/4004/3332
f 4024/4024/3182 4004/4004/3332 4025/4025/3004
f 4025/4025/3004 4004/4004/3332 4005/4005/3333
f 4025/4025/3004 4005/4005/3333 4026/4026/3005
f 4026/4026/3005 4005/4005/3333 4006/4006/3334
f 4026/4026/3005 4006/4006/3334 4027/4027/3006
f 4027/4027/3006 4006/4006/3334 4007/4007/2986
f 4027/4027/3006 4007/4007/2986 4008/4008/3175
f 4008/4008/3175 4007/4007/2986 3988/3988/3321
f 3907/3907/3290 4008/4008/3175 3908/3908/3291
f 3908/3908/3291 4008/4008/3175 4009/4009/2988
f 3908/3908/3291 4009/4009/2988 3910/3910/3292
f 3910/3910/3292 4009/4009/2988 4010/4010/2989
f 3910/3910/3292 4010/4010/2989 3911/3911/3293
f 3911/3911/3293 4010/4010/2989 4011/4011/3335
f 3911/3911/3293 4011/4011/3335 3912/3912/3294
f 3912/3912/3294 4011/4011/3335 4012/4012/3336
f 3912/3912/3294 4012/4012/3336 3913/3913/3295
f 3913/3913/3295 4012/4012/3336 4013/4013/2992
f 3913/3913/3295 4013/4013/2992 3914/3914/3296
f 3914/3914/3296 4013/4013/2992 4014/4014/2993
f 3914/3914/3296 4014/4014/2993 3915/3915/3297
f 3915/3915/3297 4014/4014/2993 4015/4015/2994
f 3915/3915/3297 4015/4015/2994 3916/3916/3298
f 3916/3916/3298 4015/4015/2994 4016/4016/2995
f 3916/3916/3298 4016/4016/2995 3917/3917/3299
f 3917/3917/3299 4016/4016/2995 4017/4017/3337
f 3917/3917/3299 4017/4017/3337 3918/3918/3300
f 3918/3918/3300 4017/4017/3337 4018/4018/3338
f 3918/3918/3300 4018/4018/3338 3919/3919/3301
f 3919/3919/3301 4018/4018/3338 4019/4019/2998
f 3919/3919/3301 4019/4019/2998 3920/3920/3302
f 3920/3920/3302 4019/4019/2998 4020/4020/3339
f 3920/3920/3302 4020/4020/3339 3921/3921/3303
f 3921/3921/3303 4020/4020/3339 4021/4021/3340
f 3921/3921/3303 4021/4021/3340 3922/3922/3304
f 3922/3922/3304 4021/4021/3340 4022/4022/3001
f 3922/3922/3304 4022/4022/3001 3923/3923/3305
f 3923/3923/3305 4022/4022/3001 4023/4023/3002
f 3923/3923/3305 4023/4023/3002 3924/3924/3306
f 3924/3924/3306 4023/4023/3002 4024/4024/3182
f 3924/3924/3306 4024/4024/3182 3925/3925/3307
f 3925/3925/3307 4024/4024/3182 4025/4025/3004
f 3925/3925/3307 4025/4025/3004 3926/3926/3308
f 3926/3926/3308 4025/4025/3004 4026/4026/3005
f 3926/3926/3308 4026/4026/3005 3927/3927/3309
f 3927/3927/3309 4026/4026/3005 4027/4027/3006
f 3927/3927/3309 4027/4027/3006 3907/3907/3290
f 3907/3907/3290 4027/4027/3006 4008/4008/3175
f 4028/4028/3341 4029/4029/3342 4030/4030/3343
f 4030/4030/3343 4029/4029/3342 4031/4031/3344
f 4032/4032/3345 4033/4033/3346 4034/4034/3347
f 4034/4034/3347 4033/4033/3346 4035/4035/3348
f 4036/4036/3349 4037/4037/3350 4038/4038/3351
f 4038/4038/3351 4037/4037/3350 4039/4039/3352
f 4040/4040/3353 4041/4041/3354 4042/4042/3355
f 4042/4042/3355 4041/4041/3354 4043/4043/3356
f 4044/4044/3357 4045/4045/3358 4046/4046/3359
f 4046/4046/3359 4045/4045/3358 4047/4047/3360
f 4048/4048/3361 4049/4049/3362 4050/4050/3361
f 4050/4050/3361 4049/4049/3362 4051/4051/3363
f 4052/4052/3364 4053/4053/3365 4054/4054/3366
f 4054/4054/3366 4053/4053/3365 4055/4055/3367
f 4056/4056/3368 4057/4057/3369 4058/4058/3370
f 4058/4058/3370 4057/4057/3369 4059/4059/3371
f 4060/4060/3372 4061/4061/3372 4062/4062/3373
f 4061/4061/3372 4063/4063/3374 4062/4062/3373
f 4063/4063/3374 4064/4064/3374 4062/4062/3373
f 4064/4064/3374 4065/4065/3375 4062/4062/3373
f 4065/4065/3375 4066/4066/3375 4062/4062/3373
f 4066/4066/3375 4067/4067/3376 4062/4062/3373
f 4067/4067/3376 4068/4068/3376 4062/4062/3373
f 4068/4068/3376 4060/4060/3372 4062/4062/3373
f 4069/4069/3377 4070/4070/3377 4028/4028/3341
f 4028/4028/3341 4070/4070/3377 4029/4029/3342
f 4032/4032/3345 4034/4034/3347 4071/4071/3378
f 4071/4071/3378 4034/4034/3347 4072/4072/3379
f 4061/4061/3372 4060/4060/3372 4073/4073/3380
f 4073/4073/3380 4060/4060/3372 4074/4074/3381
f 4057/4057/3369 4075/4075/3382 4059/4059/3371
f 4059/4059/3371 4075/4075/3382 4076/4076/3383
f 4077/4077/3384 4078/4078/3385 4036/4036/3349
f 4036/4036/3349 4078/4078/3385 4037/4037/3350
f 4040/4040/3353 4042/4042/3355 4079/4079/3386
f 4079/4079/3386 4042/4042/3355 4080/4080/3387
f 4064/4064/3374 4063/4063/3374 4081/4081/3388
f 4081/4081/3388 4063/4063/3374 4082/4082/3389
f 4033/4033/3346 4083/4083/3390 4035/4035/3348
f 4035/4035/3348 4083/4083/3390 4084/4084/3391
f 4085/4085/3392 4086/4086/3393 4044/4044/3357
f 4044/4044/3357 4086/4086/3393 4045/4045/3358
f 4048/4048/3361 4050/4050/3361 4087/4087/3394
f 4087/4087/3394 4050/4050/3361 4088/4088/3395
f 4066/4066/3375 4065/4065/3375 4089/4089/3396
f 4089/4089/3396 4065/4065/3375 4090/4090/3397
f 4041/4041/3354 4091/4091/3398 4043/4043/3356
f 4043/4043/3356 4091/4091/3398 4092/4092/3399
f 4093/4093/3400 4094/4094/3401 4052/4052/3364
f 4052/4052/3364 4094/4094/3401 4053/4053/3365
f 4056/4056/3368 4058/4058/3370 4095/4095/3402
f 4095/4095/3402 4058/4058/3370 4096/4096/3403
f 4068/4068/3376 4067/4067/3376 4097/4097/3404
f 4097/4097/3404 4067/4067/3376 4098/4098/3405
f 4049/4049/3362 4099/4099/3406 4051/4051/3363
f 4051/4051/3363 4099/4099/3406 4100/4100/3407
f 4101/4101/3408 4102/4102/3409 4103/4103/3410
f 4103/4103/3410 4102/4102/3409 4104/4104/3411
f 4102/4102/3409 4105/4105/3412 4104/4104/3411
f 4104/4104/3411 4105/4105/3412 4106/4106/3413
f 4105/4105/3412 4107/4107/3414 4106/4106/3413
f 4106/4106/3413 4107/4107/3414 4108/4108/3415
f 4107/4107/3414 4109/4109/3416 4108/4108/3415
f 4108/4108/3415 4109/4109/3416 4110/4110/3417
f 4109/4109/3416 4111/4111/3418 4110/4110/3417
f 4110/4110/3417 4111/4111/3418 4112/4112/3419
f 4111/4111/3418 4113/4113/3420 4112/4112/3419
f 4112/4112/3419 4113/4113/3420 4114/4114/3421
f 4113/4113/3420 4115/4115/3422 4114/4114/3421
f 4114/4114/3421 4115/4115/3422 4116/4116/3423
f 4115/4115/3422 4117/4117/3424 4116/4116/3423
f 4116/4116/3423 4117/4117/3424 4118/4118/3425
f 4117/4117/3424 4119/4119/3426 4118/4118/3425
f 4118/4118/3425 4119/4119/3426 4120/4120/3427
f 4119/4119/3426 4121/4121/3428 4120/4120/3427
f 4120/4120/3427 4121/4121/3428 4122/4122/3429
f 4121/4121/3428 4123/4123/3430 4122/4122/3429
f 4122/4122/3429 4123/4123/3430 4124/4124/3431
f 4123/4123/3430 4125/4125/3432 4124/4124/3431
f 4124/4124/3431 4125/4125/3432 4126/4126/3433
f 4125/4125/3432 4127/4127/3434 4126/4126/3433
f 4126/4126/3433 4127/4127/3434 4128/4128/3435
f 4127/4127/3434 4129/4129/3436 4128/4128/3435
f 4128/4128/3435 4129/4129/3436 4130/4130/3437
f 4129/4129/3436 4131/4131/3438 4130/4130/3437
f 4130/4130/3437 4131/4131/3438 4132/4132/3439
f 4131/4131/3438 4133/4133/3440 4132/4132/3439
f 4132/4132/3439 4133/4133/3440 4134/4134/3441
f 4133/4133/3440 4135/4135/3442 4134/4134/3441
f 4134/4134/3441 4135/4135/3442 4136/4136/3443
f 4135/4135/3442 4137/4137/3444 4136/4136/3443
f 4136/4136/3443 4137/4137/3444 4138/4138/3445
f 4137/4137/3444 4139/4139/3446 4138/4138/3445
f 4138/4138/3445 4139/4139/3446 4140/4140/3447
f 4141/4141/3448 4101/4101/3408 4142/4142/3449
f 4142/4142/3449 4101/4101/3408 4103/4103/3410
f 4143/4143/3450 4144/4144/2936 4145/4145/2917
f 4144/4144/2936 4146/4146/2917 4145/4145/2917
f 4146/4146/2917 4147/4147/3451 4145/4145/2917
f 4147/4147/3451 4148/4148/2917 4145/4145/2917
f 4148/4148/2917 4149/4149/3451 4145/4145/2917
f 4149/4149/3451 4150/4150/2917 4145/4145/2917
f 4150/4150/2917 4151/4151/2936 4145/4145/2917
f 4151/4151/2936 4152/4152/2917 4145/4145/2917
f 4152/4152/2917 4153/4153/2942 4145/4145/2917
f 4153/4153/2942 4154/4154/2920 4145/4145/2917
f 4154/4154/2920 4155/4155/2917 4145/4145/2917
f 4155/4155/2917 4156/4156/2942 4145/4145/2917
f 4156/4156/2942 4157/4157/2936 4145/4145/2917
f 4157/4157/2936 4158/4158/3452 4145/4145/2917
f 4158/4158/3452 4159/4159/2936 4145/4145/2917
f 4159/4159/2936 4160/4160/3450 4145/4145/2917
f 4160/4160/3450 4161/4161/2936 4145/4145/2917
f 4161/4161/2936 4162/4162/3451 4145/4145/2917
f 4162/4162/3451 4163/4163/2898 4145/4145/2917
f 4163/4163/2898 4143/4143/3450 4145/4145/2917
f 4103/4103/3410 4104/4104/3411 4164/4164/3453
f 4164/4164/3453 4104/4104/3411 4165/4165/3454
f 4104/4104/3411 4106/4106/3413 4165/4165/3454
f 4165/4165/3454 4106/4106/3413 4166/4166/3455
f 4106/4106/3413 4108/4108/3415 4166/4166/3455
f 4166/4166/3455 4108/4108/3415 4167/4167/3456
f 4108/4108/3415 4110/4110/3417 4167/4167/3456
f 4167/4167/3456 4110/4110/3417 4168/4168/3457
f 4110/4110/3417 4112/4112/3419 4168/4168/3457
f 4168/4168/3457 4112/4112/3419 4169/4169/3458
f 4112/4112/3419 4114/4114/3421 4169/4169/3458
f 4169/4169/3458 4114/4114/3421 4170/4170/3459
f 4114/4114/3421 4116/4116/3423 4170/4170/3459
f 4170/4170/3459 4116/4116/3423 4171/4171/3460
f 4116/4116/3423 4118/4118/3425 4171/4171/3460
f 4171/4171/3460 4118/4118/3425 4172/4172/3461
f 4118/4118/3425 4120/4120/3427 4172/4172/3461
f 4172/4172/3461 4120/4120/3427 4173/4173/3462
f 4120/4120/3427 4122/4122/3429 4173/4173/3462
f 4173/4173/3462 4122/4122/3429 4174/4174/3463
f 4122/4122/3429 4124/4124/3431 4174/4174/3463
f 4174/4174/3463 4124/4124/3431 4175/4175/3464
f 4124/4124/3431 4126/4126/3433 4175/4175/3464
f 4175/4175/3464 4126/4126/3433 4176/4176/3465
f 4126/4126/3433 4128/4128/3435 4176/4176/3465
f 4176/4176/3465 4128/4128/3435 4177/4177/3466
f 4128/4128/3435 4130/4130/3437 4177/4177/3466
f 4177/4177/3466 4130/4130/3437 4178/4178/3467
f 4130/4130/3437 4132/4132/3439 4178/4178/3467
f 4178/4178/3467 4132/4132/3439 4179/4179/3468
f 4132/4132/3439 4134/4134/3441 4179/4179/3468
f 4179/4179/3468 4134/4134/3441 4180/4180/3469
f 4134/4134/3441 4136/4136/3443 4180/4180/3469
f 4180/4180/3469 4136/4136/3443 4181/4181/3470
f 4136/4136/3443 4138/4138/3445 4181/4181/3470
f 4181/4181/3470 4138/4138/3445 4182/4182/3471
f 4138/4138/3445 4140/4140/3447 4182/4182/3471
f 4182/4182/3471 4140/4140/3447 4183/4183/3472
f 4142/4142/3449 4103/4103/3410 4184/4184/3473
f 4184/4184/3473 4103/4103/3410 4164/4164/3453
f 4185/4185/3474 4186/4186/3475 4187/4187/3476
f 4187/4187/3476 4186/4186/3475 4188/4188/3477
f 4186/4186/3475 4189/4189/3478 4188/4188/3477
f 4188/4188/3477 4189/4189/3478 4190/4190/3479
f 4189/4189/3478 4191/4191/3480 4190/4190/3479
f 4190/4190/3479 4191/4191/3480 4192/4192/3481
f 4191/4191/3480 4193/4193/3482 4192/4192/3481
f 4192/4192/3481 4193/4193/3482 4194/4194/3483
f 4193/4193/3482 4195/4195/3484 4194/4194/3483
f 4194/4194/3483 4195/4195/3484 4196/4196/3485
f 4195/4195/3484 4197/4197/3486 4196/4196/3485
f 4196/4196/3485 4197/4197/3486 4198/4198/3487
f 4197/4197/3486 4199/4199/3488 4198/4198/3487
f 4198/4198/3487 4199/4199/3488 4200/4200/3489
f 4199/4199/3488 4201/4201/3490 4200/4200/3489
f 4200/4200/3489 4201/4201/3490 4202/4202/3491
f 4201/4201/3490 4203/4203/3492 4202/4202/3491
f 4202/4202/3491 4203/4203/3492 4204/4204/3493
f 4203/4203/3492 4205/4205/3494 4204/4204/3493
f 4204/4204/3493 4205/4205/3494 4206/4206/3495
f 4205/4205/3494 4207/4207/3496 4206/4206/3495
f 4206/4206/3495 4207/4207/3496 4208/4208/3497
f 4207/4207/3496 4209/4209/3498 4208/4208/3497
f 4208/4208/3497 4209/4209/3498 4210/4210/3499
f 4209/4209/3498 4211/4211/3500 4210/4210/3499
f 4210/4210/3499 4211/4211/3500 4212/4212/3501
f 4211/4211/3500 4213/4213/3502 4212/4212/3501
f 4212/4212/3501 4213/4213/3502 4214/4214/3503
f 4213/4213/3502 4215/4215/3504 4214/4214/3503
f 4214/4214/3503 4215/4215/3504 4216/4216/3505
f 4215/4215/3504 4217/4217/3506 4216/4216/3505
f 4216/4216/3505 4217/4217/3506 4218/4218/3507
f 4217/4217/3506 4219/4219/3508 4218/4218/3507
f 4218/4218/3507 4219/4219/3508 4220/4220/3509
f 4219/4219/3508 4221/4221/3510 4220/4220/3509
f 4220/4220/3509 4221/4221/3510 4222/4222/3511
f 4221/4221/3510 4223/4223/3512 4222/4222/3511
f 4222/4222/3511 4223/4223/3512 4224/4224/3513
f 4223/4223/3512 4185/4185/3474 4224/4224/3513
f 4224/4224/3513 4185/4185/3474 4187/4187/3476
f 4187/4187/3476 4188/4188/3477 4225/4225/3514
f 4225/4225/3514 4188/4188/3477 4226/4226/3515
f 4188/4188/3477 4190/4190/3479 4226/4226/3515
f 4226/4226/3515 4190/4190/3479 4227/4227/3516
f 4190/4190/3479 4192/4192/3481 4227/4227/3516
f 4227/4227/3516 4192/4192/3481 4228/4228/3517
f 4192/4192/3481 4194/4194/3483 4228/4228/3517
f 4228/4228/3517 4194/4194/3483 4229/4229/3518
f 4194/4194/3483 4196/4196/3485 4229/4229/3518
f 4229/4229/3518 4196/4196/3485 4230/4230/3519
f 4196/4196/3485 4198/4198/3487 4230/4230/3519
f 4230/4230/3519 4198/4198/3487 4231/4231/3520
f 4198/4198/3487 4200/4200/3489 4231/4231/3520
f 4231/4231/3520 4200/4200/3489 4232/4232/3521
f 4200/4200/3489 4202/4202/3491 4232/4232/3521
f 4232/4232/3521 4202/4202/3491 4233/4233/3522
f 4202/4202/3491 4204/4204/3493 4233/4233/3522
f 4233/4233/3522 4204/4204/3493 4234/4234/3523
f 4204/4204/3493 4206/4206/3495 4234/4234/3523
f 4234/4234/3523 4206/4206/3495 4235/4235/3524
f 4206/4206/3495 4208/4208/3497 4235/4235/3524
f 4235/4235/3524 4208/4208/3497 4236/4236/3525
f 4208/4208/3497 4210/4210/3499 4236/4236/3525
f 4236/4236/3525 4210/4210/3499 4237/4237/3526
f 4210/4210/3499 4212/4212/3501 4237/4237/3526
f 4237/4237/3526 4212/4212/3501 4238/4238/3527
f 4212/4212/3501 4214/4214/3503 4238/4238/3527
f 4238/4238/3527 4214/4214/3503 4239/4239/3528
f 4214/4214/3503 4216/4216/3505 4239/4239/3528
f 4239/4239/3528 4216/4216/3505 4240/4240/3529
f 4216/4216/3505 4218/4218/3507 4240/4240/3529
f 4240/4240/3529 4218/4218/3507 4241/4241/3530
f 4218/4218/3507 4220/4220/3509 4241/4241/3530
f 4241/4241/3530 4220/4220/3509 4242/4242/3531
f 4220/4220/3509 4222/4222/3511 4242/4242/3531
f 4242/4242/3531 4222/4222/3511 4243/4243/3532
f 4222/4222/3511 4224/4224/3513 4243/4243/3532
f 4243/4243/3532 4224/4224/3513 4244/4244/3533
f 4224/4224/3513 4187/4187/3476 4244/4244/3533
f 4244/4244/3533 4187/4187/3476 4225/4225/3514
f 4245/4245/3534 4246/4246/3535 4247/4247/3536
f 4246/4246/3535 4248/4248/3537 4247/4247/3536
f 4248/4248/3537 4249/4249/3538 4247/4247/3536
f 4249/4249/3538 4250/4250/3539 4247/4247/3536
f 4250/4250/3539 4251/4251/3540 4247/4247/3536
f 4251/4251/3540 4252/4252/3541 4247/4247/3536
f 4252/4252/3541 4253/4253/3542 4247/4247/3536
f 4253/4253/3542 4254/4254/3543 4247/4247/3536
f 4254/4254/3543 4255/4255/3544 4247/4247/3536
f 4255/4255/3544 4256/4256/3545 4247/4247/3536
f 4256/4256/3545 4257/4257/3546 4247/4247/3536
f 4257/4257/3546 4245/4245/3534 4247/4247/3536
f 4258/4258/3547 4259/4259/3548 4260/4260/3549
f 4259/4259/3548 4261/4261/3550 4260/4260/3549
f 4262/4262/3551 4263/4263/3552 4261/4261/3550
f 4261/4261/3550 4263/4263/3552 4260/4260/3549
f 4262/4262/3551 4264/4264/3553 4263/4263/3552
f 4264/4264/3553 4265/4265/3554 4263/4263/3552
f 4266/4266/3555 4267/4267/3556 4265/4265/3554
f 4265/4265/3554 4267/4267/3556 4263/4263/3552
f 4266/4266/3555 4268/4268/3557 4267/4267/3556
f 4268/4268/3557 4269/4269/3558 4267/4267/3556
f 4270/4270/3559 4271/4271/3560 4269/4269/3558
f 4269/4269/3558 4271/4271/3560 4267/4267/3556
f 4270/4270/3559 4272/4272/3561 4271/4271/3560
f 4272/4272/3561 4273/4273/3562 4271/4271/3560
f 4273/4273/3562 4274/4274/3563 4271/4271/3560
f 4271/4271/3560 4274/4274/3563 4275/4275/3564
f 4274/4274/3563 4276/4276/3565 4275/4275/3564
f 4276/4276/3565 4277/4277/3566 4275/4275/3564
f 4277/4277/3566 4278/4278/3567 4275/4275/3564
f 4275/4275/3564 4278/4278/3567 4279/4279/3568
f 4278/4278/3567 4280/4280/3569 4279/4279/3568
f 4280/4280/3569 4281/4281/3570 4279/4279/3568
f 4281/4281/3570 4282/4282/3571 4279/4279/3568
f 4279/4279/3568 4282/4282/3571 4283/4283/3572
f 4282/4282/3571 4284/4284/3573 4283/4283/3572
f 4284/4284/3573 4285/4285/3574 4283/4283/3572
f 4285/4285/3574 4286/4286/3575 4283/4283/3572
f 4283/4283/3572 4286/4286/3575 4287/4287/3576
f 4286/4286/3575 4288/4288/3577 4287/4287/3576
f 4288/4288/3577 4289/4289/3578 4287/4287/3576
f 4289/4289/3578 4290/4290/3579 4287/4287/3576
f 4287/4287/3576 4290/4290/3579 4291/4291/3580
f 4290/4290/3579 4292/4292/3581 4291/4291/3580
f 4292/4292/3581 4293/4293/3582 4291/4291/3580
f 4293/4293/3582 4294/4294/3583 4291/4291/3580
f 4291/4291/3580 4294/4294/3583 4295/4295/3584
f 4294/4294/3583 4296/4296/3585 4295/4295/3584
f 4297/4297/3586 4298/4298/3587 4299/4299/3588
f 4300/4300/3589 4301/4301/3590 4298/4298/3587
f 4298/4298/3587 4301/4301/3590 4299/4299/3588
f 4300/4300/3589 4302/4302/3591 4301/4301/3590
f 4302/4302/3591 4303/4303/3592 4301/4301/3590
f 4304/4304/3593 4305/4305/3594 4303/4303/3592
f 4303/4303/3592 4305/4305/3594 4301/4301/3590
f 4304/4304/3593 4306/4306/3595 4305/4305/3594
f 4306/4306/3595 4307/4307/3596 4305/4305/3594
f 4258/4258/3547 4260/4260/3549 4307/4307/3596
f 4307/4307/3596 4260/4260/3549 4305/4305/3594
f 4308/4308/3597 4309/4309/3598 4310/4310/3599
f 4309/4309/3598 4311/4311/3600 4310/4310/3599
f 4311/4311/3600 4312/4312/3601 4310/4310/3599
f 4312/4312/3601 4313/4313/3539 4310/4310/3599
f 4313/4313/3539 4314/4314/3602 4310/4310/3599
f 4314/4314/3602 4315/4315/3541 4310/4310/3599
f 4315/4315/3541 4316/4316/3603 4310/4310/3599
f 4316/4316/3603 4317/4317/3604 4310/4310/3599
f 4317/4317/3604 4318/4318/3605 4310/4310/3599
f 4318/4318/3605 4319/4319/3606 4310/4310/3599
f 4319/4319/3606 4320/4320/3607 4310/4310/3599
f 4320/4320/3607 4308/4308/3597 4310/4310/3599
f 4321/4321/3608 4322/4322/3609 4323/4323/3610
f 4322/4322/3609 4324/4324/3611 4323/4323/3610
f 4325/4325/3612 4326/4326/3613 4324/4324/3611
f 4324/4324/3611 4326/4326/3613 4323/4323/3610
f 4325/4325/3612 4327/4327/3614 4326/4326/3613
f 4327/4327/3614 4328/4328/3615 4326/4326/3613
f 4329/4329/3616 4330/4330/3617 4328/4328/3615
f 4328/4328/3615 4330/4330/3617 4326/4326/3613
f 4329/4329/3616 4331/4331/3618 4330/4330/3617
f 4331/4331/3618 4332/4332/3619 4330/4330/3617
f 4333/4333/3620 4334/4334/3621 4332/4332/3619
f 4332/4332/3619 4334/4334/3621 4330/4330/3617
f 4333/4333/3620 4335/4335/3622 4334/4334/3621
f 4335/4335/3622 4336/4336/3623 4334/4334/3621
f 4336/4336/3623 4337/4337/3624 4334/4334/3621
f 4334/4334/3621 4337/4337/3624 4338/4338/3625
f 4337/4337/3624 4339/4339/3626 4338/4338/3625
f 4339/4339/3626 4340/4340/3627 4338/4338/3625
f 4340/4340/3627 4341/4341/3628 4338/4338/3625
f 4338/4338/3625 4341/4341/3628 4342/4342/3629
f 4341/4341/3628 4343/4343/3630 4342/4342/3629
f 4343/4343/3630 4344/4344/3631 4342/4342/3629
f 4344/4344/3631 4345/4345/3632 4342/4342/3629
f 4342/4342/3629 4345/4345/3632 4346/4346/3633
f 4345/4345/3632 4347/4347/3634 4346/4346/3633
f 4347/4347/3634 4348/4348/3635 4346/4346/3633
f 4348/4348/3635 4349/4349/3636 4346/4346/3633
f 4346/4346/3633 4349/4349/3636 4350/4350/3637
f 4349/4349/3636 4351/4351/3638 4350/4350/3637
f 4351/4351/3638 4352/4352/3639 4350/4350/3637
f 4352/4352/3639 4353/4353/3640 4350/4350/3637
f 4350/4350/3637 4353/4353/3640 4354/4354/3641
f 4353/4353/3640 4355/4355/3642 4354/4354/3641
f 4355/4355/3642 4356/4356/3643 4354/4354/3641
f 4356/4356/3643 4357/4357/3644 4354/4354/3641
f 4354/4354/3641 4357/4357/3644 4358/4358/3645
f 4357/4357/3644 4359/4359/3646 4358/4358/3645
f 4360/4360/3647 4361/4361/3648 4362/4362/3649
f 4363/4363/3650 4364/4364/3651 4361/4361/3648
f 4361/4361/3648 4364/4364/3651 4362/4362/3649
f 4363/4363/3650 4365/4365/3652 4364/4364/3651
f 4365/4365/3652 4366/4366/3653 4364/4364/3651
f 4367/4367/3654 4368/4368/3655 4366/4366/3653
f 4366/4366/3653 4368/4368/3655 4364/4364/3651
f 4367/4367/3654 4369/4369/3656 4368/4368/3655
f 4369/4369/3656 4370/4370/3657 4368/4368/3655
f 4321/4321/3608 4323/4323/3610 4370/4370/3657
f 4370/4370/3657 4323/4323/3610 4368/4368/3655
f 4371/4371/3658 4372/4372/3659 4373/4373/3659
f 4373/4373/3659 4372/4372/3659 4374/4374/3659
f 4375/4375/3660 4376/4376/3660 4377/4377/3660
f 4377/4377/3660 4376/4376/3660 4378/4378/3660
f 4379/4379/3661 4380/4380/3662 4381/4381/3663
f 4381/4381/3663 4380/4380/3662 4382/4382/3661
f 4383/4383/3664 4384/4384/3664 4385/4385/3664
f 4385/4385/3664 4384/4384/3664 4386/4386/3664
f 4387/4387/3665 4388/4388/3666 4389/4389/3667
f 4389/4389/3667 4388/4388/3666 4390/4390/3668
f 4391/4391/3669 4392/4392/3670 4393/4393/3671
f 4393/4393/3671 4392/4392/3670 4394/4394/3672
f 4395/4395/3673 4396/4396/3673 4397/4397/3674
f 4397/4397/3674 4396/4396/3673 4398/4398/3675
f 4399/4399/3676 4400/4400/3677 4401/4401/3678
f 4401/4401/3678 4400/4400/3677 4402/4402/3677
f 4403/4403/3679 4404/4404/3680 4405/4405/3681
f 4405/4405/3681 4404/4404/3680 4406/4406/3681
f 4407/4407/3682 4408/4408/3683 4409/4409/3684
f 4409/4409/3684 4408/4408/3683 4410/4410/3685
f 4408/4408/3683 4411/4411/3686 4412/4412/3687
f 4412/4412/3687 4411/4411/3686 4413/4413/3688
f 4414/4414/3689 4415/4415/3690 4416/4416/3691
f 4416/4416/3691 4415/4415/3690 4417/4417/3692
f 4418/4418/3693 4419/4419/3694 4420/4420/3695
f 4420/4420/3695 4419/4419/3694 4421/4421/3696
f 4422/4422/3697 4423/4423/3698 4412/4412/3687
f 4412/4412/3687 4423/4423/3698 4424/4424/3699
f 4425/4425/3700 4426/4426/3701 4427/4427/3702
f 4427/4427/3702 4426/4426/3701 4428/4428/3703
f 4429/4429/3704 4430/4430/3705 4398/4398/3675
f 4398/4398/3675 4430/4430/3705 4397/4397/3674
f 4431/4431/3706 4432/4432/3707 4433/4433/3708
f 4433/4433/3708 4432/4432/3707 4434/4434/3709
f 4389/4389/3667 4396/4396/3673 4387/4387/3665
f 4387/4387/3665 4396/4396/3673 4395/4395/3673
f 4400/4400/3677 4405/4405/3681 4402/4402/3677
f 4402/4402/3677 4405/4405/3681 4406/4406/3681
f 4435/4435/3710 4436/4436/3711 4437/4437/3712
f 4437/4437/3712 4436/4436/3711 4438/4438/3713
f 4401/4401/3678 4439/4439/3714 4399/4399/3676
f 4399/4399/3676 4439/4439/3714 4440/4440/3704
f 4424/4424/3699 4410/4410/3685 4412/4412/3687
f 4412/4412/3687 4410/4410/3685 4408/4408/3683
f 4428/4428/3703 4417/4417/3692 4427/4427/3702
f 4427/4427/3702 4417/4417/3692 4415/4415/3690
f 4391/4391/3669 4393/4393/3671 4441/4441/3715
f 4442/4442/3716 4394/4394/3672 4392/4392/3670
f 4407/4407/3682 4411/4411/3686 4408/4408/3683
f 4414/4414/3689 4419/4419/3694 4418/4418/3693
f 4412/4412/3687 4413/4413/3688 4422/4422/3697
f 4425/4425/3700 4420/4420/3695 4421/4421/3696
f 4443/4443/3717 4444/4444/3718 4445/4445/3719
f 4445/4445/3719 4444/4444/3718 4446/4446/3720
f 4447/4447/3721 4448/4448/3673 4446/4446/3720
f 4446/4446/3720 4448/4448/3673 4445/4445/3719
f 4449/4449/3667 4448/4448/3673 4450/4450/3667
f 4450/4450/3667 4448/4448/3673 4447/4447/3721
f 4450/4450/3667 4451/4451/3722 4449/4449/3667
f 4449/4449/3667 4451/4451/3722 4452/4452/3723
f 4453/4453/3706 4454/4454/3724 4455/4455/3706
f 4455/4455/3706 4454/4454/3724 4456/4456/3725
f 4457/4457/3717 4458/4458/3726 4459/4459/3726
f 4459/4459/3726 4458/4458/3726 4460/4460/3727
f 4461/4461/3728 4462/4462/3728 4463/4463/3729
f 4463/4463/3729 4462/4462/3728 4464/4464/3729
f 4464/4464/3729 4465/4465/3730 4463/4463/3729
f 4463/4463/3729 4465/4465/3730 4466/4466/3731
f 4467/4467/3732 4466/4466/3731 4468/4468/3733
f 4468/4468/3733 4466/4466/3731 4465/4465/3730
f 4469/4469/3734 4470/4470/3735 4471/4471/3736
f 4471/4471/3736 4470/4470/3735 4472/4472/3737
f 4473/4473/3717 4474/4474/3717 4461/4461/3728
f 4461/4461/3728 4474/4474/3717 4462/4462/3728
f 4475/4475/3676 4476/4476/3705 4425/4425/3700
f 4425/4425/3700 4476/4476/3705 4426/4426/3701
f 4425/4425/3700 4421/4421/3696 4475/4475/3676
f 4475/4475/3676 4421/4421/3696 4477/4477/3738
f 4421/4421/3696 4419/4419/3694 4477/4477/3738
f 4477/4477/3738 4419/4419/3694 4478/4478/3681
f 4414/4414/3689 4479/4479/3679 4419/4419/3694
f 4419/4419/3694 4479/4479/3679 4478/4478/3681
f 4480/4480/3739 4481/4481/3706 4482/4482/3740
f 4482/4482/3740 4481/4481/3706 4483/4483/3712
f 4484/4484/3735 4485/4485/3741 4486/4486/3706
f 4486/4486/3706 4485/4485/3741 4487/4487/3741
f 4488/4488/3734 4489/4489/3736 4490/4490/3734
f 4490/4490/3734 4489/4489/3736 4491/4491/3736
f 4492/4492/3706 4493/4493/3706 4494/4494/3742
f 4494/4494/3742 4493/4493/3706 4495/4495/3743
f 4496/4496/3744 4497/4497/3745 4498/4498/3681
f 4498/4498/3681 4497/4497/3745 4499/4499/3681
f 4500/4500/3746 4498/4498/3681 4501/4501/3677
f 4501/4501/3677 4498/4498/3681 4499/4499/3681
f 4502/4502/3747 4500/4500/3746 4503/4503/3748
f 4503/4503/3748 4500/4500/3746 4501/4501/3677
f 4503/4503/3748 4504/4504/3749 4502/4502/3747
f 4502/4502/3747 4504/4504/3749 4505/4505/3704
f 4506/4506/3750 4507/4507/3717 4508/4508/3751
f 4508/4508/3751 4507/4507/3717 4509/4509/3704
f 4510/4510/3752 4511/4511/3736 4492/4492/3706
f 4492/4492/3706 4511/4511/3736 4493/4493/3706
f 4512/4512/3735 4513/4513/3753 4435/4435/3710
f 4435/4435/3710 4513/4513/3753 4436/4436/3711
f 4514/4514/3741 4515/4515/3754 4480/4480/3739
f 4480/4480/3739 4515/4515/3754 4481/4481/3706
f 4416/4416/3691 4417/4417/3692 4516/4516/3732
f 4516/4516/3732 4417/4417/3692 4517/4517/3755
f 4518/4518/3729 4517/4517/3755 4428/4428/3703
f 4428/4428/3703 4517/4517/3755 4417/4417/3692
f 4426/4426/3701 4519/4519/3728 4428/4428/3703
f 4428/4428/3703 4519/4519/3728 4518/4518/3729
f 4476/4476/3705 4520/4520/3717 4426/4426/3701
f 4426/4426/3701 4520/4520/3717 4519/4519/3728
f 4439/4439/3714 4521/4521/3727 4440/4440/3704
f 4440/4440/3704 4521/4521/3727 4522/4522/3704
f 4504/4504/3749 4523/4523/3751 4505/4505/3704
f 4505/4505/3704 4523/4523/3751 4524/4524/3726
f 4523/4523/3751 4525/4525/3726 4524/4524/3726
f 4524/4524/3726 4525/4525/3726 4526/4526/3717
f 4527/4527/3756 4522/4522/3704 4528/4528/3717
f 4528/4528/3717 4522/4522/3704 4521/4521/3727
f 4520/4520/3717 4529/4529/3717 4519/4519/3728
f 4519/4519/3728 4529/4529/3717 4530/4530/3728
f 4519/4519/3728 4530/4530/3728 4518/4518/3729
f 4518/4518/3729 4530/4530/3728 4531/4531/3729
f 4531/4531/3729 4532/4532/3730 4518/4518/3729
f 4518/4518/3729 4532/4532/3730 4517/4517/3755
f 4516/4516/3732 4517/4517/3755 4533/4533/3732
f 4533/4533/3732 4517/4517/3755 4532/4532/3730
f 4534/4534/3741 4535/4535/3736 4514/4514/3741
f 4514/4514/3741 4535/4535/3736 4515/4515/3754
f 4536/4536/3706 4537/4537/3757 4512/4512/3735
f 4512/4512/3735 4537/4537/3757 4513/4513/3753
f 4538/4538/3758 4539/4539/3735 4510/4510/3752
f 4510/4510/3752 4539/4539/3735 4511/4511/3736
f 4489/4489/3736 4488/4488/3734 4538/4538/3758
f 4538/4538/3758 4488/4488/3734 4539/4539/3735
f 4470/4470/3735 4469/4469/3734 4536/4536/3706
f 4536/4536/3706 4469/4469/3734 4537/4537/3757
f 4485/4485/3741 4484/4484/3735 4534/4534/3741
f 4534/4534/3741 4484/4484/3735 4535/4535/3736
f 4533/4533/3732 4532/4532/3730 4467/4467/3732
f 4467/4467/3732 4532/4532/3730 4466/4466/3731
f 4463/4463/3729 4466/4466/3731 4531/4531/3729
f 4531/4531/3729 4466/4466/3731 4532/4532/3730
f 4530/4530/3728 4461/4461/3728 4531/4531/3729
f 4531/4531/3729 4461/4461/3728 4463/4463/3729
f 4529/4529/3717 4473/4473/3717 4530/4530/3728
f 4530/4530/3728 4473/4473/3717 4461/4461/3728
f 4458/4458/3726 4527/4527/3756 4460/4460/3727
f 4460/4460/3727 4527/4527/3756 4528/4528/3717
f 4525/4525/3726 4506/4506/3750 4526/4526/3717
f 4526/4526/3717 4506/4506/3750 4508/4508/3751
f 4540/4540/3759 4541/4541/3704 4457/4457/3717
f 4457/4457/3717 4541/4541/3704 4458/4458/3726
f 4541/4541/3704 4542/4542/3704 4458/4458/3726
f 4458/4458/3726 4542/4542/3704 4527/4527/3756
f 4542/4542/3704 4543/4543/3727 4527/4527/3756
f 4527/4527/3756 4543/4543/3727 4522/4522/3704
f 4440/4440/3704 4522/4522/3704 4544/4544/3760
f 4544/4544/3760 4522/4522/3704 4543/4543/3727
f 4399/4399/3676 4440/4440/3704 4545/4545/3761
f 4545/4545/3761 4440/4440/3704 4544/4544/3760
f 4545/4545/3761 4546/4546/3762 4399/4399/3676
f 4399/4399/3676 4546/4546/3762 4400/4400/3677
f 4546/4546/3762 4547/4547/3763 4400/4400/3677
f 4400/4400/3677 4547/4547/3763 4405/4405/3681
f 4548/4548/3764 4403/4403/3679 4547/4547/3763
f 4547/4547/3763 4403/4403/3679 4405/4405/3681
f 4549/4549/3765 4435/4435/3710 4550/4550/3766
f 4550/4550/3766 4435/4435/3710 4437/4437/3712
f 4551/4551/3706 4512/4512/3735 4549/4549/3765
f 4549/4549/3765 4512/4512/3735 4435/4435/3710
f 4552/4552/3708 4536/4536/3706 4551/4551/3706
f 4551/4551/3706 4536/4536/3706 4512/4512/3735
f 4553/4553/3752 4470/4470/3735 4552/4552/3708
f 4552/4552/3708 4470/4470/3735 4536/4536/3706
f 4470/4470/3735 4553/4553/3752 4472/4472/3737
f 4472/4472/3737 4553/4553/3752 4554/4554/3708
f 4541/4541/3704 4540/4540/3759 4473/4473/3717
f 4473/4473/3717 4540/4540/3759 4474/4474/3717
f 4542/4542/3704 4541/4541/3704 4529/4529/3717
f 4529/4529/3717 4541/4541/3704 4473/4473/3717
f 4543/4543/3727 4542/4542/3704 4520/4520/3717
f 4520/4520/3717 4542/4542/3704 4529/4529/3717
f 4544/4544/3760 4543/4543/3727 4476/4476/3705
f 4476/4476/3705 4543/4543/3727 4520/4520/3717
f 4545/4545/3761 4544/4544/3760 4475/4475/3676
f 4475/4475/3676 4544/4544/3760 4476/4476/3705
f 4475/4475/3676 4477/4477/3738 4545/4545/3761
f 4545/4545/3761 4477/4477/3738 4546/4546/3762
f 4477/4477/3738 4478/4478/3681 4546/4546/3762
f 4546/4546/3762 4478/4478/3681 4547/4547/3763
f 4479/4479/3679 4548/4548/3764 4478/4478/3681
f 4478/4478/3681 4548/4548/3764 4547/4547/3763
f 4481/4481/3706 4549/4549/3765 4483/4483/3712
f 4483/4483/3712 4549/4549/3765 4550/4550/3766
f 4515/4515/3754 4551/4551/3706 4481/4481/3706
f 4481/4481/3706 4551/4551/3706 4549/4549/3765
f 4535/4535/3736 4552/4552/3708 4515/4515/3754
f 4515/4515/3754 4552/4552/3708 4551/4551/3706
f 4484/4484/3735 4553/4553/3752 4535/4535/3736
f 4535/4535/3736 4553/4553/3752 4552/4552/3708
f 4553/4553/3752 4484/4484/3735 4554/4554/3708
f 4554/4554/3708 4484/4484/3735 4486/4486/3706
f 4489/4489/3736 4469/4469/3734 4491/4491/3736
f 4491/4491/3736 4469/4469/3734 4471/4471/3736
f 4469/4469/3734 4489/4489/3736 4537/4537/3757
f 4537/4537/3757 4489/4489/3736 4538/4538/3758
f 4537/4537/3757 4538/4538/3758 4513/4513/3753
f 4513/4513/3753 4538/4538/3758 4510/4510/3752
f 4513/4513/3753 4510/4510/3752 4436/4436/3711
f 4436/4436/3711 4510/4510/3752 4492/4492/3706
f 4436/4436/3711 4492/4492/3706 4438/4438/3713
f 4438/4438/3713 4492/4492/3706 4494/4494/3742
f 4404/4404/3680 4496/4496/3744 4406/4406/3681
f 4406/4406/3681 4496/4496/3744 4498/4498/3681
f 4402/4402/3677 4406/4406/3681 4500/4500/3746
f 4500/4500/3746 4406/4406/3681 4498/4498/3681
f 4401/4401/3678 4402/4402/3677 4502/4502/3747
f 4502/4502/3747 4402/4402/3677 4500/4500/3746
f 4502/4502/3747 4505/4505/3704 4401/4401/3678
f 4401/4401/3678 4505/4505/3704 4439/4439/3714
f 4505/4505/3704 4524/4524/3726 4439/4439/3714
f 4439/4439/3714 4524/4524/3726 4521/4521/3727
f 4528/4528/3717 4521/4521/3727 4526/4526/3717
f 4526/4526/3717 4521/4521/3727 4524/4524/3726
f 4460/4460/3727 4528/4528/3717 4508/4508/3751
f 4508/4508/3751 4528/4528/3717 4526/4526/3717
f 4459/4459/3726 4460/4460/3727 4509/4509/3704
f 4509/4509/3704 4460/4460/3727 4508/4508/3751
f 4555/4555/3708 4556/4556/3708 4557/4557/3708
f 4557/4557/3708 4556/4556/3708 4558/4558/3767
f 4556/4556/3708 4555/4555/3708 4559/4559/3706
f 4559/4559/3706 4555/4555/3708 4560/4560/3708
f 4559/4559/3706 4560/4560/3708 4561/4561/3708
f 4561/4561/3708 4560/4560/3708 4562/4562/3706
f 4561/4561/3708 4562/4562/3706 4563/4563/3706
f 4563/4563/3706 4562/4562/3706 4564/4564/3706
f 4563/4563/3706 4564/4564/3706 4565/4565/3768
f 4565/4565/3768 4564/4564/3706 4566/4566/3712
f 4567/4567/3769 4568/4568/3679 4569/4569/3770
f 4569/4569/3770 4568/4568/3679 4570/4570/3771
f 4571/4571/3677 4569/4569/3770 4572/4572/3772
f 4572/4572/3772 4569/4569/3770 4570/4570/3771
f 4573/4573/3773 4571/4571/3677 4574/4574/3774
f 4574/4574/3774 4571/4571/3677 4572/4572/3772
f 4574/4574/3774 4575/4575/3775 4573/4573/3773
f 4573/4573/3773 4575/4575/3775 4576/4576/3717
f 4575/4575/3775 4577/4577/3717 4576/4576/3717
f 4576/4576/3717 4577/4577/3717 4578/4578/3717
f 4579/4579/3704 4578/4578/3717 4580/4580/3717
f 4580/4580/3717 4578/4578/3717 4577/4577/3717
f 4581/4581/3704 4579/4579/3704 4582/4582/3717
f 4582/4582/3717 4579/4579/3704 4580/4580/3717
f 4583/4583/3717 4581/4581/3704 4584/4584/3776
f 4584/4584/3776 4581/4581/3704 4582/4582/3717
f 4556/4556/3708 4488/4488/3734 4558/4558/3767
f 4558/4558/3767 4488/4488/3734 4490/4490/3734
f 4488/4488/3734 4556/4556/3708 4539/4539/3735
f 4539/4539/3735 4556/4556/3708 4559/4559/3706
f 4539/4539/3735 4559/4559/3706 4511/4511/3736
f 4511/4511/3736 4559/4559/3706 4561/4561/3708
f 4511/4511/3736 4561/4561/3708 4493/4493/3706
f 4493/4493/3706 4561/4561/3708 4563/4563/3706
f 4493/4493/3706 4563/4563/3706 4495/4495/3743
f 4495/4495/3743 4563/4563/3706 4565/4565/3768
f 4497/4497/3745 4567/4567/3769 4499/4499/3681
f 4499/4499/3681 4567/4567/3769 4569/4569/3770
f 4501/4501/3677 4499/4499/3681 4571/4571/3677
f 4571/4571/3677 4499/4499/3681 4569/4569/3770
f 4503/4503/3748 4501/4501/3677 4573/4573/3773
f 4573/4573/3773 4501/4501/3677 4571/4571/3677
f 4573/4573/3773 4576/4576/3717 4503/4503/3748
f 4503/4503/3748 4576/4576/3717 4504/4504/3749
f 4576/4576/3717 4578/4578/3717 4504/4504/3749
f 4504/4504/3749 4578/4578/3717 4523/4523/3751
f 4525/4525/3726 4523/4523/3751 4579/4579/3704
f 4579/4579/3704 4523/4523/3751 4578/4578/3717
f 4506/4506/3750 4525/4525/3726 4581/4581/3704
f 4581/4581/3704 4525/4525/3726 4579/4579/3704
f 4507/4507/3717 4506/4506/3750 4583/4583/3717
f 4583/4583/3717 4506/4506/3750 4581/4581/3704
f 4427/4427/3702 4420/4420/3695 4425/4425/3700
f 4415/4415/3690 4418/4418/3693 4427/4427/3702
f 4427/4427/3702 4418/4418/3693 4420/4420/3695
f 4414/4414/3689 4418/4418/3693 4415/4415/3690
f 4407/4407/3682 4585/4585/3777 4411/4411/3686
f 4411/4411/3686 4585/4585/3777 4413/4413/3688
f 4413/4413/3688 4585/4585/3777 4586/4586/3778
f 4422/4422/3697 4413/4413/3688 4586/4586/3778
f 4587/4587/3779 4588/4588/3780 4394/4394/3672
f 4394/4394/3672 4588/4588/3780 4393/4393/3671
f 4589/4589/3754 4590/4590/3781 4431/4431/3706
f 4431/4431/3706 4590/4590/3781 4432/4432/3707
f 4389/4389/3667 4390/4390/3668 4591/4591/3667
f 4591/4591/3667 4390/4390/3668 4592/4592/3782
f 4591/4591/3667 4593/4593/3783 4389/4389/3667
f 4389/4389/3667 4593/4593/3783 4396/4396/3673
f 4396/4396/3673 4593/4593/3783 4398/4398/3675
f 4398/4398/3675 4593/4593/3783 4594/4594/3784
f 4595/4595/3704 4429/4429/3704 4594/4594/3784
f 4594/4594/3784 4429/4429/3704 4398/4398/3675
f 4596/4596/3717 4597/4597/3717 4598/4598/3785
f 4598/4598/3785 4597/4597/3717 4599/4599/3786
f 4600/4600/3787 4601/4601/3673 4599/4599/3786
f 4599/4599/3786 4601/4601/3673 4598/4598/3785
f 4602/4602/3667 4601/4601/3673 4603/4603/3665
f 4603/4603/3665 4601/4601/3673 4600/4600/3787
f 4603/4603/3665 4604/4604/3788 4602/4602/3667
f 4602/4602/3667 4604/4604/3788 4605/4605/3789
f 4606/4606/3734 4607/4607/3790 4608/4608/3708
f 4608/4608/3708 4607/4607/3790 4609/4609/3791
f 4590/4590/3781 4589/4589/3754 4610/4610/3792
f 4610/4610/3792 4589/4589/3754 4611/4611/3698
f 4591/4591/3667 4592/4592/3782 4586/4586/3778
f 4586/4586/3778 4592/4592/3782 4422/4422/3697
f 4586/4586/3778 4585/4585/3777 4591/4591/3667
f 4591/4591/3667 4585/4585/3777 4593/4593/3783
f 4593/4593/3783 4585/4585/3777 4594/4594/3784
f 4594/4594/3784 4585/4585/3777 4407/4407/3682
f 4409/4409/3684 4595/4595/3704 4407/4407/3682
f 4407/4407/3682 4595/4595/3704 4594/4594/3784
f 4430/4430/3705 4443/4443/3717 4397/4397/3674
f 4397/4397/3674 4443/4443/3717 4445/4445/3719
f 4448/4448/3673 4395/4395/3673 4445/4445/3719
f 4445/4445/3719 4395/4395/3673 4397/4397/3674
f 4448/4448/3673 4449/4449/3667 4395/4395/3673
f 4395/4395/3673 4449/4449/3667 4387/4387/3665
f 4449/4449/3667 4452/4452/3723 4387/4387/3665
f 4387/4387/3665 4452/4452/3723 4388/4388/3666
f 4433/4433/3708 4434/4434/3709 4453/4453/3706
f 4453/4453/3706 4434/4434/3709 4454/4454/3724
f 4444/4444/3718 4596/4596/3717 4446/4446/3720
f 4446/4446/3720 4596/4596/3717 4598/4598/3785
f 4601/4601/3673 4447/4447/3721 4598/4598/3785
f 4598/4598/3785 4447/4447/3721 4446/4446/3720
f 4601/4601/3673 4602/4602/3667 4447/4447/3721
f 4447/4447/3721 4602/4602/3667 4450/4450/3667
f 4602/4602/3667 4605/4605/3789 4450/4450/3667
f 4450/4450/3667 4605/4605/3789 4451/4451/3722
f 4455/4455/3706 4456/4456/3725 4606/4606/3734
f 4606/4606/3734 4456/4456/3725 4607/4607/3790
f 4442/4442/3716 4599/4599/3786 4612/4612/3705
f 4612/4612/3705 4599/4599/3786 4597/4597/3717
f 4392/4392/3670 4600/4600/3787 4442/4442/3716
f 4442/4442/3716 4600/4600/3787 4599/4599/3786
f 4392/4392/3670 4391/4391/3669 4600/4600/3787
f 4600/4600/3787 4391/4391/3669 4603/4603/3665
f 4391/4391/3669 4441/4441/3715 4603/4603/3665
f 4603/4603/3665 4441/4441/3715 4604/4604/3788
f 4608/4608/3708 4609/4609/3791 4613/4613/3706
f 4613/4613/3706 4609/4609/3791 4614/4614/3793
f 4615/4615/3706 4616/4616/3708 4617/4617/3765
f 4617/4617/3765 4616/4616/3708 4618/4618/3706
f 4619/4619/3734 4620/4620/3734 4615/4615/3706
f 4615/4615/3706 4620/4620/3734 4616/4616/3708
f 4621/4621/3735 4622/4622/3736 4619/4619/3734
f 4619/4619/3734 4622/4622/3736 4620/4620/3734
f 4623/4623/3706 4624/4624/3706 4621/4621/3735
f 4621/4621/3735 4624/4624/3706 4622/4622/3736
f 4625/4625/3734 4626/4626/3708 4623/4623/3706
f 4623/4623/3706 4626/4626/3708 4624/4624/3706
f 4627/4627/3752 4628/4628/3706 4625/4625/3734
f 4625/4625/3734 4628/4628/3706 4626/4626/3708
f 4629/4629/3706 4630/4630/3752 4627/4627/3752
f 4627/4627/3752 4630/4630/3752 4628/4628/3706
f 4630/4630/3752 4629/4629/3706 4631/4631/3698
f 4631/4631/3698 4629/4629/3706 4632/4632/3794
f 4633/4633/3698 4634/4634/3794 4635/4635/3699
f 4635/4635/3699 4634/4634/3794 4636/4636/3699
f 4636/4636/3699 4637/4637/3795 4635/4635/3699
f 4635/4635/3699 4637/4637/3795 4638/4638/3685
f 4639/4639/3684 4638/4638/3685 4640/4640/3796
f 4640/4640/3796 4638/4638/3685 4637/4637/3795
f 4640/4640/3796 4641/4641/3704 4639/4639/3684
f 4639/4639/3684 4641/4641/3704 4642/4642/3726
f 4641/4641/3704 4643/4643/3704 4642/4642/3726
f 4642/4642/3726 4643/4643/3704 4644/4644/3704
f 4643/4643/3704 4645/4645/3760 4644/4644/3704
f 4644/4644/3704 4645/4645/3760 4646/4646/3760
f 4645/4645/3760 4647/4647/3704 4646/4646/3760
f 4646/4646/3760 4647/4647/3704 4648/4648/3776
f 4647/4647/3704 4649/4649/3717 4648/4648/3776
f 4648/4648/3776 4649/4649/3717 4650/4650/3704
f 4649/4649/3717 4651/4651/3751 4650/4650/3704
f 4650/4650/3704 4651/4651/3751 4652/4652/3704
f 4651/4651/3751 4653/4653/3726 4652/4652/3704
f 4652/4652/3704 4653/4653/3726 4654/4654/3727
f 4655/4655/3717 4654/4654/3727 4656/4656/3775
f 4656/4656/3775 4654/4654/3727 4653/4653/3726
f 4656/4656/3775 4653/4653/3726 4657/4657/3726
f 4657/4657/3726 4653/4653/3726 4658/4658/3726
f 4659/4659/3717 4658/4658/3726 4651/4651/3751
f 4651/4651/3751 4658/4658/3726 4653/4653/3726
f 4660/4660/3717 4659/4659/3717 4649/4649/3717
f 4649/4649/3717 4659/4659/3717 4651/4651/3751
f 4661/4661/3704 4660/4660/3717 4647/4647/3704
f 4647/4647/3704 4660/4660/3717 4649/4649/3717
f 4662/4662/3726 4661/4661/3704 4645/4645/3760
f 4645/4645/3760 4661/4661/3704 4647/4647/3704
f 4663/4663/3704 4662/4662/3726 4643/4643/3704
f 4643/4643/3704 4662/4662/3726 4645/4645/3760
f 4664/4664/3704 4663/4663/3704 4641/4641/3704
f 4641/4641/3704 4663/4663/3704 4643/4643/3704
f 4665/4665/3796 4664/4664/3704 4640/4640/3796
f 4640/4640/3796 4664/4664/3704 4641/4641/3704
f 4640/4640/3796 4637/4637/3795 4665/4665/3796
f 4665/4665/3796 4637/4637/3795 4666/4666/3797
f 4666/4666/3797 4637/4637/3795 4667/4667/3798
f 4667/4667/3798 4637/4637/3795 4636/4636/3699
f 4634/4634/3794 4668/4668/3794 4636/4636/3699
f 4636/4636/3699 4668/4668/3794 4667/4667/3798
f 4629/4629/3706 4669/4669/3706 4632/4632/3794
f 4632/4632/3794 4669/4669/3706 4670/4670/3794
f 4669/4669/3706 4629/4629/3706 4671/4671/3736
f 4671/4671/3736 4629/4629/3706 4627/4627/3752
f 4671/4671/3736 4627/4627/3752 4672/4672/3799
f 4672/4672/3799 4627/4627/3752 4625/4625/3734
f 4672/4672/3799 4625/4625/3734 4673/4673/3708
f 4673/4673/3708 4625/4625/3734 4623/4623/3706
f 4673/4673/3708 4623/4623/3706 4674/4674/3706
f 4674/4674/3706 4623/4623/3706 4621/4621/3735
f 4674/4674/3706 4621/4621/3735 4675/4675/3736
f 4675/4675/3736 4621/4621/3735 4619/4619/3734
f 4675/4675/3736 4619/4619/3734 4676/4676/3710
f 4676/4676/3710 4619/4619/3734 4615/4615/3706
f 4676/4676/3710 4615/4615/3706 4677/4677/3708
f 4677/4677/3708 4615/4615/3706 4617/4617/3765
f 4616/4616/3708 4608/4608/3708 4618/4618/3706
f 4618/4618/3706 4608/4608/3708 4613/4613/3706
f 4620/4620/3734 4606/4606/3734 4616/4616/3708
f 4616/4616/3708 4606/4606/3734 4608/4608/3708
f 4622/4622/3736 4455/4455/3706 4620/4620/3734
f 4620/4620/3734 4455/4455/3706 4606/4606/3734
f 4624/4624/3706 4453/4453/3706 4622/4622/3736
f 4622/4622/3736 4453/4453/3706 4455/4455/3706
f 4626/4626/3708 4433/4433/3708 4624/4624/3706
f 4624/4624/3706 4433/4433/3708 4453/4453/3706
f 4628/4628/3706 4431/4431/3706 4626/4626/3708
f 4626/4626/3708 4431/4431/3706 4433/4433/3708
f 4630/4630/3752 4589/4589/3754 4628/4628/3706
f 4628/4628/3706 4589/4589/3754 4431/4431/3706
f 4589/4589/3754 4630/4630/3752 4611/4611/3698
f 4611/4611/3698 4630/4630/3752 4631/4631/3698
f 4423/4423/3698 4633/4633/3698 4424/4424/3699
f 4424/4424/3699 4633/4633/3698 4635/4635/3699
f 4635/4635/3699 4638/4638/3685 4424/4424/3699
f 4424/4424/3699 4638/4638/3685 4410/4410/3685
f 4409/4409/3684 4410/4410/3685 4639/4639/3684
f 4639/4639/3684 4410/4410/3685 4638/4638/3685
f 4639/4639/3684 4642/4642/3726 4409/4409/3684
f 4409/4409/3684 4642/4642/3726 4595/4595/3704
f 4642/4642/3726 4644/4644/3704 4595/4595/3704
f 4595/4595/3704 4644/4644/3704 4429/4429/3704
f 4644/4644/3704 4646/4646/3760 4429/4429/3704
f 4429/4429/3704 4646/4646/3760 4430/4430/3705
f 4646/4646/3760 4648/4648/3776 4430/4430/3705
f 4430/4430/3705 4648/4648/3776 4443/4443/3717
f 4648/4648/3776 4650/4650/3704 4443/4443/3717
f 4443/4443/3717 4650/4650/3704 4444/4444/3718
f 4650/4650/3704 4652/4652/3704 4444/4444/3718
f 4444/4444/3718 4652/4652/3704 4596/4596/3717
f 4652/4652/3704 4654/4654/3727 4596/4596/3717
f 4596/4596/3717 4654/4654/3727 4597/4597/3717
f 4612/4612/3705 4597/4597/3717 4655/4655/3717
f 4655/4655/3717 4597/4597/3717 4654/4654/3727
f 4657/4657/3726 4658/4658/3726 4678/4678/3751
f 4678/4678/3751 4658/4658/3726 4679/4679/3751
f 4680/4680/3749 4679/4679/3751 4659/4659/3717
f 4659/4659/3717 4679/4679/3751 4658/4658/3726
f 4681/4681/3751 4680/4680/3749 4660/4660/3717
f 4660/4660/3717 4680/4680/3749 4659/4659/3717
f 4682/4682/3704 4681/4681/3751 4661/4661/3704
f 4661/4661/3704 4681/4681/3751 4660/4660/3717
f 4683/4683/3704 4682/4682/3704 4662/4662/3726
f 4662/4662/3726 4682/4682/3704 4661/4661/3704
f 4684/4684/3751 4683/4683/3704 4663/4663/3704
f 4663/4663/3704 4683/4683/3704 4662/4662/3726
f 4685/4685/3704 4684/4684/3751 4664/4664/3704
f 4664/4664/3704 4684/4684/3751 4663/4663/3704
f 4686/4686/3800 4685/4685/3704 4665/4665/3796
f 4665/4665/3796 4685/4685/3704 4664/4664/3704
f 4665/4665/3796 4666/4666/3797 4686/4686/3800
f 4686/4686/3800 4666/4666/3797 4687/4687/3801
f 4688/4688/3802 4687/4687/3801 4667/4667/3798
f 4667/4667/3798 4687/4687/3801 4666/4666/3797
f 4668/4668/3794 4689/4689/3803 4667/4667/3798
f 4667/4667/3798 4689/4689/3803 4688/4688/3802
f 4669/4669/3706 4690/4690/3736 4670/4670/3794
f 4670/4670/3794 4690/4690/3736 4691/4691/3794
f 4690/4690/3736 4669/4669/3706 4692/4692/3736
f 4692/4692/3736 4669/4669/3706 4671/4671/3736
f 4692/4692/3736 4671/4671/3736 4693/4693/3706
f 4693/4693/3706 4671/4671/3736 4672/4672/3799
f 4693/4693/3706 4672/4672/3799 4694/4694/3706
f 4694/4694/3706 4672/4672/3799 4673/4673/3708
f 4694/4694/3706 4673/4673/3708 4695/4695/3706
f 4695/4695/3706 4673/4673/3708 4674/4674/3706
f 4695/4695/3706 4674/4674/3706 4696/4696/3734
f 4696/4696/3734 4674/4674/3706 4675/4675/3736
f 4696/4696/3734 4675/4675/3736 4697/4697/3804
f 4697/4697/3804 4675/4675/3736 4676/4676/3710
f 4697/4697/3804 4676/4676/3710 4698/4698/3706
f 4698/4698/3706 4676/4676/3710 4677/4677/3708
f 4699/4699/3805 4700/4700/3806 4701/4701/3807
f 4701/4701/3807 4700/4700/3806 4702/4702/3808
f 4701/4701/3807 4702/4702/3808 4703/4703/3809
f 4703/4703/3809 4702/4702/3808 4704/4704/3810
f 4703/4703/3809 4704/4704/3810 4705/4705/3811
f 4705/4705/3811 4704/4704/3810 4706/4706/3812
f 4707/4707/3813 4705/4705/3811 4708/4708/3814
f 4708/4708/3814 4705/4705/3811 4706/4706/3812
f 4709/4709/3815 4707/4707/3813 4710/4710/3816
f 4710/4710/3816 4707/4707/3813 4708/4708/3814
f 4711/4711/3817 4709/4709/3815 4712/4712/3818
f 4712/4712/3818 4709/4709/3815 4710/4710/3816
f 4713/4713/3819 4711/4711/3817 4714/4714/3820
f 4714/4714/3820 4711/4711/3817 4712/4712/3818
f 4715/4715/3821 4716/4716/3822 4699/4699/3805
f 4699/4699/3805 4716/4716/3822 4700/4700/3806
f 4717/4717/2192 4718/4718/2192 4719/4719/2192
f 4719/4719/2192 4718/4718/2192 4720/4720/2192
f 4721/4721/1461 4722/4722/1461 4723/4723/1461
f 4723/4723/1461 4722/4722/1461 4724/4724/1461
f 4725/4725/2193 4726/4726/2193 4727/4727/2193
f 4727/4727/2193 4726/4726/2193 4728/4728/2193
f 4729/4729/2230 4730/4730/2230 4731/4731/2230
f 4731/4731/2230 4730/4730/2230 4732/4732/2230
f 4733/4733/2194 4734/4734/2194 4735/4735/2194
f 4735/4735/2194 4734/4734/2194 4736/4736/2194
f 4737/4737/2195 4738/4738/2195 4739/4739/2195
f 4739/4739/2195 4738/4738/2195 4740/4740/2195
f 4741/4741/3823 4742/4742/3824 4743/4743/1461
f 4743/4743/1461 4742/4742/3824 4744/4744/1461
f 4745/4745/2193 4746/4746/3825 4747/4747/2193
f 4747/4747/2193 4746/4746/3825 4748/4748/2193
f 4746/4746/3825 4749/4749/2193 4748/4748/2193
f 4750/4750/2230 4751/4751/2230 4752/4752/2230
f 4752/4752/2230 4751/4751/2230 4753/4753/2230
f 4754/4754/2194 4755/4755/2194 4756/4756/2194
f 4756/4756/2194 4755/4755/2194 4757/4757/2194
f 4758/4758/2195 4759/4759/2195 4760/4760/3826
f 4760/4760/3826 4759/4759/2195 4761/4761/3827
f 4762/4762/3825 4763/4763/3825 4764/4764/3825
f 4745/4745/2193 4764/4764/3825 4746/4746/3825
f 4746/4746/3825 4764/4764/3825 4763/4763/3825
f 4765/4765/2194 4766/4766/2194 4767/4767/2194
f 4767/4767/2194 4766/4766/2194 4768/4768/2194
f 4769/4769/2230 4770/4770/2230 4771/4771/2230
f 4771/4771/2230 4770/4770/2230 4772/4772/2230
f 4773/4773/2192 4774/4774/3828 4775/4775/3829
f 4774/4774/3828 4776/4776/3830 4775/4775/3829
f 4776/4776/3830 4777/4777/3830 4775/4775/3829
f 4778/4778/2192 4779/4779/2192 4775/4775/3829
f 4773/4773/2192 4775/4775/3829 4780/4780/2192
f 4780/4780/2192 4775/4775/3829 4779/4779/2192
f 4761/4761/3827 4781/4781/3831 4760/4760/3826
f 4760/4760/3826 4781/4781/3831 4782/4782/3832
f 4781/4781/3831 4742/4742/3824 4782/4782/3832
f 4782/4782/3832 4742/4742/3824 4741/4741/3823
f 4773/4773/2192 4780/4780/2192 4783/4783/3833
f 4773/4773/2192 4783/4783/3833 4774/4774/3828
f 4745/4745/2193 4747/4747/2193 4784/4784/3834
f 4745/4745/2193 4784/4784/3834 4764/4764/3825
f 4785/4785/3823 4786/4786/3824 4787/4787/1461
f 4787/4787/1461 4786/4786/3824 4788/4788/1461
f 4789/4789/2193 4790/4790/3825 4791/4791/2193
f 4791/4791/2193 4790/4790/3825 4792/4792/2193
f 4790/4790/3825 4793/4793/2193 4792/4792/2193
f 4794/4794/2230 4795/4795/2230 4796/4796/2230
f 4796/4796/2230 4795/4795/2230 4797/4797/2230
f 4798/4798/2194 4799/4799/2194 4800/4800/2194
f 4800/4800/2194 4799/4799/2194 4801/4801/2194
f 4802/4802/2195 4803/4803/2195 4804/4804/3826
f 4804/4804/3826 4803/4803/2195 4805/4805/3827
f 4806/4806/3825 4807/4807/3825 4808/4808/3825
f 4789/4789/2193 4808/4808/3825 4790/4790/3825
f 4790/4790/3825 4808/4808/3825 4807/4807/3825
f 4809/4809/2194 4810/4810/2194 4811/4811/2194
f 4811/4811/2194 4810/4810/2194 4812/4812/2194
f 4813/4813/2230 4814/4814/2230 4815/4815/2230
f 4815/4815/2230 4814/4814/2230 4816/4816/2230
f 4817/4817/2192 4818/4818/3828 4819/4819/3829
f 4818/4818/3828 4820/4820/3830 4819/4819/3829
f 4820/4820/3830 4821/4821/3830 4819/4819/3829
f 4822/4822/2192 4823/4823/2192 4819/4819/3829
f 4817/4817/2192 4819/4819/3829 4824/4824/2192
f 4824/4824/2192 4819/4819/3829 4823/4823/2192
f 4805/4805/3827 4825/4825/3831 4804/4804/3826
f 4804/4804/3826 4825/4825/3831 4826/4826/3832
f 4825/4825/3831 4786/4786/3824 4826/4826/3832
f 4826/4826/3832 4786/4786/3824 4785/4785/3823
f 4817/4817/2192 4824/4824/2192 4827/4827/3835
f 4817/4817/2192 4827/4827/3835 4818/4818/3828
f 4789/4789/2193 4791/4791/2193 4828/4828/3834
f 4789/4789/2193 4828/4828/3834 4808/4808/3825
f 4829/4829/3836 4830/4830/3837 4831/4831/2230
f 4831/4831/2230 4830/4830/3837 4832/4832/2230
f 4833/4833/2194 4834/4834/2194 4835/4835/2194
f 4835/4835/2194 4834/4834/2194 4836/4836/2194
f 4837/4837/3838 4838/4838/3838 4839/4839/3839
f 4839/4839/3839 4838/4838/3838 4840/4840/3839
f 4840/4840/3839 4841/4841/3840 4839/4839/3839
f 4839/4839/3839 4841/4841/3840 4842/4842/3840
f 4829/4829/3836 4838/4838/3838 4830/4830/3837
f 4830/4830/3837 4838/4838/3838 4837/4837/3838
f 4843/4843/2192 4844/4844/2192 4845/4845/2192
f 4845/4845/2192 4844/4844/2192 4846/4846/2192
f 4847/4847/1461 4848/4848/1461 4849/4849/1461
f 4849/4849/1461 4848/4848/1461 4850/4850/1461
f 4851/4851/2193 4852/4852/2193 4853/4853/2193
f 4853/4853/2193 4852/4852/2193 4854/4854/2193
f 4855/4855/2230 4856/4856/2230 4857/4857/2230
f 4857/4857/2230 4856/4856/2230 4858/4858/2230
f 4859/4859/2194 4860/4860/2194 4861/4861/2194
f 4861/4861/2194 4860/4860/2194 4862/4862/2194
f 4863/4863/2195 4864/4864/2195 4865/4865/2195
f 4865/4865/2195 4864/4864/2195 4866/4866/2195
f 4867/4867/3841 4868/4868/2193 4869/4869/3841
f 4869/4869/3841 4868/4868/2193 4870/4870/2193
f 4868/4868/2193 4871/4871/3842 4870/4870/2193
f 4870/4870/2193 4871/4871/3842 4872/4872/3843
f 4871/4871/3842 4873/4873/1461 4872/4872/3843
f 4872/4872/3843 4873/4873/1461 4874/4874/1461
f 4873/4873/1461 4875/4875/3844 4874/4874/1461
f 4874/4874/1461 4875/4875/3844 4876/4876/3844
f 4875/4875/3844 4877/4877/2192 4876/4876/3844
f 4876/4876/3844 4877/4877/2192 4878/4878/2192
f 4877/4877/2192 4879/4879/3845 4878/4878/2192
f 4878/4878/2192 4879/4879/3845 4880/4880/3846
f 4879/4879/3845 4881/4881/3847 4880/4880/3846
f 4880/4880/3846 4881/4881/3847 4882/4882/3848
f 4883/4883/3849 4867/4867/3841 4884/4884/3850
f 4884/4884/3850 4867/4867/3841 4869/4869/3841
f 4885/4885/2195 4886/4886/3851 4887/4887/2195
f 4888/4888/3852 4885/4885/2195 4887/4887/2195
f 4889/4889/2195 4888/4888/3852 4887/4887/2195
f 4890/4890/3853 4889/4889/2195 4887/4887/2195
f 4891/4891/2195 4890/4890/3853 4887/4887/2195
f 4892/4892/3854 4891/4891/2195 4887/4887/2195
f 4893/4893/2195 4892/4892/3854 4887/4887/2195
f 4886/4886/3851 4893/4893/2195 4887/4887/2195
f 4894/4894/3849 4895/4895/3841 4896/4896/3849
f 4896/4896/3849 4895/4895/3841 4897/4897/3841
f 4898/4898/3846 4899/4899/3847 4900/4900/3845
f 4900/4900/3845 4899/4899/3847 4901/4901/3855
f 4902/4902/3829 4898/4898/3846 4903/4903/3856
f 4903/4903/3856 4898/4898/3846 4900/4900/3845
f 4904/4904/3844 4902/4902/3829 4905/4905/3844
f 4905/4905/3844 4902/4902/3829 4903/4903/3856
f 4906/4906/1461 4904/4904/3844 4907/4907/1461
f 4907/4907/1461 4904/4904/3844 4905/4905/3844
f 4908/4908/3857 4906/4906/1461 4909/4909/3843
f 4909/4909/3843 4906/4906/1461 4907/4907/1461
f 4910/4910/3834 4908/4908/3857 4911/4911/3263
f 4911/4911/3263 4908/4908/3857 4909/4909/3843
f 4895/4895/3841 4910/4910/3834 4897/4897/3841
f 4897/4897/3841 4910/4910/3834 4911/4911/3263
f 4912/4912/3852 4913/4913/3858 4914/4914/3859
f 4914/4914/3859 4913/4913/3858 4915/4915/3858
f 4916/4916/3852 4912/4912/3852 4917/4917/3854
f 4917/4917/3854 4912/4912/3852 4914/4914/3859
f 4918/4918/3860 4916/4916/3852 4919/4919/3860
f 4919/4919/3860 4916/4916/3852 4917/4917/3854
f 4920/4920/3860 4918/4918/3860 4921/4921/3860
f 4921/4921/3860 4918/4918/3860 4919/4919/3860
f 4922/4922/3851 4920/4920/3860 4923/4923/2195
f 4923/4923/2195 4920/4920/3860 4921/4921/3860
f 4924/4924/3861 4922/4922/3851 4925/4925/3862
f 4925/4925/3862 4922/4922/3851 4923/4923/2195
f 4926/4926/3863 4924/4924/3861 4927/4927/3862
f 4927/4927/3862 4924/4924/3861 4925/4925/3862
f 4913/4913/3858 4926/4926/3863 4915/4915/3858
f 4915/4915/3858 4926/4926/3863 4927/4927/3862
f 4928/4928/2192 4929/4929/2192 4930/4930/2192
f 4930/4930/2192 4929/4929/2192 4931/4931/2192
f 4932/4932/1461 4933/4933/1461 4934/4934/1461
f 4934/4934/1461 4933/4933/1461 4935/4935/1461
f 4936/4936/2193 4937/4937/2193 4938/4938/2193
f 4938/4938/2193 4937/4937/2193 4939/4939/2193
f 4940/4940/2230 4941/4941/2230 4942/4942/2230
f 4942/4942/2230 4941/4941/2230 4943/4943/2230
f 4944/4944/2194 4945/4945/2194 4946/4946/2194
f 4946/4946/2194 4945/4945/2194 4947/4947/2194
f 4948/4948/2195 4949/4949/2195 4950/4950/2195
f 4950/4950/2195 4949/4949/2195 4951/4951/2195
f 4952/4952/2192 4953/4953/2192 4954/4954/2192
f 4954/4954/2192 4953/4953/2192 4955/4955/2192
f 4956/4956/1461 4957/4957/1461 4958/4958/1461
f 4958/4958/1461 4957/4957/1461 4959/4959/1461
f 4960/4960/2193 4961/4961/2193 4962/4962/2193
f 4962/4962/2193 4961/4961/2193 4963/4963/2193
f 4964/4964/2230 4965/4965/2230 4966/4966/2230
f 4966/4966/2230 4965/4965/2230 4967/4967/2230
f 4968/4968/2194 4969/4969/2194 4970/4970/2194
f 4970/4970/2194 4969/4969/2194 4971/4971/2194
f 4972/4972/2195 4973/4973/2195 4974/4974/2195
f 4974/4974/2195 4973/4973/2195 4975/4975/2195
f 4976/4976/3841 4977/4977/3864 4978/4978/3841
f 4978/4978/3841 4977/4977/3864 4979/4979/3864
f 4977/4977/3864 4980/4980/3842 4979/4979/3864
f 4979/4979/3864 4980/4980/3842 4981/4981/3843
f 4980/4980/3842 4982/4982/1461 4981/4981/3843
f 4981/4981/3843 4982/4982/1461 4983/4983/1461
f 4982/4982/1461 4984/4984/3844 4983/4983/1461
f 4983/4983/1461 4984/4984/3844 4985/4985/3844
f 4984/4984/3844 4986/4986/2192 4985/4985/3844
f 4985/4985/3844 4986/4986/2192 4987/4987/2192
f 4986/4986/2192 4988/4988/3865 4987/4987/2192
f 4987/4987/2192 4988/4988/3865 4989/4989/3846
f 4988/4988/3865 4990/4990/3847 4989/4989/3846
f 4989/4989/3846 4990/4990/3847 4991/4991/3848
f 4992/4992/3849 4976/4976/3841 4993/4993/3850
f 4993/4993/3850 4976/4976/3841 4978/4978/3841
f 4994/4994/2195 4995/4995/3851 4996/4996/2195
f 4997/4997/3852 4994/4994/2195 4996/4996/2195
f 4998/4998/2195 4997/4997/3852 4996/4996/2195
f 4999/4999/3853 4998/4998/2195 4996/4996/2195
f 5000/5000/2195 4999/4999/3853 4996/4996/2195
f 5001/5001/3852 5000/5000/2195 4996/4996/2195
f 5002/5002/2195 5001/5001/3852 4996/4996/2195
f 4995/4995/3851 5002/5002/2195 4996/4996/2195
f 5003/5003/3849 5004/5004/3841 5005/5005/3849
f 5005/5005/3849 5004/5004/3841 5006/5006/3841
f 5007/5007/3845 5008/5008/3847 5009/5009/3866
f 5009/5009/3866 5008/5008/3847 5010/5010/3847
f 5011/5011/3829 5007/5007/3845 5012/5012/3281
f 5012/5012/3281 5007/5007/3845 5009/5009/3866
f 5013/5013/3844 5011/5011/3829 5014/5014/3844
f 5014/5014/3844 5011/5011/3829 5012/5012/3281
f 5015/5015/1461 5013/5013/3844 5016/5016/1461
f 5016/5016/1461 5013/5013/3844 5014/5014/3844
f 5017/5017/3867 5015/5015/1461 5018/5018/3843
f 5018/5018/3843 5015/5015/1461 5016/5016/1461
f 5019/5019/3834 5017/5017/3867 5020/5020/3263
f 5020/5020/3263 5017/5017/3867 5018/5018/3843
f 5004/5004/3841 5019/5019/3834 5006/5006/3841
f 5006/5006/3841 5019/5019/3834 5020/5020/3263
f 5021/5021/3859 5022/5022/3858 5023/5023/3859
f 5023/5023/3859 5022/5022/3858 5024/5024/3858
f 5025/5025/3868 5021/5021/3859 5026/5026/3852
f 5026/5026/3852 5021/5021/3859 5023/5023/3859
f 5027/5027/3860 5025/5025/3868 5028/5028/3860
f 5028/5028/3860 5025/5025/3868 5026/5026/3852
f 5029/5029/3860 5027/5027/3860 5030/5030/3860
f 5030/5030/3860 5027/5027/3860 5028/5028/3860
f 5031/5031/3851 5029/5029/3860 5032/5032/2195
f 5032/5032/2195 5029/5029/3860 5030/5030/3860
f 5033/5033/3869 5031/5031/3851 5034/5034/3862
f 5034/5034/3862 5031/5031/3851 5032/5032/2195
f 5035/5035/3862 5033/5033/3869 5036/5036/3862
f 5036/5036/3862 5033/5033/3869 5034/5034/3862
f 5022/5022/3858 5035/5035/3862 5024/5024/3858
f 5024/5024/3858 5035/5035/3862 5036/5036/3862
f 5037/5037/2192 5038/5038/2192 5039/5039/2192
f 5039/5039/2192 5038/5038/2192 5040/5040/2192
f 5041/5041/1461 5042/5042/1461 5043/5043/1461
f 5043/5043/1461 5042/5042/1461 5044/5044/1461
f 5045/5045/2193 5046/5046/2193 5047/5047/2193
f 5047/5047/2193 5046/5046/2193 5048/5048/2193
f 5049/5049/2230 5050/5050/2230 5051/5051/2230
f 5051/5051/2230 5050/5050/2230 5052/5052/2230
f 5053/5053/2194 5054/5054/2194 5055/5055/2194
f 5055/5055/2194 5054/5054/2194 5056/5056/2194
f 5057/5057/2195 5058/5058/2195 5059/5059/2195
f 5059/5059/2195 5058/5058/2195 5060/5060/2195
f 5061/5061/3870 5062/5062/3870 5063/5063/2194
f 5063/5063/2194 5062/5062/3870 5064/5064/2194
f 5065/5065/2195 5066/5066/2195 5067/5067/3871
f 5067/5067/3871 5066/5066/2195 5068/5068/3871
f 5069/5069/3872 5070/5070/3873 5065/5065/2195
f 5065/5065/2195 5070/5070/3873 5066/5066/2195
f 5063/5063/2194 5064/5064/2194 5071/5071/3874
f 5071/5071/3874 5064/5064/2194 5072/5072/3874
f 5073/5073/3835 5074/5074/3835 5075/5075/3833
f 5076/5076/3833 5075/5075/3833 5077/5077/3833
f 5078/5078/3833 5079/5079/3833 5074/5074/3835
f 5074/5074/3835 5079/5079/3833 5075/5075/3833
f 5075/5075/3833 5079/5079/3833 5077/5077/3833
f 5080/5080/3875 5081/5081/3876 5076/5076/3833
f 5076/5076/3833 5081/5081/3876 5075/5075/3833
f 5082/5082/3877 5083/5083/3878 5084/5084/2193
f 5084/5084/2193 5083/5083/3878 5085/5085/2193
f 5084/5084/2193 5085/5085/2193 5086/5086/3879
f 5086/5086/3879 5085/5085/2193 5087/5087/3880
f 5088/5088/3881 5089/5089/3882 5090/5090/3883
f 5090/5090/3883 5089/5089/3882 5091/5091/3884
f 5092/5092/3885 5093/5093/3886 5094/5094/3887
f 5094/5094/3887 5093/5093/3886 5095/5095/3888
f 5094/5094/3887 5095/5095/3888 5096/5096/3889
f 5097/5097/2193 5098/5098/2193 5099/5099/2193
f 5099/5099/2193 5098/5098/2193 5100/5100/2193
f 5090/5090/3883 5091/5091/3884 5101/5101/3890
f 5102/5102/2230 5103/5103/2230 5104/5104/2230
f 5104/5104/2230 5103/5103/2230 5105/5105/2230
f 5101/5101/3890 5106/5106/3891 5090/5090/3883
f 5090/5090/3883 5106/5106/3891 5107/5107/3891
f 5108/5108/1461 5109/5109/1461 5110/5110/1461
f 5110/5110/1461 5109/5109/1461 5111/5111/1461
f 5096/5096/3889 5095/5095/3888 5112/5112/3892
f 5112/5112/3892 5095/5095/3888 5113/5113/3893
f 5068/5068/3871 5114/5114/3894 5067/5067/3871
f 5067/5067/3871 5114/5114/3894 5115/5115/3895
f 5114/5114/3894 5081/5081/3876 5115/5115/3895
f 5115/5115/3895 5081/5081/3876 5080/5080/3875
f 5116/5116/3896 5117/5117/3897 5118/5118/3898
f 5118/5118/3898 5117/5117/3897 5119/5119/3897
f 5117/5117/3897 5062/5062/3870 5119/5119/3897
f 5119/5119/3897 5062/5062/3870 5061/5061/3870
f 5069/5069/3872 5120/5120/3899 5070/5070/3873
f 5070/5070/3873 5120/5120/3899 5121/5121/3899
f 5120/5120/3899 5083/5083/3878 5121/5121/3899
f 5121/5121/3899 5083/5083/3878 5082/5082/3877
f 5087/5087/3880 5122/5122/3900 5086/5086/3879
f 5086/5086/3879 5122/5122/3900 5123/5123/3901
f 5122/5122/3900 5071/5071/3874 5123/5123/3901
f 5123/5123/3901 5071/5071/3874 5072/5072/3874
f 5124/5124/3902 5125/5125/3903 5126/5126/3904
f 5125/5125/3903 5127/5127/3904 5126/5126/3904
f 5127/5127/3904 5128/5128/3904 5126/5126/3904
f 5129/5129/3905 5126/5126/3904 5128/5128/3904
f 5130/5130/3906 5131/5131/3907 5132/5132/3908
f 5132/5132/3908 5131/5131/3907 5133/5133/3907
f 5133/5133/3907 5131/5131/3907 5134/5134/3907
f 5131/5131/3907 5135/5135/3909 5134/5134/3907
f 5136/5136/3910 5137/5137/3911 5124/5124/3902
f 5125/5125/3903 5124/5124/3902 5138/5138/3912
f 5137/5137/3911 5139/5139/3912 5124/5124/3902
f 5124/5124/3902 5139/5139/3912 5138/5138/3912
f 5136/5136/3910 5130/5130/3906 5140/5140/3913
f 5132/5132/3908 5141/5141/3914 5130/5130/3906
f 5140/5140/3913 5130/5130/3906 5142/5142/3915
f 5130/5130/3906 5141/5141/3914 5142/5142/3915
f 5075/5075/3833 5116/5116/3896 5073/5073/3835
f 5073/5073/3835 5116/5116/3896 5118/5118/3898
f 5143/5143/2193 5144/5144/2193 5097/5097/2193
f 5144/5144/2193 5145/5145/2193 5097/5097/2193
f 5145/5145/2193 5098/5098/2193 5097/5097/2193
f 5088/5088/3881 5146/5146/3916 5089/5089/3882
f 5089/5089/3882 5146/5146/3916 5147/5147/3917
f 5093/5093/3886 5092/5092/3885 5148/5148/3918
f 5148/5148/3918 5092/5092/3885 5149/5149/3919
f 5143/5143/2193 5150/5150/2193 5144/5144/2193
f 5124/5124/3902 5151/5151/3920 5136/5136/3910
f 5136/5136/3910 5151/5151/3920 5130/5130/3906
f 5144/5144/2193 5152/5152/2193 5145/5145/2193
f 5153/5153/3921 5154/5154/3922 5155/5155/3921
f 5155/5155/3921 5154/5154/3922 5156/5156/3923
f 5154/5154/3922 5157/5157/2193 5156/5156/3923
f 5156/5156/3923 5157/5157/2193 5158/5158/2193
f 5157/5157/2193 5159/5159/3924 5158/5158/2193
f 5158/5158/2193 5159/5159/3924 5160/5160/3924
f 5159/5159/3924 5161/5161/3925 5160/5160/3924
f 5160/5160/3924 5161/5161/3925 5162/5162/3925
f 5161/5161/3925 5163/5163/3849 5162/5162/3925
f 5162/5162/3925 5163/5163/3849 5164/5164/3849
f 5165/5165/3847 5166/5166/3926 5167/5167/3847
f 5167/5167/3847 5166/5166/3926 5168/5168/3927
f 5166/5166/3926 5169/5169/3928 5168/5168/3927
f 5168/5168/3927 5169/5169/3928 5170/5170/3929
f 5169/5169/3928 5171/5171/2192 5170/5170/3929
f 5170/5170/3929 5171/5171/2192 5172/5172/2192
f 5171/5171/2192 5173/5173/3930 5172/5172/2192
f 5172/5172/2192 5173/5173/3930 5174/5174/3930
f 5173/5173/3930 5175/5175/3931 5174/5174/3930
f 5174/5174/3930 5175/5175/3931 5176/5176/3931
f 5175/5175/3931 5177/5177/1461 5176/5176/3931
f 5176/5176/3931 5177/5177/1461 5178/5178/1461
f 5177/5177/1461 5153/5153/3921 5178/5178/1461
f 5178/5178/1461 5153/5153/3921 5155/5155/3921
f 5179/5179/2194 5180/5180/2194 5181/5181/3932
f 5182/5182/2194 5179/5179/2194 5181/5181/3932
f 5183/5183/2194 5182/5182/2194 5181/5181/3932
f 5184/5184/2194 5183/5183/2194 5181/5181/3932
f 5185/5185/2194 5184/5184/2194 5181/5181/3932
f 5186/5186/3932 5185/5185/2194 5181/5181/3932
f 5187/5187/3932 5186/5186/3932 5181/5181/3932
f 5188/5188/3932 5187/5187/3932 5181/5181/3932
f 5189/5189/3933 5188/5188/3932 5181/5181/3932
f 5190/5190/2194 5189/5189/3933 5181/5181/3932
f 5191/5191/2194 5190/5190/2194 5181/5181/3932
f 5180/5180/2194 5191/5191/2194 5181/5181/3932
f 5192/5192/3862 5193/5193/2195 5194/5194/3862
f 5195/5195/2195 5196/5196/2195 5193/5193/2195
f 5193/5193/2195 5196/5196/2195 5197/5197/3859
f 5193/5193/2195 5197/5197/3859 5198/5198/2195
f 5193/5193/2195 5198/5198/2195 5199/5199/2195
f 5193/5193/2195 5199/5199/2195 5200/5200/3934
f 5193/5193/2195 5200/5200/3934 5194/5194/3862
f 5201/5201/3858 5193/5193/2195 5192/5192/3862
f 5202/5202/3858 5193/5193/2195 5201/5201/3858
f 5203/5203/3852 5193/5193/2195 5202/5202/3858
f 5204/5204/3868 5193/5193/2195 5203/5203/3852
f 5195/5195/2195 5193/5193/2195 5204/5204/3868
f 5205/5205/3935 5206/5206/3936 5207/5207/3936
f 5207/5207/3936 5206/5206/3936 5208/5208/3935
f 5209/5209/1461 5210/5210/1461 5211/5211/1461
f 5211/5211/1461 5210/5210/1461 5212/5212/1461
f 5213/5213/3937 5214/5214/3937 5215/5215/3938
f 5215/5215/3938 5214/5214/3937 5216/5216/3937
f 5217/5217/3932 5218/5218/3932 5219/5219/3932
f 5219/5219/3932 5218/5218/3932 5220/5220/3932
f 5221/5221/3939 5222/5222/3940 5223/5223/3941
f 5223/5223/3941 5222/5222/3940 5224/5224/3942
f 5225/5225/3943 5226/5226/3944 5227/5227/3945
f 5227/5227/3945 5226/5226/3944 5228/5228/3944
f 5229/5229/3946 5230/5230/3947 5231/5231/3948
f 5231/5231/3948 5230/5230/3947 5232/5232/3947
f 5230/5230/3947 5233/5233/3949 5232/5232/3947
f 5232/5232/3947 5233/5233/3949 5234/5234/3949
f 5235/5235/3950 5236/5236/3950 5223/5223/3941
f 5223/5223/3941 5236/5236/3950 5221/5221/3939
f 5222/5222/3940 5229/5229/3946 5224/5224/3942
f 5224/5224/3942 5229/5229/3946 5231/5231/3948
f 5233/5233/3949 5225/5225/3943 5234/5234/3949
f 5234/5234/3949 5225/5225/3943 5227/5227/3945
f 5237/5237/3951 5238/5238/3952 5239/5239/3951
f 5239/5239/3951 5238/5238/3952 5240/5240/3953
f 5238/5238/3952 5241/5241/3954 5240/5240/3953
f 5240/5240/3953 5241/5241/3954 5242/5242/3954
f 5241/5241/3954 5243/5243/3955 5242/5242/3954
f 5242/5242/3954 5243/5243/3955 5244/5244/3956
f 5243/5243/3955 5245/5245/3957 5244/5244/3956
f 5244/5244/3956 5245/5245/3957 5246/5246/3958
f 5245/5245/3957 5247/5247/3959 5246/5246/3958
f 5246/5246/3958 5247/5247/3959 5248/5248/3960
f 5249/5249/3961 5250/5250/3962 5251/5251/3963
f 5251/5251/3963 5250/5250/3962 5252/5252/3962
f 5250/5250/3962 5253/5253/3964 5252/5252/3962
f 5252/5252/3962 5253/5253/3964 5254/5254/3965
f 5255/5255/3966 5256/5256/3967 5257/5257/3966
f 5257/5257/3966 5256/5256/3967 5258/5258/3968
f 5256/5256/3967 5237/5237/3951 5258/5258/3968
f 5258/5258/3968 5237/5237/3951 5239/5239/3951
f 5247/5247/3959 5259/5259/3969 5248/5248/3960
f 5248/5248/3960 5259/5259/3969 5260/5260/3969
f 5253/5253/3964 5255/5255/3966 5254/5254/3965
f 5254/5254/3965 5255/5255/3966 5257/5257/3966
f 5261/5261/1396 5262/5262/1396 5263/5263/1396
f 5264/5264/3970 5265/5265/1396 5262/5262/1396
f 5262/5262/1396 5265/5265/1396 5263/5263/1396
f 5266/5266/3971 5267/5267/3970 5268/5268/3972
f 5268/5268/3972 5267/5267/3970 5269/5269/3973
f 5268/5268/3972 5269/5269/3973 5270/5270/3972
f 5270/5270/3972 5269/5269/3973 5271/5271/3974
f 5270/5270/3972 5271/5271/3974 5272/5272/3975
f 5272/5272/3975 5271/5271/3974 5273/5273/3976
f 5272/5272/3975 5273/5273/3976 5274/5274/3977
f 5274/5274/3977 5273/5273/3976 5275/5275/3978
f 5262/5262/1396 5274/5274/3977 5264/5264/3970
f 5264/5264/3970 5274/5274/3977 5275/5275/3978
f 5276/5276/3979 5277/5277/3980 5278/5278/3981
f 5278/5278/3981 5277/5277/3980 5279/5279/3982
f 5280/5280/3983 5276/5276/3979 5281/5281/3984
f 5281/5281/3984 5276/5276/3979 5278/5278/3981
f 5282/5282/3985 5280/5280/3983 5266/5266/3971
f 5281/5281/3984 5267/5267/3970 5280/5280/3983
f 5266/5266/3971 5280/5280/3983 5267/5267/3970
f 5277/5277/3980 5283/5283/3986 5279/5279/3982
f 5279/5279/3982 5283/5283/3986 5284/5284/3987
f 5284/5284/3987 5283/5283/3986 5265/5265/1396
f 5265/5265/1396 5283/5283/3986 5263/5263/1396
f 5285/5285/3988 5286/5286/3989 5287/5287/3990
f 5287/5287/3990 5286/5286/3989 5288/5288/3991
f 5289/5289/3992 5290/5290/3993 5291/5291/3994
f 5290/5290/3993 5292/5292/3995 5291/5291/3994
f 5292/5292/3995 5293/5293/3991 5291/5291/3994
f 5294/5294/3996 5295/5295/3997 5296/5296/3997
f 5296/5296/3997 5295/5295/3997 5297/5297/3997
f 5298/5298/3998 5299/5299/3999 5300/5300/4000
f 5300/5300/4000 5299/5299/3999 5301/5301/4001
f 5302/5302/4002 5292/5292/3995 5303/5303/3996
f 5303/5303/3996 5292/5292/3995 5290/5290/3993
f 5295/5295/3997 5302/5302/4002 5297/5297/3997
f 5297/5297/3997 5302/5302/4002 5303/5303/3996
f 5304/5304/3997 5294/5294/3996 5305/5305/3997
f 5305/5305/3997 5294/5294/3996 5296/5296/3997
f 5304/5304/3997 5305/5305/3997 5298/5298/3998
f 5298/5298/3998 5305/5305/3997 5299/5299/3999
f 5286/5286/3989 5285/5285/3988 5306/5306/4003
f 5306/5306/4003 5285/5285/3988 5307/5307/4004
f 5300/5300/4000 5301/5301/4001 5307/5307/4004
f 5301/5301/4001 5306/5306/4003 5307/5307/4004
f 5291/5291/3994 5293/5293/3991 5288/5288/3991
f 5288/5288/3991 5293/5293/3991 5287/5287/3990
f 5308/5308/4005 5309/5309/4006 5310/5310/4007
f 5310/5310/4007 5309/5309/4006 5311/5311/4008
f 5312/5312/4009 5313/5313/4010 5314/5314/4011
f 5314/5314/4011 5313/5313/4010 5315/5315/4012
f 5316/5316/4013 5317/5317/4014 5318/5318/4015
f 5318/5318/4015 5317/5317/4014 5319/5319/4016
f 5320/5320/4017 5321/5321/4018 5322/5322/4019
f 5322/5322/4019 5321/5321/4018 5323/5323/4019
f 5324/5324/4020 5322/5322/4019 5325/5325/4020
f 5325/5325/4020 5322/5322/4019 5323/5323/4019
f 5324/5324/4020 5325/5325/4020 5326/5326/4021
f 5326/5326/4021 5325/5325/4020 5327/5327/4022
f 5326/5326/4021 5327/5327/4022 5328/5328/4023
f 5328/5328/4023 5327/5327/4022 5329/5329/4024
f 5328/5328/4023 5329/5329/4024 5330/5330/4025
f 5330/5330/4025 5329/5329/4024 5331/5331/4026
f 5332/5332/4027 5333/5333/4028 5334/5334/4029
f 5334/5334/4029 5333/5333/4028 5335/5335/4030
f 5334/5334/4029 5335/5335/4030 5336/5336/4031
f 5336/5336/4031 5335/5335/4030 5337/5337/4032
f 5338/5338/4033 5339/5339/4034 5340/5340/4035
f 5340/5340/4035 5339/5339/4034 5341/5341/4036
f 5342/5342/4037 5343/5343/4038 5344/5344/4039
f 5344/5344/4039 5343/5343/4038 5345/5345/4040
f 5346/5346/4041 5347/5347/4042 5348/5348/4043
f 5348/5348/4043 5347/5347/4042 5349/5349/4044
f 5350/5350/4045 5351/5351/4046 5352/5352/4047
f 5352/5352/4047 5351/5351/4046 5353/5353/4048
f 5354/5354/4049 5350/5350/4045 5355/5355/4050
f 5355/5355/4050 5350/5350/4045 5352/5352/4047
f 5356/5356/4051 5354/5354/4049 5357/5357/4052
f 5357/5357/4052 5354/5354/4049 5355/5355/4050
f 5358/5358/4053 5356/5356/4051 5359/5359/4054
f 5359/5359/4054 5356/5356/4051 5357/5357/4052
f 5358/5358/4053 5359/5359/4054 5360/5360/4055
f 5360/5360/4055 5359/5359/4054 5361/5361/4055
f 5362/5362/4056 5360/5360/4055 5363/5363/4057
f 5363/5363/4057 5360/5360/4055 5361/5361/4055
f 5362/5362/4056 5363/5363/4057 5364/5364/4058
f 5364/5364/4058 5363/5363/4057 5365/5365/4059
f 5308/5308/4005 5364/5364/4058 5309/5309/4006
f 5309/5309/4006 5364/5364/4058 5365/5365/4059
f 5314/5314/4011 5315/5315/4012 5316/5316/4013
f 5316/5316/4013 5315/5315/4012 5317/5317/4014
f 5320/5320/4017 5318/5318/4015 5321/5321/4018
f 5321/5321/4018 5318/5318/4015 5319/5319/4016
f 5310/5310/4007 5311/5311/4008 5312/5312/4009
f 5312/5312/4009 5311/5311/4008 5313/5313/4010
f 5347/5347/4042 5342/5342/4037 5349/5349/4044
f 5349/5349/4044 5342/5342/4037 5344/5344/4039
f 5351/5351/4046 5346/5346/4041 5353/5353/4048
f 5353/5353/4048 5346/5346/4041 5348/5348/4043
f 5336/5336/4031 5337/5337/4032 5338/5338/4033
f 5338/5338/4033 5337/5337/4032 5339/5339/4034
f 5343/5343/4038 5340/5340/4035 5345/5345/4040
f 5345/5345/4040 5340/5340/4035 5341/5341/4036
f 5366/5366/4060 5367/5367/4061 5368/5368/4062
f 5369/5369/4063 5370/5370/4064 5367/5367/4061
f 5367/5367/4061 5370/5370/4064 5371/5371/4065
f 5367/5367/4061 5371/5371/4065 5372/5372/4066
f 5367/5367/4061 5372/5372/4066 5373/5373/4067
f 5367/5367/4061 5373/5373/4067 5374/5374/4068
f 5367/5367/4061 5374/5374/4068 5375/5375/4069
f 5367/5367/4061 5375/5375/4069 5376/5376/4070
f 5367/5367/4061 5376/5376/4070 5377/5377/4071
f 5367/5367/4061 5377/5377/4071 5378/5378/4072
f 5367/5367/4061 5378/5378/4072 5379/5379/4073
f 5367/5367/4061 5379/5379/4073 5380/5380/4074
f 5367/5367/4061 5380/5380/4074 5381/5381/4075
f 5367/5367/4061 5381/5381/4075 5382/5382/4075
f 5367/5367/4061 5382/5382/4075 5368/5368/4062
f 5383/5383/4076 5367/5367/4061 5366/5366/4060
f 5384/5384/4077 5367/5367/4061 5383/5383/4076
f 5385/5385/4078 5367/5367/4061 5384/5384/4077
f 5386/5386/4079 5367/5367/4061 5385/5385/4078
f 5387/5387/4080 5367/5367/4061 5386/5386/4079
f 5388/5388/4081 5367/5367/4061 5387/5387/4080
f 5389/5389/4082 5367/5367/4061 5388/5388/4081
f 5390/5390/4083 5367/5367/4061 5389/5389/4082
f 5391/5391/4084 5367/5367/4061 5390/5390/4083
f 5392/5392/4085 5367/5367/4061 5391/5391/4084
f 5393/5393/4086 5367/5367/4061 5392/5392/4085
f 5394/5394/4087 5367/5367/4061 5393/5393/4086
f 5369/5369/4063 5367/5367/4061 5394/5394/4087
f 5395/5395/4088 5396/5396/2197 5397/5397/4089
f 5397/5397/4089 5396/5396/2197 5398/5398/4090
f 5396/5396/2197 5399/5399/2193 5398/5398/4090
f 5398/5398/4090 5399/5399/2193 5400/5400/2193
f 5399/5399/2193 5401/5401/2199 5400/5400/2193
f 5400/5400/2193 5401/5401/2199 5402/5402/2199
f 5401/5401/2199 5403/5403/2200 5402/5402/2199
f 5402/5402/2199 5403/5403/2200 5404/5404/2200
f 5403/5403/2200 5405/5405/2201 5404/5404/2200
f 5404/5404/2200 5405/5405/2201 5406/5406/2201
f 5407/5407/2202 5408/5408/2204 5409/5409/2202
f 5409/5409/2202 5408/5408/2204 5410/5410/4091
f 5408/5408/2204 5411/5411/2206 5410/5410/4091
f 5410/5410/4091 5411/5411/2206 5412/5412/2205
f 5411/5411/2206 5413/5413/2192 5412/5412/2205
f 5412/5412/2205 5413/5413/2192 5414/5414/2192
f 5413/5413/2192 5415/5415/2218 5414/5414/2192
f 5414/5414/2192 5415/5415/2218 5416/5416/4092
f 5415/5415/2218 5417/5417/2210 5416/5416/4092
f 5416/5416/4092 5417/5417/2210 5418/5418/2210
f 5417/5417/2210 5419/5419/2194 5418/5418/2210
f 5418/5418/2210 5419/5419/2194 5420/5420/2194
f 5419/5419/2194 5395/5395/4088 5420/5420/2194
f 5420/5420/2194 5395/5395/4088 5397/5397/4089
f 5421/5421/4093 5422/5422/4093 5423/5423/1866
f 5424/5424/1461 5425/5425/1461 5422/5422/4093
f 5422/5422/4093 5425/5425/1461 5426/5426/1863
f 5422/5422/4093 5426/5426/1863 5427/5427/1863
f 5422/5422/4093 5427/5427/1863 5428/5428/1866
f 5422/5422/4093 5428/5428/1866 5429/5429/1866
f 5422/5422/4093 5429/5429/1866 5423/5423/1866
f 5430/5430/4093 5422/5422/4093 5421/5421/4093
f 5431/5431/4093 5422/5422/4093 5430/5430/4093
f 5432/5432/1461 5422/5422/4093 5431/5431/4093
f 5433/5433/1461 5422/5422/4093 5432/5432/1461
f 5424/5424/1461 5422/5422/4093 5433/5433/1461
f 5434/5434/4094 5435/5435/4095 5436/5436/4094
f 5436/5436/4094 5435/5435/4095 5437/5437/4096
f 5437/5437/4096 5435/5435/4095 5438/5438/4094
f 5435/5435/4095 5439/5439/4094 5438/5438/4094
f 5438/5438/4094 5439/5439/4094 5440/5440/4094
f 5439/5439/4094 5441/5441/4094 5440/5440/4094
f 5442/5442/4097 5443/5443/4097 5444/5444/4098
f 5444/5444/4098 5443/5443/4097 5445/5445/4098
f 5446/5446/4099 5447/5447/4099 5448/5448/4100
f 5448/5448/4100 5447/5447/4099 5449/5449/4100
f 5450/5450/4101 5451/5451/4102 5452/5452/4103
f 5452/5452/4103 5451/5451/4102 5453/5453/4104
f 5454/5454/3825 5455/5455/3825 5456/5456/3864
f 5455/5455/3825 5457/5457/3825 5456/5456/3864
f 5458/5458/3864 5459/5459/3864 5460/5460/3864
f 5459/5459/3864 5461/5461/3825 5460/5460/3864
f 5462/5462/3825 5463/5463/3825 5464/5464/3825
f 5463/5463/3825 5465/5465/3864 5464/5464/3825
f 5464/5464/3825 5465/5465/3864 5461/5461/3825
f 5461/5461/3825 5465/5465/3864 5460/5460/3864
f 5460/5460/3864 5465/5465/3864 5457/5457/3825
f 5457/5457/3825 5465/5465/3864 5456/5456/3864
f 5466/5466/4105 5467/5467/4106 5468/5468/4106
f 5468/5468/4106 5467/5467/4106 5469/5469/4105
f 5470/5470/3829 5471/5471/3281 5472/5472/3829
f 5472/5472/3829 5471/5471/3281 5473/5473/4107
f 5474/5474/3829 5475/5475/3829 5476/5476/3829
f 5476/5476/3829 5475/5475/3829 5477/5477/3829
f 5471/5471/3281 5478/5478/3829 5473/5473/4107
f 5479/5479/3829 5480/5480/3281 5481/5481/3829
f 5481/5481/3829 5480/5480/3281 5478/5478/3829
f 5478/5478/3829 5480/5480/3281 5473/5473/4107
f 5473/5473/4107 5480/5480/3281 5475/5475/3829
f 5480/5480/3281 5477/5477/3829 5475/5475/3829
f 5451/5451/4102 5450/5450/4101 5482/5482/4108
f 5482/5482/4108 5450/5450/4101 5483/5483/4109
f 5446/5446/4099 5444/5444/4098 5447/5447/4099
f 5447/5447/4099 5444/5444/4098 5445/5445/4098
f 5484/5484/4110 5485/5485/4110 5486/5486/4110
f 5486/5486/4110 5485/5485/4110 5487/5487/4110
f 5488/5488/4111 5489/5489/4111 5483/5483/4109
f 5483/5483/4109 5489/5489/4111 5482/5482/4108
f 5490/5490/4112 5491/5491/4113 5492/5492/4114
f 5492/5492/4114 5491/5491/4113 5493/5493/4115
f 5493/5493/4115 5494/5494/4116 5492/5492/4114
f 5492/5492/4114 5494/5494/4116 5495/5495/4117
f 5495/5495/4117 5496/5496/4118 5492/5492/4114
f 5492/5492/4114 5496/5496/4118 5497/5497/4119
f 5490/5490/4112 5492/5492/4114 5498/5498/4120
f 5498/5498/4120 5492/5492/4114 5497/5497/4119
f 5499/5499/4121 5500/5500/4122 5501/5501/4123
f 5501/5501/4123 5500/5500/4122 5502/5502/4124
f 5503/5503/4125 5504/5504/4126 5505/5505/4127
f 5505/5505/4127 5504/5504/4126 5506/5506/4128
f 5503/5503/4125 5505/5505/4127 5507/5507/4129
f 5507/5507/4129 5505/5505/4127 5508/5508/4130
f 5500/5500/4122 5499/5499/4121 5509/5509/4131
f 5509/5509/4131 5499/5499/4121 5510/5510/4132
f 5511/5511/4133 5512/5512/4134 5513/5513/4135
f 5513/5513/4135 5512/5512/4134 5514/5514/4136
f 5511/5511/4133 5515/5515/4137 5512/5512/4134
f 5512/5512/4134 5515/5515/4137 5516/5516/4138
f 5517/5517/4139 5518/5518/4140 5519/5519/4141
f 5519/5519/4141 5518/5518/4140 5520/5520/4142
f 5521/5521/4143 5517/5517/4139 5522/5522/4144
f 5522/5522/4144 5517/5517/4139 5519/5519/4141
f 5523/5523/4145 5524/5524/4146 5525/5525/4147
f 5525/5525/4147 5524/5524/4146 5526/5526/4148
f 5527/5527/4149 5528/5528/4150 5529/5529/4151
f 5529/5529/4151 5528/5528/4150 5530/5530/4152
f 5527/5527/4149 5529/5529/4151 5531/5531/4153
f 5531/5531/4153 5529/5529/4151 5532/5532/4154
f 5524/5524/4146 5523/5523/4145 5533/5533/4155
f 5533/5533/4155 5523/5523/4145 5534/5534/4156
f 5535/5535/4157 5536/5536/4158 5537/5537/4159
f 5537/5537/4159 5536/5536/4158 5538/5538/4160
f 5537/5537/4159 5538/5538/4160 5539/5539/4161
f 5539/5539/4161 5538/5538/4160 5540/5540/4162
f 5539/5539/4161 5541/5541/4163 5537/5537/4159
f 5537/5537/4159 5541/5541/4163 5542/5542/4164
f 5537/5537/4159 5542/5542/4164 5535/5535/4157
f 5535/5535/4157 5542/5542/4164 5543/5543/4165
f 5544/5544/4166 5545/5545/4167 5546/5546/4168
f 5546/5546/4168 5545/5545/4167 5547/5547/4169
f 5544/5544/4166 5548/5548/4170 5545/5545/4167
f 5545/5545/4167 5548/5548/4170 5549/5549/4171
f 5545/5545/4167 5549/5549/4171 5550/5550/4172
f 5550/5550/4172 5549/5549/4171 5551/5551/4173
f 5545/5545/4167 5550/5550/4172 5547/5547/4169
f 5547/5547/4169 5550/5550/4172 5552/5552/4174
f 5553/5553/4175 5554/5554/4176 5555/5555/4177
f 5555/5555/4177 5554/5554/4176 5556/5556/4178
f 5557/5557/4179 5558/5558/4180 5535/5535/4157
f 5535/5535/4157 5558/5558/4180 5536/5536/4158
f 5535/5535/4157 5543/5543/4165 5557/5557/4179
f 5557/5557/4179 5543/5543/4165 5559/5559/4181
f 5553/5553/4175 5555/5555/4177 5560/5560/4182
f 5560/5560/4182 5555/5555/4177 5561/5561/4183
f 5550/5550/4172 5562/5562/4184 5552/5552/4174
f 5552/5552/4174 5562/5562/4184 5563/5563/4185
f 5550/5550/4172 5551/5551/4173 5562/5562/4184
f 5562/5562/4184 5551/5551/4173 5564/5564/4186
f 5562/5562/4184 5564/5564/4186 5565/5565/4187
f 5565/5565/4187 5564/5564/4186 5566/5566/4188
f 5563/5563/4185 5562/5562/4184 5567/5567/4189
f 5567/5567/4189 5562/5562/4184 5565/5565/4187
f 5539/5539/4161 5540/5540/4162 5568/5568/4190
f 5568/5568/4190 5540/5540/4162 5569/5569/4191
f 5568/5568/4190 5569/5569/4191 5495/5495/4117
f 5495/5495/4117 5569/5569/4191 5496/5496/4118
f 5495/5495/4117 5494/5494/4116 5568/5568/4190
f 5568/5568/4190 5494/5494/4116 5570/5570/4192
f 5568/5568/4190 5570/5570/4192 5539/5539/4161
f 5539/5539/4161 5570/5570/4192 5541/5541/4163
f 5505/5505/4127 5571/5571/4193 5508/5508/4130
f 5508/5508/4130 5571/5571/4193 5572/5572/4194
f 5505/5505/4127 5506/5506/4128 5571/5571/4193
f 5571/5571/4193 5506/5506/4128 5573/5573/4195
f 5571/5571/4193 5573/5573/4195 5544/5544/4166
f 5544/5544/4166 5573/5573/4195 5548/5548/4170
f 5571/5571/4193 5544/5544/4166 5572/5572/4194
f 5572/5572/4194 5544/5544/4166 5546/5546/4168
f 5524/5524/4146 5490/5490/4112 5526/5526/4148
f 5526/5526/4148 5490/5490/4112 5498/5498/4120
f 5491/5491/4113 5490/5490/4112 5533/5533/4155
f 5533/5533/4155 5490/5490/4112 5524/5524/4146
f 5500/5500/4122 5529/5529/4151 5502/5502/4124
f 5502/5502/4124 5529/5529/4151 5530/5530/4152
f 5532/5532/4154 5529/5529/4151 5509/5509/4131
f 5509/5509/4131 5529/5529/4151 5500/5500/4122
f 5499/5499/4121 5501/5501/4123 5503/5503/4125
f 5503/5503/4125 5501/5501/4123 5504/5504/4126
f 5510/5510/4132 5499/5499/4121 5507/5507/4129
f 5507/5507/4129 5499/5499/4121 5503/5503/4125
f 5527/5527/4149 5523/5523/4145 5528/5528/4150
f 5528/5528/4150 5523/5523/4145 5525/5525/4147
f 5534/5534/4156 5523/5523/4145 5531/5531/4153
f 5531/5531/4153 5523/5523/4145 5527/5527/4149
f 5519/5519/4141 5520/5520/4142 5553/5553/4175
f 5553/5553/4175 5520/5520/4142 5554/5554/4176
f 5522/5522/4144 5519/5519/4141 5560/5560/4182
f 5560/5560/4182 5519/5519/4141 5553/5553/4175
f 5555/5555/4177 5556/5556/4178 5557/5557/4179
f 5557/5557/4179 5556/5556/4178 5558/5558/4180
f 5555/5555/4177 5557/5557/4179 5561/5561/4183
f 5561/5561/4183 5557/5557/4179 5559/5559/4181
f 5565/5565/4187 5566/5566/4188 5511/5511/4133
f 5511/5511/4133 5566/5566/4188 5515/5515/4137
f 5567/5567/4189 5565/5565/4187 5513/5513/4135
f 5513/5513/4135 5565/5565/4187 5511/5511/4133
f 5512/5512/4134 5516/5516/4138 5517/5517/4139
f 5517/5517/4139 5516/5516/4138 5518/5518/4140
f 5512/5512/4134 5517/5517/4139 5514/5514/4136
f 5514/5514/4136 5517/5517/4139 5521/5521/4143
f 5574/5574/4196 5575/5575/4197 5576/5576/4198
f 5576/5576/4198 5575/5575/4197 5577/5577/4199
f 5578/5578/4200 5579/5579/4201 5580/5580/4202
f 5580/5580/4202 5579/5579/4201 5577/5577/4199
f 5581/5581/4013 5582/5582/4014 5583/5583/4203
f 5583/5583/4203 5582/5582/4014 5584/5584/4204
f 5585/5585/4205 5586/5586/4206 5587/5587/4207
f 5587/5587/4207 5586/5586/4206 5588/5588/4208
f 5589/5589/4209 5587/5587/4207 5588/5588/4208
f 5590/5590/4210 5591/5591/4209 5592/5592/4211
f 5592/5592/4211 5591/5591/4209 5593/5593/4212
f 5594/5594/4213 5590/5590/4210 5592/5592/4211
f 5595/5595/4214 5594/5594/4213 5596/5596/4215
f 5596/5596/4215 5594/5594/4213 5592/5592/4211
f 5595/5595/4214 5596/5596/4215 5597/5597/4029
f 5597/5597/4029 5596/5596/4215 5598/5598/4216
f 5597/5597/4029 5598/5598/4216 5599/5599/4217
f 5599/5599/4217 5598/5598/4216 5600/5600/4218
f 5601/5601/4033 5602/5602/4219 5603/5603/4220
f 5603/5603/4220 5602/5602/4219 5604/5604/4036
f 5605/5605/4221 5606/5606/4222 5607/5607/4039
f 5607/5607/4039 5606/5606/4222 5608/5608/4223
f 5609/5609/4224 5610/5610/4225 5611/5611/4226
f 5611/5611/4226 5610/5610/4225 5612/5612/4227
f 5613/5613/4228 5612/5612/4227 5614/5614/4229
f 5614/5614/4229 5612/5612/4227 5615/5615/4230
f 5616/5616/4231 5614/5614/4229 5615/5615/4230
f 5617/5617/4232 5616/5616/4231 5618/5618/4232
f 5618/5618/4232 5616/5616/4231 5615/5615/4230
f 5619/5619/4053 5617/5617/4232 5620/5620/4053
f 5620/5620/4053 5617/5617/4232 5618/5618/4232
f 5619/5619/4053 5620/5620/4053 5621/5621/4055
f 5621/5621/4055 5620/5620/4053 5622/5622/4055
f 5623/5623/4056 5621/5621/4055 5624/5624/4233
f 5624/5624/4233 5621/5621/4055 5622/5622/4055
f 5623/5623/4056 5624/5624/4233 5625/5625/4234
f 5625/5625/4234 5624/5624/4233 5626/5626/4235
f 5574/5574/4196 5625/5625/4234 5575/5575/4197
f 5575/5575/4197 5625/5625/4234 5626/5626/4235
f 5578/5578/4200 5580/5580/4202 5581/5581/4013
f 5581/5581/4013 5580/5580/4202 5582/5582/4014
f 5585/5585/4205 5583/5583/4203 5586/5586/4206
f 5586/5586/4206 5583/5583/4203 5584/5584/4204
f 5579/5579/4201 5576/5576/4198 5577/5577/4199
f 5609/5609/4224 5605/5605/4221 5610/5610/4225
f 5610/5610/4225 5605/5605/4221 5607/5607/4039
f 5613/5613/4228 5611/5611/4226 5612/5612/4227
f 5599/5599/4217 5600/5600/4218 5601/5601/4033
f 5601/5601/4033 5600/5600/4218 5602/5602/4219
f 5606/5606/4222 5603/5603/4220 5608/5608/4223
f 5608/5608/4223 5603/5603/4220 5604/5604/4036
f 5627/5627/4236 5628/5628/4237 5629/5629/4238
f 5629/5629/4238 5628/5628/4237 5630/5630/4239
f 5631/5631/4240 5632/5632/4241 5633/5633/4242
f 5633/5633/4242 5632/5632/4241 5634/5634/4243
f 5635/5635/4244 5636/5636/4245 5637/5637/4246
f 5637/5637/4246 5636/5636/4245 5638/5638/4247
f 5639/5639/4248 5640/5640/4249 5641/5641/4248
f 5641/5641/4248 5640/5640/4249 5642/5642/4250
f 5643/5643/4251 5639/5639/4248 5644/5644/4252
f 5644/5644/4252 5639/5639/4248 5641/5641/4248
f 5645/5645/4253 5646/5646/4254 5647/5647/4255
f 5647/5647/4255 5646/5646/4254 5648/5648/4256
f 5649/5649/4257 5645/5645/4253 5650/5650/4258
f 5650/5650/4258 5645/5645/4253 5647/5647/4255
f 5651/5651/4259 5649/5649/4257 5652/5652/4259
f 5652/5652/4259 5649/5649/4257 5650/5650/4258
f 5653/5653/4260 5651/5651/4259 5654/5654/4261
f 5654/5654/4261 5651/5651/4259 5652/5652/4259
f 5655/5655/4262 5653/5653/4260 5656/5656/4263
f 5656/5656/4263 5653/5653/4260 5654/5654/4261
f 5657/5657/4264 5658/5658/4265 5659/5659/4266
f 5659/5659/4266 5658/5658/4265 5660/5660/4267
f 5661/5661/4268 5662/5662/4269 5663/5663/4270
f 5663/5663/4270 5662/5662/4269 5664/5664/4271
f 5665/5665/4272 5666/5666/4273 5667/5667/4272
f 5667/5667/4272 5666/5666/4273 5668/5668/4274
f 5669/5669/4275 5670/5670/4276 5671/5671/4277
f 5671/5671/4277 5670/5670/4276 5672/5672/4278
f 5669/5669/4275 5671/5671/4277 5673/5673/4279
f 5673/5673/4279 5671/5671/4277 5674/5674/4280
f 5673/5673/4279 5674/5674/4280 5675/5675/4281
f 5675/5675/4281 5674/5674/4280 5676/5676/4282
f 5675/5675/4281 5676/5676/4282 5677/5677/4283
f 5677/5677/4283 5676/5676/4282 5678/5678/4284
f 5679/5679/4285 5677/5677/4283 5680/5680/4286
f 5680/5680/4286 5677/5677/4283 5678/5678/4284
f 5679/5679/4285 5680/5680/4286 5681/5681/4287
f 5681/5681/4287 5680/5680/4286 5682/5682/4288
f 5681/5681/4287 5682/5682/4288 5683/5683/4289
f 5683/5683/4289 5682/5682/4288 5684/5684/4290
f 5683/5683/4289 5684/5684/4290 5627/5627/4236
f 5627/5627/4236 5684/5684/4290 5628/5628/4237
f 5633/5633/4242 5634/5634/4243 5635/5635/4244
f 5635/5635/4244 5634/5634/4243 5636/5636/4245
f 5637/5637/4246 5638/5638/4247 5640/5640/4249
f 5640/5640/4249 5638/5638/4247 5642/5642/4250
f 5629/5629/4238 5630/5630/4239 5631/5631/4240
f 5631/5631/4240 5630/5630/4239 5632/5632/4241
f 5661/5661/4268 5663/5663/4270 5666/5666/4273
f 5666/5666/4273 5663/5663/4270 5668/5668/4274
f 5665/5665/4272 5667/5667/4272 5670/5670/4276
f 5670/5670/4276 5667/5667/4272 5672/5672/4278
f 5658/5658/4265 5655/5655/4262 5660/5660/4267
f 5660/5660/4267 5655/5655/4262 5656/5656/4263
f 5662/5662/4269 5657/5657/4264 5664/5664/4271
f 5664/5664/4271 5657/5657/4264 5659/5659/4266
f 5685/5685/4291 5686/5686/4292 5687/5687/4291
f 5687/5687/4291 5686/5686/4292 5688/5688/4293
f 5689/5689/4294 5690/5690/4295 5691/5691/4296
f 5691/5691/4296 5690/5690/4295 5692/5692/4297
f 5693/5693/4298 5694/5694/4299 5695/5695/4300
f 5695/5695/4300 5694/5694/4299 5696/5696/4299
f 5697/5697/4301 5698/5698/4302 5699/5699/4301
f 5699/5699/4301 5698/5698/4302 5700/5700/4302
f 5701/5701/4303 5685/5685/4291 5702/5702/4304
f 5702/5702/4304 5685/5685/4291 5687/5687/4291
f 5686/5686/4292 5703/5703/3899 5688/5688/4293
f 5688/5688/4293 5703/5703/3899 5704/5704/3899
f 5705/5705/3897 5689/5689/4294 5706/5706/3897
f 5706/5706/3897 5689/5689/4294 5691/5691/4296
f 5698/5698/4302 5707/5707/4305 5700/5700/4302
f 5700/5700/4302 5707/5707/4305 5708/5708/3900
f 5690/5690/4295 5701/5701/4303 5692/5692/4297
f 5692/5692/4297 5701/5701/4303 5702/5702/4304
f 5694/5694/4299 5705/5705/3897 5696/5696/4299
f 5696/5696/4299 5705/5705/3897 5706/5706/3897
f 5703/5703/3899 5697/5697/4301 5704/5704/3899
f 5704/5704/3899 5697/5697/4301 5699/5699/4301
f 5707/5707/4305 5693/5693/4298 5708/5708/3900
f 5708/5708/3900 5693/5693/4298 5695/5695/4300
f 5709/5709/4306 5710/5710/2197 5711/5711/4088
f 5711/5711/4088 5710/5710/2197 5712/5712/2197
f 5710/5710/2197 5713/5713/2193 5712/5712/2197
f 5712/5712/2197 5713/5713/2193 5714/5714/2193
f 5713/5713/2193 5715/5715/2199 5714/5714/2193
f 5714/5714/2193 5715/5715/2199 5716/5716/2199
f 5715/5715/2199 5717/5717/2200 5716/5716/2199
f 5716/5716/2199 5717/5717/2200 5718/5718/2200
f 5717/5717/2200 5719/5719/2195 5718/5718/2200
f 5718/5718/2200 5719/5719/2195 5720/5720/2195
f 5719/5719/2195 5721/5721/4307 5720/5720/2195
f 5720/5720/2195 5721/5721/4307 5722/5722/2204
f 5721/5721/4307 5723/5723/4308 5722/5722/2204
f 5722/5722/2204 5723/5723/4308 5724/5724/4309
f 5723/5723/4308 5725/5725/2192 5724/5724/4309
f 5724/5724/4309 5725/5725/2192 5726/5726/2192
f 5725/5725/2192 5727/5727/2218 5726/5726/2192
f 5726/5726/2192 5727/5727/2218 5728/5728/4092
f 5727/5727/2218 5729/5729/2210 5728/5728/4092
f 5728/5728/4092 5729/5729/2210 5730/5730/2210
f 5729/5729/2210 5731/5731/4310 5730/5730/2210
f 5730/5730/2210 5731/5731/4310 5732/5732/4310
f 5733/5733/4311 5709/5709/4306 5734/5734/4311
f 5734/5734/4311 5709/5709/4306 5711/5711/4088
f 5735/5735/1461 5736/5736/1461 5737/5737/1866
f 5738/5738/4093 5739/5739/4093 5736/5736/1461
f 5736/5736/1461 5739/5739/4093 5740/5740/1863
f 5736/5736/1461 5740/5740/1863 5741/5741/1866
f 5736/5736/1461 5741/5741/1866 5742/5742/1866
f 5736/5736/1461 5742/5742/1866 5743/5743/1866
f 5736/5736/1461 5743/5743/1866 5737/5737/1866
f 5744/5744/1461 5736/5736/1461 5735/5735/1461
f 5745/5745/1461 5736/5736/1461 5744/5744/1461
f 5746/5746/1461 5736/5736/1461 5745/5745/1461
f 5747/5747/4093 5736/5736/1461 5746/5746/1461
f 5738/5738/4093 5736/5736/1461 5747/5747/4093
f 5748/5748/4094 5749/5749/4312 5750/5750/4094
f 5750/5750/4094 5749/5749/4312 5751/5751/4096
f 5751/5751/4096 5749/5749/4312 5752/5752/4094
f 5749/5749/4312 5753/5753/4094 5752/5752/4094
f 5752/5752/4094 5753/5753/4094 5754/5754/4094
f 5753/5753/4094 5755/5755/4094 5754/5754/4094
f 5756/5756/4097 5757/5757/4097 5758/5758/4098
f 5758/5758/4098 5757/5757/4097 5759/5759/4313
f 5760/5760/4099 5761/5761/4314 5762/5762/4100
f 5762/5762/4100 5761/5761/4314 5763/5763/4315
f 5764/5764/4316 5765/5765/4102 5766/5766/4103
f 5766/5766/4103 5765/5765/4102 5767/5767/4317
f 5768/5768/3825 5769/5769/3825 5770/5770/3864
f 5769/5769/3825 5771/5771/3864 5770/5770/3864
f 5772/5772/3864 5773/5773/3864 5774/5774/3825
f 5773/5773/3864 5775/5775/3825 5774/5774/3825
f 5776/5776/3825 5777/5777/3825 5778/5778/3825
f 5777/5777/3825 5779/5779/3864 5778/5778/3825
f 5778/5778/3825 5779/5779/3864 5775/5775/3825
f 5775/5775/3825 5779/5779/3864 5774/5774/3825
f 5774/5774/3825 5779/5779/3864 5771/5771/3864
f 5771/5771/3864 5779/5779/3864 5770/5770/3864
f 5780/5780/4105 5781/5781/4106 5782/5782/4106
f 5782/5782/4106 5781/5781/4106 5783/5783/4105
f 5784/5784/3829 5785/5785/3281 5786/5786/3829
f 5786/5786/3829 5785/5785/3281 5787/5787/3829
f 5788/5788/4318 5789/5789/3829 5790/5790/4318
f 5790/5790/4318 5789/5789/3829 5791/5791/3829
f 5785/5785/3281 5792/5792/3829 5787/5787/3829
f 5793/5793/3829 5794/5794/3281 5795/5795/3829
f 5795/5795/3829 5794/5794/3281 5792/5792/3829
f 5792/5792/3829 5794/5794/3281 5787/5787/3829
f 5787/5787/3829 5794/5794/3281 5789/5789/3829
f 5794/5794/3281 5791/5791/3829 5789/5789/3829
f 5765/5765/4102 5764/5764/4316 5796/5796/4108
f 5796/5796/4108 5764/5764/4316 5797/5797/4109
f 5760/5760/4099 5758/5758/4098 5761/5761/4314
f 5761/5761/4314 5758/5758/4098 5759/5759/4313
f 5798/5798/4319 5799/5799/4319 5800/5800/4110
f 5800/5800/4110 5799/5799/4319 5801/5801/4110
f 5802/5802/4320 5803/5803/4111 5797/5797/4109
f 5797/5797/4109 5803/5803/4111 5796/5796/4108
f 5804/5804/4321 5805/5805/4322 5806/5806/4323
f 5806/5806/4323 5805/5805/4322 5807/5807/2230
f 5808/5808/4324 5809/5809/4325 5805/5805/4322
f 5805/5805/4322 5809/5809/4325 5807/5807/2230
f 5810/5810/4326 5811/5811/4327 5812/5812/4328
f 5812/5812/4328 5811/5811/4327 5813/5813/4329
f 5813/5813/4329 5811/5811/4327 5814/5814/4330
f 5815/5815/4331 5813/5813/4329 5816/5816/4332
f 5816/5816/4332 5813/5813/4329 5814/5814/4330
f 5815/5815/4331 5817/5817/4333 5813/5813/4329
f 5817/5817/4333 5818/5818/4334 5813/5813/4329
f 5813/5813/4329 5818/5818/4334 5819/5819/4335
f 5812/5812/4328 5813/5813/4329 5820/5820/4336
f 5820/5820/4336 5813/5813/4329 5819/5819/4335
f 5821/5821/4337 5822/5822/4338 5823/5823/4339
f 5823/5823/4339 5822/5822/4338 5824/5824/4340
f 5824/5824/4340 5822/5822/4338 5825/5825/4341
f 5826/5826/4342 5821/5821/4337 5827/5827/4343
f 5827/5827/4343 5821/5821/4337 5823/5823/4339
f 5821/5821/4337 5826/5826/4342 5828/5828/4344
f 5829/5829/4345 5830/5830/4346 5826/5826/4342
f 5826/5826/4342 5830/5830/4346 5828/5828/4344
f 5822/5822/4338 5821/5821/4337 5831/5831/4347
f 5831/5831/4347 5821/5821/4337 5828/5828/4344
f 5832/5832/4348 5833/5833/4349 5834/5834/4350
f 5834/5834/4350 5833/5833/4349 5835/5835/4351
f 5836/5836/4352 5832/5832/4348 5837/5837/4353
f 5837/5837/4353 5832/5832/4348 5834/5834/4350
f 5838/5838/4354 5839/5839/4355 5840/5840/4356
f 5840/5840/4356 5839/5839/4355 5841/5841/4357
f 5842/5842/4358 5843/5843/4359 5838/5838/4354
f 5838/5838/4354 5843/5843/4359 5839/5839/4355
f 5844/5844/4360 5845/5845/4361 5846/5846/4362
f 5846/5846/4362 5845/5845/4361 5847/5847/4363
f 5847/5847/4363 5845/5845/4361 5848/5848/4364
f 5848/5848/4364 5845/5845/4361 5849/5849/4365
f 5840/5840/4356 5841/5841/4357 5837/5837/4353
f 5837/5837/4353 5841/5841/4357 5836/5836/4352
f 5843/5843/4359 5842/5842/4358 5850/5850/4366
f 5850/5850/4366 5842/5842/4358 5851/5851/4367
f 5851/5851/4367 5852/5852/4368 5850/5850/4366
f 5850/5850/4366 5852/5852/4368 5853/5853/4369
f 5833/5833/4349 5854/5854/4370 5835/5835/4351
f 5835/5835/4351 5854/5854/4370 5855/5855/4371
f 5855/5855/4371 5854/5854/4370 5856/5856/4372
f 5856/5856/4372 5854/5854/4370 5857/5857/4373
f 5852/5852/4368 5858/5858/4374 5853/5853/4369
f 5853/5853/4369 5858/5858/4374 5859/5859/4375
f 5856/5856/4372 5857/5857/4373 5860/5860/4376
f 5860/5860/4376 5857/5857/4373 5861/5861/4377
f 5859/5859/4375 5858/5858/4374 5862/5862/4378
f 5862/5862/4378 5858/5858/4374 5863/5863/4379
f 5862/5862/4378 5863/5863/4379 5864/5864/4380
f 5860/5860/4376 5861/5861/4377 5865/5865/4381
f 5865/5865/4381 5861/5861/4377 5866/5866/4382
f 5863/5863/4379 5844/5844/4360 5864/5864/4380
f 5864/5864/4380 5844/5844/4360 5867/5867/4383
f 5867/5867/4383 5844/5844/4360 5846/5846/4362
f 5865/5865/4381 5866/5866/4382 5849/5849/4365
f 5849/5849/4365 5866/5866/4382 5868/5868/4384
f 5849/5849/4365 5868/5868/4384 5848/5848/4364
f 5869/5869/4385 5870/5870/4386 5871/5871/4387
f 5871/5871/4387 5870/5870/4386 5872/5872/4388
f 5872/5872/4388 5870/5870/4386 5873/5873/4389
f 5873/5873/4389 5870/5870/4386 5874/5874/4390
f 5875/5875/4391 5876/5876/4392 5877/5877/4393
f 5877/5877/4393 5876/5876/4392 5878/5878/4394
f 5876/5876/4392 5879/5879/4395 5878/5878/4394
f 5878/5878/4394 5879/5879/4395 5880/5880/4396
f 5878/5878/4394 5880/5880/4396 5881/5881/4397
f 5881/5881/4397 5880/5880/4396 5882/5882/4398
f 5877/5877/4393 5878/5878/4394 5883/5883/4399
f 5883/5883/4399 5878/5878/4394 5881/5881/4397
f 5884/5884/4400 5885/5885/4401 5869/5869/4385
f 5869/5869/4385 5885/5885/4401 5870/5870/4386
f 5886/5886/4402 5887/5887/4403 5884/5884/4400
f 5884/5884/4400 5887/5887/4403 5885/5885/4401
f 5885/5885/4401 5887/5887/4403 5888/5888/4404
f 5888/5888/4404 5887/5887/4403 5889/5889/4405
f 5870/5870/4386 5885/5885/4401 5874/5874/4390
f 5874/5874/4390 5885/5885/4401 5888/5888/4404
f 5890/5890/4406 5891/5891/4407 5892/5892/4408
f 5892/5892/4408 5891/5891/4407 5872/5872/4388
f 5872/5872/4388 5891/5891/4407 5871/5871/4387
f 5873/5873/4389 5893/5893/4409 5872/5872/4388
f 5872/5872/4388 5893/5893/4409 5892/5892/4408
f 5892/5892/4408 5893/5893/4409 5894/5894/4410
f 5879/5879/4395 5895/5895/4411 5880/5880/4396
f 5880/5880/4396 5895/5895/4411 5896/5896/4412
f 5895/5895/4411 5897/5897/4413 5896/5896/4412
f 5896/5896/4412 5897/5897/4413 5898/5898/4414
f 5899/5899/4415 5900/5900/4416 5898/5898/4414
f 5898/5898/4414 5900/5900/4416 5896/5896/4412
f 5882/5882/4398 5880/5880/4396 5900/5900/4416
f 5900/5900/4416 5880/5880/4396 5896/5896/4412
f 5901/5901/4417 5902/5902/4418 5903/5903/4419
f 5903/5903/4419 5902/5902/4418 5904/5904/4420
f 5905/5905/4421 5906/5906/4422 5907/5907/4423
f 5907/5907/4423 5906/5906/4422 5908/5908/4424
f 5875/5875/4391 5877/5877/4393 5905/5905/4421
f 5905/5905/4421 5877/5877/4393 5906/5906/4422
f 5906/5906/4422 5877/5877/4393 5909/5909/4425
f 5909/5909/4425 5877/5877/4393 5883/5883/4399
f 5908/5908/4424 5906/5906/4422 5910/5910/4426
f 5910/5910/4426 5906/5906/4422 5909/5909/4425
f 5897/5897/4413 5911/5911/4427 5898/5898/4414
f 5912/5912/4428 5913/5913/4429 5914/5914/4430
f 5914/5914/4430 5913/5913/4429 5915/5915/4431
f 5903/5903/4419 5915/5915/4431 5901/5901/4417
f 5901/5901/4417 5915/5915/4431 5913/5913/4429
f 5916/5916/4432 5917/5917/4433 5892/5892/4408
f 5917/5917/4433 5918/5918/4434 5892/5892/4408
f 5918/5918/4434 5890/5890/4406 5892/5892/4408
f 5892/5892/4408 5894/5894/4410 5916/5916/4432
f 5916/5916/4432 5894/5894/4410 5919/5919/4435
f 5920/5920/4436 5921/5921/4437 5922/5922/4438
f 5922/5922/4438 5921/5921/4437 5916/5916/4432
f 5921/5921/4437 5917/5917/4433 5916/5916/4432
f 5922/5922/4438 5916/5916/4432 5923/5923/4439
f 5923/5923/4439 5916/5916/4432 5919/5919/4435
f 5911/5911/4427 5924/5924/4440 5898/5898/4414
f 5925/5925/4441 5898/5898/4414 5926/5926/4442
f 5924/5924/4440 5926/5926/4442 5898/5898/4414
f 5898/5898/4414 5925/5925/4441 5899/5899/4415
f 5899/5899/4415 5925/5925/4441 5927/5927/4443
f 5912/5912/4428 5914/5914/4430 5928/5928/4444
f 5928/5928/4444 5914/5914/4430 5929/5929/4445
f 5929/5929/4445 5914/5914/4430 5930/5930/4446
f 5914/5914/4430 5931/5931/4447 5930/5930/4446
f 5931/5931/4447 5932/5932/4448 5930/5930/4446
f 5932/5932/4448 5933/5933/4449 5930/5930/4446
f 5933/5933/4449 5934/5934/4450 5930/5930/4446
f 5934/5934/4450 5935/5935/4451 5930/5930/4446
f 5936/5936/4452 5937/5937/4453 5922/5922/4438
f 5922/5922/4438 5937/5937/4453 5920/5920/4436
f 5936/5936/4452 5922/5922/4438 5938/5938/4454
f 5938/5938/4454 5922/5922/4438 5923/5923/4439
f 5926/5926/4442 5939/5939/4446 5925/5925/4441
f 5937/5937/4453 5936/5936/4452 5939/5939/4446
f 5939/5939/4446 5936/5936/4452 5925/5925/4441
f 5925/5925/4441 5936/5936/4452 5927/5927/4443
f 5927/5927/4443 5936/5936/4452 5938/5938/4454
f 5886/5886/4402 5940/5940/4455 5887/5887/4403
f 5887/5887/4403 5940/5940/4455 5941/5941/4456
f 5940/5940/4455 5942/5942/4457 5941/5941/4456
f 5941/5941/4456 5942/5942/4457 5943/5943/4458
f 5941/5941/4456 5943/5943/4458 5944/5944/4459
f 5944/5944/4459 5943/5943/4458 5945/5945/4460
f 5887/5887/4403 5941/5941/4456 5889/5889/4405
f 5889/5889/4405 5941/5941/4456 5944/5944/4459
f 5943/5943/4458 5942/5942/4457 5908/5908/4424
f 5908/5908/4424 5942/5942/4457 5907/5907/4423
f 5943/5943/4458 5908/5908/4424 5945/5945/4460
f 5945/5945/4460 5908/5908/4424 5910/5910/4426
f 5946/5946/4461 5947/5947/4462 5948/5948/4463
f 5947/5947/4462 5949/5949/4464 5948/5948/4463
f 5948/5948/4463 5949/5949/4464 5950/5950/4465
f 5951/5951/4466 5948/5948/4463 5952/5952/4467
f 5952/5952/4467 5948/5948/4463 5950/5950/4465
f 5904/5904/4420 5902/5902/4418 5951/5951/4466
f 5951/5951/4466 5902/5902/4418 5948/5948/4463
f 5948/5948/4463 5902/5902/4418 5953/5953/4392
f 5946/5946/4461 5948/5948/4463 5954/5954/4468
f 5954/5954/4468 5948/5948/4463 5953/5953/4392
f 5860/5860/4376 5865/5865/4381 5955/5955/4469
f 5955/5955/4469 5865/5865/4381 5956/5956/4470
f 5845/5845/4361 5957/5957/4471 5958/5958/4472
f 5845/5845/4361 5958/5958/4472 5849/5849/4365
f 5865/5865/4381 5849/5849/4365 5956/5956/4470
f 5849/5849/4365 5958/5958/4472 5956/5956/4470
f 5863/5863/4379 5957/5957/4471 5844/5844/4360
f 5844/5844/4360 5957/5957/4471 5845/5845/4361
f 5957/5957/4471 5863/5863/4379 5959/5959/4473
f 5863/5863/4379 5858/5858/4374 5959/5959/4473
f 5959/5959/4473 5858/5858/4374 5960/5960/4474
f 5961/5961/4475 5962/5962/4476 5852/5852/4368
f 5960/5960/4474 5858/5858/4374 5962/5962/4476
f 5858/5858/4374 5852/5852/4368 5962/5962/4476
f 5842/5842/4358 5838/5838/4354 5835/5835/4351
f 5835/5835/4351 5838/5838/4354 5834/5834/4350
f 5838/5838/4354 5840/5840/4356 5834/5834/4350
f 5834/5834/4350 5840/5840/4356 5837/5837/4353
f 5963/5963/4477 5964/5964/4478 5965/5965/4479
f 5965/5965/4479 5964/5964/4478 5966/5966/4480
f 5967/5967/4481 5968/5968/4482 5963/5963/4477
f 5963/5963/4477 5968/5968/4482 5964/5964/4478
f 5964/5964/4478 5968/5968/4482 5969/5969/4483
f 5969/5969/4483 5968/5968/4482 5970/5970/4484
f 5966/5966/4480 5964/5964/4478 5971/5971/4485
f 5971/5971/4485 5964/5964/4478 5969/5969/4483
f 5972/5972/4486 5973/5973/4487 5974/5974/4486
f 5974/5974/4486 5973/5973/4487 5975/5975/4488
f 5973/5973/4487 5976/5976/4489 5975/5975/4488
f 5975/5975/4488 5976/5976/4489 5977/5977/4489
f 5978/5978/4490 5979/5979/4491 5980/5980/4492
f 5980/5980/4492 5979/5979/4491 5981/5981/4493
f 5979/5979/4491 5982/5982/4494 5981/5981/4493
f 5981/5981/4493 5982/5982/4494 5983/5983/4495
f 5983/5983/4495 5984/5984/4496 5981/5981/4493
f 5981/5981/4493 5984/5984/4496 5985/5985/4497
f 5981/5981/4493 5985/5985/4497 5980/5980/4492
f 5980/5980/4492 5985/5985/4497 5986/5986/4498
f 5985/5985/4497 5987/5987/4499 5986/5986/4498
f 5986/5986/4498 5987/5987/4499 5988/5988/4500
f 5984/5984/4496 5989/5989/4499 5985/5985/4497
f 5985/5985/4497 5989/5989/4499 5987/5987/4499
f 5990/5990/4501 5991/5991/4502 5969/5969/4483
f 5969/5969/4483 5991/5991/4502 5971/5971/4485
f 5992/5992/4503 5990/5990/4501 5970/5970/4484
f 5970/5970/4484 5990/5990/4501 5969/5969/4483
f 5993/5993/4504 5830/5830/4346 5994/5994/4505
f 5994/5994/4505 5830/5830/4346 5829/5829/4345
f 5995/5995/4506 5996/5996/4488 5974/5974/4486
f 5974/5974/4486 5996/5996/4488 5972/5972/4486
f 5829/5829/4345 5997/5997/4507 5994/5994/4505
f 5994/5994/4505 5997/5997/4507 5998/5998/4508
f 5808/5808/4324 5999/5999/4509 5997/5997/4507
f 5997/5997/4507 5999/5999/4509 5998/5998/4508
f 5999/5999/4509 5970/5970/4484 5998/5998/4508
f 5998/5998/4508 5970/5970/4484 5968/5968/4482
f 5994/5994/4505 5998/5998/4508 5967/5967/4481
f 5967/5967/4481 5998/5998/4508 5968/5968/4482
f 5808/5808/4324 5805/5805/4322 5999/5999/4509
f 5805/5805/4322 5804/5804/4321 6000/6000/4510
f 6001/6001/4511 6000/6000/4510 5988/5988/4500
f 5988/5988/4500 6000/6000/4510 5986/5986/4498
f 6002/6002/4512 5992/5992/4503 5999/5999/4509
f 5999/5999/4509 5992/5992/4503 5970/5970/4484
f 5804/5804/4321 6003/6003/4513 6000/6000/4510
f 6000/6000/4510 6003/6003/4513 6004/6004/4514
f 5830/5830/4346 5993/5993/4504 6003/6003/4513
f 6003/6003/4513 5993/5993/4504 6004/6004/4514
f 5993/5993/4504 5978/5978/4490 6004/6004/4514
f 6004/6004/4514 5978/5978/4490 5980/5980/4492
f 6000/6000/4510 6004/6004/4514 5986/5986/4498
f 5986/5986/4498 6004/6004/4514 5980/5980/4492
f 6005/6005/4515 5977/5977/4489 6006/6006/4516
f 6006/6006/4516 5977/5977/4489 5976/5976/4489
f 6007/6007/4517 6008/6008/4518 5835/5835/4351
f 5835/5835/4351 6008/6008/4518 5842/5842/4358
f 5984/5984/4496 5983/5983/4495 6009/6009/4519
f 6009/6009/4519 5983/5983/4495 6010/6010/4520
f 5982/5982/4494 6011/6011/4521 5983/5983/4495
f 5983/5983/4495 6011/6011/4521 6010/6010/4520
f 6012/6012/4522 6007/6007/4517 5855/5855/4371
f 5855/5855/4371 6007/6007/4517 5835/5835/4351
f 6012/6012/4522 5855/5855/4371 6013/6013/4523
f 6013/6013/4523 5855/5855/4371 5856/5856/4372
f 5991/5991/4502 6014/6014/4524 5971/5971/4485
f 5971/5971/4485 6014/6014/4524 6015/6015/4525
f 5989/5989/4499 5984/5984/4496 6016/6016/4526
f 6016/6016/4526 5984/5984/4496 6009/6009/4519
f 6017/6017/4527 6013/6013/4523 5856/5856/4372
f 6018/6018/4528 5961/5961/4475 5852/5852/4368
f 5965/5965/4479 5966/5966/4480 6019/6019/4529
f 6019/6019/4529 5966/5966/4480 6020/6020/4530
f 5971/5971/4485 6015/6015/4525 5966/5966/4480
f 5966/5966/4480 6015/6015/4525 6020/6020/4530
f 6021/6021/4531 6018/6018/4528 5851/5851/4367
f 5851/5851/4367 6018/6018/4528 5852/5852/4368
f 6021/6021/4531 5851/5851/4367 6008/6008/4518
f 6008/6008/4518 5851/5851/4367 5842/5842/4358
f 6022/6022/4532 6023/6023/4533 6024/6024/4534
f 6024/6024/4534 6023/6023/4533 6025/6025/4535
f 6023/6023/4533 6026/6026/4536 6025/6025/4535
f 6025/6025/4535 6026/6026/4536 6027/6027/4537
f 6025/6025/4535 6027/6027/4537 6028/6028/4538
f 6028/6028/4538 6027/6027/4537 6029/6029/4539
f 6024/6024/4534 6025/6025/4535 6030/6030/4540
f 6030/6030/4540 6025/6025/4535 6028/6028/4538
f 6026/6026/4536 6023/6023/4533 6031/6031/4541
f 6031/6031/4541 6023/6023/4533 6032/6032/4542
f 6023/6023/4533 6022/6022/4532 6032/6032/4542
f 6032/6032/4542 6022/6022/4532 6033/6033/4542
f 6034/6034/4543 6035/6035/4543 6036/6036/4544
f 6036/6036/4544 6035/6035/4543 6037/6037/4545
f 6038/6038/4546 6034/6034/4543 6039/6039/4547
f 6039/6039/4547 6034/6034/4543 6036/6036/4544
f 6039/6039/4547 6036/6036/4544 6040/6040/4548
f 6040/6040/4548 6036/6036/4544 6041/6041/4549
f 6036/6036/4544 6037/6037/4545 6041/6041/4549
f 6041/6041/4549 6037/6037/4545 6042/6037/4550
f 6041/6041/4549 6042/6037/4550 6043/6042/4551
f 6043/6042/4551 6042/6037/4550 6044/6043/4552
f 6040/6040/4548 6041/6041/4549 6045/6044/4551
f 6045/6044/4551 6041/6041/4549 6043/6042/4551
f 6046/6045/2194 6047/6046/2194 6048/6047/2194
f 6048/6047/2194 6047/6046/2194 6049/6048/2194
f 6047/6046/2194 6050/6049/4553 6049/6048/2194
f 6049/6048/2194 6050/6049/4553 6051/6050/4554
f 5806/5806/4323 5807/5807/2230 6052/6051/4555
f 5807/5807/2230 5809/5809/4325 6053/6052/4556
f 6054/6053/4541 6053/6052/4556 6031/6031/4541
f 6031/6031/4541 6053/6052/4556 6026/6026/4536
f 6052/6051/4555 6055/6054/4557 6039/6039/4547
f 6039/6039/4547 6055/6054/4557 6038/6038/4546
f 5809/5809/4325 6056/6055/4558 6053/6052/4556
f 6053/6052/4556 6056/6055/4558 6057/6056/4559
f 5811/5811/4327 6058/6057/4560 6056/6055/4558
f 6056/6055/4558 6058/6057/4560 6057/6056/4559
f 6057/6056/4559 6058/6057/4560 6027/6027/4537
f 6027/6027/4537 6058/6057/4560 6029/6029/4539
f 6053/6052/4556 6057/6056/4559 6026/6026/4536
f 6026/6026/4536 6057/6056/4559 6027/6027/4537
f 6058/6057/4560 5811/5811/4327 6059/6058/4561
f 6059/6058/4561 5811/5811/4327 5810/5810/4326
f 6060/6059/2194 6061/6060/2194 6048/6047/2194
f 6048/6047/2194 6061/6060/2194 6046/6045/2194
f 5810/5810/4326 6062/6061/4562 6059/6058/4561
f 6059/6058/4561 6062/6061/4562 6063/6062/4563
f 5806/5806/4323 6052/6051/4555 6062/6061/4562
f 6062/6061/4562 6052/6051/4555 6063/6062/4563
f 6063/6062/4563 6052/6051/4555 6040/6040/4548
f 6040/6040/4548 6052/6051/4555 6039/6039/4547
f 6059/6058/4561 6063/6062/4563 6045/6044/4551
f 6045/6044/4551 6063/6062/4563 6040/6040/4548
f 6037/6037/4545 6035/6035/4543 6064/6063/4547
f 6064/6063/4547 6035/6035/4543 6065/6035/4543
f 6033/6033/4542 6022/6022/4532 6066/6022/4542
f 6066/6022/4542 6022/6022/4532 6067/6022/4564
f 6068/6064/4565 5960/5960/4474 6069/6065/4566
f 6069/6065/4566 5960/5960/4474 5962/5962/4476
f 6070/6066/4567 6071/6067/4568 5955/5955/4469
f 5955/5955/4469 6071/6067/4568 6072/6068/4569
f 6042/6037/4550 6073/6063/4570 6044/6043/4552
f 6044/6043/4552 6073/6063/4570 6074/6035/4571
f 6042/6037/4550 6037/6037/4545 6073/6063/4570
f 6073/6063/4570 6037/6037/4545 6064/6063/4547
f 6075/6069/4572 6070/6066/4567 5956/5956/4470
f 5956/5956/4470 6070/6066/4567 5955/5955/4469
f 5958/5958/4472 6075/6069/4572 5956/5956/4470
f 6051/6050/4554 6050/6049/4553 6076/6070/4573
f 6076/6070/4573 6050/6049/4553 6077/6071/4573
f 6022/6022/4532 6024/6024/4534 6067/6022/4564
f 6067/6022/4564 6024/6024/4534 6078/6022/4574
f 6030/6030/4540 6079/6022/4575 6024/6024/4534
f 6024/6024/4534 6079/6022/4575 6078/6022/4574
f 6068/6064/4565 5959/5959/4473 5960/5960/4474
f 5882/5882/4398 5829/5829/4345 5881/5881/4397
f 5881/5881/4397 5829/5829/4345 5826/5826/4342
f 5881/5881/4397 5826/5826/4342 5883/5883/4399
f 5883/5883/4399 5826/5826/4342 5827/5827/4343
f 5909/5909/4425 5883/5883/4399 5823/5823/4339
f 5823/5823/4339 5883/5883/4399 5827/5827/4343
f 5910/5910/4426 5909/5909/4425 5824/5824/4340
f 5824/5824/4340 5909/5909/4425 5823/5823/4339
f 5945/5945/4460 5910/5910/4426 5825/5825/4341
f 5825/5825/4341 5910/5910/4426 5824/5824/4340
f 5945/5945/4460 5825/5825/4341 5944/5944/4459
f 5944/5944/4459 5825/5825/4341 5822/5822/4338
f 5944/5944/4459 5822/5822/4338 5889/5889/4405
f 5889/5889/4405 5822/5822/4338 5831/5831/4347
f 5888/5888/4404 5889/5889/4405 5828/5828/4344
f 5828/5828/4344 5889/5889/4405 5831/5831/4347
f 5874/5874/4390 5888/5888/4404 5830/5830/4346
f 5830/5830/4346 5888/5888/4404 5828/5828/4344
f 5873/5873/4389 5874/5874/4390 6003/6003/4513
f 6003/6003/4513 5874/5874/4390 5830/5830/4346
f 5893/5893/4409 5873/5873/4389 6062/6061/4562
f 6062/6061/4562 5873/5873/4389 5806/5806/4323
f 5873/5873/4389 6003/6003/4513 5806/5806/4323
f 5806/5806/4323 6003/6003/4513 5804/5804/4321
f 5894/5894/4410 5893/5893/4409 5810/5810/4326
f 5810/5810/4326 5893/5893/4409 6062/6061/4562
f 5894/5894/4410 5810/5810/4326 5812/5812/4328
f 5894/5894/4410 5812/5812/4328 5919/5919/4435
f 5919/5919/4435 5812/5812/4328 5820/5820/4336
f 5919/5919/4435 5820/5820/4336 5819/5819/4335
f 5919/5919/4435 5819/5819/4335 5923/5923/4439
f 5923/5923/4439 5819/5819/4335 5818/5818/4334
f 5938/5938/4454 5923/5923/4439 5817/5817/4333
f 5817/5817/4333 5923/5923/4439 5818/5818/4334
f 5927/5927/4443 5938/5938/4454 5815/5815/4331
f 5815/5815/4331 5938/5938/4454 5817/5817/4333
f 5927/5927/4443 5815/5815/4331 5816/5816/4332
f 5927/5927/4443 5816/5816/4332 5899/5899/4415
f 5899/5899/4415 5816/5816/4332 6080/6072/4576
f 5899/5899/4415 6080/6072/4576 5811/5811/4327
f 5899/5899/4415 5811/5811/4327 6056/6055/4558
f 5899/5899/4415 6056/6055/4558 5900/5900/4416
f 6056/6055/4558 5809/5809/4325 5900/5900/4416
f 5900/5900/4416 5809/5809/4325 5997/5997/4507
f 5809/5809/4325 5808/5808/4324 5997/5997/4507
f 5900/5900/4416 5997/5997/4507 5882/5882/4398
f 5882/5882/4398 5997/5997/4507 5829/5829/4345
f 6081/6073/4093 6082/6074/1461 6083/6075/1461
f 6083/6075/1461 6082/6074/1461 6084/6076/1461
f 6083/6075/1461 6084/6076/1461 6085/6077/1461
f 6083/6075/1461 6085/6077/1461 6086/6078/1461
f 6083/6075/1461 6086/6078/1461 6087/6079/1461
f 6083/6075/1461 6087/6079/1461 6088/6080/1461
f 6089/6081/1461 6083/6075/1461 6090/6082/1461
f 6091/6083/1461 6083/6075/1461 6089/6081/1461
f 6092/6084/4093 6083/6075/1461 6091/6083/1461
f 6081/6073/4093 6083/6075/1461 6092/6084/4093
f 6072/6068/4569 6017/6017/4527 5955/5955/4469
f 6017/6017/4527 5856/5856/4372 5955/5955/4469
f 5860/5860/4376 5955/5955/4469 5856/5856/4372
f 6093/6085/4577 6094/6086/4578 5491/5491/4113
f 5491/5491/4113 6094/6086/4578 5493/5493/4115
f 6094/6086/4578 6095/6087/4579 5493/5493/4115
f 5493/5493/4115 6095/6087/4579 5494/5494/4116
f 6095/6087/4579 6096/6088/4580 5494/5494/4116
f 5494/5494/4116 6096/6088/4580 5570/5570/4192
f 5570/5570/4192 6096/6088/4580 5541/5541/4163
f 5541/5541/4163 6096/6088/4580 6097/6089/4581
f 5541/5541/4163 6097/6089/4581 5542/5542/4164
f 5542/5542/4164 6097/6089/4581 6098/6090/4582
f 5542/5542/4164 6098/6090/4582 5543/5543/4165
f 5543/5543/4165 6098/6090/4582 6099/6091/4583
f 5559/5559/4181 6100/6092/4584 5561/5561/4183
f 5533/5533/4155 6093/6085/4577 5491/5491/4113
f 5532/5532/4154 6093/6085/4577 5531/5531/4153
f 5507/5507/4129 6094/6086/4578 5510/5510/4132
f 5510/5510/4132 6094/6086/4578 6093/6085/4577
f 6094/6086/4578 5507/5507/4129 6095/6087/4579
f 6095/6087/4579 5507/5507/4129 5508/5508/4130
f 6095/6087/4579 5508/5508/4130 6096/6088/4580
f 6096/6088/4580 5508/5508/4130 5572/5572/4194
f 6097/6089/4581 6096/6088/4580 5546/5546/4168
f 5546/5546/4168 6096/6088/4580 5572/5572/4194
f 6098/6090/4582 6097/6089/4581 5547/5547/4169
f 5547/5547/4169 6097/6089/4581 5546/5546/4168
f 6099/6091/4583 6098/6090/4582 5552/5552/4174
f 5552/5552/4174 6098/6090/4582 5547/5547/4169
f 5521/5521/4143 6100/6092/4584 5514/5514/4136
f 5534/5534/4156 6093/6085/4577 5533/5533/4155
f 5531/5531/4153 6093/6085/4577 5534/5534/4156
f 5509/5509/4131 6093/6085/4577 5532/5532/4154
f 5510/5510/4132 6093/6085/4577 5509/5509/4131
f 5543/5543/4165 6099/6091/4583 5559/5559/4181
f 5559/5559/4181 6099/6091/4583 6100/6092/4584
f 6100/6092/4584 6099/6091/4583 5563/5563/4185
f 5563/5563/4185 6099/6091/4583 5552/5552/4174
f 5561/5561/4183 6100/6092/4584 5560/5560/4182
f 5560/5560/4182 6100/6092/4584 5522/5522/4144
f 5522/5522/4144 6100/6092/4584 5521/5521/4143
f 5567/5567/4189 6100/6092/4584 5563/5563/4185
f 5513/5513/4135 6100/6092/4584 5567/5567/4189
f 5514/5514/4136 6100/6092/4584 5513/5513/4135
