# Blender 5.1.1
# www.blender.org
o BoatPointCloudMesh
v 1.211909 0.715537 0.422847
v 1.196944 1.372683 0.746357
v 1.273958 1.318432 0.705963
v 1.249180 1.431168 0.862126
v -1.135150 1.318322 0.707852
v -1.049682 1.391349 0.772274
v 0.639996 1.545446 1.471874
v 0.398165 1.531802 1.504823
v 1.007789 1.530789 1.146079
v 0.242774 1.530398 1.444869
v -0.758486 1.544915 1.380412
v -0.451110 1.535536 1.485016
v -0.100491 1.555392 1.443515
v 1.090052 0.703289 1.793829
v 0.812792 1.556601 1.355276
v 1.100190 1.529172 1.055509
v 1.143974 0.718281 1.597992
v 1.218626 0.719070 1.479096
v -0.999483 1.506876 0.972098
v -0.750127 1.556208 1.293125
v -1.104219 0.737263 1.416999
v -1.018553 0.706036 1.594556
v 1.367183 0.718081 0.829503
v 1.268360 1.244109 0.626878
v 0.630532 0.729596 1.891350
v 0.213511 0.743006 1.822091
v 0.596678 0.715906 1.817911
v 0.841176 0.736811 1.767547
v 0.888853 0.695398 1.782219
v 0.187199 0.712992 1.835682
v 0.357565 0.702419 1.842550
v 0.429006 0.703382 1.839212
v 1.296069 0.708386 0.964528
v 1.288163 0.714136 0.906270
v -1.248050 0.697009 1.240278
v -0.731596 0.723524 1.858701
v -0.452535 0.732098 1.893912
v -0.422961 0.723899 1.818094
v -0.053700 0.737437 1.824526
v 1.215330 1.454354 0.878493
v 1.226556 1.440710 0.857703
v 0.324880 1.556664 1.472510
v -1.062986 1.488854 0.962855
v 1.257784 1.082435 0.505706
v 1.289034 1.123153 0.560177
v -1.146249 0.883026 0.432355
v -1.147736 0.985136 0.480812
v -1.096252 0.882465 0.405318
v -1.073379 1.179554 0.570739
v -1.081678 0.750961 1.461045
v -0.338173 1.522740 1.447725
v -0.233219 1.521417 1.454541
v -0.145264 0.759166 1.829920
v 0.223315 0.760618 1.834110
v 0.389630 0.758124 1.824002
v 0.254598 1.522021 1.461406
v 1.277476 0.745007 0.796308
v 1.227964 0.734698 1.627230
v 0.651204 1.509274 1.473729
v -0.235500 0.734530 1.880048
v -0.570718 0.734475 1.853359
v -0.971600 0.734540 1.723129
v -0.907043 1.507015 1.262198
v 1.249330 1.420671 0.902917
v 1.336000 0.740891 0.661598
v 0.072976 0.736741 1.896210
v 0.708367 0.735865 1.871062
v -0.078239 1.517399 1.511989
v -0.760372 1.513465 1.389458
v -1.145798 1.224331 0.640420
v -1.202245 0.721742 0.673864
v 1.307194 0.732571 0.491348
v -1.068218 0.759050 0.433402
v 1.209151 0.890268 0.457586
v 1.248434 0.892658 0.409563
v 0.854625 1.556622 1.328483
v -0.571831 1.533473 1.464538
v -0.525779 1.541352 1.469844
v 0.448865 1.526732 1.437163
v 0.477061 1.556912 1.476397
v 0.948067 1.530032 1.215717
v 1.059469 1.544398 1.136793
v 1.157686 0.702778 1.751332
v 1.118041 0.753308 1.610322
v 1.000605 0.723336 1.826101
v -0.900108 0.731858 1.804459
v -0.883729 0.733912 1.789370
v -1.156056 0.725539 1.586187
v 0.144305 0.582766 4.385272
v 0.919055 -0.511837 0.575756
v 0.950942 -0.513752 0.301557
v 0.945625 -0.503840 0.474565
v 0.905990 -0.513609 0.654180
v 1.078631 -0.436725 0.327364
v 1.053378 -0.413840 0.830725
v 1.002054 -0.447247 0.786670
v 1.054473 -0.412284 0.842950
v 1.082874 -0.407534 0.683282
v 1.043449 -0.423531 0.778938
v -1.414905 0.391301 1.030268
v -1.412915 0.596915 0.937055
v -1.411770 0.521769 1.296622
v -1.413827 0.479419 1.029542
v -1.410908 0.617597 1.241826
v -1.411473 0.579537 1.224909
v -1.411862 0.567063 1.183898
v -1.414528 0.578378 0.653949
v -1.414787 0.315294 0.935907
v -1.413864 0.342320 0.538159
v -1.414674 0.501582 0.765081
v -1.414176 0.346338 0.663728
v -1.414749 0.505952 0.793174
v 0.519229 -0.655039 0.542975
v 0.474464 -0.655758 0.759360
v 0.371426 -0.684335 0.522206
v 0.327779 -0.682997 0.788889
v 0.417133 -0.676643 0.491281
v 0.279114 -0.703016 0.376046
v 0.331594 -0.695808 0.297181
v 0.270233 -0.704541 0.373769
v 0.339757 -0.692462 0.398652
v 0.400302 -0.684999 0.264109
v 0.337066 -0.695932 0.244229
v 0.187287 -0.649064 -2.172457
v 0.183444 -0.662309 -2.029308
v 0.269352 -0.646310 -2.095257
v 0.158903 -0.660299 -2.084097
v 0.160038 -0.672091 -1.950655
v 0.491595 -0.611741 -2.231330
v 0.585731 -0.597849 -2.288163
v 0.336492 -0.626819 -2.243500
v 0.522197 -0.627973 -1.968777
v 0.537748 -0.598775 -2.342569
v 0.761659 -0.300021 2.432178
v 0.880842 -0.219383 2.432645
v 0.753312 -0.314726 2.399629
v 0.861632 -0.174244 2.633533
v 0.824733 -0.220288 2.565009
v -1.189337 0.404257 2.766046
v -1.236969 0.419501 2.601055
v -1.187240 0.487260 2.809474
v -1.162233 0.446594 2.881509
v 0.374940 -0.479569 2.495745
v 0.316038 -0.502328 2.462717
v 0.432386 -0.466838 2.478629
v 0.293831 -0.478015 2.659212
v 0.169608 -0.511811 2.714500
v 0.171217 -0.517752 2.670401
v 0.639237 0.079077 3.663851
v 0.623654 0.097023 3.713679
v -0.882443 0.604281 3.624104
v -0.791290 0.609916 3.768080
v 0.246456 -0.132661 3.721876
v 0.205644 -0.166375 3.705559
v 0.829417 -0.397526 1.771376
v 0.926259 -0.371819 1.595406
v 0.901059 -0.412245 1.444021
v 0.961993 -0.363491 1.523703
v 1.042398 -0.275806 1.726115
v 1.006707 -0.264355 1.889501
v 0.989450 -0.331161 1.618763
v 0.989729 -0.287980 1.826674
v -1.364037 0.349497 1.800278
v -1.331697 0.379470 2.064507
v -1.368871 0.410415 1.802491
v -1.351696 0.367408 1.905238
v -1.342123 0.532385 2.079844
v -1.334306 0.494353 2.114773
v -1.344808 0.558424 2.075610
v 0.286648 -0.622059 1.519948
v 0.285982 -0.634859 1.414342
v 0.468243 -0.573559 1.585587
v 0.457885 -0.587887 1.485333
v 0.310027 -0.604083 1.636304
v 0.216644 -0.642643 1.488423
v 0.197599 -0.638645 1.572325
v 0.215539 -0.632037 1.593042
v 0.433989 -0.556390 1.799009
v 0.957898 -0.534635 -0.706559
v 1.020515 -0.492797 -0.489923
v 1.154480 -0.409158 -0.368442
v 0.986029 -0.516564 -0.651478
v 0.954422 -0.538932 -0.833661
v 1.118461 -0.431166 -0.373208
v 1.216576 -0.363908 -0.753942
v 1.190219 -0.382632 -0.687213
v 1.207187 -0.368659 -0.858771
v 1.232511 -0.351814 -0.846114
v 1.163103 -0.402553 -0.574540
v 1.223042 -0.358123 -0.850115
v -1.385695 0.501410 -0.483642
v -1.387562 0.554069 -0.427098
v -1.386070 0.498954 -0.471958
v -1.384489 0.561563 -0.522572
v -1.373887 0.391921 -0.847064
v -1.386393 0.597058 -0.464435
v -1.384493 0.628375 -0.580088
v -1.371930 0.551085 -1.079629
v -1.372979 0.521426 -1.001689
v -1.369956 0.470143 -1.089120
v -1.371036 0.563755 -1.133401
v -1.372318 0.451747 -0.962129
v -1.375412 0.556855 -0.925487
v -1.372651 0.476108 -0.971272
v 0.409178 -0.677435 -0.683375
v 0.345912 -0.686221 -0.713513
v 0.415629 -0.675337 -0.827102
v 0.288267 -0.694050 -0.762388
v 0.301224 -0.691099 -0.896926
v 0.517054 -0.661263 -0.777418
v 0.397904 -0.680993 -0.516560
v 0.179990 -0.715765 -0.431318
v 0.360402 -0.687972 -0.439596
v 0.185480 -0.711817 -0.625765
v 0.335321 -0.688869 -0.624135
v 1.017665 -0.497551 -1.123378
v 1.074209 -0.459906 -1.166471
v 0.945384 -0.545610 -1.060116
v 1.011217 -0.500507 -0.938838
v 1.110911 -0.435024 -1.134295
v 0.987146 -0.516661 -0.937928
v 1.263873 -0.331796 -1.132134
v 1.176373 -0.392200 -1.392303
v 1.234441 -0.351021 -1.007482
v 1.255725 -0.338425 -1.351290
v 1.302923 -0.305645 -1.172655
v 1.053162 -0.475398 -1.398038
v -1.352065 0.369344 -1.531331
v -1.355489 0.443828 -1.500147
v -1.365053 0.585859 -1.353257
v -1.363753 0.491584 -1.305399
v -1.365321 0.481168 -1.250816
v -1.357664 0.412577 -1.409226
v -1.367546 0.360218 -1.077289
v -1.363187 0.412190 -1.249840
v 0.462793 -0.664080 -1.104975
v 0.426303 -0.664958 -1.349611
v 0.378034 -0.672807 -1.261156
v 0.255826 -0.686807 -1.399024
v 0.360731 -0.674720 -1.284959
v 0.469031 -0.662039 -1.179632
v 0.286341 -0.688943 -1.095153
v 0.409408 -0.673047 -1.031831
v 0.327364 -0.686596 -0.948271
v 0.303542 -0.684564 -1.178207
v 0.252668 -0.694153 -1.075820
v 0.383148 -0.678331 -0.964722
v 1.155930 -0.405217 -0.232785
v 0.984952 -0.509044 -0.230669
v 0.946677 -0.530582 -0.169306
v 1.065913 -0.460175 -0.242225
v 0.963707 -0.516131 -0.022713
v 0.999888 -0.497437 -0.140245
v 1.098686 -0.432540 0.065538
v 1.055249 -0.456557 0.153790
v 1.112141 -0.421611 0.200039
v 1.013850 -0.482772 0.083724
v 1.148558 -0.399319 0.226031
v -1.392402 0.499265 -0.272036
v -1.398694 0.507948 -0.068352
v -1.390794 0.519186 -0.324648
v -1.399098 0.420321 -0.053052
v -1.399883 0.365798 -0.026235
v -1.392912 0.536588 -0.256462
v -1.398405 0.340412 -0.073488
v -1.412789 0.441302 0.430112
v -1.396708 0.603218 -0.118663
v -1.412174 0.401798 0.394861
v -1.413417 0.512227 0.475648
v -1.410273 0.595795 0.384576
v -1.409712 0.615653 0.369850
v -1.412117 0.396526 0.391094
v 0.477892 -0.672907 0.204019
v 0.540421 -0.662333 0.133405
v 0.486756 -0.670826 -0.265283
v 0.421995 -0.682149 0.100566
v 0.443486 -0.678365 -0.041978
v 0.354136 -0.693371 -0.023116
v 0.301110 -0.699477 -0.249210
v 0.356556 -0.690154 -0.324665
v 0.171930 -0.722891 0.082524
v 0.235627 -0.709677 -0.234660
v 0.172079 -0.721626 -0.031777
v 0.230525 -0.710934 -0.191026
v 0.827295 -0.156870 2.767131
v 0.730726 -0.178167 2.895741
v 0.895014 -0.088766 2.828658
v 0.867909 -0.113940 2.809507
v -1.123820 0.546789 3.041311
v -1.133346 0.541944 3.012695
v -1.101180 0.578097 3.124910
v -1.088217 0.649126 3.208513
v 0.321944 -0.422368 2.863608
v 0.248751 -0.478275 2.752120
v 0.339615 -0.411355 2.881526
v 0.350479 -0.375603 3.005052
v 0.227904 -0.410516 3.070340
v 0.485642 0.137150 3.903760
v 0.576792 0.110025 3.785858
v -0.770134 0.640533 3.807150
v -0.710009 0.580393 3.874038
v 0.258523 -0.030963 3.867120
v 0.275549 -0.025311 3.860313
v 0.154692 -0.058618 3.912366
v -0.410358 0.565285 4.190569
v -0.474140 0.576264 4.134903
v 0.427824 0.320464 4.150630
v 0.829535 -0.314363 2.192121
v 0.989305 -0.264310 1.943094
v 0.975183 -0.269642 1.960594
v 0.939326 -0.238230 2.202176
v 0.993275 -0.213979 2.150281
v 0.922184 -0.225493 2.303598
v -1.262504 0.399984 2.479887
v -1.290056 0.361866 2.304108
v -1.314524 0.561508 2.278633
v -1.256606 0.577097 2.592953
v -1.290760 0.590411 2.420271
v -1.287225 0.552050 2.421300
v 0.467291 -0.526663 1.986390
v 0.426915 -0.523072 2.097582
v 0.427695 -0.547614 1.896831
v 0.376638 -0.519119 2.243275
v 0.353580 -0.529143 2.208678
v 0.285038 -0.559136 2.104002
v 0.883040 -0.485740 1.026008
v 0.939402 -0.477436 0.862993
v 1.056624 -0.389106 1.007313
v 0.874381 -0.482854 1.079363
v 1.142207 -0.346954 0.960068
v 1.135951 -0.318334 1.171831
v 0.979267 -0.397299 1.250192
v 0.985034 -0.402547 1.193763
v 1.071051 -0.320088 1.407536
v -1.402354 0.409371 1.394918
v -1.389404 0.360492 1.553148
v -1.406239 0.393664 1.325189
v -1.403673 0.585270 1.504098
v -1.413709 0.361021 1.189312
v -1.381320 0.410416 1.705284
v -1.390113 0.633753 1.727628
v -1.401183 0.651281 1.582945
v 0.475265 -0.619913 1.156047
v 0.286018 -0.644337 1.330361
v 0.346717 -0.637765 1.262149
v 0.344833 -0.652731 1.120364
v 0.308329 -0.656597 1.160620
v 0.354080 -0.667489 0.921904
v 0.321444 -0.681533 0.827363
v 0.416461 -0.660458 0.862080
v 0.308785 -0.682587 0.844033
v 0.195743 0.018417 3.983105
v 0.119103 0.005960 4.019164
v -0.287684 0.094169 3.945219
v -0.404821 0.129264 3.913688
v -0.489089 0.010005 3.598167
v -0.396207 0.045441 3.767343
v -0.552827 -0.234423 2.918428
v -0.615109 -0.142788 3.055417
v -0.609738 -0.212002 2.868361
v -0.660738 -0.139110 2.974353
v -0.636343 -0.284854 2.564056
v -0.572389 -0.359287 2.446804
v -0.706363 -0.237483 2.572253
v -0.705183 -0.282876 2.416253
v -0.731970 -0.239501 2.508399
v -0.619963 -0.419956 2.008903
v -0.649012 -0.406499 1.996138
v -0.672081 -0.398542 1.969107
v -0.569258 -0.391908 2.334476
v -0.786885 -0.318593 2.045568
v -0.709442 -0.324681 2.238075
v -0.701616 -0.452608 1.559920
v -0.649738 -0.477523 1.553111
v -0.712205 -0.463927 1.441839
v -0.652579 -0.500262 1.377949
v -0.726092 -0.403627 1.773050
v -0.664863 -0.416839 1.880678
v -0.682263 -0.443063 1.684184
v -0.772942 -0.364837 1.849419
v -0.731807 -0.495349 0.831404
v -0.700459 -0.483227 1.090243
v -0.572399 -0.573943 1.048471
v -0.684912 -0.520616 0.878438
v -0.646527 -0.522970 1.060587
v -0.813424 -0.430685 1.012048
v -0.616384 -0.518816 1.330619
v -0.796961 -0.438426 1.014311
v -0.630534 -0.511757 1.354876
v -0.809008 -0.434412 0.906055
v -0.846315 -0.453875 0.294704
v -0.602548 -0.608309 0.384686
v -0.674192 -0.554608 0.509680
v -0.582779 -0.608281 0.620665
v -0.680307 -0.557372 0.386492
v -0.684975 -0.561891 0.248574
v -0.770859 -0.481887 0.644814
v -0.591848 -0.593563 0.776972
v -0.752729 -0.486546 0.759889
v -0.725190 -0.512693 0.643130
v -0.850930 -0.442204 0.428688
v -0.824300 -0.543731 -0.251029
v -0.714728 -0.585211 -0.208745
v -0.658784 -0.605222 -0.062850
v -0.696715 -0.590837 -0.074736
v -0.712062 -0.585391 -0.119418
v -0.765083 -0.510382 0.243114
v -0.757488 -0.534332 0.133871
v -0.663913 -0.581319 0.211406
v -0.728093 -0.552316 0.139736
v -0.767004 -0.526927 0.141064
v -0.744650 -0.575279 -0.456005
v -0.757650 -0.570294 -0.450790
v -0.645871 -0.613735 -0.688547
v -0.655320 -0.609761 -0.567159
v -0.727145 -0.582199 -0.532577
v -0.881113 -0.528668 -0.847318
v -0.832930 -0.544119 -0.682204
v -0.732342 -0.581129 -0.706438
v -0.841389 -0.539106 -0.532603
v -0.902771 -0.518588 -0.678198
v -0.949358 -0.502590 -1.077878
v -0.865079 -0.531733 -1.399074
v -0.888150 -0.525190 -1.132068
v -0.890998 -0.523131 -1.255293
v -0.747831 -0.576389 -1.332559
v -0.761203 -0.572663 -1.037959
v -0.726101 -0.585496 -1.019221
v -0.753351 -0.575423 -1.115602
v -0.636426 -0.618246 -0.996655
v -0.423355 -0.608172 -2.258878
v -0.539211 -0.591192 -2.243177
v -0.702871 -0.560626 -2.316615
v -0.638999 -0.593594 -1.982233
v -0.535445 -0.589683 -2.273647
v -0.355142 -0.618220 -2.271699
v -0.351971 -0.631069 -2.105073
v -0.386657 -0.628665 -2.061338
v -0.419039 -0.632270 -1.941491
v 0.668419 -0.130788 3.139177
v 0.722975 -0.099882 3.124418
v 0.767597 -0.003367 3.291876
v 0.407545 -0.259870 3.280490
v 0.397361 -0.268329 3.269086
v 0.227398 -0.376337 3.168650
v 0.167539 -0.369686 3.291644
v -0.612986 -0.066511 3.248813
v -0.611169 -0.132517 3.088024
v -0.522758 -0.101871 3.315572
v -0.576680 -0.070401 3.301877
v -1.048123 0.523490 3.246758
v -1.055191 0.546095 3.241394
v -0.984881 0.481940 3.374450
v 0.660676 -0.030925 3.392126
v 0.679860 0.032132 3.510199
v -0.968359 0.588738 3.462464
v -0.909442 0.518320 3.546257
v -0.934523 0.637506 3.542399
v -0.459023 -0.107000 3.401118
v -0.530597 -0.078936 3.355382
v 0.360996 -0.211083 3.452780
v 0.392817 -0.227864 3.381508
v 0.237110 -0.250629 3.517399
v 0.321802 -0.246255 3.425523
v 0.448555 0.185032 4.000947
v -0.562789 0.568334 4.049108
v -0.354316 0.574956 4.236292
v 1.249042 0.710614 -2.263663
v 1.419960 0.287641 -2.179739
v 1.420638 0.298666 -2.136313
v 1.420491 0.073155 -2.316455
v 1.424460 0.015649 -2.082570
v 1.425060 0.116418 -1.974450
v 1.423026 0.101445 -2.135693
v 1.132392 0.710648 -2.298919
v 0.923572 0.708166 -2.405441
v 1.023529 0.710861 -2.297511
v 0.767728 0.714117 -2.167709
v 0.746762 0.713528 -2.191647
v 0.407678 0.711440 -2.274084
v 0.411192 0.710356 -2.318515
v 0.958102 0.712213 -2.247308
v 0.339854 0.713323 -2.196444
v 0.400883 0.709614 -2.348767
v 0.239723 0.711651 -2.263991
v 0.675040 0.710116 -2.330634
v 0.488768 0.710210 -2.325154
v 0.435394 0.708339 -2.401163
v 0.123118 0.711024 -2.288415
v 0.253222 0.710531 -2.309863
v 0.452493 0.706606 -2.472079
v 0.563431 0.706370 -2.482842
v 0.433422 0.707153 -2.449541
v 0.404126 0.706032 -2.494996
v -0.128745 0.710783 -2.298172
v -0.329008 0.708595 -2.390166
v -0.034064 0.705634 -2.507032
v -0.383761 0.706540 -2.474787
v -0.126083 0.705850 -2.499459
v -0.119251 0.709984 -2.330678
v -0.600194 0.710256 -2.257570
v -0.722835 0.710291 -2.227556
v -0.615302 0.708016 -2.382987
v -0.838401 0.710856 -2.168660
v -0.429575 0.709040 -2.366489
v -0.866302 0.708545 -2.295264
v -0.376756 0.711175 -2.255717
v -0.727707 0.707903 -2.363825
v -0.811702 0.707363 -2.382754
v -0.863019 0.708090 -2.327020
v -0.956972 0.706683 -2.425068
v -0.990951 0.709646 -2.206874
v -0.831064 0.707129 -2.398903
v -1.237428 0.710931 -2.251202
v -1.067109 0.709810 -2.200131
v 0.129956 0.150179 4.163460
v 0.177319 0.325916 4.277915
v 0.177268 0.336932 4.283088
v -0.318435 0.509293 4.242890
v -0.196163 0.318290 4.239082
v -0.246412 0.168536 4.070323
v -0.343544 0.168659 4.001359
v 0.723075 -0.502735 -2.847316
v 0.855482 -0.472325 -2.919971
v 1.046124 -0.431014 -2.956857
v 1.180113 -0.373753 -2.974857
v 1.182176 -0.371115 -2.951090
v 1.155612 -0.382748 -2.773675
v 1.237016 -0.330127 -2.951752
v 1.263665 -0.313215 -3.023486
v 1.330201 -0.248797 -2.911515
v 1.367292 -0.185346 -3.097881
v -1.248271 -0.231052 -2.846048
v -1.284586 -0.182348 -2.774414
v -1.137799 -0.346491 -2.910779
v -0.898370 -0.461533 -2.828830
v -1.350746 0.043633 -1.411027
v -1.350400 0.174587 -1.475502
v -1.358515 0.200318 -1.251879
v -1.361824 0.240540 -1.173057
v -1.350802 0.162686 -1.458951
v -1.353977 0.038159 -1.291197
v -1.358894 0.133862 -1.195695
v -1.353585 0.066317 -1.336354
v -1.360623 0.072594 -1.062478
v -1.357619 0.116548 -1.228318
v -1.374965 0.058384 -0.506801
v -1.378465 0.102757 -0.440072
v -1.375334 -0.021736 -0.337647
v -1.383284 0.173703 -0.366979
v -1.371701 0.077382 -0.684440
v -1.379813 0.256396 -0.608492
v -1.374205 0.128996 -0.668960
v -1.373336 0.283292 -0.831426
v -1.373160 0.243086 -0.801477
v -1.381095 0.301700 -0.608917
v -1.374955 0.163262 -0.676045
v -1.381965 0.100682 -0.108384
v -1.385246 0.187638 -0.193281
v -1.378680 0.018251 -0.068019
v -1.378203 -0.008591 0.081921
v -1.385261 0.182759 -0.142594
v -1.382432 0.107121 -0.063017
v -1.393021 0.277472 -0.138639
v -1.409590 0.300497 0.325608
v -1.408647 0.267052 0.396387
v -1.406833 0.264011 0.347115
v -1.386210 0.057601 0.306874
v -1.404691 0.248182 0.325971
v -1.390580 0.193617 0.036349
v -1.328896 0.073943 1.358977
v -1.379343 0.123208 1.064554
v -1.299023 -0.020784 1.417122
v -1.313835 -0.008321 1.327124
v -1.358973 0.148363 1.263294
v -1.380267 0.313153 1.597270
v -1.375042 0.295518 1.596874
v -1.401751 0.311654 1.302080
v -1.317422 0.079324 1.505382
v -1.320342 0.088102 1.501275
v -1.302787 0.068430 1.615166
v -1.272199 0.077932 1.852197
v -1.321965 0.131038 1.622275
v -1.313480 0.096762 1.604194
v -1.328813 0.208261 1.749424
v -1.304534 0.207410 1.917425
v -1.316612 0.321237 2.087585
v -1.367367 0.309013 1.706500
v -1.330831 0.246667 1.821849
v -1.280302 0.217840 2.100360
v -1.255699 0.177213 2.158405
v -1.218147 0.087380 2.197452
v -1.291526 0.244693 2.088695
v -1.223326 0.219291 2.404789
v -1.277859 0.298750 2.257323
v -1.286297 0.355377 2.313282
v -1.128788 0.143646 2.679281
v -1.199636 0.243481 2.549199
v -1.195434 0.276642 2.609484
v -1.174061 0.317718 2.734993
v -1.231063 0.372851 2.600898
v -1.140157 0.290584 2.821364
v -1.071194 0.212021 2.948276
v -1.086037 0.203845 2.896981
v -1.089494 0.400789 3.073588
v -1.079324 0.321277 3.032346
v -1.035427 0.369706 3.189384
v -0.936395 0.327432 3.391257
v -0.873172 0.299188 3.503619
v -0.890728 0.382098 3.516576
v -0.772992 0.339993 3.706221
v -0.790004 0.440605 3.720825
v -0.685787 0.413107 3.861620
v -0.640336 0.473793 3.939616
v -0.387002 0.460573 4.181072
v 1.465788 0.341964 -0.653547
v 1.469249 0.493155 -0.375318
v 1.475062 0.360518 -0.352836
v 1.461778 0.513674 -0.576768
v 1.464255 0.489251 -0.530260
v 1.468501 0.467793 -0.427034
v 1.449926 0.649632 -0.975652
v 1.458073 0.650880 -0.611277
v 1.455340 0.509510 -0.845537
v 1.454919 0.377002 -0.969617
v 1.447018 0.573117 -1.166176
v 1.454997 0.375990 -0.966945
v 1.447679 0.537129 -1.165273
v 1.459509 0.511068 -0.658351
v 1.498740 0.573482 0.516220
v 1.492457 0.607505 0.367937
v 1.491880 0.570580 0.336967
v 1.498581 0.643314 0.542345
v 1.493139 0.531748 0.352821
v 1.474128 0.638316 -0.094276
v 1.485242 0.519440 0.142598
v 1.485905 0.604469 0.196614
v 1.481793 0.333121 -0.162576
v 1.475024 0.440916 -0.251998
v 1.499572 0.308091 0.421637
v 1.483808 0.339395 -0.084013
v 1.478501 0.504550 -0.044984
v 1.472188 0.551389 -0.201065
v 1.496493 0.606316 0.887386
v 1.494818 0.545852 1.174029
v 1.496863 0.537923 1.003190
v 1.497783 0.404040 1.212001
v 1.495022 0.640169 0.948550
v 1.499187 0.384942 1.124689
v 1.495356 0.627552 0.945410
v 1.498491 0.393242 1.170532
v 1.499555 0.538870 0.674518
v 1.500094 0.383299 0.562876
v 1.499929 0.410978 0.509693
v 1.500563 0.339972 0.871174
v 1.499977 0.447824 0.722469
v 1.499960 0.429412 0.622972
v 1.468574 0.617381 1.768414
v 1.476875 0.486557 1.574795
v 1.472329 0.494302 1.648624
v 1.487740 0.430764 1.391800
v 1.487677 0.523659 1.433941
v 1.493305 0.504494 1.343739
v 1.490366 0.515231 1.391168
v 1.437389 0.624513 2.044672
v 1.432191 0.608045 2.075702
v 1.422356 0.517901 2.106233
v 1.432303 0.486753 2.016904
v 1.444765 0.434089 1.893094
v 1.416915 0.343812 2.062445
v 1.425338 0.381375 2.016658
v 1.438275 0.481362 1.968728
v 1.372911 0.643584 2.433330
v 1.335473 0.544758 2.585148
v 1.359602 0.636877 2.495345
v 1.394735 0.339753 2.202026
v 1.372894 0.439486 2.366814
v 1.406479 0.388032 2.159292
v 1.273980 0.581975 2.838636
v 1.247042 0.622230 2.970809
v 1.249244 0.640802 2.971022
v 1.313700 0.523675 2.660530
v 1.300489 0.340298 2.652817
v 1.330738 0.555084 2.610055
v 1.224714 0.494028 2.982104
v 1.230947 0.403373 2.923937
v 1.195808 0.571999 3.093808
v 1.228193 0.637611 3.038579
v 1.056348 0.453404 3.385699
v 1.051460 0.487784 3.415600
v 1.073906 0.451250 3.342769
v 1.090982 0.448224 3.301018
v 0.972813 0.520749 3.584002
v 0.995766 0.434844 3.506593
v 0.872600 0.502687 3.747215
v 0.938213 0.642089 3.676969
v 0.794858 0.491447 3.855452
v 0.824568 0.597393 3.838923
v 0.639444 0.613694 4.065739
v 0.517064 0.581777 4.181996
v 0.406849 0.613221 4.273798
v 0.819246 -0.583641 -1.074806
v 0.839065 -0.577991 -1.122793
v 0.926180 -0.554788 -1.095706
v 0.916332 -0.557364 -1.105519
v 0.708122 -0.614095 -0.984315
v 0.652193 -0.624309 -1.383314
v 0.591950 -0.642531 -1.193231
v 0.656854 -0.626880 -1.095464
v 0.897188 -0.560846 -1.347521
v 0.706727 -0.611092 -1.306215
v 0.875266 -0.566166 -0.367622
v 0.623711 -0.640294 -0.441806
v 0.713403 -0.613322 -0.358438
v 0.889760 -0.562713 -0.449289
v 0.748606 -0.605629 -0.629744
v 0.650850 -0.632343 -0.584763
v 0.757544 -0.601291 -0.916401
v 0.611612 -0.641997 -0.706939
v 0.708906 -0.615139 -0.807667
v 0.816521 -0.586053 -0.833472
v 0.717220 -0.606580 0.216221
v 0.794519 -0.581881 0.199088
v 0.738153 -0.599529 0.228330
v 0.863408 -0.559619 0.195318
v 0.844716 -0.573840 -0.181401
v 0.644354 -0.633417 -0.242140
v 0.707244 -0.614853 -0.069069
v 0.832550 -0.578285 -0.262087
v 0.578488 -0.652585 -0.072563
v 0.663607 -0.627597 -0.013506
v 0.880276 -0.540086 0.466777
v 0.790786 -0.573487 0.451077
v 0.834957 -0.557210 0.455597
v 0.843789 -0.535473 0.740932
v 0.884769 -0.537155 0.486864
v 0.665850 -0.615331 0.427926
v 0.598489 -0.633298 0.524649
v 0.814189 -0.569760 0.369284
v 0.703234 -0.604642 0.392672
v 0.584407 -0.647011 0.288885
v 0.784802 -0.524491 1.057486
v 0.736463 -0.504644 1.348992
v 0.824262 -0.525063 0.935772
v 0.828971 -0.478695 1.266613
v 0.588650 -0.580376 1.215205
v 0.634122 -0.585318 1.015073
v 0.601166 -0.618024 0.817813
v 0.562737 -0.596050 1.154840
v 0.584547 -0.582629 1.207800
v 0.717109 -0.476764 1.619622
v 0.799733 -0.447302 1.566427
v 0.690688 -0.466586 1.758043
v 0.798448 -0.425152 1.707305
v 0.676779 -0.503009 1.554453
v 0.759831 -0.479232 1.476939
v 0.607742 -0.552227 1.379373
v 0.572801 -0.518605 1.766735
v 0.545749 -0.529413 1.767069
v 0.692612 -0.379253 2.250283
v 0.631981 -0.410975 2.265371
v 0.660740 -0.386433 2.328885
v 0.648394 -0.423794 2.110746
v 0.699683 -0.427973 1.960320
v 0.684414 -0.402949 2.133895
v 0.553346 -0.407286 2.487674
v 0.575034 -0.393290 2.487175
v 0.504566 -0.407957 2.631080
v 0.657261 -0.310180 2.625772
v 0.564538 -0.415392 2.424440
v 0.675067 -0.373462 2.348743
v 0.573054 -0.260917 2.966798
v 0.459001 -0.349168 2.946476
v 0.615567 -0.239163 2.943449
v 0.677595 -0.242854 2.815403
v 0.585480 -0.170594 3.186894
v 0.622109 -0.123872 3.233389
v 0.482614 -0.267644 3.132774
v 0.458955 -0.262633 3.188046
v 0.516516 -0.101000 3.452714
v 0.539341 -0.134231 3.353577
v 0.535248 -0.127437 3.372787
v 0.430900 -0.019799 3.717994
v 0.516264 0.012970 3.672033
v 0.357462 0.018101 3.850624
v 0.381118 0.006243 3.811186
v 0.414175 0.130072 3.961464
v 0.277357 0.296352 4.223802
v -0.165544 -0.693354 -1.021557
v -0.118986 -0.690998 -1.218394
v 0.017333 -0.702995 -0.958368
v -0.092415 -0.695265 -1.082337
v -0.242238 -0.681968 -1.373068
v 0.140947 -0.700465 -1.381391
v 0.028356 -0.694935 -1.383114
v -0.034993 -0.693555 -1.294360
v 0.094351 -0.699808 -1.297518
v 0.069457 -0.700212 -1.213509
v -0.143987 -0.701994 -0.578365
v -0.178789 -0.700771 -0.559605
v -0.092261 -0.706998 -0.399635
v -0.111436 -0.704448 -0.510938
v -0.013706 -0.710694 -0.381291
v 0.162676 -0.718391 -0.379205
v 0.130423 -0.709654 -0.878266
v 0.161961 -0.715777 -0.555666
v 0.073675 -0.710107 -0.674817
v -0.092053 -0.699829 -0.873606
v -0.157079 -0.709763 0.188010
v -0.166996 -0.708315 0.073103
v -0.081734 -0.710563 -0.100578
v 0.001657 -0.716088 0.108372
v 0.011136 -0.715486 -0.007977
v -0.017422 -0.711982 -0.244968
v 0.109710 -0.716422 -0.351806
v -0.116011 -0.707379 -0.282323
v 0.101684 -0.719645 0.018180
v 0.072038 -0.715067 -0.324226
v -0.076183 -0.710086 -0.179365
v -0.115001 -0.700426 0.697790
v -0.026420 -0.705058 0.676166
v -0.036046 -0.702888 0.746469
v -0.079062 -0.706459 0.519605
v -0.142242 -0.706696 0.390626
v -0.115911 -0.708769 0.355511
v 0.165790 -0.718507 0.462010
v 0.123409 -0.718108 0.398187
v 0.126294 -0.713401 0.614916
v 0.137052 -0.717833 0.436812
v 0.001499 -0.711924 0.440435
v -0.106221 -0.674024 1.080409
v -0.142765 -0.689475 0.879576
v 0.025490 -0.688505 0.982589
v 0.122565 -0.708878 0.796899
v -0.134422 -0.659794 1.231679
v 0.146349 -0.698456 0.932717
v 0.169583 -0.681342 1.148063
v 0.046350 -0.674590 1.158407
v 0.051410 -0.668112 1.237806
v -0.047753 -0.656442 1.319837
v 0.167519 -0.676596 1.202986
v -0.022426 -0.646962 1.425572
v -0.134402 -0.605074 1.752475
v -0.107211 -0.647559 1.383601
v -0.176902 -0.626609 1.541184
v -0.084984 -0.626594 1.581024
v -0.134226 -0.589119 1.890286
v 0.146691 -0.623634 1.692376
v -0.060403 -0.591534 1.894794
v -0.024406 -0.616087 1.698487
v 0.194383 -0.627765 1.673459
v -0.163788 -0.576109 2.014019
v -0.188790 -0.564825 2.113362
v 0.079302 -0.562932 2.276596
v -0.097028 -0.546844 2.342505
v -0.079410 -0.561386 2.206617
v 0.080125 -0.584359 2.037625
v 0.196072 -0.594490 1.972322
v 0.066315 -0.594948 1.909816
v 0.146945 -0.576376 2.158842
v 0.202106 -0.593373 1.987824
v -0.143274 -0.533772 2.427006
v -0.172656 -0.487546 2.707713
v 0.044424 -0.507021 2.700330
v -0.076114 -0.496028 2.705580
v 0.164823 -0.530608 2.583496
v -0.024441 -0.537008 2.452792
v -0.064688 -0.544277 2.378460
v 0.115566 -0.526809 2.592523
v -0.184976 -0.410455 3.046890
v -0.189225 -0.441925 2.911613
v -0.196079 -0.448033 2.882573
v -0.036582 -0.460548 2.901895
v -0.130713 -0.471745 2.810595
v 0.021743 -0.473956 2.861199
v -0.102827 -0.348985 3.286811
v -0.126422 -0.319851 3.367966
v 0.101473 -0.368460 3.309664
v 0.112114 -0.412939 3.158649
v 0.028259 -0.309718 3.443720
v -0.086392 -0.310328 3.404274
v 0.145019 -0.335472 3.424254
v -0.141056 -0.132703 3.758968
v -0.007547 -0.204732 3.668754
v 0.074208 -0.191269 3.717240
v 0.085414 -0.121189 3.840574
v -0.005004 -0.041974 3.933870
v 0.025246 0.080447 4.096678
v 0.012073 0.040523 4.044624
v 0.074369 0.101373 4.129461
v -0.060544 0.182285 4.188750
v 0.059288 0.379107 4.321756
v -0.539679 -0.637837 -1.046935
v -0.522992 -0.640468 -1.059756
v -0.458494 -0.648790 -1.250741
v -0.584749 -0.627043 -1.294551
v -0.537035 -0.637946 -1.072504
v -0.246826 -0.689750 -0.954338
v -0.295726 -0.675363 -1.314807
v -0.385874 -0.665728 -0.954342
v -0.260911 -0.681400 -1.313491
v -0.303256 -0.674516 -1.287307
v -0.242003 -0.695949 -0.513697
v -0.241833 -0.697119 -0.416264
v -0.505774 -0.649420 -0.353536
v -0.441865 -0.660915 -0.373367
v -0.225674 -0.699760 -0.444008
v -0.578053 -0.634958 -0.615236
v -0.469455 -0.653397 -0.681038
v -0.544000 -0.641681 -0.436619
v -0.544899 -0.640725 -0.606162
v -0.458762 -0.655023 -0.727544
v -0.372861 -0.675027 -0.179963
v -0.264405 -0.693868 -0.338471
v -0.220979 -0.705255 0.182473
v -0.427692 -0.665350 -0.122973
v -0.452456 -0.659946 -0.254372
v -0.256046 -0.696705 -0.140074
v -0.565842 -0.638557 -0.232677
v -0.531215 -0.643874 0.094303
v -0.490334 -0.653184 -0.135844
v -0.474492 -0.655592 0.018659
v -0.579481 -0.634554 0.026312
v -0.517049 -0.647664 -0.100110
v -0.335106 -0.677749 0.408440
v -0.328153 -0.676596 0.506675
v -0.522900 -0.643398 0.290327
v -0.209717 -0.698723 0.563266
v -0.216787 -0.698306 0.524901
v -0.287473 -0.678622 0.709677
v -0.479640 -0.645733 0.466306
v -0.565781 -0.632222 0.330347
v -0.469394 -0.650495 0.413644
v -0.395408 -0.656893 0.643997
v -0.346965 -0.654694 0.869938
v -0.309801 -0.659928 0.906803
v -0.411544 -0.634844 0.928784
v -0.426773 -0.635612 0.880396
v -0.494679 -0.620436 0.877183
v -0.497944 -0.588885 1.152044
v -0.474528 -0.608176 1.038908
v -0.522347 -0.567771 1.278732
v -0.481225 -0.576773 1.296594
v -0.444166 -0.607153 1.118858
v -0.355027 -0.573493 1.636558
v -0.316587 -0.588129 1.596817
v -0.313204 -0.596135 1.531213
v -0.424279 -0.566246 1.531401
v -0.328264 -0.601866 1.440803
v -0.327387 -0.556769 1.827445
v -0.529068 -0.527060 1.582756
v -0.436576 -0.527137 1.794437
v -0.522607 -0.509235 1.728445
v -0.307390 -0.551319 1.923056
v -0.218016 -0.578168 1.933205
v -0.309127 -0.549138 1.939955
v -0.507916 -0.489861 1.912843
v -0.324670 -0.497494 2.330551
v -0.471008 -0.490186 2.009922
v -0.394499 -0.491312 2.194364
v -0.297799 -0.512508 2.304143
v -0.298168 -0.494571 2.417604
v -0.390167 -0.441168 2.524531
v -0.256299 -0.482902 2.601986
v -0.257023 -0.489316 2.558553
v -0.330785 -0.419428 2.737842
v -0.281530 -0.447930 2.725553
v -0.429088 -0.379699 2.693043
v -0.346971 -0.444675 2.602000
v -0.209435 -0.428834 2.956616
v -0.258374 -0.399443 2.973450
v -0.429227 -0.346642 2.827698
v -0.364778 -0.358781 2.912695
v -0.386818 -0.311939 3.009010
v -0.434790 -0.342813 2.830740
v -0.450665 -0.211933 3.167406
v -0.321141 -0.323325 3.094100
v -0.353803 -0.273587 3.166390
v -0.312248 -0.234188 3.352704
v -0.238665 -0.333286 3.213064
v -0.305802 -0.141058 3.551760
v -0.373887 -0.110599 3.512256
v -0.365516 -0.130468 3.484462
v -0.302234 -0.033524 3.739456
v -0.178779 -0.180916 3.648265
v -0.150234 -0.067648 3.848674
v -0.232424 -0.003770 3.858548
v -0.106464 0.091984 4.077541
v -0.140671 0.036502 3.989213
v -0.209585 0.203308 4.135320
v -0.146016 0.145653 4.111702
v -0.185623 0.356000 4.260249
v -1.200761 -0.285952 -2.313277
v -1.231443 -0.251374 -2.120855
v -1.208562 -0.276969 -2.257910
v -1.063194 -0.413690 -2.200512
v -1.077356 -0.397059 -2.054424
v -1.117973 -0.359532 -2.150393
v -0.213177 -0.656405 -1.941639
v 0.077380 -0.660718 -2.093389
v -0.127699 -0.653650 -2.031891
v 0.013791 -0.669631 -1.948458
v -0.161708 -0.656161 -1.979945
v -0.217135 -0.636219 -2.171407
v -0.277182 -0.640107 -2.085420
v -0.224589 -0.631115 -2.225319
v -0.114626 -0.636292 -2.240611
v 0.027378 -0.641143 -2.281577
v -0.142036 -0.650116 -2.062055
v -0.891688 -0.495968 -2.231495
v -1.036926 -0.426292 -2.345676
v -0.982956 -0.460773 -2.119037
v -1.003108 -0.458281 -1.981013
v -0.743205 -0.559970 -2.222712
v -0.801275 -0.537452 -2.171052
v -0.743823 -0.566838 -1.999233
v -0.913952 -0.494752 -2.039692
v 0.665764 -0.593146 -2.094732
v 0.626835 -0.607307 -2.031876
v 0.798152 -0.561994 -2.050913
v 0.848203 -0.553555 -1.983758
v 0.803208 -0.550176 -2.246966
v 0.820093 -0.547512 -2.220631
v 0.796782 -0.556949 -2.142536
v 0.786783 -0.549640 -2.334759
v 0.863770 -0.538035 -2.203880
v 1.108505 0.711026 1.401248
v 1.146551 0.712430 -0.181334
v 1.371494 0.712791 0.476104
v 1.140201 0.709751 0.316367
v 1.310582 0.711671 0.495711
v 1.264796 0.712244 0.236844
v 1.314456 0.713194 0.213586
v 1.207646 0.712554 -0.007847
v 1.158532 0.710438 0.242773
v 1.133206 0.710399 0.168435
v 1.321879 0.713595 0.160034
v 1.164953 0.712187 -0.074935
v 1.435227 0.714249 0.310939
v 1.438220 0.714363 -0.249776
v 1.448595 0.714400 -0.189577
v 1.421673 0.714226 0.091333
v 1.456169 0.714362 0.219350
v 1.377020 0.714085 -0.275902
v 1.387725 0.714120 -0.194120
v 1.410954 0.714193 -0.004178
v 1.183688 0.713153 -0.686657
v 1.121578 0.712912 -0.447536
v 1.139962 0.712910 -1.197310
v 1.186226 0.713120 -1.097681
v 1.197753 0.713197 -0.840962
v 1.136011 0.712898 -1.149040
v 1.358633 0.713844 -1.259727
v 1.261756 0.713507 -0.642518
v 1.395576 0.714178 -0.388349
v 1.426813 0.714255 -0.699862
v 1.293845 0.713686 -0.495067
v 1.395822 0.714105 -0.730625
v 1.330804 0.713788 -0.813841
v 1.344942 0.713820 -0.968054
v 1.356101 0.709160 -1.994782
v 1.252342 0.711383 -2.070614
v 1.168387 0.712540 -1.736737
v 1.282152 0.710504 -1.900545
v 1.149198 0.712872 -1.701907
v 1.129072 0.713008 -1.534854
v 1.121750 0.713188 -1.554617
v 1.235449 0.712746 -1.361879
v 1.258683 0.713139 -1.316867
v 1.276249 0.712188 -1.472154
v 1.408044 0.709574 -1.951360
v 1.377219 0.712595 -1.473716
v 1.365396 0.710198 -1.829848
v 1.411608 0.713991 -1.283498
v 1.220800 0.713015 -1.311890
v -1.151428 0.707614 -1.728063
v -1.288425 0.711599 -1.310240
v -1.219693 0.709904 -1.639969
v -1.297485 0.713481 -1.920362
v -1.151413 0.706777 -1.398458
v -1.192031 0.708166 -1.356250
v -1.235162 0.711291 -1.961879
v -1.193068 0.709894 -1.897296
v -1.069553 0.708174 -1.908176
v -1.043190 0.704173 -1.574650
v -1.066925 0.706657 -1.771582
v -1.039782 0.705275 -1.681205
v -1.329324 0.713402 -0.764177
v -1.292401 0.713531 -0.923861
v -1.293369 0.713556 -0.745751
v -1.113334 0.714359 -0.435664
v -1.186015 0.714049 -0.471665
v -1.060181 0.714585 -0.406094
v -1.326946 0.713445 -0.561662
v -1.243052 0.713745 -0.873303
v -1.182272 0.711580 -1.024922
v -1.227086 0.709449 -1.307666
v -1.078764 0.708736 -0.987436
v -1.152209 0.712687 -0.860749
v -1.125291 0.706351 -1.294734
v -1.063011 0.709591 -0.879590
v -1.084168 0.707726 -1.081208
v -1.107569 0.706890 -1.206924
v -1.355084 0.713139 0.614550
v -1.275669 0.713897 -0.102648
v -1.288463 0.713685 0.457639
v -1.257569 0.713953 0.309662
v -1.330280 0.713450 0.022406
v -1.165819 0.714654 0.343008
v -1.356232 0.713143 0.550015
v -1.338197 0.713299 0.466215
v -1.283222 0.713692 0.622856
v -1.111396 0.714822 0.086188
v -1.044123 0.715248 0.231877
v -1.034216 0.715386 0.330952
v -1.107899 0.714726 -0.028459
v -1.257145 0.713822 -0.309126
v -1.130076 0.714743 0.086107
v -1.253287 0.713933 -0.210536
v -1.228222 0.714080 -0.168337
v 0.887850 -0.392879 -3.272146
v 0.207197 -0.432235 -3.181383
v 0.158405 -0.539034 -2.873195
v 0.425629 -0.412894 -3.233274
v 0.267570 -0.462455 -3.092789
v 0.154135 -0.431968 -3.183146
v 0.146613 -0.508155 -2.962785
v 0.299894 -0.467075 -3.078815
v 0.203372 -0.451726 -3.125041
v 0.451965 -0.456350 -3.107011
v 0.459380 -0.477697 -3.027858
v 0.280508 -0.538096 -2.847237
v 0.663021 -0.445026 -3.094594
v 0.551342 -0.466196 -3.045477
v 0.565094 -0.504067 -2.895749
v 0.500210 -0.510830 -2.888517
v -0.628215 -0.487703 -2.879281
v -0.618578 -0.484418 -2.896770
v -0.605718 -0.509783 -2.802531
v -0.572327 -0.478309 -2.942532
v -0.627237 -0.451997 -3.020857
v -0.548001 -0.420417 -3.182704
v -0.679812 -0.415704 -3.177704
v -0.662610 -0.407020 -3.228930
v -0.782081 -0.454742 -2.944453
v -0.874799 -0.430675 -3.069799
v 1.414603 0.047719 -2.858245
v 1.411175 0.066830 -3.083185
v 1.412268 0.099769 -2.985707
v 1.412153 0.215358 -2.917356
v -1.319600 0.204782 -3.246315
v -1.321770 0.349731 -3.103010
v -1.322271 0.256334 -3.068781
v -1.320284 0.179556 -3.200499
v -1.321266 0.420086 -3.137270
v -1.321026 0.426493 -3.153275
v -1.325809 0.659246 -2.897641
v -1.322909 0.550669 -3.042938
v -1.324901 0.408159 -2.903683
v -1.326715 0.663001 -2.846735
v -1.323438 0.675549 -2.944871
v 0.908687 -0.395320 -3.237111
v 0.825697 -0.398558 -3.241252
v 0.901330 -0.419523 -3.137938
v 0.699918 -0.454711 -3.047946
v 0.851538 -0.446550 -3.041974
v 0.899071 -0.449178 -3.020082
v 0.715657 -0.442832 -3.089913
v 1.341639 -0.219288 -3.213429
v 1.391483 -0.093949 -3.213017
v 1.408100 -0.019854 -3.067130
v 1.403271 -0.048282 -3.115754
v 1.406499 -0.036437 -2.972908
v 1.366876 -0.167164 -2.864230
v 1.367403 -0.146560 -2.767418
v -1.319999 -0.027461 -3.019403
v -1.316496 -0.038532 -3.097186
v -1.304528 -0.096355 -3.101118
v -1.275973 -0.163370 -3.234201
v -1.226923 -0.251746 -3.249170
v -1.209445 -0.284930 -2.985471
v -1.194200 -0.297505 -3.062841
v -1.160676 -0.321166 -3.110313
v -1.020929 -0.396658 -3.086170
v -0.913149 -0.415220 -3.124800
v 0.937630 0.070996 -3.280106
v -1.044019 0.371508 -3.277064
v -0.755064 0.191633 -3.277598
v -0.903770 0.215636 -3.277192
v -1.144523 0.209445 -3.276450
v -1.175126 0.382776 -3.276688
v -1.064389 0.433037 -3.277119
v -1.233855 0.327233 -3.276404
v -0.798678 0.116523 -3.277323
v -1.082882 0.318066 -3.276844
v -1.184157 0.171321 -3.276258
v -0.520422 -0.305832 -3.277271
v -0.200608 -0.012672 -3.280457
v -0.391567 -0.128936 -3.278744
v -0.305624 0.076536 -3.280008
v -0.343347 -0.161525 -3.278977
v -0.375414 -0.227843 -3.278539
v -0.295009 -0.153455 -3.279342
v -0.390272 -0.313728 -3.278059
v -0.111432 -0.125600 -3.280432
v -0.342810 -0.306603 -3.278327
v -0.034687 -0.248431 -3.280133
v -0.059263 -0.037936 -3.281163
v -0.144959 -0.150989 -3.280132
v 1.411299 0.450859 -2.974570
v 1.409335 0.390520 -3.172206
v 1.410637 0.492397 -3.042917
v 1.410907 0.488305 -3.015409
v 1.411305 0.368209 -2.971733
v 1.408767 0.357567 -3.228992
v 1.412213 0.312327 -2.878005
v 1.411317 0.470015 -2.976782
v 1.413971 0.467599 -2.851315
v 1.413495 0.405348 -2.823457
v 1.415105 0.545633 -2.861261
v 1.417410 0.562939 -2.767860
v -1.323689 0.026296 -3.070148
v -1.320917 0.097637 -3.179239
v -1.325766 0.172983 -2.893342
v -1.327562 0.148827 -2.820276
v -0.420970 -0.502201 -2.906240
v -0.411946 -0.427858 -3.177126
v -0.301615 -0.460714 -3.058601
v -0.410305 -0.473407 -3.011233
v -0.179027 -0.445932 -3.113723
v -0.266235 -0.407132 -3.254141
v -0.100190 -0.440660 -3.139513
v -0.328882 -0.530786 -2.816824
v -0.075879 -0.449666 -3.117035
v -0.105045 -0.545989 -2.816728
v -0.396396 -0.530205 -2.804619
v 0.037774 -0.551040 -2.830872
v 0.228403 0.277439 -3.227957
v -1.094825 0.692752 -2.994645
v -0.904626 0.690235 -3.133970
v -1.074259 0.694235 -2.932867
v -0.849379 0.693129 -3.015635
v -1.202636 0.690058 -3.096169
v -1.118692 0.689780 -3.121167
v -0.825230 0.691511 -3.090190
v -1.172544 0.693754 -2.938894
v -0.985979 0.688891 -3.180171
v -0.808090 0.689924 -3.154957
v -0.908622 0.686918 -3.233967
v -0.944753 0.687687 -3.213400
v 1.403249 0.175137 -3.273643
v -0.005428 -0.396810 -3.274555
v 0.342424 -0.396186 -3.274356
v -0.974339 -0.394726 -3.255069
v 1.134594 -0.414055 -2.213646
v 1.054518 -0.468927 -2.059035
v 1.185202 -0.380974 -2.225530
v 1.121689 -0.422128 -2.230074
v 1.118363 -0.427987 -1.896841
v 1.236410 -0.348027 -2.176953
v 1.318014 -0.293873 -2.102679
v 1.272437 -0.324614 -2.025986
v 1.079507 -0.453975 -1.883760
v 1.446362 0.519887 -1.212284
v 1.441170 0.423403 -1.385470
v 1.444953 0.455072 -1.268272
v 1.448088 0.448343 -1.178829
v 1.445018 0.367063 -1.286861
v 1.440091 0.486396 -1.418548
v 1.438589 0.414202 -1.498028
v 1.439326 0.579947 -1.598153
v -0.215468 0.607870 4.361284
v -0.093455 0.601426 4.391216
v -0.230405 0.615254 4.354362
v 1.446911 0.060136 -1.090604
v 1.451839 0.174867 -0.991988
v 1.451129 0.131098 -0.969547
v 1.444752 0.002536 -1.123971
v 1.446257 0.250777 -1.248789
v 1.451280 0.246125 -1.102995
v 1.446202 0.166564 -1.233853
v 1.439227 0.302238 -1.461639
v 1.457754 0.020055 -0.510125
v 1.466679 0.142514 -0.424628
v 1.466133 0.138047 -0.441313
v 1.473807 0.226681 -0.304828
v 1.463121 0.110599 -0.522608
v 1.462202 0.045464 -0.332873
v 1.465959 0.288891 -0.663349
v 1.466796 0.235202 -0.590640
v 1.468491 0.229861 -0.535899
v 1.464599 0.181353 -0.607122
v 1.470416 0.262325 -0.508294
v 1.460780 0.278677 -0.806755
v 1.470390 0.167100 -0.267230
v 1.459215 -0.020195 -0.181360
v 1.459194 -0.019005 -0.217721
v 1.463882 0.056480 -0.180349
v 1.466650 0.103299 -0.211984
v 1.460767 -0.006828 0.107419
v 1.464486 -0.002946 0.363077
v 1.470201 0.065707 0.301572
v 1.470045 0.116956 0.106983
v 1.494874 0.269533 0.378069
v 1.472504 0.188998 -0.076548
v 1.490484 0.298967 0.121720
v 1.474273 0.155799 0.105609
v 1.461633 0.108296 0.712722
v 1.471163 0.112429 0.537755
v 1.451893 0.058140 0.778312
v 1.457869 0.051187 0.645058
v 1.445802 -0.041942 0.649911
v 1.468442 0.073765 0.495298
v 1.476125 0.181758 0.926739
v 1.492480 0.263191 0.619100
v 1.479189 0.197005 0.870583
v 1.474370 0.174067 0.770216
v 1.477983 0.190412 0.999132
v 1.485373 0.226344 1.016008
v 1.463845 0.121550 0.988865
v 1.409679 0.046029 1.312459
v 1.417907 -0.008271 1.152003
v 1.438468 0.055874 1.126016
v 1.393691 0.013413 1.365052
v 1.400944 0.034616 1.353220
v 1.420787 0.120654 1.404820
v 1.428430 0.165478 1.513093
v 1.367386 -0.012156 1.520387
v 1.470256 0.244342 1.300922
v 1.470298 0.232155 1.241401
v 1.402084 0.159437 1.692329
v 1.263482 -0.031950 1.979102
v 1.311460 -0.003381 1.811766
v 1.329183 0.043756 1.816041
v 1.389983 0.230473 1.960634
v 1.387799 0.223254 1.951046
v 1.379677 0.240345 2.072733
v 1.379251 0.181405 1.864835
v 1.376333 0.235212 2.079253
v 1.222434 0.067721 2.332784
v 1.303541 0.170957 2.232679
v 1.238903 -0.009531 2.121037
v 1.243818 0.053153 2.224949
v 1.357135 0.255423 2.206698
v 1.329437 0.292458 2.447467
v 1.305107 0.245379 2.432116
v 1.324800 0.269112 2.403582
v 1.257787 0.202219 2.533329
v 1.250823 0.184007 2.517341
v 1.298877 0.271272 2.533303
v 1.257638 0.295062 2.721950
v 1.191413 0.179183 2.738802
v 1.212662 0.298102 2.873884
v 1.120273 0.166240 2.936756
v 1.143070 0.217494 2.950715
v 1.126535 0.293828 3.089671
v 1.081287 0.207221 3.101715
v 1.032692 0.237834 3.255218
v 1.017213 0.281346 3.337407
v 0.931052 0.264888 3.504340
v 0.916332 0.222121 3.497330
v 0.967236 0.400312 3.541734
v 0.959090 0.375520 3.538439
v 0.904441 0.382707 3.645284
v 0.837572 0.391648 3.755919
v 0.739874 0.299484 3.849900
v 0.499940 0.467909 4.162626
v 0.340452 0.625471 4.313208
v -1.131738 -0.342698 -1.401716
v -1.167653 -0.303848 -1.218257
v -1.159752 -0.302649 -0.955591
v -1.174003 -0.291184 -1.005646
v -1.077228 -0.381404 -0.992288
v -0.999300 -0.457855 -1.116669
v -1.052899 -0.407222 -1.136954
v -0.963407 -0.489208 -0.964519
v -1.068828 -0.380253 -0.661475
v -1.019525 -0.423543 -0.549522
v -0.959182 -0.485325 -0.684618
v -1.011017 -0.430680 -0.519934
v -0.954741 -0.483966 -0.511920
v -1.143745 -0.343985 -0.431633
v -1.176999 -0.299844 -0.688290
v -1.189003 -0.319139 -0.346320
v -1.030772 -0.430307 -0.344787
v -1.065723 -0.392325 -0.510771
v -1.010294 -0.386250 0.023265
v -1.002354 -0.418400 -0.127779
v -1.070366 -0.382131 -0.184674
v -0.925104 -0.469230 -0.117586
v -0.970188 -0.447350 -0.167510
v -1.015920 -0.383733 0.037846
v -1.022819 -0.379333 0.153267
v -1.060631 -0.365772 0.061664
v -1.145055 -0.329721 0.253249
v -0.899777 -0.426481 0.244294
v -0.980853 -0.386489 0.418772
v -0.956287 -0.388188 0.571482
v -0.925849 -0.393334 0.701550
v -0.857739 -0.418014 0.736501
v -0.883196 -0.411372 0.673185
v -0.942772 -0.381933 0.785259
v -1.117704 -0.307527 0.872648
v -0.993496 -0.364970 0.729128
v -0.999851 -0.361176 0.751573
v -1.092663 -0.336999 0.527645
v -1.015828 -0.346130 1.023049
v -1.118809 -0.306239 0.895052
v -0.918333 -0.385043 1.065038
v -0.920194 -0.384147 1.074841
v -1.016197 -0.345810 1.034786
v -0.981182 -0.318558 1.415570
v -1.087148 -0.258749 1.366793
v -0.981323 -0.353528 1.191889
v -1.020585 -0.298860 1.381220
v -0.888877 -0.336768 1.631070
v -0.928928 -0.306291 1.659176
v -0.895588 -0.334368 1.621200
v -1.016895 -0.289898 1.448695
v -0.883372 -0.295186 1.858249
v -0.986650 -0.224194 1.854290
v -0.982519 -0.268360 1.671088
v -0.879414 -0.256353 2.040677
v -0.816898 -0.296031 2.057268
v -0.903466 -0.233603 2.066992
v -0.989330 -0.102734 2.354109
v -0.998651 -0.167120 2.063948
v -0.923187 -0.207693 2.120000
v -0.774585 -0.234009 2.430037
v -0.868024 -0.149573 2.490631
v -0.763944 -0.203733 2.557928
v -0.880900 -0.078443 2.702332
v -0.822574 -0.150361 2.597304
v -0.985657 -0.093507 2.397422
v -0.742945 -0.092847 2.942654
v -0.757025 -0.100989 2.891503
v -0.845390 -0.020758 2.955596
v -0.861867 -0.021616 2.918503
v -0.721343 -0.076350 3.037329
v -0.679281 -0.027438 3.237617
v -0.666798 -0.059474 3.175313
v -0.745569 -0.004091 3.188943
v -0.793144 0.025233 3.185497
v -0.616100 -0.000612 3.397283
v -0.785409 0.090838 3.365693
v -0.704195 0.091406 3.472521
v -0.566417 0.134670 3.728757
v -0.645394 0.113570 3.597442
v -0.553304 0.198111 3.840497
v -1.334704 0.260379 -2.103648
v -1.334296 0.124081 -2.263153
v -1.334222 0.264756 -2.126930
v -1.335444 0.089525 -2.174325
v -1.336856 0.065601 -2.015717
v -1.335815 0.062908 -2.152136
v -0.985332 0.675391 3.574453
v -1.471746 0.678340 0.315161
v -1.457168 0.678794 -0.160947
v -1.415248 0.714370 -1.377511
v 1.486939 0.676865 -1.737179
v 1.557594 0.708046 1.160598
v 1.555271 0.706081 1.465161
v 1.307678 0.675873 3.020532
v 1.039575 0.714316 3.629278
v 1.153583 0.678223 3.408540
v 0.657826 0.712263 4.143329
v -0.922075 0.669792 3.658192
v -1.386610 0.657688 1.924536
v -1.435422 0.675081 1.977184
v -1.438281 0.661938 0.787418
v -1.455794 0.668384 0.952478
v -1.469803 0.673457 1.094534
v -1.254453 0.712325 0.979016
v -1.214733 0.712236 1.145449
v -1.347800 0.713672 1.097384
v -1.299049 0.713747 1.384000
v -1.252071 0.712652 1.137703
v -1.163128 0.711952 1.286421
v -1.326926 0.712873 0.848195
v -1.359391 0.714925 1.597646
v -1.324289 0.713290 1.048303
v -1.181782 0.712427 0.866582
v -1.115864 0.711954 0.980253
v -1.226266 0.713156 0.742618
v -1.046318 0.712878 0.935603
v -1.067284 0.714139 0.771234
v -1.405343 0.657131 -0.184361
v -1.440333 0.669498 -0.112505
v -1.416329 0.713981 0.135231
v -1.448901 0.714147 0.497630
v -1.379768 0.713560 -0.003934
v -1.419435 0.714025 0.111212
v -1.410525 0.713999 -0.096113
v -1.431621 0.714276 -0.220764
v -1.409511 0.660774 -0.398606
v -1.407924 0.664366 -0.881958
v -1.369900 0.713756 -0.966028
v -1.344292 0.713402 -1.250015
v -1.433459 0.714387 -0.484700
v -1.410412 0.714226 -0.765079
v -1.419577 0.714444 -1.110337
v -1.348170 0.650536 -1.853453
v -1.362849 0.657011 -1.708417
v -1.385372 0.660637 -1.335543
v -1.373008 0.714452 -2.125504
v -1.355392 0.713614 -1.357074
v -1.373854 0.713988 -1.525310
v 1.461882 0.666902 -1.877100
v 1.460676 0.664803 -1.784825
v 1.469038 0.655828 -0.507661
v 1.499835 0.672436 -1.176696
v 1.465014 0.714378 -0.734034
v 1.518234 0.714481 -0.413973
v 1.502214 0.714435 -0.877239
v 1.492148 0.714399 -0.960966
v 1.526983 0.672623 -0.317317
v 1.481653 0.654459 -0.005933
v 1.521447 0.662238 0.412036
v 1.515866 0.662794 0.204303
v 1.472653 0.714499 -0.304718
v 1.511150 0.714499 0.203497
v 1.554231 0.706691 0.313983
v 1.521785 0.662484 1.056108
v 1.523267 0.663136 1.090551
v 1.507578 0.658994 1.365490
v 1.496134 0.713907 1.142742
v 1.537582 0.707471 0.913617
v 1.538637 0.711317 1.220611
v 1.487919 0.672573 2.183265
v 1.306674 0.657652 2.821783
v 1.293623 0.661404 2.928973
v 1.218672 0.661325 3.138840
v -0.561945 0.669964 4.131703
v 0.657715 0.657782 4.069959
v 0.744104 0.671584 4.023499
v 1.365576 0.660386 2.617444
v -1.281132 0.654891 2.534883
v -1.321744 0.666137 2.552966
v 1.514135 0.664392 1.590335
v 1.493695 0.661108 1.759232
v 1.471284 0.714499 1.773498
v 1.504327 0.714499 1.849441
v -1.433549 0.663108 1.538155
v -1.387402 0.654927 1.854905
v -1.374758 0.714725 1.723194
v -1.313745 0.712363 1.657494
v -1.196864 0.707429 1.641355
v -1.087425 0.665535 3.304958
v 1.156058 0.661612 3.310650
v 1.154945 0.674766 3.397889
v -0.973342 0.666488 3.550607
v 0.784542 0.664368 3.943817
v -0.319100 0.655578 4.298646
v 1.496727 0.714499 2.042687
v -1.396756 0.714499 2.115072
v -1.412160 0.714499 1.947907
v -1.337277 0.714499 2.634612
v -1.371892 0.714499 2.368170
v -1.232172 0.714499 2.946036
v 0.206284 0.714835 4.437326
v 1.031493 0.714499 3.532344
v 1.108891 0.714499 3.386990
v 1.265371 0.714499 3.083782
v 1.389968 0.714499 2.690645
v 1.461804 0.714499 2.363406
v 1.421746 0.714499 2.398857
v 0.341356 0.715141 4.328865
v -0.737142 0.714499 3.933602
v -0.267599 0.714423 4.386657
v -1.403685 0.688618 -1.750915
v 1.523542 0.681719 -0.759503
v 1.532803 0.688972 -0.471872
v -1.427455 0.703757 -1.161438
v -1.450714 0.708249 -0.397174
v 1.546655 0.702536 -0.068247
v -1.451921 0.689011 -0.358640
v 1.561823 0.690767 1.096217
v -1.479580 0.701753 0.790450
v -1.477091 0.703561 0.947177
v 1.537214 0.683707 1.790003
v 1.535521 0.697726 1.816034
v -1.452568 0.695934 1.809753
v 1.497315 0.704614 2.229561
v 1.502598 0.710022 2.174380
v -1.436859 0.680887 2.010316
v 1.452292 0.683657 2.509968
v 1.453014 0.704948 2.505690
v -1.404852 0.694452 2.315258
v -1.371405 0.695579 2.504420
v -1.143999 0.683582 3.244312
v -1.109694 0.709435 3.324807
v -1.021961 0.696177 3.513772
v -0.957075 0.687453 3.637490
v -0.622581 0.704037 4.099622
v -0.374036 0.679982 4.312144
v -0.247789 0.699523 4.403245
v -0.202538 0.689744 4.425622
v 0.798049 0.687394 3.984254
v 0.390867 0.703069 4.363933
v 0.476569 0.700641 4.302531
v 1.036230 0.681325 3.643694
v 1.421958 0.709110 -2.071167
v 1.457137 0.713329 -1.958237
v 1.468065 0.714263 -1.480158
v -0.072671 0.664307 4.439042
v -1.323311 0.706859 -2.373685
v -1.325176 0.699978 -2.415894
v -1.327185 0.353955 -2.662433
v -1.328060 0.601521 -2.725970
v -1.327552 0.445262 -2.674757
v -1.327985 0.618014 -2.763934
v -1.328161 0.660854 -2.743001
v -1.326822 0.601008 -2.628842
v -1.323208 0.586890 -2.459159
v 1.418139 0.575178 -2.322010
v 1.418516 0.687987 -2.235163
v 1.369158 0.683706 -3.261341
v 0.874341 0.413719 -3.281377
v 0.722682 0.219380 -3.281046
v 1.164028 0.563784 -3.281275
v 1.044049 0.483415 -3.281256
v 0.819411 0.479149 -3.281709
v 1.359432 0.639731 -3.281121
v 0.990838 0.401361 -3.281094
v 0.896863 0.527266 -3.281708
v 0.972950 0.371459 -3.281032
v 1.163870 0.551410 -3.281234
v -0.023050 0.224473 -3.283820
v -0.249601 0.124970 -3.280903
v -0.260595 0.182832 -3.281582
v -0.787249 0.693549 -2.999369
v -0.776947 0.695398 -2.881640
v -0.709584 0.694462 -2.940754
v -1.101022 0.697127 -2.773866
v -1.267020 0.697175 -2.771927
v -0.672756 0.697221 -2.764949
v 1.130602 0.696703 -2.800498
v 0.911880 0.695507 -2.875395
v 0.811909 0.695898 -2.849720
v 1.128390 0.695281 -2.891263
v 0.815398 0.695304 -2.887710
v 0.711114 0.695054 -2.902930
v 0.813959 0.701584 -2.632686
v 0.847120 0.700427 -2.666841
v 0.813958 0.700886 -2.653175
v 1.274037 0.697918 -2.743315
v 1.091701 0.702213 -2.609849
v 1.110994 0.701643 -2.628561
v 0.848180 0.705300 -2.517031
v 1.185920 0.704757 -2.515116
v 1.076527 0.704173 -2.542290
v 1.212264 0.704018 -2.539297
v -1.299312 0.700582 -2.648920
v -1.042656 0.702183 -2.609035
v -1.297510 0.698146 -2.733753
v -1.287051 0.698992 -2.704978
v -1.135988 0.700400 -2.665315
v -0.873586 0.703018 -2.590405
v -0.712104 0.699777 -2.685791
v -1.053041 0.698638 -2.721421
v -0.635262 0.702790 -2.597122
v -0.931938 0.701467 -2.637841
v -0.616895 0.011586 -2.547485
v -0.586295 -0.096682 -2.646435
v -0.601931 -0.042889 -2.750271
v -0.550771 -0.220591 -2.624404
v -0.535414 -0.255017 -2.764482
v -0.506547 -0.282395 -2.703516
v 0.661884 -0.099509 -3.064371
v 0.674088 -0.065399 -2.953340
v 0.674648 -0.057947 -2.983161
v 0.656631 -0.133184 -2.847024
v 0.656472 -0.133484 -2.816382
v 0.668944 -0.090604 -2.909696
v 0.536685 -0.310074 -2.952815
v 0.572649 -0.284307 -2.884520
v -0.154879 -0.340576 -2.526654
v -0.317091 -0.331760 -2.527770
v -0.386983 -0.331066 -2.661085
v -0.294524 -0.336124 -2.661875
v -0.334576 -0.337388 -2.808408
v -0.343135 -0.335119 -2.732201
v -0.109861 -0.346773 -2.685240
v -0.200010 -0.341498 -2.670738
v -0.401761 -0.335250 -2.895153
v -0.452500 -0.335663 -3.088004
v -0.276098 -0.343590 -2.982519
v -0.296834 -0.343501 -3.045746
v -0.125134 -0.351962 -2.989160
v -0.028347 -0.355204 -2.867166
v -0.052789 -0.353345 -2.836033
v 0.235722 -0.344796 -2.917916
v 0.299911 -0.342353 -2.947797
v 0.234782 -0.343414 -2.832532
v 0.349807 -0.341134 -3.011818
v 0.098765 -0.351935 -2.970091
v 0.284181 -0.345095 -3.069320
v 0.021183 -0.353575 -2.854737
v 0.225786 -0.348217 -3.096515
v 0.091594 -0.346559 -2.686315
v 0.233745 -0.339320 -2.656509
v 0.062651 -0.345312 -2.579173
v 0.033925 -0.346040 -2.554615
v 0.193036 -0.338977 -2.563558
v 0.334660 -0.330501 -2.477975
v 0.444410 -0.330412 -2.686261
v 0.440515 -0.329650 -2.646437
v 0.363824 -0.335077 -2.728257
v -0.627255 0.630679 -2.727789
v -0.622255 0.248129 -2.509349
v -0.622346 0.274437 -2.572168
v -0.623165 0.308843 -2.522055
v -0.628356 0.664613 -2.623160
v -0.623114 0.374886 -2.761065
v -0.620922 0.187558 -2.584393
v -0.619972 0.167918 -2.738163
v -0.626738 0.602135 -2.744466
v -0.622872 0.349384 -2.723579
v -0.619069 0.136794 -2.844346
v -0.625141 0.518473 -2.820138
v -0.626139 0.576035 -2.793965
v -0.626507 0.606298 -2.823292
v -0.617956 0.057779 -2.809832
v -0.619007 0.132811 -2.844289
v -0.619603 0.180687 -2.886173
v -0.621556 0.350955 -3.076214
v -0.622788 0.410838 -3.001766
v -0.619527 0.182571 -2.913617
v -0.623938 0.509035 -3.105035
v -0.621322 0.337977 -3.083889
v 0.709455 0.590516 -2.937979
v 0.710031 0.637623 -2.919858
v 0.706593 0.349882 -2.999228
v 0.706065 0.302063 -2.994710
v 0.706133 0.325422 -3.073499
v 0.704602 0.191564 -3.057406
v 0.707584 0.474152 -2.839149
v 0.707836 0.448804 -2.898271
v 0.704889 0.360246 -2.813425
v 0.704790 0.228912 -3.012846
v 0.705243 0.313276 -2.914436
v 0.706964 0.466604 -2.545087
v 0.710469 0.661989 -2.726843
v 0.706481 0.453512 -2.652157
v 0.703160 0.274522 -2.538247
v 0.699465 0.092661 -2.591764
v 0.699998 0.127921 -2.687167
v 0.699792 0.120929 -2.727885
v 0.700416 0.151532 -2.715544
v 0.699788 0.115081 -2.662073
v 0.707346 0.500713 -2.689273
v -0.139003 0.167324 -2.490662
v -0.157379 0.191434 -2.491515
v -0.214920 0.086677 -2.487591
v -0.087858 0.078513 -2.487491
v -0.166482 -0.324588 -2.472613
v -0.135487 -0.116694 -2.480271
v -0.072129 0.105928 -2.488519
v -0.274674 -0.191839 -2.477303
v -0.370374 -0.166591 -2.478077
v -0.108744 -0.249821 -2.475440
v -0.104204 0.220122 -2.492648
v -0.308738 -0.183771 -2.477545
v -0.171190 0.371301 -2.498065
v -0.299051 0.110641 -2.488291
v -0.271174 0.215947 -2.492154
v -0.408945 0.016307 -2.484450
v -0.311253 0.229951 -2.492161
v -0.528249 0.107103 -2.484999
v -0.287122 0.302756 -2.494633
v -0.545239 0.092305 -2.484292
v -0.595433 -0.036105 -2.479801
v -0.584483 0.510549 -2.502376
v -0.355914 0.394811 -2.497198
v -0.388640 0.453457 -2.499773
v -0.610204 0.480437 -2.501079
v -0.591882 0.078283 -2.483541
v -0.450686 0.502555 -2.501949
v -0.423728 0.270626 -2.491826
v -0.313226 0.516318 -2.502469
v -0.491940 0.609014 -2.506613
v -0.435779 0.499195 -2.501794
v -0.134066 -0.218724 -3.150080
v -0.031129 -0.279530 -3.152504
v -0.476053 -0.015854 -3.142020
v -0.120622 -0.055003 -3.149162
v -0.368581 -0.053117 -3.144362
v -0.037278 0.166005 -3.149180
v -0.539304 -0.009891 -3.140756
v -0.290575 0.124240 -3.144592
v -0.112461 0.048986 -3.148571
v -0.115675 -0.184402 -3.150188
v -0.300337 0.174897 -3.143262
v -0.518786 0.048104 -3.140705
v 0.243485 0.281679 -3.149123
v 0.122661 -0.151103 -2.478899
v 0.093381 -0.296492 -2.473636
v 0.137033 -0.163473 -2.478417
v 0.171026 0.274576 -2.494381
v 0.028067 -0.270996 -2.474702
v 0.108893 -0.157076 -2.478708
v 0.198872 -0.022063 -2.483467
v 0.280317 -0.033554 -2.482882
v 0.001530 0.400842 -2.499346
v 0.222893 0.126759 -2.488866
v 0.117149 0.162865 -2.490401
v -0.003571 0.402852 -2.499429
v 0.088113 0.368909 -2.498001
v 0.137475 -0.258010 -2.474956
v 0.274334 0.263877 -2.493589
v 0.360949 -0.011010 -2.483502
v 0.360599 0.117063 -2.488011
v 0.534044 -0.133871 -2.478352
v 0.053008 0.630651 -2.507290
v 0.572001 0.136810 -2.485430
v 0.528753 -0.042955 -2.481148
v 0.443995 0.100326 -2.486449
v 0.294398 0.350242 -2.495722
v 0.565395 -0.147693 -2.477674
v 0.192102 0.531967 -2.502855
v 0.365109 0.507196 -2.501694
v 0.299493 0.455831 -2.499475
v 0.405549 0.686654 -2.509528
v 0.288739 0.466221 -2.499935
v 0.085216 0.646676 -2.507922
v 0.282752 0.669742 -2.508843
v 0.401180 0.499560 -2.501343
v 0.020715 0.673084 -2.509106
v 0.599015 0.439429 -2.498624
v 0.071946 0.667375 -2.508833
v 0.428110 0.431131 -2.498337
v -0.611756 -0.009091 -2.955981
v -0.586755 -0.096300 -2.825232
v -0.601784 -0.043795 -2.808934
v -0.554093 -0.210502 -2.891636
v -0.545409 -0.241366 -3.008305
v -0.522327 -0.269212 -2.862581
v -0.507175 -0.286828 -3.082865
v 0.629165 -0.228978 -2.809378
v 0.649075 -0.158191 -2.734204
v 0.662703 -0.106505 -2.500022
v 0.694051 -0.000181 -2.710733
v 0.594861 -0.267378 -2.783137
v 0.623754 -0.242144 -2.549620
v -0.465329 -0.113788 -3.143831
v -0.535826 -0.066836 -3.142008
v -0.173946 -0.300788 -3.151075
v -0.582716 -0.080256 -3.142508
v 0.593445 -0.086588 -3.135453
v 0.455935 -0.284039 -3.149563
v 0.590843 -0.026979 -3.131013
v 0.659102 0.013305 -3.128299
v 0.082377 -0.319520 -3.150670
v 0.212516 -0.320171 -3.151251
v 0.583860 -0.260190 -3.149418
v 1.286344 0.694515 -2.902784
v 1.320246 0.687637 -3.201430
v 0.896134 0.690839 -3.123494
v 1.214257 0.693045 -2.978498
v 1.320732 0.694233 -2.910095
v 1.382812 0.692761 -2.965818
v 1.172263 0.692397 -3.013405
v 0.731406 0.691873 -3.102522
v 0.837920 0.689022 -3.181064
v 0.743611 0.688824 -3.186542
v 0.903210 0.687804 -3.213351
v 0.632398 0.581537 -3.114767
v 0.696197 0.150431 -3.121669
v 0.604847 0.544434 -3.200233
v 0.644537 0.425680 -3.282224
v 0.615392 0.517113 -3.282733
v 0.537488 0.200748 -3.133376
v -0.509411 0.192235 -3.135940
v -0.448185 0.243171 -3.280648
v -0.355780 0.342016 -3.275768
v -0.404834 0.323170 -3.135370
v 0.493381 0.197121 -3.136112
v -0.307447 0.264418 -3.282172
v -0.631032 0.651707 -3.280592
v -0.516543 0.501412 -3.281333
v -0.603143 0.342250 -3.279392
v -0.552096 0.584902 -3.261373
v -0.615423 0.676629 -3.128608
v -0.571630 0.275461 -3.128936
v -0.592443 0.529425 -3.114699
v -0.601938 0.332534 -3.123836
v -0.506664 0.345934 -3.129977
v -0.456950 0.467143 -3.238359
v -0.325444 0.325291 -3.137778
v -0.361113 0.308375 -3.281967
v 0.416300 0.331913 -3.247814
v 0.542046 0.330801 -3.282544
v 0.518359 0.364830 -3.282812
v 0.504200 0.427715 -3.134607
v 0.553165 0.357460 -3.128098
v 0.557012 0.473044 -3.124295
v 0.249187 0.175510 -3.282559
v 0.160431 0.186973 -3.282868
v 0.262255 0.211208 -3.282967
v -0.016095 0.149979 -3.282819
v 0.175740 0.275641 -3.171736
v 0.090974 0.269284 -3.242040
v 0.562152 0.061795 -3.129475
v 0.107721 -0.235808 -3.148432
v 0.379980 0.082545 -3.138801
v 0.331577 0.096489 -3.141384
v 0.355490 -0.044289 -3.138457
v 0.451309 0.101845 -3.135488
v 0.271224 0.073169 -3.144101
v 0.318454 0.105597 -3.142149
v 0.133925 0.249076 -3.149191
v 0.117524 0.021200 -3.150803
v 0.169220 0.242249 -3.149309
v 0.118986 0.114085 -3.150136
v -0.907478 -0.368891 -3.275201
v -0.860408 -0.151356 -3.276028
v -0.956280 -0.225542 -3.275376
v -1.002740 -0.232441 -3.275145
v -1.053288 -0.245944 -3.274877
v -1.023812 -0.107543 -3.275430
v -1.127124 -0.222208 -3.274619
v -0.971152 -0.054828 -3.275828
v -0.934974 -0.008373 -3.276135
v -1.229960 -0.004012 -3.274988
v -1.158686 0.021349 -3.275461
v -1.277514 0.065341 -3.275562
v -1.079519 0.558127 -3.277577
v -0.828748 0.391148 -3.278159
v -0.876463 0.557055 -3.278718
v -0.757555 0.632451 -3.279764
v -0.675029 0.313909 -3.278641
v -0.941269 0.400274 -3.277570
v -0.779658 0.608268 -3.279519
v -0.844843 0.431901 -3.278272
v -0.920474 0.380101 -3.277586
v -0.655049 0.043938 -3.277534
v -0.661072 -0.337100 -3.276476
v -0.681822 -0.280773 -3.276528
v -0.679727 -0.199683 -3.276757
v -0.785101 -0.387947 -3.275740
v 0.858258 -0.195700 -3.279127
v 0.903918 -0.349248 -3.278360
v 0.733451 -0.057820 -3.279930
v 0.697277 -0.129854 -3.279649
v 0.797616 -0.092826 -3.279682
v 1.074468 -0.287798 -3.278391
v 0.981225 -0.162437 -3.279089
v 0.980257 -0.092176 -3.279383
v 0.925485 -0.013333 -3.279805
v 1.336771 -0.177942 -3.278332
v 1.269396 -0.076487 -3.278851
v 1.345473 0.007638 -3.278988
v 1.302832 0.258082 -3.280437
v 1.093739 0.353194 -3.280802
v 0.796994 0.103224 -3.280589
v 1.131298 0.386225 -3.280832
v 1.166960 0.418209 -3.280861
v 1.035074 0.315474 -3.280782
v 1.226650 0.256779 -3.280501
v 1.216383 0.370501 -3.280727
v 1.322658 0.528888 -3.280935
v 1.181822 0.351292 -3.280721
v 0.014503 -0.364395 -3.279510
v 0.157034 -0.111806 -3.280697
v 0.158729 -0.239794 -3.279996
v 0.202037 -0.358131 -3.279292
v 0.385318 -0.261974 -3.279571
v 0.062610 -0.028134 -3.281280
v 0.161892 -0.366029 -3.279303
v 0.088874 -0.189693 -3.280364
v 0.417101 -0.089050 -3.280368
v 0.365678 0.011632 -3.280934
v 0.458736 -0.048209 -3.280478
v 0.602472 -0.079389 -3.280059
v 0.483835 -0.057179 -3.280389
v 0.549176 -0.232502 -3.279448
v 0.545773 -0.236748 -3.279435
v 0.613233 -0.064543 -3.280107
v 0.456011 -0.226272 -3.279655
v -1.327991 0.230502 -2.632562
v -1.328096 0.152262 -2.785512
v -1.327792 0.197834 -2.735417
v -1.218064 -0.265684 -2.754168
v -1.158389 -0.326019 -2.625600
v -1.140325 -0.339098 -2.428921
v -1.119970 -0.361133 -2.379489
v -0.868420 -0.494699 -2.460868
v -0.824607 -0.505142 -2.625732
v -0.856808 -0.503474 -2.394098
v -0.920582 -0.460488 -2.665063
v -0.897586 -0.464453 -2.770570
v -1.040633 -0.412248 -2.534427
v -1.016448 -0.423208 -2.544699
v -1.112588 -0.371269 -2.620190
v -0.450685 -0.540198 -2.735761
v -0.667698 -0.555528 -2.402941
v -0.734517 -0.553704 -2.345218
v -0.537975 -0.569683 -2.442398
v -0.427120 -0.557164 -2.644476
v -0.825809 -0.493330 -2.720564
v -0.658559 -0.520029 -2.681821
v -0.713517 -0.548251 -2.404983
v -0.724069 -0.511441 -2.682364
v -0.627306 -0.542646 -2.536604
v -0.724733 -0.531512 -2.524592
v -0.173917 -0.607425 -2.440459
v 0.024781 -0.630122 -2.374380
v -0.030365 -0.625693 -2.381274
v -0.148778 -0.600021 -2.494987
v -0.011068 -0.594006 -2.582275
v 0.053072 -0.584934 -2.661312
v -0.162200 -0.568931 -2.681681
v -0.035058 -0.565282 -2.750021
v -0.204221 -0.559257 -2.726291
v -0.274129 -0.597755 -2.463340
v -0.343665 -0.577734 -2.561945
v -0.376834 -0.573900 -2.573673
v 0.175605 -0.570362 -2.717792
v 0.207630 -0.599256 -2.533659
v 0.433364 -0.585937 -2.480024
v 0.244174 -0.607853 -2.463319
v 0.447132 -0.597657 -2.404888
v 0.230358 -0.616864 -2.419604
v 0.145276 -0.566229 -2.759687
v 0.415756 -0.574316 -2.562259
v 0.303944 -0.545393 -2.811635
v 0.253874 -0.551367 -2.799186
v 0.498479 -0.581774 -2.469187
v 0.528405 -0.531096 -2.785577
v 0.440161 -0.539668 -2.776467
v 0.682473 -0.523199 -2.742029
v 0.643524 -0.557055 -2.550347
v 0.674345 -0.548104 -2.562013
v 0.664552 -0.548266 -2.579354
v 0.696148 -0.557547 -2.446441
v 0.893194 -0.497734 -2.558626
v 0.879750 -0.500970 -2.550851
v 0.831796 -0.493418 -2.727435
v 1.039152 -0.465051 -2.616864
v 1.298946 -0.282557 -2.592259
v 1.192414 -0.353129 -2.712303
v 1.316146 -0.261369 -2.686821
v 1.212406 -0.359027 -2.438796
v 1.155282 -0.395038 -2.490156
v 1.278339 -0.318488 -2.331057
v 1.175645 -0.383341 -2.417875
v 1.415854 0.111691 -2.677078
v 1.415833 0.255804 -2.456829
v 1.416158 0.025196 -2.761215
v 1.420259 0.018462 -2.387887
v 1.416903 0.165349 -2.481606
v 1.416460 0.078910 -2.646660
v 1.418241 0.131378 -2.408722
v -1.342271 0.375032 -1.846318
v -1.352183 0.493226 -1.645050
v -1.347401 0.349293 -1.657644
v -1.355057 0.579234 -1.636966
v -1.339605 0.396353 -1.950803
v -1.335804 0.374983 -2.023408
v -1.332808 0.614560 -2.120899
v -1.337702 0.395296 -1.988681
v -1.346885 0.112210 -1.589381
v -1.342139 0.049190 -1.783081
v -1.342211 0.066615 -1.788743
v -1.342184 0.054424 -1.783673
v -1.336418 0.323580 -1.983441
v -1.335430 0.284416 -2.016606
v -1.336177 0.221331 -1.995252
v -1.342787 0.288830 -1.781130
v -1.068290 -0.402573 -1.567020
v -1.072572 -0.398955 -1.598268
v -1.063197 -0.407067 -1.549312
v -1.067502 -0.402690 -1.505766
v -1.160002 -0.316781 -1.627403
v -1.080424 -0.391322 -1.846968
v -1.196736 -0.278941 -1.818034
v -1.063106 -0.408553 -1.808867
v -0.787258 -0.558682 -1.626414
v -0.725020 -0.580137 -1.817208
v -0.868027 -0.529713 -1.487900
v -0.787939 -0.558642 -1.605465
v -0.935079 -0.500204 -1.599364
v -0.818996 -0.541480 -1.815075
v -0.961731 -0.480784 -1.854891
v -0.853359 -0.531067 -1.695840
v -0.311352 -0.656032 -1.815832
v -0.317777 -0.662347 -1.618797
v -0.350715 -0.658917 -1.562950
v -0.493622 -0.640108 -1.425303
v -0.359057 -0.660591 -1.481061
v -0.629506 -0.614901 -1.497852
v -0.511033 -0.629335 -1.639745
v -0.350249 -0.647996 -1.859993
v -0.611554 -0.612371 -1.660059
v -0.623497 -0.604787 -1.828580
v 0.027794 -0.692393 -1.466231
v 0.088913 -0.693908 -1.505961
v 0.134110 -0.697000 -1.483942
v 0.111693 -0.693461 -1.547131
v 0.090710 -0.688693 -1.644211
v -0.199770 -0.676439 -1.567975
v -0.269652 -0.670021 -1.614935
v -0.044250 -0.671256 -1.880747
v -0.257901 -0.672737 -1.571939
v -0.071622 -0.674714 -1.771124
v -0.045872 -0.673055 -1.840085
v 0.179516 -0.675549 -1.862844
v 0.453110 -0.650371 -1.667457
v 0.509709 -0.648231 -1.541352
v 0.494742 -0.643590 -1.720067
v 0.577043 -0.635384 -1.678947
v 0.380212 -0.661330 -1.614557
v 0.391513 -0.666097 -1.485847
v 0.262462 -0.673789 -1.673162
v 0.322867 -0.664972 -1.693165
v 0.265060 -0.677941 -1.580480
v 0.925435 -0.550338 -1.502248
v 0.906295 -0.547761 -1.805587
v 0.846190 -0.565340 -1.734407
v 0.873287 -0.559895 -1.667593
v 0.711986 -0.604719 -1.570356
v 0.894087 -0.548859 -1.870002
v 0.908152 -0.546889 -1.820083
v 0.700497 -0.599402 -1.833631
v 0.678201 -0.610306 -1.672488
v 1.051630 -0.472752 -1.838439
v 1.186569 -0.383105 -1.727231
v 1.190208 -0.381257 -1.570878
v 1.309261 -0.301093 -1.760825
v 1.280739 -0.320323 -1.708568
v 1.167327 -0.395528 -1.840102
v 0.959711 -0.537168 -1.547095
v 1.129463 -0.423362 -1.456706
v 1.044035 -0.481086 -1.455213
v 1.025096 -0.494361 -1.405152
v 1.005859 -0.504739 -1.677734
v 1.098707 -0.442308 -1.647470
v 1.428486 0.022153 -1.837958
v 1.435622 0.053864 -1.546120
v 1.436887 0.229267 -1.524306
v 1.437587 0.174325 -1.485462
v 1.429689 0.073791 -1.796886
v 1.428498 0.143984 -1.837121
v 1.427293 0.114323 -1.880890
v 1.431853 0.221459 -1.715859
v 1.431186 0.288406 -1.729864
v 1.430496 0.355606 -1.770071
v 1.425414 0.349264 -1.937045
v 1.431238 0.395911 -1.768924
v 1.433416 0.469187 -1.738958
v 1.429370 0.578170 -2.003027
v 1.427065 0.489097 -2.007725
v 1.427621 0.495951 -1.990965
v 1.431186 0.604167 -1.952263
v 1.427075 0.445848 -1.961185
v 1.353364 -0.185603 -2.415524
v 1.357040 -0.177033 -2.544856
v 1.316949 -0.280460 -2.367186
v 1.393411 -0.067818 -2.680514
v 1.371695 -0.132713 -2.640195
v 1.373783 -0.125432 -2.661791
v 1.353225 -0.236565 -1.887486
v 1.394973 -0.069886 -2.001383
v 1.411439 -0.025600 -1.941702
v 1.409705 -0.030299 -2.112776
v 1.420786 -0.008568 -2.340551
v 1.385542 -0.098796 -2.271879
v 1.381136 -0.154258 -1.441848
v 1.393786 -0.129494 -1.487189
v 1.431225 -0.041060 -1.439148
v 1.372974 -0.189827 -1.648366
v 1.365723 -0.204238 -1.828199
v 1.426478 -0.017819 -1.698495
v 1.419608 -0.017233 -1.835667
v 1.414989 -0.051431 -1.732298
v 1.321146 -0.257383 -0.884395
v 1.377007 -0.170303 -1.089801
v 1.396126 -0.129580 -0.979866
v 1.378149 -0.165189 -1.038979
v 1.406118 -0.105551 -1.252077
v 1.375753 -0.166797 -1.360563
v 1.435890 -0.045822 -1.139837
v 1.401090 -0.113628 -1.307852
v 1.304739 -0.268225 -0.478210
v 1.270710 -0.319391 -0.544950
v 1.352531 -0.201509 -0.469639
v 1.279101 -0.313679 -0.642765
v 1.360634 -0.197017 -0.581036
v 1.272262 -0.318714 -0.569308
v 1.387549 -0.140029 -0.869198
v 1.306116 -0.284766 -0.843347
v 1.402485 -0.120934 -0.718395
v 1.406726 -0.105354 -0.887590
v 1.429295 -0.083821 -0.506913
v 1.256760 -0.314871 -0.114851
v 1.420866 -0.095622 -0.283455
v 1.240179 -0.334060 -0.036382
v 1.343281 -0.194960 -0.114255
v 1.289323 -0.265133 -0.019102
v 1.304246 -0.252136 -0.178296
v 1.394615 -0.134163 0.226759
v 1.440655 -0.074470 0.072506
v 1.340515 -0.200534 0.262649
v 1.420164 -0.106547 0.353444
v 1.337821 -0.200364 0.130574
v 1.269804 -0.287566 0.320444
v 1.209346 -0.356192 0.347194
v 1.258997 -0.285026 0.461856
v 1.224094 -0.330575 0.422046
v 1.222114 -0.313193 0.601616
v 1.250804 -0.303796 0.378941
v 1.378569 -0.134328 0.602399
v 1.403275 -0.091604 0.967878
v 1.421690 -0.089558 0.582583
v 1.244650 -0.266127 0.823848
v 1.409858 -0.102542 0.572583
v 1.243746 -0.267344 0.818136
v 1.183197 -0.269523 1.194404
v 1.298839 -0.165803 1.132658
v 1.222921 -0.277849 0.951456
v 1.188981 -0.308485 0.968593
v 1.253609 -0.233161 1.021655
v 1.198010 -0.211270 1.444906
v 1.366263 -0.064660 1.376691
v 1.364666 -0.095967 1.176665
v 1.281360 -0.166022 1.227446
v 1.357464 -0.067564 1.412213
v 1.102614 -0.219983 1.767028
v 1.161741 -0.214942 1.572637
v 1.254004 -0.124121 1.607025
v 1.140341 -0.194690 1.732871
v 1.287743 -0.057572 1.776135
v 1.235489 -0.083917 1.861271
v 1.263171 -0.094604 1.700844
v 1.288976 -0.062659 1.747409
v 1.008312 -0.167708 2.286453
v 1.169340 -0.096062 2.050300
v 1.110792 -0.143881 2.053841
v 1.207482 -0.072913 2.017729
v 1.143853 -0.051751 2.322167
v 1.176505 -0.040900 2.257047
v 1.056150 -0.059349 2.541020
v 0.994505 -0.090157 2.593072
v 1.131341 0.013766 2.588575
v 0.998417 -0.061352 2.676063
v 1.074260 -0.002190 2.677541
v 0.905796 -0.053208 2.905353
v 0.967856 -0.051527 2.779528
v 0.987425 0.032569 2.969786
v 1.012878 0.052624 2.970679
v 0.902241 0.056592 3.197455
v 0.953658 0.086340 3.174620
v 1.017338 0.121868 3.143031
v 0.737082 0.078615 3.548163
v 0.917008 0.165647 3.420403
v 0.754443 0.108173 3.579867
v 0.735254 0.161622 3.690546
v 0.798401 0.253136 3.729595
v 0.621577 0.252703 3.925781
v 0.712710 0.223933 3.803332
v 0.571034 0.282738 3.996370
v 0.588463 0.262868 3.965101
v 0.571046 0.391283 4.078799
v 0.333446 0.714122 4.390814
v 0.261529 0.714688 4.418214
v -0.507977 0.342880 4.023420
v -0.558358 0.340213 3.975715
v -0.596760 0.255748 3.862684
v -0.626984 0.312714 3.877136
v -0.773249 0.255697 3.634597
v -0.644904 0.225174 3.777258
v -0.810458 0.146372 3.409979
v -0.738959 0.182608 3.584573
v -0.866739 0.095525 3.218331
v -0.846932 0.116948 3.294481
v -0.949567 0.040027 2.900310
v -0.959199 0.034751 2.858222
v -0.969506 0.111196 3.034537
v -1.010182 0.149919 3.018941
v -1.038814 0.014430 2.579180
v -1.020134 -0.035039 2.480031
v -1.014618 0.052261 2.756761
v -1.095556 0.104765 2.688171
v -1.099130 0.085748 2.623311
v -1.030855 -0.100773 2.216965
v -1.040457 -0.140113 2.041275
v -1.144531 -0.019234 2.107700
v -1.161152 0.004758 2.136124
v -1.184788 0.049328 2.224219
v -1.181294 0.081481 2.365031
v -1.201793 -0.103430 1.584181
v -1.078211 -0.149093 1.872693
v -1.109358 -0.224890 1.452840
v -1.069266 -0.199833 1.704965
v -1.089499 -0.132383 1.893529
v -1.214615 -0.071475 1.660900
v -1.172298 -0.037189 1.943362
v -1.244890 -0.155445 1.032212
v -1.194126 -0.191110 1.139101
v -1.142164 -0.260917 1.087380
v -1.186068 -0.196205 1.158811
v -1.158505 -0.215127 1.218992
v -1.139357 -0.200495 1.414652
v -1.319393 -0.060367 1.106686
v -1.179592 -0.175564 1.298935
v -1.177279 -0.167474 1.375521
v -1.280186 -0.171667 0.390600
v -1.196415 -0.281972 0.427703
v -1.354106 -0.071848 0.379509
v -1.166036 -0.292251 0.700018
v -1.316323 -0.111754 0.481988
v -1.319620 -0.093841 0.765789
v -1.289201 -0.129664 0.784053
v -1.329609 -0.084974 0.698193
v -1.289296 -0.122081 0.942901
v -1.350484 -0.067164 0.541591
v -1.244275 -0.228003 0.077672
v -1.243627 -0.230527 0.036606
v -1.279798 -0.186452 -0.297532
v -1.204409 -0.298815 -0.157192
v -1.247995 -0.231610 -0.177485
v -1.347975 -0.083038 0.185546
v -1.235110 -0.241100 0.205585
v -1.356677 -0.065058 -0.234451
v -1.312780 -0.133677 0.289390
v -1.368450 -0.048878 -0.214393
v -1.270739 -0.193461 -0.374683
v -1.293508 -0.156493 -0.389086
v -1.246763 -0.235664 -0.329328
v -1.344505 -0.084687 -0.320045
v -1.343347 -0.058451 -0.861767
v -1.350989 -0.053697 -0.726287
v -1.293465 -0.137518 -0.596527
v -1.283500 -0.148996 -0.646847
v -1.360129 -0.043573 -0.670437
v -1.304706 -0.103219 -1.406786
v -1.304296 -0.121003 -1.102070
v -1.281360 -0.150628 -1.288544
v -1.341459 -0.052268 -1.170078
v -1.232661 -0.222564 -1.138535
v -1.270520 -0.156800 -0.911554
v -1.206573 -0.244348 -0.894283
v -1.208730 -0.243320 -0.927675
v -1.254917 -0.190637 -1.576162
v -1.263253 -0.177028 -1.700337
v -1.279507 -0.146553 -1.516829
v -1.210715 -0.267835 -1.461647
v -1.340046 -0.025740 -1.713925
v -1.329144 -0.055023 -1.586046
v -1.244160 -0.210751 -1.832297
v -1.340190 -0.031634 -1.607965
v -1.331119 -0.025650 -2.187017
v -1.315232 -0.075993 -2.109252
v -1.324088 -0.039816 -2.331613
v -1.267193 -0.167543 -1.976142
v -1.249492 -0.236498 -2.224062
v -1.302258 -0.105320 -2.059291
v -1.277749 -0.197847 -2.626041
v -1.293863 -0.142642 -2.542630
v -1.296705 -0.136466 -2.699685
v -1.314760 -0.074777 -2.544492
v 1.417625 0.631545 -2.673848
v 1.416112 0.622532 -2.624757
v 1.414340 0.383646 -2.759386
v 1.412621 0.443773 -2.534494
v 1.417018 0.587444 -2.685242
v -0.216922 -0.406872 -2.346078
v -0.149635 -0.408990 -2.333209
v -0.747674 -0.399291 -2.391334
v -0.281813 -0.413493 -2.305085
v -0.375666 -0.403339 -2.367415
v -0.612116 -0.410267 -2.204357
v -0.947481 -0.402705 -2.190688
v -0.953180 -0.397004 -2.401139
v -0.899125 -0.401324 -2.286081
v -0.934765 -0.402733 -2.201000
v -0.977903 -0.397224 -2.370710
v -0.807778 -0.403907 -2.270051
v 0.932737 -0.374106 -2.217544
v 0.635142 -0.391664 -2.227030
v 0.970741 -0.389571 -2.358439
v 0.567404 -0.401640 -2.277169
v 0.661211 -0.400692 -2.322168
v 0.066474 -0.399658 -2.389380
v 0.200793 -0.402338 -2.359106
v 0.443348 -0.400944 -2.342900
v -0.653141 -0.348231 -1.030479
v -0.268443 -0.375014 -1.405646
v -0.449200 -0.381426 -1.582571
v -0.547292 -0.317984 -0.434287
v -0.198087 -0.401724 -1.879800
v -0.323087 -0.397419 -1.839672
v -0.427451 -0.391569 -1.764209
v -0.099180 -0.405094 -1.910878
v -0.625923 -0.290026 0.060435
v -0.506449 -0.369561 -1.380242
v -0.843489 -0.385994 -1.793381
v -0.698849 -0.299030 -0.130272
v -0.839080 -0.280026 0.178312
v -0.519277 -0.392591 -1.812530
v -0.756146 -0.344232 -0.989014
v -0.213669 -0.400402 -1.860185
v -0.459027 -0.384130 -1.635986
v -0.810739 -0.379261 -1.657745
v -0.142041 -0.403208 -1.889505
v -0.785439 -0.298748 -0.152664
v -0.881606 -0.310389 -0.399816
v -0.764480 -0.303619 -0.236555
v -0.668547 -0.291671 0.016237
v -0.862747 -0.236219 0.985268
v 0.002963 -0.421370 -2.180891
v -0.648976 -0.282809 0.187262
v -0.746621 -0.273138 0.335897
v -0.847118 -0.330545 -0.763579
v -0.521495 -0.404708 -2.038528
v -0.230376 -0.378851 -1.464825
v -0.541095 -0.362275 -1.255820
v -0.926433 -0.351674 -1.181754
v -0.389268 -0.358482 -1.136830
v -0.633673 -0.287350 0.107699
v -0.559377 -0.332316 -0.704623
v -0.416642 -0.405463 -2.019089
v -0.749987 -0.341733 -0.940577
v -0.889423 -0.397089 -2.014352
v -0.386403 -0.347846 -0.938153
v -0.936497 -0.335050 -0.875862
v -0.477890 -0.404297 -2.016974
v -0.545005 -0.342428 -0.888059
v -0.879279 -0.403659 -2.133271
v -0.639883 -0.402267 -2.030942
v -0.737385 -0.278299 0.242875
v -0.552053 -0.395718 -1.881143
v -0.238062 -0.379687 -1.482826
v -0.732284 -0.308594 -0.318771
v -0.819814 -0.269968 0.371457
v -0.829332 -0.249279 0.753092
v -0.461123 -0.383271 -1.620672
v -0.663225 -0.365849 -1.361266
v -0.575319 -0.349139 -1.022519
v -0.942950 -0.387646 -1.855866
v -0.150390 -0.398900 -1.812071
v -0.124655 -0.407588 -1.965391
v -0.732020 -0.291744 -0.005396
v -0.733744 -0.386146 -1.761174
v -0.644678 -0.327569 -0.643611
v -0.742246 -0.295536 -0.079164
v -0.709656 -0.369081 -1.436190
v -0.422102 -0.390346 -1.739759
v -0.792135 -0.376611 -1.602524
v -0.557344 -0.370958 -1.422464
v -0.821150 -0.307140 -0.320112
v -0.741773 -0.293175 -0.035101
v -0.559755 -0.411767 -2.181997
v -0.562209 -0.411174 -2.171759
v -0.237554 -0.402351 -1.904056
v -0.596595 -0.324203 -0.565669
v -0.964652 -0.382897 -1.774482
v -0.303544 -0.358150 -1.103290
v -0.393263 -0.333843 -0.679980
v -0.764856 -0.366994 -1.415003
v -0.765185 -0.396394 -1.961750
v -0.639728 -0.312207 -0.356401
v -0.662019 -0.302803 -0.188656
v -0.311382 -0.401798 -1.917346
v -0.850794 -0.256046 0.620423
v -0.407147 -0.384900 -1.633736
v -0.562225 -0.359895 -1.218327
v -0.737905 -0.360693 -1.289253
v -0.659488 -0.304621 -0.221662
v -0.451270 -0.400251 -1.933239
v -0.605779 -0.343989 -0.936487
v -0.720661 -0.398024 -1.977849
v -0.212920 -0.357892 -1.092796
v -0.020393 -0.304251 -0.223292
v -0.026625 -0.236763 0.897405
v -0.258008 -0.226275 1.096369
v 0.055009 -0.371085 -1.340582
v -0.043186 -0.391708 -1.672282
v -0.172359 -0.323020 -0.518433
v -0.295069 -0.221190 1.184750
v -0.392941 -0.265595 0.458341
v 0.020431 -0.279107 0.189600
v -0.097087 -0.289238 0.034104
v -0.804505 -0.233387 1.037160
v -0.037741 -0.289663 0.020667
v 0.072381 -0.282099 0.134345
v -0.218214 -0.285335 0.111917
v -0.264066 -0.238748 0.890015
v -0.178882 -0.341721 -0.828092
v -0.322312 -0.306505 -0.228201
v -0.658210 -0.241578 0.885476
v -0.029540 -0.404281 -1.882411
v -0.083697 -0.221566 1.155753
v -0.629217 -0.266308 0.471936
v -0.222124 -0.348842 -0.941620
v -0.187098 -0.230979 1.010661
v -0.692239 -0.229223 1.094179
v -0.450074 -0.271082 0.373421
v -0.430150 -0.300211 -0.112140
v -0.000723 -0.272118 0.307867
v -0.240129 -0.340863 -0.807255
v -0.454758 -0.299455 -0.096946
v -0.509094 -0.243737 0.833590
v -0.545548 -0.227474 1.107418
v 0.087391 -0.238441 0.857280
v 0.035921 -0.394745 -1.731186
v -0.156480 -0.374535 -1.375083
v -0.119360 -0.323345 -0.529525
v -0.206099 -0.343675 -0.857594
v -0.137395 -0.309701 -0.301147
v -0.127335 -0.241136 0.835657
v -0.073749 -0.362506 -1.184352
v -0.171627 -0.238009 0.892326
v 0.012386 -0.301387 -0.179297
v -0.084867 -0.327569 -0.603345
v -0.532714 -0.237831 0.934155
v -0.215188 -0.252923 0.649496
v -0.473134 -0.227707 1.095753
v -0.053298 -0.361818 -1.175137
v -0.586818 -0.244703 0.825921
v -0.171008 -0.373104 -1.349773
v 0.053593 -0.381993 -1.521472
v -0.108386 -0.387802 -1.600440
v 0.009561 -0.275488 0.250828
v -0.469857 -0.303365 -0.160211
v -0.546268 -0.297789 -0.059444
v -0.619694 -0.270190 0.406491
v -0.133283 -0.278373 0.218324
v -0.098158 -0.264720 0.441133
v 0.057506 -0.335488 -0.750096
v -0.204531 -0.343022 -0.846915
v -0.178753 -0.365101 -1.216123
v -0.101979 -0.368290 -1.277303
v -0.649412 -0.274580 0.336821
v -0.545843 -0.231863 1.034607
v -0.639284 -0.229505 1.083793
v 0.046902 -0.418540 -2.127268
v -0.195253 -0.329317 -0.620468
v -0.051216 -0.342561 -0.855775
v -0.054241 -0.284065 0.115349
v -0.024011 -0.270828 0.331778
v 0.076475 -0.265044 0.416953
v -0.610496 -0.241977 0.873722
v -0.211202 -0.364562 -1.203679
v -0.222129 -0.289746 0.039136
v -0.032834 -0.246482 0.736770
v -0.429882 -0.273969 0.323336
v -0.118440 -0.328470 -0.614689
v 0.054303 -0.370515 -1.331051
v -0.433013 -0.264308 0.484006
v -0.007400 -0.362906 -1.198136
v -0.102038 -0.217024 1.233104
v -0.158008 -0.314511 -0.378769
v -0.333851 -0.295319 -0.041329
v -0.324696 -0.257421 0.586640
v -0.619354 -0.258352 0.602922
v -0.060790 -0.366961 -1.259681
v 0.818648 -0.348864 -1.541729
v 0.763093 -0.295178 -0.304166
v 0.805109 -0.346275 -1.468483
v 0.828409 -0.378667 -2.202433
v 0.582152 -0.381053 -1.946791
v 0.882232 -0.298296 -0.520815
v 0.457749 -0.343171 -0.967109
v 0.377000 -0.394953 -1.993011
v 0.751948 -0.336400 -1.187225
v 1.012069 -0.319489 -1.144114
v 0.994888 -0.290241 -0.486248
v 1.058131 -0.223079 0.896204
v 0.578364 -0.370433 -1.710971
v 1.035225 -0.339155 -1.600976
v 0.858062 -0.284744 -0.195736
v 0.654311 -0.379032 -1.992937
v 1.049641 -0.290289 -0.555663
v 1.022253 -0.308157 -0.910269
v 0.953971 -0.337645 -1.466621
v 0.756942 -0.343984 -1.358476
v 0.715671 -0.366278 -1.792040
v 0.940294 -0.279589 -0.186266
v 0.838670 -0.336045 -1.287796
v 0.993201 -0.289774 -0.473973
v 0.909179 -0.329963 -1.243521
v 0.447499 -0.355955 -1.232487
v 0.848837 -0.372549 -2.094823
v 0.876011 -0.280000 -0.114932
v 1.016632 -0.240022 0.579352
v 0.852748 -0.301388 -0.551267
v 0.852681 -0.286708 -0.231748
v 0.952401 -0.367705 -2.118765
v 0.863960 -0.277886 -0.053873
v 0.807970 -0.303153 -0.533742
v 0.886442 -0.311059 -0.803792
v 1.049262 -0.254132 0.231566
v 1.008235 -0.287571 -0.444813
v 0.556335 -0.321119 -0.610407
v 0.877983 -0.353917 -1.725796
v 0.711045 -0.311304 -0.590044
v 0.987069 -0.281690 -0.290411
v 0.829548 -0.338754 -1.335366
v 0.068020 -0.421730 -2.189773
v 1.036035 -0.265112 0.009164
v 0.497768 -0.384404 -1.914313
v 0.890796 -0.271665 0.047968
v 0.297002 -0.396321 -1.922877
v 1.027447 -0.326338 -1.312358
v 0.862776 -0.284580 -0.198054
v 0.708742 -0.361754 -1.684960
v 0.354110 -0.396838 -2.005456
v 0.573655 -0.343993 -1.129763
v 0.921909 -0.243542 0.621068
v 0.870587 -0.370888 -2.085841
v 0.553577 -0.384437 -1.984738
v 0.468622 -0.343379 -0.985216
v 1.037337 -0.251231 0.309601
v 0.661700 -0.349501 -1.359574
v 0.996654 -0.266414 0.030035
v 0.923107 -0.365411 -2.032256
v 0.536651 -0.345538 -1.117171
v 1.051701 -0.238997 0.557856
v 0.809776 -0.331723 -1.157666
v 0.874727 -0.294130 -0.420784
v 0.774191 -0.348533 -1.479008
v 0.471660 -0.346748 -1.062313
v 0.802032 -0.379186 -2.180786
v 0.566035 -0.373216 -1.756136
v 0.828438 -0.275946 0.032697
v 0.287764 -0.400562 -2.003627
v 0.788345 -0.328440 -1.059477
v 0.705845 -0.349978 -1.425090
v 0.662442 -0.328330 -0.899834
v 0.405016 -0.349265 -1.033851
v 1.017068 -0.321460 -1.193262
v 0.574470 -0.337246 -0.983973
v 1.005492 -0.339310 -1.567198
v 0.838411 -0.258161 0.407249
v 0.819204 -0.334070 -1.220515
v 0.958815 -0.255046 0.324651
v 0.805290 -0.286473 -0.167439
v 0.320132 -0.397370 -1.974579
v 0.357782 -0.403629 -2.157799
v 0.716455 -0.345575 -1.342536
v 0.731975 -0.299708 -0.363871
v 0.421420 -0.362909 -1.351227
v 0.338949 -0.235655 0.863472
v 0.348142 -0.318730 -0.517650
v 0.273771 -0.310394 -0.367346
v 0.099407 -0.219731 1.166119
v 0.310971 -0.286822 0.018187
v 0.119478 -0.407638 -1.957719
v 0.441379 -0.229495 0.949461
v 0.238706 -0.234811 0.893476
v 0.448538 -0.235104 0.855157
v 0.100047 -0.289329 0.010180
v 0.705050 -0.247440 0.609406
v 0.603329 -0.233351 0.859588
v 0.338943 -0.226125 1.021744
v 0.528684 -0.322245 -0.604796
v 0.255809 -0.242899 0.756434
v 0.113464 -0.241737 0.798422
v 0.737962 -0.234013 0.827141
v 0.094200 -0.370349 -1.334418
v 0.140986 -0.216164 1.218724
v 0.396526 -0.240428 0.775029
v 0.728790 -0.260356 0.391106
v 0.244688 -0.376113 -1.454143
v 0.803606 -0.237418 0.760127
v 0.506695 -0.275093 0.181781
v 0.577330 -0.270812 0.241611
v 0.322078 -0.222539 1.083988
v 0.328760 -0.274106 0.226527
v 0.537683 -0.217004 1.141546
v 0.103232 -0.410091 -1.995880
v 0.290552 -0.323763 -0.592053
v 0.377501 -0.229365 0.961795
v 0.326248 -0.361341 -1.221808
v 0.963427 -0.230043 0.857123
v 0.126731 -0.297613 -0.131654
v 0.530865 -0.305524 -0.327450
v 0.321031 -0.306932 -0.317390
v 0.251338 -0.224700 1.059385
v 0.743906 -0.240278 0.722143
v 0.193575 -0.214163 1.243584
v 0.366732 -0.305664 -0.303613
v 0.662643 -0.275137 0.156185
v 0.608875 -0.240486 0.740225
v 0.263463 -0.304724 -0.271541
v 0.475740 -0.269332 0.282388
v 0.165365 -0.283666 0.093813
v 0.188351 -0.349118 -0.996847
v 0.474664 -0.318944 -0.541375
v 0.988285 -0.213034 1.135638
v 0.638864 -0.238911 0.761596
v 0.405435 -0.243495 0.722680
v 0.342046 -0.349802 -1.032695
v 0.168863 -0.341863 -0.873241
v 0.392593 -0.252763 0.570808
v 0.648486 -0.219750 1.078278
v 0.551377 -0.290291 -0.077742
v 0.234172 -0.258443 0.501726
v 0.210243 -0.381685 -1.541191
v 0.179637 -0.249617 0.656997
v 0.644857 -0.228182 0.938826
v 0.726677 -0.234831 0.815354
v 0.422472 -0.265309 0.357685
v 0.240740 -0.364282 -1.257023
v 0.451451 -0.308083 -0.357299
v 0.078879 -0.364333 -1.232076
v 0.196785 -0.264906 0.400360
v 0.304944 -0.236937 0.847611
v 0.315300 -0.359502 -1.189527
v 0.225279 -0.352503 -1.058945
v 0.301632 -0.222680 1.084907
v 0.365707 -0.275064 0.204730
v 0.299261 -0.309805 -0.361631
v 0.667075 -0.235329 0.816590
v 0.371525 -0.233613 0.892204
v 0.796200 -0.261323 0.364316
v 0.373329 -0.286168 0.019115
v 0.477193 -0.308796 -0.373234
v 0.212356 -0.388656 -1.657297
v 0.228964 -0.350742 -1.030275
v 0.943317 -0.228317 0.888995
v 0.101082 -0.281038 0.147710
v 0.736299 -0.230312 0.888871
v 0.615080 -0.279833 0.085775
v 0.244897 -0.282907 0.093745
v 0.200409 -0.391002 -1.694353
v 0.582682 -0.215700 1.156024
v -0.503696 -0.052337 -2.416641
v -0.147890 -0.302257 -2.398507
v 0.035258 -0.385537 -2.391037
v -0.049459 -0.188163 -2.401019
v -0.527945 -0.273625 -2.408084
v -0.537807 0.032794 -2.420893
v -0.177901 0.032415 -2.412922
v -0.143646 -0.247792 -2.400651
v -0.408546 -0.149137 -2.410560
v -0.636878 -0.180013 -2.414339
v -0.287579 -0.124182 -2.408912
v -0.176049 -0.163361 -2.404836
v -0.849506 -0.368016 -2.411314
v -0.411213 -0.265189 -2.405851
v -0.462659 -0.050292 -2.415818
v -0.566908 -0.355884 -2.405566
v -0.800302 -0.243967 -2.415323
v -0.151901 0.302459 -2.423443
v -0.608614 -0.118182 -2.416255
v -0.350932 -0.258363 -2.404799
v -0.229207 -0.322838 -2.399459
v -0.033588 0.331443 -2.422019
v -0.182597 0.325748 -2.425078
v -0.427048 0.114193 -2.421789
v -0.098332 0.130966 -2.415212
v 0.011849 0.195486 -2.415428
v -0.363093 0.330884 -2.424275
v -0.821429 0.544196 -2.417804
v -0.302353 0.345512 -2.425208
v -0.719702 0.127280 -2.418593
v -1.000758 -0.083067 -2.414026
v -0.835155 0.329647 -2.417223
v -0.991835 0.144672 -2.414559
v -0.891949 -0.135306 -2.415560
v -0.821812 -0.118329 -2.416637
v -0.462543 0.379023 -2.422874
v -0.857948 0.222393 -2.416694
v -0.566779 0.425923 -2.421400
v -0.896990 0.058324 -2.415824
v -0.893092 0.179785 -2.416095
v -0.959477 0.269458 -2.415261
v -0.770678 -0.055833 -2.417510
v -0.984638 0.213315 -2.414787
v -0.326272 0.350171 -2.424859
v -0.709688 0.239653 -2.418939
v -0.999921 0.093472 -2.414348
v -0.723644 0.564185 -2.419299
v -0.883096 0.502125 -2.416809
v -0.621094 0.113830 -2.420041
v -0.799114 0.416708 -2.417914
v -0.480352 0.223063 -2.422335
v 0.065095 -0.131224 -2.400906
v 0.285408 -0.180402 -2.394718
v 0.088810 -0.294783 -2.393723
v 0.801635 -0.217814 -2.383424
v 0.480559 -0.074154 -2.395406
v 0.291717 -0.193153 -2.394074
v 0.577376 -0.164685 -2.389849
v 0.490387 -0.031998 -2.396957
v 0.112661 0.300651 -2.417792
v 0.396380 -0.225284 -2.390774
v 0.229201 -0.360862 -2.388349
v 0.209355 0.258982 -2.414249
v 0.603137 -0.021775 -2.395247
v 0.543720 -0.219547 -2.388226
v 0.727714 -0.139154 -2.388060
v 0.842106 -0.191729 -2.383733
v 0.562104 -0.198456 -2.388747
v 0.254482 0.189568 -2.410538
v 0.522894 -0.270323 -2.386528
v 0.418164 -0.023075 -2.398689
v 0.517699 -0.069948 -2.394878
v 0.318156 0.104532 -2.405833
v 0.199875 -0.054124 -2.401535
v 0.296456 0.291353 -2.413937
v 0.099051 0.080465 -2.408982
v 1.023899 0.443311 -2.417042
v 0.777027 -0.031033 -2.392819
v 0.619963 0.478411 -2.421671
v 1.036799 0.242994 -2.406026
v 0.389967 0.492814 -2.424002
v 0.972787 0.355978 -2.412620
v 0.743095 0.559746 -2.425282
v 0.831339 0.128543 -2.401161
v 0.581873 0.129747 -2.402903
v 1.071199 0.184415 -2.402598
v 0.942849 0.127307 -2.400345
v 0.374356 0.401626 -2.419132
v 0.690142 0.473748 -2.420945
v 0.553172 0.269449 -2.410718
v 0.829499 0.300789 -2.410572
v 0.701658 0.565935 -2.425898
v 0.562925 0.153254 -2.404313
v 0.581832 0.344167 -2.414603
v 1.048576 -0.305303 -2.376030
v 0.433687 0.363075 -2.416630
v 0.408192 0.403921 -2.419029
v 0.931772 0.033129 -2.395281
v 0.288696 0.467102 -2.423280
v 0.116563 0.548641 -2.428885
v 0.529210 0.361476 -2.415900
v 1.073461 -0.132294 -2.293926
v 1.069272 -0.258625 -2.325119
v 1.065468 -0.304492 -2.237173
v 1.096042 0.390243 -2.393263
v 1.093853 0.317989 -2.315935
v 1.097232 0.361909 -2.271375
v 1.105564 0.522634 -2.262361
v 1.075722 -0.066318 -2.268929
v 1.088386 0.220368 -2.336890
v 1.073011 -0.132451 -2.245219
v 1.159037 0.001467 -2.168358
v 1.123364 -0.137325 -2.181707
v 1.171307 0.092047 -2.162805
v 1.078218 -0.314413 -2.198634
v 1.199869 -0.088519 -2.158661
v 1.245718 0.134013 -2.155617
v 1.134055 0.432843 -2.166004
v 1.199656 0.208705 -2.159106
v 1.207889 0.315813 -2.160455
v 1.152630 0.473453 -2.165755
v 1.276955 -0.111417 -1.792886
v 1.303394 0.133892 -1.976256
v 1.309947 0.173858 -1.896827
v 1.261521 -0.203799 -1.990505
v 1.280519 -0.038987 -2.053540
v 1.290520 -0.018713 -1.688246
v 1.293521 0.018521 -1.765324
v 1.265895 -0.157783 -2.053360
v 1.277062 -0.088394 -1.925691
v 1.331114 0.369946 -2.041765
v 1.292861 0.036182 -1.903319
v 1.310139 0.160081 -1.804878
v 1.345546 0.504809 -2.147615
v 1.348578 0.430273 -1.457030
v 1.300996 0.059891 -1.637826
v 1.343373 0.445150 -1.865324
v 1.326318 0.295679 -1.812919
v 1.285591 -0.080765 -1.550863
v 1.342570 0.385675 -1.495037
v 1.360616 0.542799 -1.543255
v 1.354754 0.560689 -2.011135
v 1.299677 0.031492 -1.515621
v 1.316628 0.168742 -1.488418
v 1.328871 0.293311 -1.647209
v 1.317298 0.214166 -1.767913
v 1.354549 0.506472 -1.642789
v 1.355664 0.481387 -1.401709
v 1.319728 0.248064 -1.863752
v 1.265803 -0.037246 -0.604641
v 1.278470 0.003003 -0.851653
v 1.263493 -0.052854 -0.596935
v 1.254558 -0.074292 -0.391297
v 1.271529 0.003959 -0.612364
v 1.318518 0.285100 -0.933165
v 1.297532 0.176224 -0.714539
v 1.312617 0.235073 -0.959375
v 1.331308 0.302577 -1.287214
v 1.276270 -0.041285 -0.977231
v 1.266322 -0.031750 -0.597396
v 1.319320 0.233582 -1.193040
v 1.280561 0.029305 -0.803638
v 1.278632 0.089161 -0.467955
v 1.257986 -0.074523 -0.508391
v 1.327101 0.326155 -1.038297
v 1.288663 -0.046822 -1.421782
v 1.288592 0.075935 -0.864900
v 1.264156 -0.102278 -0.842637
v 1.262070 -0.018157 -0.392060
v 1.307590 0.109222 -1.357668
v 1.272191 -0.085869 -1.040521
v 1.309897 0.143762 -1.279747
v 1.244538 -0.091059 -0.127819
v 1.270707 -0.131821 -1.197884
v 1.302084 0.161076 -0.937058
v 1.332813 0.397837 -0.313361
v 1.288584 0.147107 -0.453512
v 1.284776 0.128831 -0.338213
v 1.343970 0.451007 -0.665981
v 1.300367 0.214568 -0.390701
v 1.353237 0.512809 -0.279822
v 1.347310 0.460413 -1.022166
v 1.325369 0.358435 -0.229216
v 1.316896 0.306902 -0.390942
v 1.362852 0.553354 -0.786750
v 1.278859 0.099401 -0.198605
v 1.338382 0.412306 -0.954030
v 1.304693 0.232904 -0.615123
v 1.335475 0.404557 -0.627264
v 1.299665 0.209945 -0.417688
v 1.350748 0.488593 -0.676714
v 1.333667 0.388695 -0.849006
v 1.334628 0.409847 -0.241339
v 1.342566 0.444531 -0.613339
v 1.287842 0.148075 -0.256673
v 1.210589 -0.082453 0.490360
v 1.283555 0.170841 0.013101
v 1.211757 -0.063960 0.525626
v 1.252878 0.103516 0.330166
v 1.298855 0.299880 0.138705
v 1.311962 0.287337 -0.119546
v 1.347461 0.487322 -0.123598
v 1.261160 0.133522 0.279742
v 1.293008 0.260659 0.120707
v 1.283111 0.132648 -0.092934
v 1.313302 0.349405 0.042361
v 1.217750 -0.033456 0.515267
v 1.304510 0.326792 0.123366
v 1.259431 0.153141 0.561565
v 1.308720 0.359339 0.563939
v 1.350101 0.526506 0.366180
v 1.266343 0.178964 0.457942
v 1.332350 0.443826 0.082222
v 1.257797 0.144442 0.498749
v 1.331426 0.438301 0.026454
v 1.232157 0.039338 0.570186
v 1.311993 0.370310 0.472720
v 1.287510 0.268573 0.494560
v 1.303748 0.338307 0.556021
v 1.258510 0.147212 0.491621
v 1.357585 0.543980 -0.098499
v 1.322098 0.418592 0.675134
v 1.279639 0.237067 0.541980
v 1.336443 0.469468 0.368789
v 1.244815 0.164323 0.840755
v 1.265367 0.228185 0.818395
v 1.254936 0.154070 0.748054
v 1.323290 0.435466 0.808854
v 1.233890 0.186702 0.974153
v 1.244774 0.272905 1.073853
v 1.264491 0.338723 1.060646
v 1.252897 0.248188 0.957209
v 1.228635 0.178059 0.996770
v 1.202265 0.050980 0.930655
v 1.222768 0.179688 1.046209
v 1.139912 0.108567 1.024247
v 1.182662 0.023671 0.963007
v 1.075965 0.357109 1.194172
v 1.218717 0.192751 1.066437
v 1.066756 0.113919 1.120082
v 1.133144 -0.110907 0.947337
v 1.093614 -0.052790 1.062032
v 1.151845 -0.130326 0.891813
v 1.040548 0.125499 1.198743
v 0.840938 0.201689 1.225755
v 0.999964 -0.154402 1.186960
v 0.939353 0.313578 1.225159
v 0.950842 -0.107073 1.194528
v 0.632172 -0.038783 1.226800
v 0.984488 -0.120330 1.190695
v 0.579935 -0.055592 1.230117
v 0.939013 0.301558 1.224341
v 0.330654 -0.204036 1.241138
v 0.614757 -0.193550 1.217396
v 0.765633 -0.103627 1.210731
v 0.198351 -0.169172 1.254995
v 0.300567 -0.077568 1.252642
v 0.363330 -0.054309 1.248872
v 0.749662 0.196473 1.233253
v -1.010020 0.103942 -2.360729
v -1.002189 -0.180302 -2.259774
v -1.012768 0.223850 -2.364031
v -1.000775 -0.314044 -2.372824
v -1.017855 0.419644 -2.411879
v -1.009592 0.105933 -2.327310
v -1.019173 0.492359 -2.379409
v -1.016691 0.421789 -2.227412
v -1.020527 0.554839 -2.333625
v -1.015716 0.390317 -2.187857
v -1.010367 0.162097 -2.268830
v -1.014285 0.307418 -2.326718
v -1.013706 0.306641 -2.207173
v -1.070039 0.034827 -2.156880
v -1.058480 0.257721 -2.159322
v -1.209737 -0.201069 -2.155689
v -1.126458 0.048057 -2.157649
v -1.048837 -0.263472 -2.153212
v -1.020500 0.385352 -2.160378
v -1.128429 0.252933 -2.159068
v -1.236472 0.214834 -2.156378
v -1.201252 0.110601 -2.156902
v -1.161902 0.131318 -2.157903
v -1.168851 0.363127 -2.158437
v -1.257631 0.355332 -2.067189
v -1.240779 0.018299 -1.792285
v -1.221009 -0.233288 -2.134173
v -1.232765 -0.099039 -1.859979
v -1.234331 -0.118167 -1.652437
v -1.245374 0.172670 -2.155872
v -1.229457 -0.157335 -1.842335
v -1.237679 0.015643 -2.015837
v -1.229374 -0.151235 -1.876814
v -1.223884 -0.197029 -2.082954
v -1.232208 -0.116365 -1.822285
v -1.238622 0.011859 -1.926650
v -1.248148 0.175060 -1.955788
v -1.249798 0.099895 -1.578075
v -1.276619 0.525486 -1.659892
v -1.265335 0.441756 -1.939100
v -1.261217 0.371647 -1.910844
v -1.261140 0.286186 -1.633461
v -1.268944 0.432754 -1.732067
v -1.265330 0.467313 -2.023447
v -1.274281 0.519626 -1.755566
v -1.268555 0.543333 -2.115011
v -1.271420 0.526825 -1.919884
v -1.270276 0.432927 -1.667183
v -1.272006 0.559946 -2.000028
v -1.208776 -0.024959 -0.960565
v -1.206683 -0.035146 -0.937791
v -1.200125 -0.060795 -0.859677
v -1.240689 0.240410 -1.189588
v -1.221335 0.189448 -0.932505
v -1.195110 -0.044016 -0.760845
v -1.218542 0.075139 -1.010349
v -1.249032 0.299003 -1.261063
v -1.237700 -0.076900 -1.482471
v -1.271919 0.467186 -1.449098
v -1.234631 -0.094264 -1.451668
v -1.270605 0.450681 -1.445658
v -1.185451 -0.134909 -0.702886
v -1.224219 0.123226 -1.050147
v -1.179165 -0.107184 -0.571790
v -1.227261 0.178580 -1.039681
v -1.206883 0.035693 -0.864883
v -1.223351 -0.044645 -1.216589
v -1.215250 -0.098672 -1.144108
v -1.179598 -0.097015 -0.567845
v -1.237465 -0.001409 -1.397548
v -1.227521 0.052800 -1.179046
v -1.176105 -0.057871 -0.445940
v -1.273472 0.536312 -1.156481
v -1.271424 0.515351 -1.233093
v -1.254812 0.469767 -0.508234
v -1.191827 0.051606 -0.414255
v -1.268819 0.525416 -0.933147
v -1.231175 0.308483 -0.520107
v -1.252291 0.401728 -1.059515
v -1.232914 0.317797 -0.546825
v -1.196368 0.062371 -0.630703
v -1.273850 0.560804 -0.919181
v -1.254354 0.439022 -0.807311
v -1.243877 0.346084 -1.044657
v -1.201620 0.116189 -0.433563
v -1.220127 0.205954 -0.819338
v -1.279458 0.547388 -1.475527
v -1.239489 0.313125 -1.079495
v -1.204093 0.107630 -0.707470
v -1.271459 0.521853 -1.165318
v -1.273974 0.553581 -1.006395
v -1.154337 -0.029667 0.031674
v -1.154543 0.027112 0.161037
v -1.201342 0.154191 -0.286500
v -1.246536 0.450143 -0.313994
v -1.180857 0.148701 0.026518
v -1.207460 0.204787 -0.265610
v -1.138889 -0.081363 0.156623
v -1.201408 0.209186 -0.159069
v -1.118464 -0.110987 0.412295
v -1.163257 0.086710 0.161651
v -1.147415 -0.033565 0.132672
v -1.248621 0.456168 -0.333081
v -1.157929 0.011852 0.071527
v -1.165342 0.026389 -0.012427
v -1.164868 -0.070730 -0.231770
v -1.174261 0.011275 -0.189599
v -1.168127 0.071234 0.048028
v -1.150159 -0.084311 -0.029534
v -1.244283 0.471269 0.149600
v -1.224676 0.390390 0.000362
v -1.255052 0.516563 0.538028
v -1.137153 0.032989 0.596698
v -1.252072 0.502893 0.033177
v -1.242500 0.464857 0.465456
v -1.213050 0.343146 0.160108
v -1.221783 0.380170 0.576659
v -1.220430 0.373945 0.340179
v -1.232278 0.423652 0.722529
v -1.231788 0.421170 0.558947
v -1.232634 0.423855 0.284377
v -1.242149 0.463470 0.484432
v -1.244617 0.474459 0.785952
v -1.169217 0.163651 0.282507
v -1.136302 0.029321 0.534300
v -1.230078 0.413571 0.354949
v -1.205786 0.314307 0.496367
v -1.174263 0.184382 0.291583
v -1.184088 0.225035 0.411784
v -1.229792 0.412846 0.511904
v -1.114603 0.063480 0.922243
v -1.159964 0.167225 0.834419
v -1.115376 -0.055141 0.722576
v -1.133277 0.103317 0.881359
v -1.200239 0.381271 1.025316
v -1.110559 0.074929 1.005068
v -1.115096 0.091278 1.008957
v -1.055270 -0.123804 0.959294
v -1.190461 0.333971 0.976247
v -1.172689 0.298418 1.057057
v -1.043677 0.177649 1.100392
v -1.016379 0.152888 1.096923
v -1.056002 -0.106630 0.972357
v -1.038615 0.335385 1.170953
v -1.031932 0.290205 1.152945
v -0.923365 -0.127429 1.124423
v -0.941750 0.122033 1.155192
v -1.024760 -0.092047 0.992339
v -0.974946 -0.049930 1.070626
v 0.060163 0.580561 -2.190861
v 0.265103 0.572599 -2.320669
v 0.475067 0.570953 -2.354028
v 0.437121 0.572727 -2.325410
v 0.774962 0.567225 -2.422744
v 0.866009 0.570078 -2.382615
v 0.642969 0.567961 -2.406346
v 0.447822 0.576431 -2.268736
v 0.917099 0.573716 -2.208670
v 0.871594 0.574308 -2.197491
v 0.524619 0.577661 -2.172342
v 0.908914 0.573373 -2.229895
v 0.720638 0.574687 -2.242361
v 0.804282 0.573616 -2.261999
v -0.510180 0.571405 -2.330304
v -0.846061 0.568456 -2.410885
v -0.894249 0.570034 -2.382014
v -0.148851 0.566576 -2.405247
v -1.007899 0.574244 -2.304081
v -0.894729 0.569167 -2.399548
v -0.034447 0.566337 -2.406165
v 0.023894 0.579090 -2.211971
v -0.028292 0.567211 -2.392891
v -0.128811 0.573467 -2.295676
v -0.167325 0.568329 -2.373692
v -0.124560 0.571446 -2.326664
v 0.479962 0.668217 -2.158102
v 0.044597 0.611760 -2.164718
v 0.603805 0.680827 -2.156858
v 0.473972 0.641440 -2.163001
v 0.721434 0.617769 -2.165434
v 0.709759 0.640272 -2.163158
v 0.810014 0.658746 -2.161134
v 0.435292 0.584220 -2.169257
v -0.486610 0.708607 -2.153053
v -0.957622 0.680643 -2.161199
v -0.455726 0.709562 -2.152522
v -0.129322 0.674700 -2.151739
v -0.837484 0.593119 -2.161760
v -0.210391 0.679851 -2.150198
v -1.220192 0.567411 -1.751481
v -1.213045 0.571422 -2.091628
v -1.197338 0.568927 -1.791969
v -1.154063 0.572348 -1.919473
v -1.099300 0.575180 -1.876091
v -1.049317 0.577767 -1.609399
v -1.142356 0.571738 -1.680721
v -1.123009 0.572617 -1.534706
v -1.198197 0.567833 -1.623292
v -1.138415 0.569859 -0.909868
v -1.097768 0.573077 -1.091089
v -1.229534 0.564031 -1.008951
v -1.245666 0.562565 -0.868196
v -1.264065 0.562364 -1.243533
v -1.247111 0.561783 -0.618828
v -1.175707 0.568038 -1.155946
v -1.199880 0.565181 -0.704650
v -1.241663 0.561725 -0.385731
v -1.090949 0.573456 -0.809376
v -1.032501 0.577959 -0.715281
v -1.016425 0.579240 -0.923200
v -0.999048 0.580493 -0.426713
v -1.082751 0.574029 -0.473330
v -1.147411 0.569061 -0.648045
v -1.103192 0.540324 0.384620
v -1.029654 0.535057 0.594869
v -1.185601 0.543383 0.254300
v -1.164107 0.543426 0.257155
v -1.221789 0.548652 0.051753
v -1.177359 0.549584 0.026455
v -1.082994 0.535095 0.582393
v -1.232772 0.529625 0.753837
v -1.179825 0.561762 -0.267569
v -1.100368 0.558112 -0.049842
v -1.053605 0.576125 -0.376639
v -1.016364 0.561695 0.012420
v -1.047047 0.562809 -0.065007
v -1.165271 0.555526 -0.102079
v -1.098216 0.555289 0.017511
v -0.997490 0.637575 0.167726
v -1.003663 0.565600 0.616611
v -1.002928 0.628816 0.401256
v -0.999056 0.555829 0.469730
v -1.002776 0.588323 0.515428
v -1.017080 0.692943 -0.221416
v -1.015018 0.708474 0.456994
v -1.013751 0.701853 0.357205
v -1.007220 0.593914 -1.159489
v -0.990598 0.584994 -0.704969
v -1.008130 0.608943 -1.192119
v -1.019262 0.706472 -0.901479
v -1.003029 0.654504 -0.605573
v -1.013347 0.693420 -1.039145
v -1.009701 0.673657 -0.635107
v -1.019821 0.641789 -1.824035
v -1.022558 0.680750 -2.141934
v -1.014655 0.674337 -1.440756
v -1.014307 0.671764 -1.410155
v -1.050061 0.429278 1.183840
v 1.354296 0.564911 -1.721894
v 1.313668 0.567874 -1.756404
v 1.266994 0.569613 -1.593822
v 1.265886 0.570015 -1.633811
v 1.339347 0.565889 -1.720974
v 1.184780 0.573826 -1.721916
v 1.270672 0.571286 -1.916593
v 1.135575 0.573245 -2.009024
v 1.277256 0.570502 -2.046863
v 1.136616 0.575908 -1.483871
v 1.133989 0.576416 -1.393659
v 1.350599 0.553380 -0.477283
v 1.262406 0.565878 -0.847539
v 1.249915 0.563153 -0.477728
v 1.281403 0.558831 -0.358697
v 1.299448 0.561065 -0.733019
v 1.338843 0.553406 -0.372585
v 1.170596 0.571725 -0.559988
v 1.197772 0.571376 -1.125997
v 1.177197 0.572696 -1.113808
v 1.146624 0.574760 -1.136113
v 1.285952 0.565614 -1.137883
v 1.147935 0.573727 -0.758210
v 1.117232 0.576255 -0.962436
v 1.112753 0.605912 -1.649397
v 1.110740 0.585180 -2.067273
v 1.112752 0.603642 -1.662567
v 1.107512 0.690759 -1.977959
v 1.112966 0.661077 -1.592181
v 1.114526 0.600561 -1.435552
v 1.118129 0.650639 -0.944713
v 1.117594 0.575446 -0.627538
v 1.117653 0.610328 -0.863416
v 1.117264 0.598178 -0.954477
v 1.119977 0.673835 -0.404413
v 1.119321 0.678168 -0.683473
v 1.119939 0.674524 -0.423533
v 1.120310 0.693852 -0.426414
v 1.225703 0.543581 0.288448
v 1.222810 0.540473 0.380610
v 1.191282 0.536034 0.568913
v 1.298793 0.526914 0.599299
v 1.272473 0.545504 0.138382
v 1.201020 0.543032 0.354761
v 1.195287 0.564438 -0.232274
v 1.184950 0.553893 0.084184
v 1.109802 0.557092 0.149533
v 1.251997 0.555414 -0.096587
v 1.161744 0.547239 0.318257
v 1.137542 0.569466 -0.253984
v 1.112483 0.600164 0.005467
v 1.114058 0.649353 -0.030232
v 1.112009 0.569079 -0.002864
v 1.115242 0.690778 0.715043
v 1.113961 0.674661 0.627191
v 1.115451 0.682210 0.393007
v 1.106313 0.596203 0.635519
v 1.115634 0.670810 -0.006446
v 1.329703 0.511914 0.834980
v 1.280768 0.503296 0.867100
v 1.144688 0.534458 0.661862
v 1.099598 0.535652 0.643259
v -0.583718 0.180855 1.231904
v -1.140337 -0.169162 -0.650038
v -1.144390 -0.161492 -0.595228
v -1.180547 -0.153983 -0.793842
v -1.182118 -0.176620 -1.061659
v -1.056961 -0.338879 -1.912189
v -1.177099 -0.143302 -0.646263
v -1.064764 -0.310804 -1.656455
v -1.131057 -0.208606 -1.022509
v -1.100901 -0.252803 -1.285020
v -1.065850 -0.337313 -1.964986
v -1.218913 -0.230554 -2.051673
v -1.147075 -0.280550 -2.009463
v -1.092815 -0.325066 -2.070940
v -1.075986 -0.156717 0.157655
v -1.033432 -0.165956 0.578168
v -1.002193 -0.177129 0.741565
v -1.014707 -0.174156 0.626364
v -0.926815 -0.206578 1.053416
v -1.093874 -0.133734 0.613023
v -0.993293 -0.288372 -0.702214
v -1.015160 -0.292921 -0.972941
v -1.067163 -0.233855 -0.744598
v -1.150422 -0.138023 -0.363226
v -0.962025 -0.300199 -0.543876
v -0.934021 -0.272215 0.079403
v -0.998942 -0.390504 -2.032141
v -0.974961 -0.278350 -0.397753
v -0.948512 -0.324023 -0.708983
v -1.033995 -0.251109 -0.635409
v -1.064115 -0.276722 -1.249783
v -0.994955 -0.398586 -2.094002
v -1.075195 -0.270680 -1.282781
v -1.081432 -0.200258 -0.464907
v -1.082773 -0.207459 -0.567901
v -1.031739 -0.308572 -1.330496
v -1.054189 -0.265681 -1.014852
v -1.087609 -0.218028 -0.747123
v -1.013787 -0.234617 -0.231845
v -0.996110 -0.343577 -1.418753
v -1.005201 -0.294703 -0.897741
v -1.001589 -0.304797 -0.988367
v -0.976948 -0.345063 -1.249814
v -0.969525 -0.324155 -0.916233
v 1.212265 -0.170495 -0.895608
v 1.171557 -0.238511 -1.524630
v 1.186851 -0.184377 -0.770745
v 1.111590 -0.316384 -2.047033
v 1.171133 -0.234445 -1.444737
v 1.148036 -0.254936 -1.473862
v 1.166002 -0.226865 -1.231503
v 1.258144 -0.151898 -1.238097
v 1.229100 -0.176537 -1.254283
v 1.168984 -0.233647 -1.398470
v 1.211763 -0.208623 -1.578659
v 1.123579 -0.332282 -2.163548
v 1.128199 -0.322865 -2.122124
v 1.204424 -0.227813 -1.772760
v 1.136523 -0.178008 0.369341
v 1.064938 -0.354258 -2.014623
v 1.067855 -0.242398 0.389812
v 1.099176 -0.274023 -0.963955
v 1.178829 -0.140341 0.312597
v 1.119044 -0.226640 -0.336105
v 1.104626 -0.238244 -0.289592
v 1.155268 -0.144329 0.718701
v 1.131069 -0.197233 0.059957
v 1.068053 -0.227074 0.723437
v 1.091822 -0.296546 -1.306217
v 1.079024 -0.214917 0.761368
v 1.179181 -0.137472 0.368444
v 1.078694 -0.275607 -0.569438
v 1.079907 -0.239223 0.207108
v 1.103737 -0.188849 0.817819
v 1.179809 -0.157474 -0.069713
v 1.182384 -0.148356 0.073504
v 1.192277 -0.131080 0.248433
v 1.129118 -0.265567 -1.379798
v 1.157101 -0.206243 -0.663931
v 1.194816 -0.159532 -0.401988
v 1.156050 -0.198341 -0.476626
v 1.129098 -0.260027 -1.262261
v 1.111005 -0.173060 1.011435
v -0.835798 0.603994 1.409684
v 0.891810 0.468094 1.302566
v 0.944285 0.478640 1.307058
v 0.988565 0.662508 1.442489
v 1.073060 0.697132 1.433867
v -0.989023 0.599990 1.344949
v -0.977975 0.444775 1.114336
v 1.071504 0.542355 1.251862
v -0.989436 0.505791 1.160606
v -0.985103 0.471613 1.049372
v 1.075395 0.533255 1.173668
v 1.091119 0.622253 1.149308
v -0.905016 0.356177 1.219176
v -0.926790 0.584832 1.386936
v -0.953900 0.418566 1.227204
v -1.395751 0.712838 0.680758
v -1.418365 0.712571 0.759457
v -1.384731 0.714157 1.331164
v -1.395981 0.711998 0.844115
v 0.401081 -0.008390 1.248562
v 0.880295 0.351310 1.224629
v 0.147394 0.289230 1.242491
v 0.412715 0.211657 1.238831
v 0.309642 0.338425 1.236970
v 0.503601 0.300063 1.233671
v 0.073950 0.286273 1.244334
v 0.650214 0.296164 1.230325
v 0.165345 0.071101 1.249475
v 0.393787 0.140002 1.241714
v 0.413909 0.133919 1.241443
v 0.174003 0.095780 1.248431
v 0.162897 0.055389 1.250067
v 0.529978 0.331135 1.231990
v 1.091030 0.552043 0.830133
v 1.100122 0.564110 0.689975
v 1.078477 0.523943 1.045501
v 1.101732 0.637598 0.872491
v 1.079967 0.525821 1.004395
v 1.285606 0.705467 0.894656
v 1.164118 0.700117 1.096394
v 1.284449 0.706679 0.836392
v 1.111650 0.700406 1.059598
v 1.457377 0.712978 0.611977
v 1.439683 0.712237 1.286175
v 1.322408 0.707059 1.261581
v 1.435424 0.711842 0.853763
v 1.371272 0.709102 1.032937
v 1.485510 0.714292 1.363613
v 1.398635 0.710409 1.245225
v 1.203115 0.701730 1.105113
v 1.412228 0.710814 0.841310
v 1.333633 0.707492 1.132012
v 1.435007 0.712612 1.447422
v 1.367623 0.715382 1.752260
v 1.435026 0.714885 1.607683
v 1.414020 0.715028 1.674980
v 1.426437 0.714920 1.677159
v -1.221714 0.712589 1.542314
v -1.173145 0.712371 1.423817
v -0.966554 0.698407 1.488431
v -0.884554 0.700208 1.520797
v -0.135578 0.713197 1.829795
v -0.486438 0.707572 1.693633
v -1.135246 0.710612 1.767148
v -0.805868 0.699998 1.510339
v -0.359336 0.707839 1.700111
v -0.644037 0.712008 1.800975
v -0.835544 0.703081 1.584935
v -0.798670 0.703164 1.586938
v -1.033903 0.712652 1.816544
v -0.269559 0.713003 1.825078
v -1.153742 0.709019 1.728621
v -0.390442 0.714498 1.861241
v -1.056334 0.707069 1.681416
v -0.171210 0.700101 1.515406
v -0.332335 0.705996 1.656041
v -0.298467 0.698887 1.485726
v -0.481595 0.698906 1.485356
v -0.572116 0.698825 1.483015
v -0.415017 0.702066 1.561432
v -0.120168 0.708171 1.709146
v -0.138712 0.705315 1.640563
v -0.988403 0.494608 0.948892
v -1.013551 0.621128 1.087646
v -1.002593 0.569425 1.009139
v -0.998840 0.578243 0.834056
v -1.023371 0.678719 1.095140
v -0.845404 -0.016447 1.185382
v -0.219538 -0.131710 1.237452
v -0.628441 0.014646 1.210968
v -0.760618 -0.005041 1.195302
v -0.850295 -0.103157 1.175684
v -0.809067 0.122728 1.203876
v -0.696723 0.100776 1.213089
v -0.582637 0.130110 1.227919
v -0.558236 0.084690 1.225609
v -0.836910 -0.088866 1.178575
v -0.843934 -0.024177 1.184714
v -0.682086 -0.154430 1.187526
v -0.567464 0.133418 1.229829
v -0.598919 -0.133189 1.198322
v -0.047428 -0.123537 1.254206
v -0.057217 0.241273 1.243343
v 0.023056 0.102932 1.249656
v -0.135826 0.204150 1.242167
v 0.005669 0.128180 1.248425
v -0.165808 0.269124 1.239423
v -0.016071 0.123164 1.247948
v -0.043889 0.187536 1.245283
v -0.138936 0.230107 1.241325
v -0.631614 0.303915 1.225064
v -0.015499 0.119615 1.248067
v -0.373703 0.096127 1.238483
v -1.008326 0.438373 1.106387
v -1.204428 0.493617 1.168333
v -1.240838 0.513119 1.002810
v -1.212847 0.504470 1.048233
v -1.002833 0.527538 0.715584
v -1.014291 0.479416 0.949385
v 0.303898 0.710821 1.657892
v 0.307313 0.706900 1.569251
v 0.058393 0.712359 1.782147
v 0.071300 0.713065 1.793170
v 0.122268 0.711137 1.731495
v 0.344862 0.710826 1.642997
v 0.470360 0.705896 1.487126
v 0.535039 0.712369 1.607712
v 0.972509 0.714170 1.791835
v 0.328048 0.714273 1.813636
v 0.792167 0.712988 1.542151
v 0.959350 0.714497 1.861012
v 0.293911 0.714231 1.804679
v 0.589046 0.713766 1.706414
v 0.684380 0.713317 1.611735
v 0.831589 0.713740 1.700923
v 0.797482 0.713657 1.683567
v 0.903501 0.713008 1.546413
v 0.561868 0.714055 1.767516
v 1.044102 0.714261 1.811212
v 0.393338 0.714332 1.826006
v 0.693632 0.713215 1.590003
v 0.052546 0.358798 1.254036
v 0.112148 0.596622 1.413879
v 0.053955 0.440838 1.309878
v 0.255979 0.547636 1.375231
v 0.567258 0.428281 1.282500
v 0.228704 0.376502 1.259638
v 0.060563 0.529842 1.370274
v 0.334082 0.480059 1.326327
v 0.121064 0.566684 1.393155
v 0.620655 0.500247 1.331490
v 0.561123 0.520118 1.346983
v 0.614498 0.479513 1.316488
v 0.277438 0.641450 1.440225
v 0.810760 0.541307 1.358165
v 0.422746 0.676465 1.463260
v 0.869027 0.393468 1.249454
v 0.632408 0.564014 1.377751
v 0.516564 0.526421 1.352335
v 0.642923 0.509382 1.337766
v -0.516733 0.680087 1.467952
v -0.496791 0.516878 1.345618
v -0.688687 0.522571 1.348522
v -0.319143 0.674102 1.464869
v -0.736912 0.522982 1.348487
v -0.685130 0.485344 1.320611
v -0.165367 0.674688 1.466406
v -0.437386 0.641933 1.439886
v -0.491375 0.553986 1.373503
v -0.728817 0.657476 1.449471
v -0.323895 0.454632 1.306432
v -0.017174 0.647412 1.448798
v -0.023943 0.636796 1.441326
v -0.084055 0.485960 1.336475
v -0.437515 0.431374 1.286472
v -0.211588 0.512481 1.349890
v -0.742508 0.358453 1.225750
v -0.200677 0.509595 1.348322
v -0.221164 0.535768 1.365392
v -1.325351 0.681819 -2.655652
v -1.358564 -0.004558 0.983494
v -1.361757 0.013619 0.971667
v -1.400453 0.235366 0.693141
v -1.395168 0.202539 0.977130
v -1.378587 0.108557 0.996292
v -1.381011 0.124421 0.788598
v -1.375199 0.087668 0.751249
v -1.399400 0.202755 0.470429
v -1.363591 0.020429 0.854448
v -1.366054 -0.017783 0.695247
v -1.384712 0.058102 0.445162
v 0.180049 0.715470 4.293799
v 0.197183 0.715769 4.308003
v 0.195548 0.715880 4.186754
v -0.275763 0.714531 2.579497
v -0.168901 0.714514 2.209309
v -0.086255 0.714526 2.475549
v -0.320795 0.714520 2.329410
v -0.060274 0.714515 2.225313
v -0.499144 0.714509 2.080873
v -0.454638 0.714500 1.878919
v -0.213590 0.714523 2.404570
v 0.022217 0.714539 2.757887
v -0.327906 0.714501 1.916198
v -0.625062 0.714501 1.900399
v -0.417914 0.714526 2.467674
v -0.497711 0.714501 1.906609
v -0.094813 0.714505 1.991171
v -0.042585 0.714499 1.865164
v -0.089129 0.714518 2.297701
v -0.657549 0.714512 2.157114
v -0.760877 0.714508 2.061243
v -0.305631 0.714504 1.969756
v -0.102244 0.714537 2.710612
v -0.958078 0.714506 2.024625
v -0.745388 0.714508 2.061624
v -0.574573 0.714523 2.395787
v -0.965117 0.714501 1.902551
v -0.810273 0.714512 2.165709
v -0.523067 0.714507 2.040996
v -0.841818 0.714507 2.034683
v -1.213024 0.714503 1.958174
v -0.181953 0.714506 2.028779
v -0.565225 0.714522 2.379668
v -0.563579 0.714522 2.374816
v -0.422154 0.714507 2.049993
v -0.153946 0.714529 2.523364
v -1.202256 0.714504 2.236742
v -0.993402 0.714511 2.170285
v -1.188265 0.714504 2.135920
v -1.082814 0.714508 2.180197
v -0.957929 0.714511 2.388357
v -1.023885 0.714510 2.161121
v -0.765672 0.714518 2.404557
v -0.697155 0.714520 2.507903
v -0.331835 0.714532 2.624588
v -0.296111 0.714533 2.692176
v -0.484012 0.714527 2.574321
v -1.327242 0.714500 2.101484
v -0.718290 0.714519 2.441108
v -1.273329 0.714499 2.604388
v -0.920642 0.714512 2.512007
v -0.916984 0.714512 2.499669
v -1.260228 0.714500 2.605386
v -1.201105 0.714503 2.366618
v -1.313482 0.714500 2.297204
v -1.083528 0.714506 2.571913
v -1.276147 0.714500 2.477807
v -1.233132 0.714502 2.328509
v -1.142368 0.714504 2.608233
v -0.683463 0.714520 2.650988
v -1.150082 0.714503 2.642093
v -1.246518 0.714499 2.762446
v -0.538033 0.714523 2.839901
v -0.810417 0.714512 2.952425
v -0.890861 0.714509 2.986489
v -0.828907 0.714513 2.782678
v -0.867479 0.714510 2.954731
v -0.024219 0.714541 2.846512
v -0.696787 0.714517 2.907638
v -0.448643 0.714526 2.860033
v -1.236068 0.714499 2.748731
v -0.667038 0.714520 2.746543
v -1.228931 0.714499 2.764622
v -0.725847 0.714515 2.978239
v -1.084057 0.714499 3.214222
v -0.769900 0.714512 3.088264
v -0.775780 0.714511 3.093708
v -0.667409 0.714516 3.017876
v -0.549085 0.714521 2.951917
v -0.562198 0.714520 2.987683
v -0.453073 0.714522 3.121248
v -0.942271 0.714501 3.381709
v -0.219043 0.714533 2.967757
v -0.966365 0.714501 3.360875
v -0.402526 0.714524 3.096305
v -0.692736 0.714512 3.260545
v -0.915206 0.714504 3.241601
v -0.879857 0.714503 3.418073
v -0.934483 0.714500 3.470776
v -0.352156 0.714526 3.119070
v -0.310619 0.714527 3.100197
v -0.504827 0.714520 3.172390
v -0.692077 0.714507 3.516330
v -0.805597 0.714502 3.619950
v -0.684455 0.714508 3.489233
v -0.085328 0.714537 2.978331
v -0.871020 0.714499 3.643199
v -0.392603 0.714521 3.322286
v -0.754841 0.714501 3.737023
v -0.563808 0.714509 3.636381
v -0.500182 0.714513 3.540432
v -0.489788 0.714515 3.428561
v -0.052170 0.714538 2.987863
v -0.704827 0.714500 3.860778
v -0.175755 0.714531 3.133693
v -0.421368 0.714515 3.546442
v -0.233301 0.714524 3.357883
v -0.651741 0.714500 3.940660
v -0.478150 0.714507 3.837676
v -0.194931 0.714526 3.324157
v -0.247640 0.714525 3.328212
v -0.468040 0.714504 3.962265
v -0.184108 0.714526 3.333300
v -0.335547 0.714513 3.714862
v -0.279729 0.714512 3.822807
v -0.265086 0.714516 3.659559
v -0.238108 0.714518 3.610238
v -0.195503 0.714520 3.580797
v -0.140523 0.714524 3.476811
v -0.223841 0.714511 3.877100
v -0.312639 0.714503 4.122312
v -0.259649 0.714511 3.856381
v -0.237593 0.714500 4.302975
v -0.039799 0.714531 3.269733
v -0.239971 0.714505 4.103460
v -0.029195 0.714529 3.352009
v 0.014024 0.714538 3.029479
v -0.111935 0.714502 4.268196
v -0.082614 0.714517 3.731947
v -0.083018 0.714507 4.117632
v -0.136529 0.714507 4.089905
v 0.028878 0.714529 3.346250
v 0.015173 0.714500 4.358800
v -0.000918 0.714511 3.991774
v 0.034557 0.714510 4.039484
v 0.091217 0.714505 4.199983
v 0.096595 0.714512 3.969079
v 0.081765 0.714522 3.605987
v 0.046480 0.714538 3.051039
v 0.228630 0.715970 4.300063
v 0.234127 0.715874 4.272824
v 0.180670 0.715483 3.870151
v 0.254027 0.715318 4.066701
v 0.215412 0.715210 3.598684
v 0.178063 0.714993 3.570870
v 0.207943 0.715130 3.655215
v 0.291711 0.715492 3.934302
v 0.353564 0.714935 3.939163
v 0.147816 0.714684 3.229538
v 0.134535 0.714534 3.151887
v 0.268251 0.714521 3.555757
v 0.403755 0.714512 3.771974
v 0.422791 0.714510 3.849607
v 0.521333 0.714501 4.093181
v 0.386555 0.714515 3.684785
v 0.272202 0.714525 3.364850
v 0.319176 0.714525 3.320915
v 0.644089 0.714502 3.957014
v 0.437725 0.714513 3.690977
v 0.179347 0.714533 3.134329
v 0.568645 0.714508 3.765898
v 0.135971 0.714538 2.991363
v 0.398009 0.714521 3.386905
v 0.727423 0.714503 3.790433
v 0.618509 0.714512 3.527180
v 0.547092 0.714517 3.415666
v 0.672411 0.714507 3.685989
v 0.523715 0.714516 3.454645
v 0.390418 0.714526 3.180526
v 0.750870 0.714509 3.455263
v 0.773123 0.714507 3.561236
v 0.634504 0.714515 3.348746
v 0.675499 0.714510 3.537205
v 0.912071 0.714504 3.434087
v 0.687478 0.714514 3.313368
v 0.993952 0.714501 3.466936
v 0.674198 0.714514 3.311724
v 0.836273 0.714508 3.352124
v 0.195815 0.714537 2.913890
v 0.628915 0.714519 3.114439
v 0.778589 0.714513 3.168358
v 0.234958 0.714535 2.967033
v 0.888838 0.714508 3.218807
v 0.442077 0.714526 3.077438
v 0.885347 0.714507 3.301869
v 0.417411 0.714529 2.956788
v 0.997839 0.714505 3.159561
v 1.143108 0.714500 3.184086
v 0.178049 0.714538 2.883253
v 0.838700 0.714512 3.065421
v 0.740902 0.714516 3.035530
v 0.826475 0.714513 3.062985
v 0.699128 0.714520 2.883691
v 1.140585 0.714504 2.867641
v 0.985950 0.714509 2.893587
v 0.852835 0.714514 2.898028
v 0.789749 0.714517 2.839387
v 0.902295 0.714512 2.880122
v 1.146166 0.714505 2.746356
v 1.153694 0.714503 2.865376
v 0.282572 0.714535 2.866347
v 1.104234 0.714504 2.992703
v 0.963297 0.714511 2.799190
v 1.016992 0.714509 2.821878
v 1.266530 0.714503 2.544936
v 1.303242 0.714502 2.519251
v 1.071114 0.714509 2.640093
v 0.749357 0.714520 2.582210
v 1.094867 0.714508 2.648256
v 1.420283 0.714499 2.281387
v 1.335285 0.714500 2.557716
v 0.662275 0.714523 2.693411
v 1.346385 0.714501 2.430152
v 1.372002 0.714500 2.422843
v 0.506788 0.714528 2.715487
v 0.623459 0.714524 2.696583
v 0.859696 0.714517 2.461857
v 1.114296 0.714509 2.338489
v 1.143853 0.714509 2.213509
v 0.476737 0.714530 2.592067
v 1.331731 0.714503 2.156713
v 0.674980 0.714523 2.454275
v 1.319525 0.714503 2.163944
v 1.157254 0.714508 2.230200
v 1.177744 0.714507 2.264788
v 0.919962 0.714516 2.370137
v 0.876545 0.714517 2.308490
v 1.150686 0.714509 2.146938
v 0.905654 0.714516 2.283559
v 0.531607 0.714520 2.338683
v 0.576258 0.714525 2.439870
v 0.389165 0.714515 2.212337
v 0.108472 0.714540 2.774454
v 0.055101 0.714539 2.763934
v 0.956858 0.714504 1.964576
v 0.344572 0.714530 2.558321
v 0.471203 0.714503 1.941618
v 0.143802 0.714536 2.689439
v 0.362592 0.714520 2.320021
v 0.681467 0.714506 2.022122
v 0.477235 0.714512 2.148296
v 0.810996 0.714502 1.919007
v 0.603934 0.714513 2.180239
v 0.477496 0.714525 2.446274
v 0.828080 0.714508 2.073692
v 0.318991 0.714523 2.393827
v 0.167595 0.714524 2.418646
v 0.198695 0.714532 2.594916
v 0.220540 0.714535 2.670132
v 0.319808 0.714518 2.282134
v 0.027265 0.714508 2.054718
v 0.255599 0.714533 2.629414
v 0.556331 0.714505 2.004918
v 0.113083 0.714520 2.335458
v 0.159911 0.714501 1.900017
v 0.344724 0.714509 2.079011
v 0.663896 0.714514 2.190436
v 0.199283 0.714526 2.456342
v 0.431767 0.714515 2.219735
v 0.425315 0.714503 1.957845
v 0.293898 0.714501 1.914232
v 0.014414 0.714518 2.277458
v 0.551198 0.714509 2.096604
v 0.314571 0.714510 2.103152
v 0.730662 0.714507 2.036720
v 0.690601 0.714501 1.910192
v -1.326723 0.477017 -2.388824
v -1.327540 0.368465 -2.416473
v -1.332026 0.356128 -2.182819
v -1.331640 0.355416 -2.205150
v -1.330904 0.517519 -2.195311
v -1.312701 -0.069506 -2.792193
v -1.331870 0.007369 -2.611410
v -1.330097 0.053721 -2.699549
v -1.331208 0.148857 -2.426945
v -1.331653 0.069025 -2.524211
v 1.395648 0.708101 -2.197917
v 0.934295 0.705869 -2.491598
v 0.836119 0.706474 -2.474756
v 1.420712 0.341401 -2.160427
v 1.423034 0.331907 -2.017530
v 1.421063 0.381450 -2.190119
v 1.414493 0.428970 -2.392466
v 1.414214 0.327008 -2.595015
v 1.414550 0.333236 -2.516398
v 0.066809 0.728580 1.891944
v 0.654348 -0.236655 0.555050
v 0.744032 -0.225837 0.523265
v 0.598095 -0.217869 0.432965
v 0.727567 -0.217868 0.500396
v 0.645501 -0.217868 0.239886
v 0.500731 -0.217869 0.332761
v 0.522270 -0.247458 0.556014
v 0.587592 0.093922 0.373226
v 0.611046 -0.098083 0.435754
v 0.607421 0.079389 0.365944
v -0.630467 -0.235971 0.554366
v -0.521255 -0.217986 0.536382
v -0.741364 -0.236418 0.432110
v -0.725000 -0.220054 0.239347
v -0.434607 -0.275737 0.209343
v -0.670839 -0.217869 0.524532
v -0.468060 -0.217869 0.323423
v -0.720805 -0.217869 0.340600
v -0.707100 -0.217869 0.460772
v -0.742564 -0.242818 0.374693
v -0.616883 0.090299 0.397632
v -0.555046 -0.098417 0.422132
v -0.567710 -0.146318 0.369744
v -0.588928 -0.033583 0.367533
v -0.587599 0.085167 0.367177
v 0.955186 0.689583 0.116876
v 0.955223 0.603377 0.076905
v 0.948936 0.263166 0.151113
v 0.843250 0.454418 0.104900
v 0.479130 0.546955 0.082540
v 0.743139 0.345046 0.131328
v 0.853094 0.512784 0.090797
v 0.543811 0.535528 0.085302
v 0.530009 0.668662 0.053132
v 0.928881 0.426222 0.111713
v 0.584946 0.427586 0.111384
v 0.918873 0.314479 0.138714
v 0.639439 0.438779 0.108679
v 0.307909 0.638236 0.060484
v 0.376361 0.526082 0.087584
v 0.754004 0.197373 0.167010
v 0.515022 0.272258 0.148916
v 0.779799 0.134767 0.182138
v 0.261424 0.646178 0.058565
v 0.538340 0.328448 0.135338
v 0.375874 0.319752 0.137440
v 0.310771 0.538227 0.084649
v 0.288500 0.554283 0.080770
v 0.534693 0.343345 0.131739
v 0.261543 0.203139 0.186075
v 0.261310 0.651327 0.094058
v 0.479994 0.404499 0.187037
v 0.346713 0.279931 0.215156
v 0.449242 0.465455 0.173277
v 0.443261 0.364119 0.196152
v 0.732469 0.688486 0.122931
v 0.345966 0.340617 0.201457
v 0.566758 0.589979 0.145167
v 0.746270 0.568281 0.150065
v 0.597274 0.586298 0.145998
v 0.814323 0.303008 0.209947
v 0.782979 0.381133 0.192311
v 0.840512 0.195954 0.234113
v 0.915807 0.240737 0.224003
v 0.854747 0.506174 0.164085
v 0.725438 0.238564 0.224494
v 0.920557 0.665312 0.128162
v 0.308887 0.194096 0.234532
v 0.828465 0.568476 0.150021
v 0.599970 0.703887 0.100229
v 0.675813 0.696937 0.078229
v 0.839850 0.691794 0.061947
v 0.955467 0.136439 0.639269
v 0.546878 0.167779 0.884376
v 0.531495 0.175089 0.681724
v 0.936808 0.170990 0.795343
v 0.496794 0.169742 0.829967
v 0.611471 0.173653 0.721522
v 0.517862 0.169865 0.826554
v 0.930355 0.177006 0.628563
v 0.897896 0.185742 0.386359
v 0.757079 0.167324 0.897005
v 0.407358 0.168336 0.868946
v 0.669626 0.180065 0.543751
v 0.414704 0.167383 0.895367
v 0.648208 0.185458 0.394239
v 0.610145 0.180430 0.533637
v 0.403550 0.172217 0.761336
v 0.691058 0.187566 0.335784
v 0.445252 0.179307 0.564775
v 0.276575 0.169727 0.830370
v 0.560983 0.184371 0.424364
v 0.820461 0.189373 0.285689
v 0.554353 0.181144 0.513844
v 0.643836 0.186329 0.370101
v 0.386546 0.191022 0.239965
v 0.319430 0.187102 0.348651
v 0.261575 0.134993 0.812377
v 0.261575 0.121066 0.558023
v 0.295195 0.118193 0.816551
v 0.277097 0.118193 0.435990
v 0.290173 0.118193 0.857826
v 0.761390 0.118193 0.730789
v 0.406851 0.118193 0.472353
v 0.698259 0.118193 0.906745
v 0.754244 0.118193 0.779618
v 0.523113 0.118193 0.504161
v 0.428660 0.118193 0.659827
v 0.674970 0.118193 0.666994
v 0.427890 0.118193 0.446266
v 0.278740 0.118193 0.903475
v 0.477498 0.118193 0.399618
v 0.842654 0.118193 0.743343
v 0.754630 0.118193 0.593771
v 0.541628 0.118193 0.257204
v 0.954283 0.118193 0.520083
v 0.526016 0.118193 0.235573
v 0.901965 0.118193 0.290237
v 0.869051 0.118193 0.670988
v 0.807322 0.118193 0.196739
v 0.794925 0.118193 0.684674
v 0.938877 0.118193 0.657972
v 0.904546 0.118193 0.841167
v 0.683937 0.118193 0.299587
v 0.437216 0.149931 0.909898
v 0.782232 0.673417 0.047457
v 0.759715 0.644194 0.039851
v 0.495344 0.642696 0.042540
v 0.300947 0.573869 0.094001
v 0.330974 0.302817 0.124979
v 0.298516 0.107901 0.214920
v 0.301387 0.100328 0.315160
v 0.343115 0.106407 0.545698
v 0.925438 0.476478 0.096908
v 0.921621 0.403064 0.102464
v 0.890662 0.571768 0.065254
v 0.926223 0.101212 0.220883
v -0.252750 0.572297 0.127637
v -0.252593 0.294345 0.194782
v -0.491280 0.378995 0.123125
v -0.278702 0.148480 0.178825
v -0.305208 0.366380 0.126173
v -0.909126 0.657534 0.055821
v -0.770400 0.601055 0.069468
v -0.672645 0.517540 0.089648
v -0.329613 0.471328 0.100814
v -0.302263 0.290642 0.144474
v -0.327827 0.291761 0.144203
v -0.623496 0.605047 0.068504
v -0.572709 0.283903 0.146102
v -0.373756 0.122333 0.185142
v -0.768677 0.283373 0.146230
v -0.636128 0.211010 0.163715
v -0.617548 0.403046 0.117313
v -0.851312 0.424836 0.112048
v -0.658871 0.381197 0.122593
v -0.679275 0.340853 0.132341
v -0.926682 0.208596 0.164299
v -0.585412 0.351277 0.129822
v -0.946492 0.276536 0.171063
v -0.946633 0.560561 0.148311
v -0.533432 0.617149 0.139034
v -0.384841 0.696740 0.121067
v -0.721170 0.607181 0.141284
v -0.827223 0.620742 0.138223
v -0.576516 0.671832 0.126690
v -0.605237 0.558706 0.152227
v -0.778856 0.689789 0.122636
v -0.864680 0.667790 0.127602
v -0.684026 0.452923 0.176106
v -0.568454 0.272508 0.216832
v -0.588699 0.259487 0.219771
v -0.434960 0.547556 0.154744
v -0.777137 0.295550 0.211630
v -0.582128 0.324862 0.205013
v -0.833255 0.239734 0.224230
v -0.912829 0.205860 0.231877
v -0.319272 0.273613 0.216582
v -0.810843 0.222865 0.228038
v -0.808463 0.708762 0.115660
v -0.380985 0.697359 0.079564
v -0.252532 0.124129 0.553972
v -0.252532 0.135896 0.246483
v -0.252532 0.149770 0.634081
v -0.393069 0.179461 0.560508
v -0.624447 0.174285 0.704007
v -0.400204 0.177032 0.627832
v -0.304526 0.179202 0.567683
v -0.573019 0.169729 0.830303
v -0.403953 0.172812 0.744838
v -0.558872 0.170944 0.796625
v -0.387395 0.186157 0.374849
v -0.486076 0.179625 0.555953
v -0.284768 0.183186 0.457232
v -0.288079 0.178579 0.584961
v -0.445917 0.170391 0.811965
v -0.784356 0.185759 0.385876
v -0.878750 0.178774 0.579530
v -0.780960 0.184220 0.428561
v -0.812235 0.180866 0.521553
v -0.693114 0.190164 0.263770
v -0.710539 0.190006 0.268154
v -0.597123 0.188718 0.303851
v -0.341729 0.190114 0.265146
v -0.866014 0.171465 0.782177
v -0.591573 0.183314 0.453678
v -0.454351 0.184700 0.415241
v -0.690729 0.177890 0.604045
v -0.946424 0.169182 0.638126
v -0.946424 0.144321 0.413628
v -0.635090 0.118193 0.793983
v -0.477496 0.118193 0.726515
v -0.601776 0.118193 0.577185
v -0.810664 0.118193 0.523354
v -0.858513 0.118193 0.497814
v -0.922916 0.118193 0.229590
v -0.831161 0.118193 0.908649
v -0.727358 0.118193 0.621890
v -0.917918 0.118193 0.317704
v -0.888958 0.118193 0.718462
v -0.707099 0.118193 0.791863
v -0.383523 0.118193 0.890654
v -0.289309 0.118193 0.214339
v -0.660815 0.118193 0.422571
v -0.257827 0.118193 0.417751
v -0.369147 0.118193 0.678379
v -0.405082 0.118193 0.653428
v -0.445032 0.118193 0.533434
v -0.520267 0.118193 0.374659
v -0.822812 0.118193 0.200816
v -0.762367 0.118193 0.212435
v -0.581390 0.118193 0.260673
v -0.584826 0.118193 0.286684
v -0.617287 0.118193 0.239009
v -0.781891 0.134057 0.909898
v -0.619453 0.163897 0.909898
v -0.787626 0.642531 0.042836
v -0.385579 0.640150 0.050227
v -0.879783 0.097338 0.554524
v -0.870198 0.102361 0.284431
v -0.304496 0.634104 0.039488
v -0.282757 0.578902 0.077770
v -0.307002 0.426469 0.091589
v -0.279871 0.102315 0.399033
v 1.039192 0.670168 -2.090812
v 1.039256 0.559038 -2.054604
v 0.811252 0.466063 -2.048251
v 0.868584 0.525403 -2.062589
v 0.335774 0.595043 -2.079417
v 0.075572 0.425957 -2.038560
v 0.535596 0.624615 -2.086562
v 0.161398 0.478103 -2.051160
v 0.990542 0.386496 -2.029025
v 0.159093 0.655752 -2.094086
v 0.790286 0.328888 -2.015105
v 1.002059 0.192242 -1.982087
v 0.928795 0.321099 -2.013223
v 0.689009 0.316024 -2.011997
v -0.245994 0.524061 -2.062265
v 0.045524 0.612373 -2.083604
v 0.032494 0.580810 -2.075977
v -0.046210 0.540861 -2.066325
v 0.487089 0.510742 -2.059047
v 0.866882 0.336257 -2.016886
v 0.699603 0.429759 -2.039479
v 0.635170 0.649253 -2.092515
v 0.865109 0.385447 -2.028772
v -0.533001 0.623175 -2.086214
v 0.372880 0.371143 -2.025316
v -0.096885 0.493039 -2.054769
v 0.433089 0.405738 -2.033674
v -0.456651 0.591078 -2.078459
v 0.715104 0.598250 -2.080191
v -0.007067 0.498491 -2.056087
v 0.342278 0.462257 -2.047332
v -0.753793 0.538260 -2.065696
v -0.839975 0.118999 -1.964390
v -0.382455 0.292978 -2.006428
v -0.771764 0.443588 -2.042820
v -0.879839 0.548278 -2.068117
v -0.883140 0.612068 -2.083530
v -0.077325 0.181431 -1.979475
v -0.300930 0.457764 -2.046246
v 0.884864 0.140386 -1.969557
v -0.346099 0.348976 -2.019959
v 0.022353 0.370861 -2.025247
v -0.264906 0.142529 -1.970075
v 0.323272 0.317296 -2.012304
v -0.228915 0.202714 -1.984618
v -0.204463 0.240387 -1.993721
v -0.907988 0.610984 -2.083269
v -0.873301 0.255744 -1.997431
v 0.761568 0.159368 -1.974144
v -0.639292 0.128516 -1.966689
v 0.110959 0.362540 -2.023237
v -0.729201 0.297699 -2.007569
v 0.596534 0.188403 -1.981160
v -0.405692 0.295686 -2.007083
v -0.480731 0.468754 -2.048901
v -0.524244 0.123790 -1.965547
v -0.404635 0.464363 -2.047840
v -0.492849 0.145642 -1.970827
v -0.303908 0.499317 -2.056286
v -0.678037 0.540038 -2.066126
v -0.946483 0.275223 -1.963084
v -0.946689 0.644930 -2.077245
v -0.398976 0.460987 -1.976052
v 0.288353 0.708686 -2.031967
v -0.736449 0.501736 -1.985251
v -0.653938 0.482402 -1.980886
v -0.414888 0.449545 -1.973469
v -0.117611 0.441492 -1.971652
v -0.595734 0.497962 -1.984399
v 0.133708 0.603806 -2.008292
v -0.215515 0.561036 -1.998637
v -0.081420 0.588703 -2.004883
v -0.664748 0.486074 -1.981715
v 0.041095 0.618075 -2.011513
v -0.797909 0.523030 -1.990058
v -0.845172 0.270724 -1.933103
v 0.093407 0.657416 -2.020393
v -0.507719 0.703540 -2.030805
v 0.147955 0.571490 -2.000997
v 0.702886 0.651229 -2.018997
v -0.053079 0.616483 -2.011153
v -0.761053 0.690232 -2.027801
v -0.510365 0.630707 -2.014364
v -0.552950 0.465264 -1.977018
v -0.937697 0.293303 -1.938200
v -0.144225 0.587544 -2.004621
v -0.103079 0.604352 -2.008415
v 0.631170 0.672197 -2.023730
v -0.386302 0.249197 -1.928244
v 0.998444 0.611863 -2.010110
v -0.338564 0.333023 -1.947166
v 0.753159 0.454586 -1.974607
v 0.046503 0.406195 -1.963684
v 0.978783 0.582938 -2.003581
v 0.037600 0.301495 -1.940049
v 0.171249 0.267611 -1.932400
v 0.413953 0.275490 -1.934179
v 0.477586 0.458398 -1.975468
v 0.729666 0.242160 -1.926655
v 0.622742 0.362669 -1.953858
v -0.533648 0.285746 -1.936494
v 0.872747 0.592076 -2.005644
v 0.142737 0.451980 -1.974019
v 0.888550 0.405745 -1.963582
v 0.529781 0.513417 -1.987888
v 0.707065 0.618576 -2.011626
v 0.652855 0.477520 -1.979784
v 0.993579 0.424635 -1.967846
v 0.920066 0.329733 -1.946423
v 0.553099 0.571716 -2.001048
v 0.570054 0.268358 -1.932569
v 0.117065 0.198008 -1.916688
v 0.507822 0.312897 -1.942623
v 0.512939 0.524871 -1.990473
v -0.594947 0.695533 -2.076552
v 0.617443 0.706550 -2.041681
v -0.087769 0.700493 -2.060853
v -0.146210 0.709132 -2.033508
v 0.235997 0.697103 -2.071584
v 0.838328 0.694139 -2.080967
v -0.325990 0.690575 -2.092249
v 1.039473 0.119390 -1.540413
v 1.039473 0.121923 -1.791418
v 1.039473 0.176956 -1.539547
v 0.477792 0.170842 -1.350873
v 0.264965 0.176947 -1.520136
v 0.597881 0.166926 -1.242304
v 0.686265 0.170458 -1.340224
v -0.217612 0.169344 -1.309345
v 0.974469 0.188030 -1.827414
v 0.665314 0.179689 -1.596162
v 0.953887 0.172857 -1.406746
v 0.831278 0.172082 -1.385260
v -0.266979 0.174237 -1.445013
v 0.585552 0.172369 -1.393203
v -0.215558 0.169956 -1.326303
v 0.824238 0.177702 -1.541073
v 0.548626 0.176312 -1.502523
v 0.657702 0.179617 -1.594154
v -0.253792 0.171964 -1.381978
v 0.984576 0.167641 -1.262126
v 0.244429 0.169867 -1.323852
v 1.006607 0.167846 -1.267814
v 0.131558 0.174559 -1.453934
v 0.359237 0.182739 -1.680711
v -0.485858 0.170163 -1.332057
v -0.299176 0.168255 -1.279160
v 0.363429 0.181171 -1.637247
v 0.896948 0.186928 -1.796852
v 0.697407 0.175215 -1.472115
v 0.174272 0.176775 -1.515371
v 0.053217 0.171344 -1.364792
v -0.077404 0.173431 -1.422651
v 0.567497 0.180126 -1.608271
v 0.761221 0.178673 -1.567979
v 0.093321 0.174046 -1.439706
v 1.009835 0.168479 -1.285365
v -0.556533 0.175308 -1.474710
v 1.002769 0.191142 -1.913680
v 0.664861 0.190421 -1.893710
v -0.838791 0.176520 -1.508313
v 0.265431 0.190381 -1.892594
v -0.222795 0.187570 -1.814669
v 0.559770 0.186165 -1.775713
v -0.147427 0.189087 -1.856708
v 0.117405 0.183553 -1.703291
v 0.317593 0.186912 -1.796426
v -0.186734 0.178162 -1.553839
v -0.521474 0.176693 -1.513090
v -0.713243 0.171464 -1.368129
v 0.139101 0.185902 -1.768420
v 0.125234 0.187304 -1.807274
v -0.917417 0.183705 -1.707512
v -0.732915 0.184065 -1.717480
v -0.156568 0.189202 -1.859896
v 0.044450 0.188183 -1.831652
v -0.254532 0.183233 -1.694409
v -0.468128 0.173973 -1.437678
v -0.285363 0.186140 -1.775014
v 0.660125 0.187551 -1.814124
v -0.883868 0.184986 -1.743009
v -0.841091 0.180595 -1.621280
v -0.425275 0.177507 -1.535676
v -0.892477 0.167967 -1.271184
v 0.097765 0.186379 -1.781645
v -0.193874 0.189447 -1.866688
v -0.850932 0.180090 -1.607266
v -0.499712 0.187286 -1.806795
v 0.312119 0.188081 -1.828834
v -0.143555 0.179732 -1.597353
v 0.469679 0.190131 -1.885672
v -0.946424 0.126446 -1.265243
v -0.946424 0.166881 -1.889229
v -0.778856 0.118193 -1.405147
v -0.885357 0.118193 -1.929848
v -0.695335 0.118193 -1.663747
v 0.000194 0.118193 -1.354044
v -0.605504 0.118193 -1.424605
v 0.362584 0.118193 -1.430142
v -0.634426 0.118193 -1.756832
v 0.011689 0.118193 -1.302842
v 0.351060 0.118193 -1.251405
v -0.032653 0.118193 -1.342137
v -0.104341 0.118193 -1.507092
v -0.034360 0.118193 -1.288591
v -0.643324 0.118193 -1.585956
v 0.508900 0.118193 -1.353113
v -0.868956 0.118193 -1.841473
v -0.893202 0.118193 -1.347028
v 0.527174 0.118193 -1.246906
v -0.917442 0.118193 -1.950339
v -0.304250 0.118193 -1.542020
v -0.836160 0.118193 -1.728796
v -0.441549 0.118193 -1.253587
v -0.586804 0.118193 -1.478509
v -0.616013 0.118193 -1.432828
v -0.108730 0.118193 -1.365092
v 0.511476 0.118193 -1.249262
v -0.676354 0.118193 -1.569383
v -0.585167 0.118193 -1.412248
v -0.224985 0.118193 -1.352135
v -0.249053 0.118193 -1.696308
v -0.443826 0.118193 -1.282981
v -0.607673 0.118193 -1.805605
v 0.141223 0.118193 -1.453947
v 0.168837 0.118193 -1.391028
v -0.856421 0.118193 -1.643165
v -0.607622 0.118193 -1.726633
v -0.043965 0.118193 -1.314489
v 0.955652 0.118193 -1.948431
v 0.890046 0.118193 -1.517233
v 0.557596 0.118193 -1.660587
v 0.415509 0.118193 -1.501859
v -0.354010 0.118193 -1.893125
v 0.463419 0.118193 -1.727252
v 0.882188 0.118193 -1.647452
v 0.798087 0.118193 -1.733103
v 0.491325 0.118193 -1.923831
v 0.439980 0.118193 -1.808510
v 0.484897 0.118193 -1.911050
v -0.782633 0.118193 -1.921167
v 0.916633 0.118193 -1.747355
v 0.813867 0.118193 -1.552022
v 0.346299 0.118193 -1.667228
v 1.003827 0.118193 -1.533530
v 0.059841 0.118193 -1.821199
v -0.302670 0.118193 -1.833496
v 0.967529 0.118193 -1.583339
v 0.955018 0.118193 -1.809798
v 0.945196 0.118193 -1.668334
v 0.711891 0.118193 -1.808780
v -0.162701 0.118193 -1.712903
v 0.139277 0.118193 -1.575014
v 0.453433 0.118193 -1.959505
v 0.192605 0.118193 -1.821647
v 0.515700 0.118193 -1.819476
v -0.458222 0.118193 -1.894003
v 0.851757 0.118193 -1.628686
v 0.508724 0.118193 -1.750794
v 0.800806 0.118193 -1.577760
v -0.496749 0.118193 -1.835781
v 0.180902 0.118193 -1.570433
v 0.701225 0.118193 -1.619269
v 0.335662 0.118193 -1.829443
v 0.338568 0.118193 -1.875837
v 0.942019 0.118968 -1.240440
v -0.859622 0.162901 -1.240440
v 0.854643 0.161757 -1.240440
v 0.154835 0.145026 -1.240440
v 0.671651 0.155467 -1.240440
v -0.773784 -0.344306 -1.613786
v -0.773784 -0.217491 -1.745190
v -0.773784 -0.146006 -1.755366
v -0.773784 -0.410740 -1.881300
v -0.773784 -0.274028 -1.843692
v -0.843813 -0.206517 -1.640254
v -0.843813 -0.280055 -1.685450
v -0.843813 -0.135997 -1.728353
v -0.843813 -0.261569 -1.704841
v -0.843813 0.097511 -1.730941
v -0.843813 -0.242287 -1.835842
v -0.788503 0.136756 -1.812936
v -0.836160 -0.032777 -1.837758
v -0.843588 0.056960 -1.667242
v -0.815129 -0.285761 -1.617063
v 0.951435 0.002396 -1.682431
v 0.951435 -0.173765 -1.683902
v 0.951435 -0.342313 -1.847314
v 0.951435 -0.034627 -1.814991
v 0.951435 -0.277023 -1.733884
v 0.951435 -0.320074 -1.844740
v 0.881406 -0.049536 -1.685891
v 0.881406 -0.305011 -1.690656
v 0.881406 0.013766 -1.664020
v 0.881406 -0.350574 -1.732568
v 0.881406 -0.121863 -1.841775
v 0.881406 0.031217 -1.746572
v 0.916706 0.082171 -1.821198
v 0.887011 -0.176365 -1.860059
v 0.902375 0.083600 -1.670879
v 0.948654 -0.116600 -1.640787
v -0.088579 0.676233 -2.089319
v 0.944627 0.675657 -2.092096
v 0.337640 0.674243 -2.098903
v -0.738729 0.660913 -2.116813
v 0.465607 0.644120 -2.110354
v -0.872005 0.605519 -2.094982
v 0.979719 0.103285 -1.975212
v 0.978239 0.098744 -1.663430
v 0.967226 0.116222 -1.691464
v 0.649652 0.550594 1.341190
v 0.641742 0.592823 1.361747
v 0.756350 0.572212 1.374473
v 0.667336 0.543880 1.315766
v -0.986952 0.860876 1.073552
v -0.989029 1.031716 1.094198
v -0.859043 0.886686 1.151287
v -0.912191 0.964164 1.153934
v -0.906139 0.924270 1.149431
v -0.926180 0.960766 1.115584
v 0.725761 0.698695 0.947908
v 0.723809 0.634069 1.204240
v 0.730188 0.669941 1.003575
v 0.724239 0.627672 1.099367
v 0.689428 0.585395 1.404583
v 0.669448 0.644981 1.072619
v 0.669626 0.627809 1.185862
v 0.711939 0.543085 1.381183
v -0.399425 0.628552 1.386030
v -0.444316 0.586997 1.370194
v -0.057086 0.403329 1.209591
v 0.913000 0.603995 1.381723
v -0.161257 0.575561 1.399294
v -0.025219 0.588192 1.390340
v -0.042708 0.603412 1.425701
v 0.977901 0.765531 1.130329
v 0.975865 0.835859 1.149093
v 0.969199 0.685350 1.120674
v 0.958071 0.661783 1.124213
v 0.910491 0.748555 1.153902
v 0.884605 0.747562 1.186754
v 0.071962 0.528560 1.328940
v -0.010473 0.394741 1.249929
v -0.031758 0.551282 1.331564
v 0.538580 0.530178 1.344111
v 0.376111 0.634285 1.413681
v -0.895683 0.607435 1.301523
v -0.501565 0.541492 0.978767
v 0.621144 0.541791 0.961063
v 0.707511 0.501243 0.936623
v 0.662111 0.479308 0.986848
v -0.561317 0.490886 1.291460
v -0.214193 0.488360 1.306710
v -0.753317 0.479643 0.984824
v -0.754902 0.514471 0.938230
v -0.208257 0.522524 1.092923
v -0.466955 0.529511 1.058346
v -0.205492 0.459658 1.129950
v -0.534330 0.454263 1.138005
v -0.762330 0.460364 1.101182
v -0.761802 0.440623 1.220324
v -0.408057 0.490338 1.294769
v -0.409506 0.518241 1.126362
v -0.364434 0.486336 0.977506
v -0.392288 0.459957 1.103639
v -0.335649 0.520399 1.113336
v -0.293745 0.524179 1.090525
v -0.249705 0.538102 1.006490
v -0.313147 0.461973 1.091471
v -0.272309 0.444290 1.198194
v -0.638149 0.468325 1.053133
v -0.612800 0.479307 0.986851
v -0.584179 0.537449 1.010434
v -0.619971 0.527989 1.067531
v -0.947792 0.436947 1.242512
v -0.960639 0.447700 1.177613
v -0.961041 0.465781 1.068488
v -0.924825 0.476730 1.002404
v -0.940046 0.519668 0.922709
v -0.951191 0.523839 1.092574
v -0.940162 0.507175 1.193152
v -0.812295 0.496264 0.936391
v -0.852721 0.539243 0.999604
v -0.808993 0.529077 1.060962
v 0.269837 0.530248 0.982328
v 0.905417 0.546618 0.955098
v 0.207408 0.537874 1.007871
v 0.842716 0.541700 0.984775
v 0.757829 0.499381 0.934172
v 0.995982 0.547044 0.952524
v 0.995258 0.458646 1.111551
v 0.934463 0.470752 1.038488
v 0.426290 0.463709 1.080994
v 0.278081 0.454769 1.134949
v 0.286019 0.462892 1.085925
v 0.493365 0.523808 1.092764
v 0.615623 0.527583 1.069977
v 0.802752 0.519879 1.116475
v 0.899888 0.527036 1.073280
v 0.986495 0.530854 1.050241
v 0.926671 0.503084 1.217841
v 0.816723 0.510773 1.171435
v 0.678232 0.507973 1.188337
v 0.560338 0.511404 1.167627
v 0.159006 0.498746 1.244022
v 0.142381 0.476161 1.191547
v 0.175696 0.448508 1.172738
v 0.316115 0.438229 1.234773
v 0.340372 0.448020 1.175685
v 0.485998 0.449558 1.166400
v 0.586597 0.448272 1.174162
v 0.624654 0.448076 1.175347
v 0.946712 0.454052 1.139279
v 0.748040 0.473633 1.021095
v 0.775489 0.477977 0.994877
v 0.243520 0.471741 1.032518
v 0.686673 0.534391 1.028893
v 0.739606 0.532882 1.037998
v 1.046329 0.533210 1.036017
v 0.507622 0.492845 1.279638
v 0.556240 0.489190 1.301700
v 0.435686 0.486017 1.320848
v 0.480032 0.424540 1.317396
v 0.642053 0.425911 1.309121
v 0.707672 0.433087 1.265809
v 0.791475 0.425402 1.312191
v 0.050268 0.263339 -3.124691
v 0.063455 0.141248 -3.146030
v 0.191775 0.062983 -3.146030
v 0.056930 0.201148 -3.146030
v -0.166035 0.151597 -3.146030
v 0.044810 0.064442 -3.124000
v 0.020048 0.084134 -3.124000
v 0.228194 0.111129 -3.124000
v 0.262169 0.178168 -3.124000
v 0.142439 0.303946 -3.334032
v 0.150929 0.303946 -3.305608
v 0.165092 0.303232 -3.474789
v -0.061218 0.303946 -3.445724
v -0.051398 0.303946 -3.440598
v -0.065937 0.275295 -3.369165
v -0.041137 0.273866 -3.337944
v -0.056847 0.273866 -3.319582
v 0.106381 0.277479 -3.202383
v 0.039094 0.277479 -3.224641
v 1.154017 0.768564 -2.860996
v 0.411220 0.186306 1.219762
v 0.198297 0.246375 1.230657
v -0.217072 0.246375 1.253724
v -0.353570 -0.002768 1.249012
v -0.390646 -0.157834 1.219077
v 0.270674 0.040481 1.202094
v 0.357959 -0.152503 1.202094
v -0.012079 -0.186556 1.202094
v -0.196171 -0.119143 1.202094
v 0.163425 -0.114742 1.202094
v 0.181818 -0.137806 1.202094
v 0.324233 0.116706 1.202094
v 0.130981 -0.148739 1.202094
v 0.299780 0.165616 1.202094
v -0.001654 -0.110672 1.202094
v 0.377677 0.120766 1.202094
v 0.033306 0.157942 1.202094
v -0.200527 0.072723 1.202094
v -0.310126 0.009037 1.202094
v -0.249013 0.008832 1.202094
v -0.237957 -0.014710 1.202094
v 0.064283 0.107746 1.202094
v -0.373285 -0.137370 1.202094
v -0.167719 -0.067726 1.202094
v 0.055809 0.053163 4.174441
v 0.048319 0.074720 4.233386
v 0.047060 0.136013 4.192070
v 0.024406 0.124873 4.163868
v 0.022017 0.086355 4.239556
v 1.154320 0.713447 -3.020252
v 1.288145 0.753556 2.077600
v -0.118090 0.730541 3.096526
v 0.428436 0.730356 2.635097
v 0.428436 0.720422 2.990881
v -0.038866 0.711598 2.297597
v 1.173230 0.695214 -2.927066
v -1.220705 0.738975 2.092087
v -1.183900 0.779644 2.158983
v 0.069483 0.711530 4.402121
v 0.063530 0.796252 4.356410
v 0.061156 0.797699 4.254930
v 0.063709 0.734527 4.387113
v -0.152216 0.740113 2.725662
v -0.145384 0.740113 2.673989
v -0.080308 0.740113 2.896162
v 0.232130 0.740113 3.058186
v -0.154993 0.740113 2.685799
v 0.059300 0.740113 3.082597
v 0.184949 0.740113 3.025917
v -0.145127 0.740113 2.864685
v -0.277905 0.740113 3.051920
v -0.280621 0.740113 2.809374
v -0.131214 0.740113 2.988383
v -0.243690 0.740113 2.634298
v -0.000711 0.740113 2.700061
v 0.343430 0.740113 3.059342
v -0.037766 0.740113 2.576791
v 0.413814 0.740113 2.562971
v 0.413319 0.740113 2.556917
v 0.390945 0.740113 2.464782
v 0.309456 0.740113 2.587971
v 0.375779 0.740113 2.911900
v 0.004971 0.740113 2.373482
v -0.007351 0.740113 2.466852
v 0.416392 0.740113 2.620648
v 0.241797 0.740113 2.526384
v 0.058075 0.740113 2.619843
v 0.164843 0.740113 2.496710
v 0.172116 0.740113 2.608976
v 0.391808 0.740113 2.330907
v -0.366813 0.740113 2.567505
v -0.327211 0.740113 2.867367
v -0.310585 0.740113 2.647241
v 1.327222 0.818939 0.576478
