# Blender 5.1.1
# www.blender.org
mtllib motorboat.mtl
o Engine
v 0.115160 0.183708 0.130350
v 0.142108 0.167021 0.133768
v 0.112159 0.178510 0.126339
v 0.143112 0.163181 0.130805
v 0.117166 0.187182 0.136353
v 0.143590 0.169587 0.138203
v 0.117870 0.188402 0.143434
v 0.144110 0.170489 0.143434
v 0.117166 0.187182 0.150514
v 0.143590 0.169587 0.148664
v 0.115160 0.183709 0.156517
v 0.142108 0.167021 0.153099
v 0.112159 0.178510 0.160528
v 0.143112 0.163181 0.156062
v 0.108619 0.172378 0.161936
v 0.143417 0.159647 0.157102
v 0.105078 0.166246 0.160528
v 0.143130 0.154424 0.156062
v 0.102077 0.161048 0.156517
v 0.142887 0.149996 0.153099
v 0.100072 0.157574 0.150514
v 0.143104 0.147037 0.148664
v 0.099367 0.156354 0.143434
v 0.143047 0.145998 0.143434
v 0.100072 0.157574 0.136353
v 0.143104 0.147037 0.138203
v 0.102077 0.161048 0.130350
v 0.143267 0.149996 0.133768
v 0.105078 0.166246 0.126339
v 0.143130 0.154424 0.130805
v 0.108619 0.172378 0.124931
v 0.143417 0.159647 0.129765
v 0.143417 0.159647 0.143434
v -0.003937 0.226343 0.245962
v -0.009044 0.222965 0.245477
v -0.003938 0.224800 0.256726
v -0.009045 0.221422 0.256241
v -0.012457 0.217909 0.244752
v -0.012458 0.216366 0.255516
v -0.013656 0.211945 0.243897
v -0.013656 0.210402 0.254660
v -0.012457 0.205981 0.243042
v -0.012458 0.204438 0.253805
v -0.009044 0.200925 0.242316
v -0.009045 0.199382 0.253080
v -0.003937 0.197547 0.241832
v -0.003938 0.196004 0.252595
v 0.002088 0.196361 0.241662
v 0.002087 0.194818 0.252426
v 0.008113 0.197547 0.241832
v 0.008112 0.196004 0.252595
v 0.013220 0.200926 0.242316
v 0.013219 0.199382 0.253080
v 0.016633 0.205981 0.243042
v 0.016632 0.204438 0.253805
v 0.017831 0.211945 0.243897
v 0.017831 0.210402 0.254660
v 0.016633 0.217909 0.244752
v 0.016632 0.216366 0.255516
v 0.013220 0.222965 0.245477
v 0.013219 0.221422 0.256241
v 0.008113 0.226343 0.245962
v 0.008112 0.224800 0.256726
v 0.002088 0.227529 0.246132
v 0.002087 0.225986 0.256896
v 0.002087 0.223774 0.267040
v -0.003651 0.222644 0.266878
v 0.002087 0.222831 0.273616
v -0.003651 0.221701 0.273454
v 0.007825 0.222644 0.266878
v 0.007825 0.221701 0.273454
v 0.012689 0.219427 0.266417
v 0.012689 0.218484 0.272993
v 0.015940 0.214612 0.265727
v 0.015940 0.213669 0.272302
v 0.017081 0.208932 0.264912
v 0.017081 0.207989 0.271487
v 0.015940 0.203252 0.264098
v 0.015940 0.202309 0.270672
v 0.012689 0.198437 0.263407
v 0.012689 0.197494 0.269982
v 0.007825 0.195220 0.262946
v 0.007825 0.194277 0.269521
v 0.002087 0.194090 0.262784
v 0.002087 0.193147 0.269359
v -0.003651 0.195220 0.262945
v -0.003651 0.194277 0.269521
v -0.008515 0.198437 0.263407
v -0.008515 0.197494 0.269982
v -0.011765 0.203252 0.264098
v -0.011765 0.202309 0.270672
v -0.012907 0.208932 0.264912
v -0.012907 0.207989 0.271487
v -0.011765 0.214612 0.265727
v -0.011765 0.213669 0.272302
v -0.008515 0.219427 0.266417
v -0.008515 0.218484 0.272992
v 0.002087 0.228178 0.257210
v -0.004785 0.226825 0.257016
v 0.002087 0.226708 0.267461
v -0.004785 0.225355 0.267267
v 0.008959 0.226825 0.257016
v 0.008959 0.225355 0.267267
v 0.014786 0.222972 0.256463
v 0.014786 0.221502 0.266714
v 0.018678 0.217205 0.255636
v 0.018678 0.215735 0.265888
v 0.020045 0.210402 0.254660
v 0.020045 0.208932 0.264912
v 0.018678 0.203599 0.253685
v 0.018678 0.202129 0.263936
v 0.014786 0.197832 0.252858
v 0.014786 0.196362 0.263110
v 0.008959 0.193979 0.252305
v 0.008959 0.192509 0.262556
v 0.002087 0.192626 0.252111
v 0.002087 0.191156 0.262362
v -0.004785 0.193979 0.252305
v -0.004785 0.192509 0.262556
v -0.010611 0.197832 0.252858
v -0.010611 0.196362 0.263110
v -0.014504 0.203599 0.253685
v -0.014504 0.202129 0.263936
v -0.015871 0.210402 0.254660
v -0.015871 0.208932 0.264912
v -0.014504 0.217205 0.255636
v -0.014504 0.215735 0.265888
v -0.010611 0.222972 0.256463
v -0.010611 0.221502 0.266714
v 0.002087 0.207989 0.271487
v -0.003987 0.348786 0.230755
v -0.008859 0.345597 0.231412
v -0.003987 0.352903 0.250720
v -0.008859 0.349715 0.251378
v -0.012115 0.340825 0.232396
v -0.012115 0.344942 0.252362
v -0.013258 0.335196 0.233557
v -0.013258 0.339314 0.253523
v -0.012115 0.329567 0.234717
v -0.012115 0.333685 0.254683
v -0.008859 0.324795 0.235702
v -0.008859 0.328913 0.255668
v -0.003987 0.321607 0.236359
v -0.003987 0.325724 0.256325
v 0.001761 0.320487 0.236590
v 0.001761 0.324604 0.256555
v 0.007508 0.321607 0.236359
v 0.007508 0.325724 0.256325
v 0.012381 0.324795 0.235702
v 0.012381 0.328913 0.255668
v 0.015636 0.329567 0.234717
v 0.015636 0.333685 0.254683
v 0.016780 0.335196 0.233557
v 0.016780 0.339314 0.253523
v 0.015636 0.340825 0.232396
v 0.015636 0.344942 0.252362
v 0.012381 0.345597 0.231412
v 0.012381 0.349715 0.251378
v 0.007508 0.348786 0.230755
v 0.007508 0.352903 0.250720
v 0.001761 0.349906 0.230524
v 0.001761 0.354023 0.250489
v -0.001944 0.348935 0.255895
v -0.005084 0.346880 0.256319
v 0.001761 0.340175 0.257701
v -0.007183 0.343803 0.256953
v -0.007920 0.340175 0.257701
v -0.007183 0.336547 0.258449
v -0.005084 0.333471 0.259084
v -0.001944 0.331416 0.259508
v 0.001761 0.330694 0.259656
v 0.005465 0.331415 0.259507
v 0.008606 0.333471 0.259084
v 0.010705 0.336547 0.258449
v 0.011442 0.340175 0.257701
v 0.010705 0.343804 0.256953
v 0.008606 0.346879 0.256319
v 0.005465 0.348935 0.255895
v 0.001761 0.349657 0.255746
v -0.001944 0.348073 0.251716
v -0.005084 0.346018 0.252140
v -0.007183 0.342942 0.252775
v -0.007920 0.339314 0.253523
v -0.007183 0.335685 0.254271
v -0.005084 0.332609 0.254905
v -0.001944 0.330554 0.255329
v 0.001761 0.329832 0.255478
v 0.005465 0.330554 0.255329
v 0.008606 0.332609 0.254905
v 0.010705 0.335685 0.254271
v 0.011442 0.339314 0.253523
v 0.010705 0.342942 0.252775
v 0.008606 0.346018 0.252140
v 0.005465 0.348073 0.251717
v 0.001761 0.348795 0.251568
v -0.007990 0.445548 -0.093647
v -0.015514 0.445548 -0.088619
v -0.007990 0.459363 -0.093647
v -0.015514 0.459363 -0.088619
v -0.020542 0.445548 -0.081095
v -0.020542 0.459363 -0.081095
v -0.022308 0.445548 -0.072219
v -0.022308 0.459363 -0.072219
v -0.020542 0.445548 -0.063343
v -0.020542 0.459363 -0.063343
v -0.015514 0.445548 -0.055819
v -0.015514 0.459363 -0.055819
v -0.007990 0.445548 -0.050791
v -0.007990 0.459363 -0.050791
v 0.000886 0.445548 -0.049026
v 0.000886 0.459363 -0.049026
v 0.009761 0.445548 -0.050791
v 0.009761 0.459363 -0.050791
v 0.017286 0.445548 -0.055819
v 0.017286 0.459363 -0.055819
v 0.022313 0.445548 -0.063343
v 0.022313 0.459363 -0.063343
v 0.024079 0.445548 -0.072219
v 0.024079 0.459363 -0.072219
v 0.022313 0.445548 -0.081095
v 0.022313 0.459363 -0.081095
v 0.017286 0.445548 -0.088619
v 0.017286 0.459363 -0.088619
v 0.009761 0.445548 -0.093647
v 0.009761 0.459363 -0.093647
v 0.000886 0.445548 -0.095412
v 0.000886 0.459363 -0.095412
v -0.006643 0.465472 -0.090394
v -0.013025 0.465472 -0.086129
v 0.000886 0.466032 -0.072219
v -0.017289 0.465472 -0.079747
v -0.018787 0.465472 -0.072219
v -0.017289 0.465472 -0.064691
v -0.013025 0.465472 -0.058308
v -0.006643 0.465472 -0.054044
v 0.000886 0.465472 -0.052547
v 0.008414 0.465472 -0.054044
v 0.014796 0.465472 -0.058308
v 0.019061 0.465472 -0.064691
v 0.020558 0.465472 -0.072219
v 0.019061 0.465472 -0.079747
v 0.014796 0.465472 -0.086129
v 0.008414 0.465472 -0.090394
v 0.000886 0.465472 -0.091892
v 0.000886 0.459363 -0.091892
v -0.006643 0.459363 -0.090394
v 0.008414 0.459363 -0.090394
v 0.014796 0.459363 -0.086129
v 0.019061 0.459363 -0.079747
v 0.020558 0.459363 -0.072219
v 0.019061 0.459363 -0.064691
v 0.014796 0.459363 -0.058308
v 0.008414 0.459363 -0.054044
v 0.000886 0.459363 -0.052547
v -0.006643 0.459363 -0.054044
v -0.013025 0.459363 -0.058308
v -0.017289 0.459363 -0.064691
v -0.018787 0.459363 -0.072219
v -0.017289 0.459363 -0.079747
v -0.013025 0.459363 -0.086129
v 0.089262 0.251584 0.247945
v 0.065183 0.251584 0.250421
v 0.054677 0.162227 0.232383
v 0.038407 0.162227 0.234827
v 0.109510 0.251584 0.239887
v 0.074108 0.162227 0.224448
v 0.126851 0.251584 0.226959
v 0.090758 0.162227 0.211744
v 0.140220 0.251584 0.210190
v 0.103607 0.162227 0.195279
v 0.148553 0.251584 0.190610
v 0.111636 0.162227 0.176066
v 0.152914 0.251584 0.135007
v 0.115853 0.162227 0.123503
v 0.148553 0.251584 -0.220608
v 0.152914 0.251584 -0.198576
v 0.111656 0.162227 -0.206087
v 0.115858 0.162227 -0.185133
v 0.140220 0.251584 -0.240188
v 0.103625 0.162227 -0.225294
v 0.126851 0.251584 -0.256957
v 0.090725 0.162227 -0.241695
v 0.109510 0.251584 -0.269885
v 0.074060 0.162227 -0.254389
v 0.089262 0.251584 -0.277943
v 0.054733 0.162227 -0.262475
v 0.065183 0.251584 -0.280419
v 0.038413 0.162227 -0.265131
v 0.154368 0.251584 -0.174452
v 0.117270 0.162227 -0.163492
v 0.064598 0.098680 -0.235833
v 0.045876 0.098680 -0.243872
v 0.031615 0.098680 -0.246605
v 0.093809 0.052808 -0.106752
v 0.095317 0.052808 -0.086723
v 0.075141 -0.004351 -0.020835
v 0.076473 -0.004351 -0.002324
v 0.075141 -0.004351 0.126956
v 0.084499 0.052808 0.118842
v 0.136197 0.407963 0.113812
v 0.137644 0.407391 -0.152864
v 0.132127 0.415207 0.112317
v 0.133515 0.414659 -0.151602
v 0.142906 0.386309 0.117381
v 0.144365 0.385802 -0.156487
v 0.125246 0.419742 0.110660
v 0.126486 0.419248 -0.150702
v 0.115676 0.423440 0.104760
v 0.112108 0.424853 -0.157361
v 0.105290 0.103263 0.116728
v 0.106679 0.098680 -0.148559
v 0.157705 0.338544 0.125259
v 0.159168 0.338253 -0.164467
v 0.105297 0.098680 -0.168337
v 0.142906 0.386309 -0.177389
v 0.157705 0.338544 -0.186834
v 0.106564 0.427038 -0.196926
v 0.094869 0.431620 -0.202533
v 0.108415 0.426312 -0.183294
v 0.085934 0.435170 -0.178773
v 0.083738 0.436008 -0.215510
v 0.071141 0.440966 -0.213446
v 0.116582 0.423107 -0.169396
v 0.064672 0.103263 0.212366
v 0.045790 0.103263 0.220173
v 0.093354 0.103263 0.183705
v 0.101173 0.103263 0.164838
v 0.080857 0.103263 0.199879
v 0.153345 0.339327 0.177611
v 0.138570 0.387695 0.167199
v 0.145031 0.340772 0.196255
v 0.130311 0.390265 0.185174
v 0.114422 0.345998 0.224537
v 0.099919 0.399512 0.212444
v 0.094238 0.349457 0.232207
v 0.079875 0.405452 0.219837
v 0.131705 0.343049 0.212225
v 0.117079 0.394327 0.200572
v 0.101205 0.098680 -0.188429
v 0.093381 0.098680 -0.207287
v 0.114422 0.345998 -0.254535
v 0.094237 0.349457 -0.262205
v 0.099919 0.399493 -0.242436
v 0.079875 0.405376 -0.249812
v 0.153345 0.339327 -0.207609
v 0.145031 0.340772 -0.226253
v 0.138570 0.387695 -0.197197
v 0.130311 0.390265 -0.215171
v 0.131705 0.343049 -0.242223
v 0.117079 0.394327 -0.230570
v 0.080806 0.098680 -0.223363
v 0.125202 0.419759 -0.169637
v 0.132116 0.415211 -0.171390
v 0.136197 0.407963 -0.173107
v 0.080762 0.052808 -0.147408
v 0.089327 0.052808 -0.127600
v 0.071774 -0.004351 -0.072993
v 0.071149 -0.004351 -0.040355
v 0.068289 0.440881 0.202347
v 0.070837 0.437087 0.210176
v 0.086749 0.434550 0.196252
v 0.090418 0.430886 0.203220
v 0.067507 0.441226 0.164256
v 0.083074 0.436049 0.167902
v 0.073387 0.429970 0.214250
v 0.093362 0.423508 0.206978
v 0.121240 0.421315 -0.187129
v 0.127899 0.416851 -0.190213
v 0.113742 0.424256 -0.202622
v 0.119863 0.419962 -0.207288
v 0.131882 0.409590 -0.192484
v 0.123654 0.412647 -0.210160
v 0.071148 -0.004351 0.157155
v 0.080448 0.052808 0.159716
v 0.072741 0.052808 0.178443
v 0.063520 -0.004351 0.175838
v 0.051284 -0.004351 0.191838
v 0.060412 0.052808 0.194493
v 0.102258 0.428767 0.186197
v 0.097829 0.430445 0.165329
v 0.107111 0.424892 0.191989
v 0.114064 0.424133 0.172945
v 0.119944 0.419931 0.177370
v 0.106996 0.426850 0.158860
v 0.110466 0.417509 0.195304
v 0.123654 0.412647 0.180162
v 0.131882 0.409590 0.162486
v 0.127943 0.416834 0.160248
v 0.121416 0.421247 0.157261
v 0.112521 0.424678 0.142936
v 0.101853 0.428920 -0.215562
v 0.107010 0.424930 -0.221829
v 0.090321 0.430828 -0.232985
v 0.086362 0.434702 -0.225439
v 0.110466 0.417509 -0.225302
v 0.093362 0.423431 -0.236952
v 0.070780 0.436732 -0.239905
v 0.073387 0.429663 -0.244153
v 0.068061 0.440993 -0.231747
v 0.067002 0.052808 -0.164313
v 0.063851 -0.004351 -0.083724
v 0.028660 0.052808 -0.185774
v 0.013892 0.052808 -0.188550
v 0.049237 0.052808 -0.177405
v 0.044438 0.052808 0.206880
v 0.025797 0.052808 0.214618
v 0.039921 -0.004438 0.201971
v 0.031606 0.103263 0.222580
v 0.012561 0.052808 0.217002
v 0.000629 0.251584 0.252761
v 0.000629 0.162227 0.236823
v 0.057911 0.408234 0.222107
v 0.069078 0.351093 0.234563
v 0.052868 0.432918 0.216483
v 0.050965 0.439863 0.212297
v 0.000629 0.435566 0.218489
v 0.000629 0.442332 0.214185
v 0.000629 0.410792 0.224194
v 0.049218 0.443790 0.204159
v 0.050647 0.444557 0.161678
v 0.000629 0.448215 0.158847
v 0.000629 0.446352 0.205756
v 0.052143 0.444146 0.093583
v 0.050450 0.445226 -0.214830
v 0.058122 0.442500 -0.178624
v 0.049090 0.443876 -0.233738
v 0.050933 0.439332 -0.242020
v 0.000629 0.441645 -0.243901
v 0.000629 0.446414 -0.235492
v 0.000629 0.449004 -0.216057
v 0.052868 0.432476 -0.246344
v 0.057911 0.408124 -0.252071
v 0.000629 0.410650 -0.254148
v 0.000629 0.435003 -0.248312
v 0.069078 0.351093 -0.264561
v 0.000629 0.352659 -0.266815
v 0.000629 0.251584 -0.282759
v 0.000629 0.162227 -0.267463
v 0.000629 0.098680 -0.248919
v 0.000629 0.052808 -0.189993
v 0.000629 -0.007092 -0.098911
v 0.018599 -0.006119 -0.096480
v 0.000629 -0.007092 -0.098545
v 0.000629 0.052808 0.218143
v 0.000629 0.103263 0.224415
v 0.000629 0.352659 0.236817
v 0.000629 0.449245 -0.178488
v 0.000629 0.448414 0.093596
v -0.037155 0.162227 -0.265131
v -0.053476 0.162227 -0.262475
v -0.063926 0.251584 -0.280419
v -0.088005 0.251584 -0.277943
v -0.072802 0.162227 -0.254389
v -0.108253 0.251584 -0.269885
v -0.044619 0.098680 -0.243872
v -0.063341 0.098680 -0.235833
v -0.030358 0.098680 -0.246605
v -0.092552 0.052808 -0.106752
v -0.073884 -0.004351 -0.020835
v -0.094060 0.052808 -0.086723
v -0.075216 -0.004351 -0.002324
v -0.050886 0.444146 0.093578
v -0.089086 0.433293 0.092882
v -0.049390 0.444557 0.161678
v -0.069243 0.440576 0.176501
v -0.114421 0.423440 0.104987
v -0.110929 0.424817 0.148133
v -0.105739 0.426850 0.158860
v -0.096731 0.430385 0.166078
v -0.082965 0.435651 0.177829
v -0.116013 0.162227 -0.163492
v -0.114596 0.162227 0.123503
v -0.153111 0.251584 -0.174452
v -0.151657 0.251584 0.135007
v -0.105422 0.098680 -0.148559
v -0.104032 0.103263 0.116728
v -0.114601 0.162227 -0.185133
v -0.104040 0.098680 -0.168337
v -0.151657 0.251584 -0.198576
v -0.141649 0.386309 0.117381
v -0.143108 0.385802 -0.156487
v -0.156448 0.338544 0.125259
v -0.157911 0.338253 -0.164467
v -0.141649 0.386309 -0.177389
v -0.156448 0.338544 -0.186834
v -0.105307 0.427038 -0.196926
v -0.107158 0.426312 -0.183294
v -0.093612 0.431620 -0.202533
v -0.084677 0.435170 -0.178773
v -0.082481 0.436008 -0.215510
v -0.069884 0.440966 -0.213446
v -0.115325 0.423107 -0.169396
v -0.110851 0.424853 -0.157361
v -0.108253 0.251584 0.239887
v -0.072851 0.162227 0.224448
v -0.088005 0.251584 0.247945
v -0.053419 0.162227 0.232383
v -0.063415 0.103263 0.212366
v -0.044532 0.103263 0.220173
v -0.110378 0.162227 0.176066
v -0.147296 0.251584 0.190610
v -0.138963 0.251584 0.210190
v -0.102350 0.162227 0.195279
v -0.099916 0.103263 0.164838
v -0.092097 0.103263 0.183705
v -0.125594 0.251584 0.226959
v -0.089501 0.162227 0.211744
v -0.079600 0.103263 0.199879
v -0.152088 0.339327 0.177611
v -0.137313 0.387695 0.167199
v -0.129054 0.390265 0.185174
v -0.143774 0.340772 0.196255
v -0.078618 0.405452 0.219837
v -0.098661 0.399512 0.212444
v -0.092980 0.349457 0.232207
v -0.113165 0.345998 0.224537
v -0.115821 0.394327 0.200572
v -0.130448 0.343049 0.212225
v -0.102368 0.162227 -0.225294
v -0.110399 0.162227 -0.206087
v -0.138963 0.251584 -0.240188
v -0.147296 0.251584 -0.220608
v -0.099948 0.098680 -0.188429
v -0.092124 0.098680 -0.207287
v -0.113165 0.345998 -0.254535
v -0.098661 0.399493 -0.242436
v -0.092980 0.349457 -0.262205
v -0.078618 0.405376 -0.249812
v -0.152088 0.339327 -0.207609
v -0.137313 0.387695 -0.197197
v -0.143774 0.340772 -0.226253
v -0.129054 0.390265 -0.215171
v -0.130448 0.343049 -0.242223
v -0.115822 0.394327 -0.230570
v -0.079549 0.098680 -0.223363
v -0.089468 0.162227 -0.241695
v -0.125594 0.251584 -0.256957
v -0.073884 -0.004351 0.126956
v -0.083242 0.052808 0.118842
v -0.125229 0.419248 -0.150702
v -0.123989 0.419742 0.110660
v -0.132257 0.414659 -0.151602
v -0.130870 0.415207 0.112317
v -0.123945 0.419759 -0.169637
v -0.130859 0.415211 -0.171390
v -0.136387 0.407391 -0.152864
v -0.134939 0.407963 0.113812
v -0.134939 0.407963 -0.173107
v -0.079505 0.052808 -0.147408
v -0.070517 -0.004351 -0.072993
v -0.088070 0.052808 -0.127600
v -0.069892 -0.004351 -0.040355
v -0.067032 0.440881 0.202347
v -0.085492 0.434550 0.196252
v -0.069580 0.437087 0.210176
v -0.089161 0.430886 0.203220
v -0.072130 0.429970 0.214250
v -0.092105 0.423508 0.206978
v -0.119982 0.421315 -0.187129
v -0.126641 0.416851 -0.190213
v -0.112485 0.424256 -0.202622
v -0.118606 0.419962 -0.207288
v -0.130625 0.409590 -0.192484
v -0.122397 0.412647 -0.210160
v -0.069891 -0.004351 0.157155
v -0.079191 0.052808 0.159716
v -0.062263 -0.004351 0.175838
v -0.071484 0.052808 0.178443
v -0.050027 -0.004351 0.191838
v -0.059155 0.052808 0.194493
v -0.011304 0.052808 0.217002
v -0.009357 -0.004662 0.211156
v 0.000628 -0.004738 0.211328
v -0.101001 0.428767 0.186197
v -0.105854 0.424892 0.191989
v -0.112807 0.424133 0.172945
v -0.118687 0.419931 0.177370
v -0.109209 0.417509 0.195304
v -0.122397 0.412647 0.180162
v -0.130625 0.409590 0.162486
v -0.126686 0.416834 0.160248
v -0.120159 0.421247 0.157261
v -0.100596 0.428920 -0.215562
v -0.105753 0.424930 -0.221829
v -0.085105 0.434702 -0.225439
v -0.089064 0.430828 -0.232985
v -0.109209 0.417509 -0.225302
v -0.092105 0.423431 -0.236952
v -0.072130 0.429663 -0.244153
v -0.069523 0.436732 -0.239905
v -0.066804 0.440993 -0.231747
v -0.065744 0.052808 -0.164313
v -0.062594 -0.004351 -0.083724
v -0.012635 0.052808 -0.188550
v -0.027403 0.052808 -0.185774
v -0.047980 0.052808 -0.177405
v -0.043181 0.052808 0.206880
v -0.024540 0.052808 0.214618
v -0.030349 0.103263 0.222580
v -0.037150 0.162227 0.234827
v -0.063926 0.251584 0.250421
v -0.067821 0.351093 0.234563
v -0.056654 0.408234 0.222107
v -0.051611 0.432918 0.216483
v -0.049707 0.439863 0.212297
v -0.047961 0.443790 0.204159
v -0.056865 0.442500 -0.178624
v -0.049192 0.445226 -0.214830
v -0.047833 0.443876 -0.233738
v -0.049675 0.439332 -0.242020
v -0.051611 0.432476 -0.246344
v -0.056654 0.408124 -0.252071
v -0.067821 0.351093 -0.264561
v -0.035489 -0.004462 0.203399
v -0.020811 -0.004574 0.209316
v 0.014850 -0.004629 0.209251
v 0.025184 -0.004550 0.207914
v 0.039405 -0.004994 -0.091443
v -0.010159 -0.006508 -0.097874
v -0.021957 -0.005870 -0.094807
v -0.035322 -0.005146 -0.092468
v 0.168924 0.304218 0.133125
v 0.168722 0.268613 0.138090
v 0.170384 0.304141 -0.171015
v 0.170204 0.268557 -0.176510
v 0.164635 0.304169 0.188029
v 0.164130 0.268535 0.194613
v 0.125490 0.305685 0.237415
v 0.105120 0.306501 0.245680
v 0.121877 0.270042 0.244798
v 0.101317 0.270886 0.253032
v 0.142058 0.269317 0.231615
v 0.142899 0.305004 0.224351
v 0.078401 0.306666 0.248328
v 0.075032 0.271015 0.255542
v 0.000629 0.306433 0.251034
v 0.000629 0.270734 0.257929
v 0.156298 0.304481 0.207542
v 0.155622 0.268782 0.214535
v 0.155669 0.268856 -0.243345
v 0.156277 0.304548 -0.235955
v 0.164157 0.268576 -0.223426
v 0.164611 0.304241 -0.216459
v 0.142878 0.305076 -0.252735
v 0.142099 0.269383 -0.260409
v 0.168665 0.268525 -0.201025
v 0.168949 0.304144 -0.194666
v 0.121923 0.270118 -0.273571
v 0.125475 0.305739 -0.265772
v 0.105110 0.306542 -0.274007
v 0.101363 0.270968 -0.281780
v 0.078394 0.306698 -0.276634
v 0.075070 0.271099 -0.284297
v -0.073778 0.271023 0.255543
v -0.077145 0.306658 0.248330
v 0.000629 0.306457 -0.279306
v 0.000629 0.270815 -0.286715
v -0.073813 0.271099 -0.284297
v -0.077137 0.306698 -0.276634
v -0.120620 0.270042 0.244798
v -0.124233 0.305685 0.237415
v -0.138201 0.269305 0.231613
v -0.141638 0.305017 0.224346
v -0.103864 0.306496 0.245681
v -0.100062 0.270891 0.253033
v -0.151772 0.268782 0.214535
v -0.155041 0.304481 0.207542
v -0.160280 0.268535 0.194613
v -0.163377 0.304169 0.188029
v -0.167670 0.304208 0.133127
v -0.169123 0.304151 -0.171013
v -0.164878 0.268622 0.138091
v -0.166348 0.268549 -0.176510
v -0.155016 0.304562 -0.235951
v -0.141620 0.305076 -0.252735
v -0.151810 0.268843 -0.243345
v -0.138249 0.269383 -0.260409
v -0.160307 0.268576 -0.223426
v -0.163354 0.304241 -0.216459
v -0.164815 0.268525 -0.201025
v -0.167691 0.304144 -0.194666
v -0.124218 0.305739 -0.265772
v -0.103853 0.306539 -0.274008
v -0.120666 0.270118 -0.273571
v -0.100107 0.270971 -0.281780
v 0.180058 0.143732 0.163372
v 0.180262 0.146762 0.130538
v 0.182500 0.158888 0.163372
v 0.180365 0.158888 0.128934
v 0.181874 0.173611 0.163372
v 0.180365 0.170165 0.131060
v 0.172882 0.174044 0.163372
v 0.168266 0.173495 0.128685
v 0.135854 0.158888 0.148121
v 0.135854 0.158888 0.136840
v 0.135854 0.153247 0.148121
v 0.135854 0.153247 0.136840
v 0.168266 0.144741 0.128748
v 0.173132 0.143551 0.157818
v 0.168266 0.158888 0.127144
v 0.147107 0.149374 0.151994
v 0.155254 0.158888 0.154906
v 0.147107 0.149374 0.132967
v 0.147108 0.158888 0.132967
v 0.147107 0.168401 0.151994
v 0.147107 0.168401 0.132967
v 0.135854 0.164528 0.148121
v 0.135854 0.164528 0.136840
v 0.158361 0.146356 0.155012
v 0.163129 0.158888 0.168927
v 0.165521 0.143912 0.168927
v 0.165905 0.146651 0.164090
v 0.175456 0.170432 0.261245
v 0.168482 0.170865 0.261245
v 0.167415 0.166448 0.383880
v 0.162968 0.166882 0.383869
v 0.173495 0.146911 0.261245
v 0.176082 0.158888 0.261245
v 0.165453 0.150894 0.383880
v 0.168040 0.158888 0.383892
v 0.167257 0.146911 0.260662
v 0.162968 0.150894 0.383869
v 0.163273 0.146911 0.261245
v 0.160287 0.150893 0.383848
v 0.160881 0.158888 0.261245
v 0.157896 0.158888 0.383828
v 0.163400 0.174224 0.157818
v 0.164469 0.173306 0.168927
v 0.162222 0.170307 0.261245
v 0.159236 0.166325 0.383848
v 0.162157 0.156011 0.383864
v 0.164431 0.156281 0.383882
v 0.160270 0.148973 0.401019
v 0.168670 0.149905 0.401036
v 0.165847 0.158081 0.383892
v 0.173902 0.156086 0.401046
v 0.160358 0.157427 0.383850
v 0.153623 0.153838 0.401004
v 0.160087 0.159701 0.383846
v 0.152624 0.161652 0.401001
v 0.165577 0.160355 0.383888
v 0.172904 0.163898 0.401043
v 0.163777 0.161771 0.383873
v 0.166256 0.168764 0.401028
v 0.161503 0.161500 0.383856
v 0.157855 0.167835 0.401011
v 0.172898 0.156162 0.464794
v 0.167662 0.149981 0.464784
v 0.159255 0.149045 0.464767
v 0.152601 0.153905 0.464752
v 0.151603 0.161726 0.464748
v 0.156835 0.167917 0.464758
v 0.165245 0.168844 0.464776
v 0.171903 0.163975 0.464790
v -0.017052 -0.687485 -0.086778
v -0.011382 -0.692482 -0.086111
v -0.017051 -0.682771 -0.021055
v -0.011382 -0.689634 -0.015176
v -0.023469 -0.681067 -0.086778
v -0.023469 -0.676744 -0.023031
v -0.027590 -0.672980 -0.086778
v -0.027590 -0.669149 -0.025520
v -0.029010 -0.664016 -0.086778
v -0.029010 -0.660731 -0.028280
v -0.027590 -0.655051 -0.086778
v -0.027590 -0.652426 -0.033359
v -0.023469 -0.646964 -0.086778
v -0.023469 -0.644811 -0.035745
v -0.017052 -0.640546 -0.086778
v -0.017051 -0.638768 -0.037638
v -0.008965 -0.636426 -0.086778
v -0.008964 -0.634888 -0.038854
v 0.008965 -0.636426 -0.086778
v 0.008965 -0.634888 -0.038854
v 0.017052 -0.640546 -0.086778
v 0.017052 -0.638768 -0.037638
v 0.023470 -0.646964 -0.086778
v 0.023470 -0.644811 -0.035745
v 0.027590 -0.655051 -0.086778
v 0.027590 -0.652312 -0.031040
v 0.029010 -0.664016 -0.086778
v 0.029010 -0.660731 -0.028280
v 0.027590 -0.672980 -0.086778
v 0.027590 -0.669149 -0.025520
v 0.023470 -0.681067 -0.086778
v 0.023470 -0.676744 -0.023031
v 0.017052 -0.687485 -0.086778
v 0.017052 -0.682771 -0.021055
v 0.011382 -0.692481 -0.086111
v 0.011382 -0.689634 -0.015176
v 0.000000 -0.752050 -0.063382
v 0.005106 -0.752686 -0.063382
v 0.000000 -0.748534 -0.020434
v 0.004963 -0.749102 -0.020240
v -0.005106 -0.752686 -0.063382
v -0.004962 -0.749102 -0.020240
v -0.008976 -0.625173 -0.031988
v -0.008968 -0.629964 -0.033102
v -0.017073 -0.625986 -0.027964
v -0.017059 -0.631513 -0.029361
v 0.008969 -0.629964 -0.033102
v 0.008976 -0.625173 -0.031988
v 0.017074 -0.625986 -0.027964
v 0.017059 -0.631513 -0.029361
v 0.023500 -0.627251 -0.021696
v 0.023480 -0.633926 -0.023535
v 0.027626 -0.628846 -0.013798
v 0.027602 -0.636966 -0.016194
v 0.029048 -0.630613 -0.005043
v 0.029022 -0.640336 -0.008057
v 0.027626 -0.632381 0.003712
v 0.027602 -0.643707 0.000081
v 0.023500 -0.633975 0.011610
v 0.023480 -0.646747 0.007422
v 0.017074 -0.635241 0.017878
v 0.017059 -0.649160 0.013248
v 0.008976 -0.636053 0.021902
v 0.008969 -0.650709 0.016988
v 0.000000 -0.636333 0.023289
v 0.000000 -0.651243 0.018277
v -0.008976 -0.636053 0.021902
v -0.008968 -0.650709 0.016988
v -0.017073 -0.635241 0.017878
v -0.017059 -0.649160 0.013248
v -0.023500 -0.633975 0.011610
v -0.023479 -0.646747 0.007422
v -0.027626 -0.632381 0.003712
v -0.027601 -0.643707 0.000081
v -0.029047 -0.630613 -0.005043
v -0.029022 -0.640336 -0.008057
v -0.027626 -0.628846 -0.013798
v -0.027601 -0.636966 -0.016194
v -0.023500 -0.627251 -0.021696
v -0.023479 -0.633926 -0.023535
v -0.008964 -0.633811 -0.034481
v -0.017051 -0.636887 -0.031836
v 0.008965 -0.633811 -0.034481
v 0.017052 -0.636887 -0.031836
v 0.023470 -0.641677 -0.027717
v 0.027590 -0.647714 -0.022527
v 0.029010 -0.654406 -0.016774
v 0.027590 -0.661097 -0.011020
v 0.023470 -0.667134 -0.005830
v 0.017052 -0.671925 -0.001711
v 0.008965 -0.675001 0.000933
v 0.000000 -0.676060 0.001845
v -0.008964 -0.675001 0.000933
v -0.017051 -0.671925 -0.001711
v -0.023469 -0.667134 -0.005830
v -0.027590 -0.661097 -0.011020
v -0.029010 -0.654406 -0.016774
v -0.027590 -0.647714 -0.022527
v -0.023469 -0.641677 -0.027717
v 0.000000 -0.690893 -0.012915
v 0.000000 -0.693901 -0.086111
v -0.012976 -0.680780 -0.083240
v -0.017560 -0.676195 -0.083240
v -0.013246 -0.681129 -0.129181
v -0.017926 -0.676449 -0.129181
v -0.020503 -0.670419 -0.083240
v -0.020931 -0.670552 -0.129181
v -0.021518 -0.664016 -0.083240
v -0.021966 -0.664015 -0.129181
v -0.020503 -0.657612 -0.083240
v -0.020931 -0.657479 -0.129181
v -0.017560 -0.651836 -0.083240
v -0.017926 -0.651582 -0.129181
v -0.012976 -0.647252 -0.083240
v -0.013246 -0.646902 -0.129181
v -0.007199 -0.644308 -0.083240
v -0.007349 -0.643897 -0.129181
v -0.000796 -0.643294 -0.083240
v -0.000812 -0.642862 -0.129181
v 0.005607 -0.644308 -0.083240
v 0.005724 -0.643897 -0.129181
v 0.011384 -0.647252 -0.083240
v 0.011621 -0.646902 -0.129181
v 0.015968 -0.651836 -0.083240
v 0.016301 -0.651582 -0.129181
v 0.018911 -0.657612 -0.083240
v 0.019306 -0.657479 -0.129181
v 0.019926 -0.664016 -0.083240
v 0.020341 -0.664015 -0.129181
v 0.018911 -0.670419 -0.083240
v 0.019306 -0.670552 -0.129181
v 0.015968 -0.676195 -0.083240
v 0.016301 -0.676449 -0.129181
v 0.011384 -0.680780 -0.083240
v 0.011621 -0.681129 -0.129181
v 0.005607 -0.683723 -0.083240
v 0.005724 -0.684134 -0.129181
v -0.000796 -0.684737 -0.083240
v -0.000812 -0.685169 -0.129181
v -0.007199 -0.683723 -0.083240
v -0.007349 -0.684134 -0.129181
v 0.037726 -0.484706 0.009357
v 0.039668 -0.484706 -0.002901
v 0.037726 -0.459036 0.009358
v 0.039668 -0.459036 -0.002901
v 0.032092 -0.484706 0.020415
v 0.032092 -0.459036 0.020415
v 0.023316 -0.484706 0.029191
v 0.023316 -0.459036 0.029191
v 0.012258 -0.484706 0.034825
v 0.012258 -0.459036 0.034825
v 0.000000 -0.484706 0.036767
v 0.000000 -0.459036 0.036767
v -0.012258 -0.484706 0.034825
v -0.012258 -0.459036 0.034825
v -0.023316 -0.484706 0.029191
v -0.023316 -0.459036 0.029191
v -0.032092 -0.484706 0.020415
v -0.032092 -0.459036 0.020415
v -0.037726 -0.484706 0.009357
v -0.037726 -0.459036 0.009358
v -0.039668 -0.484706 -0.002901
v -0.039668 -0.459036 -0.002901
v -0.037726 -0.484706 -0.015159
v -0.037726 -0.459036 -0.015159
v -0.032092 -0.484706 -0.026217
v -0.032092 -0.459036 -0.026217
v 0.009661 -0.484706 -0.032634
v -0.009661 -0.484706 -0.032634
v -0.018376 -0.484706 -0.028193
v 0.018376 -0.484706 -0.028193
v 0.025292 -0.484706 -0.021277
v 0.029733 -0.484706 -0.012562
v 0.031263 -0.484706 -0.002901
v 0.029733 -0.484706 0.006760
v 0.025292 -0.484706 0.015475
v 0.018376 -0.484706 0.022392
v 0.009661 -0.484706 0.026832
v 0.000000 -0.484706 0.028362
v -0.009661 -0.484706 0.026832
v -0.018376 -0.484706 0.022392
v -0.025292 -0.484706 0.015475
v -0.029733 -0.484706 0.006760
v -0.031263 -0.484706 -0.002901
v -0.029733 -0.484706 -0.012562
v -0.025292 -0.484706 -0.021277
v -0.009289 -0.452655 -0.031489
v -0.010611 -0.459036 -0.035558
v -0.017668 -0.452655 -0.027219
v -0.020183 -0.459036 -0.030681
v 0.010611 -0.459036 -0.035558
v 0.009289 -0.452655 -0.031489
v 0.020184 -0.459036 -0.030681
v 0.017668 -0.452655 -0.027219
v 0.027780 -0.459036 -0.023084
v 0.024319 -0.452655 -0.020569
v 0.032658 -0.459036 -0.013512
v 0.028588 -0.452655 -0.012190
v 0.034338 -0.459036 -0.002901
v 0.030059 -0.452655 -0.002901
v 0.032658 -0.459036 0.007711
v 0.028588 -0.452655 0.006388
v 0.027780 -0.459036 0.017283
v 0.024319 -0.452655 0.014768
v 0.020184 -0.459036 0.024879
v 0.017668 -0.452655 0.021418
v 0.010611 -0.459036 0.029757
v 0.009289 -0.452655 0.025687
v 0.000000 -0.459036 0.031437
v 0.000000 -0.452655 0.027158
v -0.010611 -0.459036 0.029757
v -0.009289 -0.452655 0.025687
v -0.020183 -0.459036 0.024879
v -0.017668 -0.452655 0.021418
v -0.027780 -0.459036 0.017283
v -0.024318 -0.452655 0.014768
v -0.032657 -0.459036 0.007711
v -0.028588 -0.452655 0.006388
v -0.034338 -0.459036 -0.002901
v -0.030059 -0.452655 -0.002901
v -0.032657 -0.459036 -0.013512
v -0.028588 -0.452655 -0.012190
v -0.027780 -0.459036 -0.023084
v -0.024318 -0.452655 -0.020569
v -0.008965 0.047004 -0.030491
v 0.008965 0.047004 -0.030491
v 0.017052 0.047004 -0.026370
v 0.023469 0.047004 -0.019953
v 0.027590 0.047004 -0.011866
v 0.029010 0.047004 -0.002901
v 0.027590 0.047004 0.006064
v 0.023469 0.047004 0.014151
v 0.017052 0.047004 0.020569
v 0.008965 0.047004 0.024689
v 0.000000 0.047004 0.026109
v -0.008965 0.047004 0.024689
v -0.017052 0.047004 0.020569
v -0.023469 0.047004 0.014151
v -0.027590 0.047004 0.006064
v -0.029010 0.047004 -0.002901
v -0.027590 0.047004 -0.011866
v -0.023469 0.047004 -0.019953
v -0.017052 0.047004 -0.026370
v 0.012258 -0.484706 -0.040627
v -0.012258 -0.484706 -0.040627
v -0.012258 -0.459036 -0.040627
v 0.012258 -0.459036 -0.040627
v 0.023316 -0.484706 -0.034993
v 0.023316 -0.459036 -0.034993
v 0.032092 -0.484706 -0.026217
v 0.032092 -0.459036 -0.026217
v 0.037726 -0.484706 -0.015159
v 0.037726 -0.459036 -0.015159
v -0.023316 -0.484706 -0.034993
v -0.023316 -0.459036 -0.036135
v -0.012258 -0.475577 -0.123314
v -0.011530 -0.478108 -0.119932
v -0.023316 -0.475587 -0.116538
v -0.021939 -0.478128 -0.114642
v 0.011531 -0.478108 -0.119932
v 0.012258 -0.475577 -0.123314
v -0.011530 -0.465635 -0.121074
v -0.012258 -0.468165 -0.123314
v -0.021939 -0.465615 -0.115784
v -0.023316 -0.468155 -0.116538
v 0.012258 -0.468165 -0.123314
v 0.011531 -0.465635 -0.121074
v 0.023316 -0.475587 -0.116538
v 0.021939 -0.478128 -0.114642
v 0.023316 -0.468156 -0.116538
v 0.021939 -0.465614 -0.114642
v 0.032092 -0.475656 -0.107762
v 0.031492 -0.478252 -0.104853
v 0.032092 -0.468085 -0.107762
v 0.031487 -0.465490 -0.104858
v 0.037726 -0.475618 -0.096704
v 0.037410 -0.478465 -0.092061
v 0.037726 -0.468349 -0.096704
v 0.037726 -0.465376 -0.091250
v 0.039409 -0.474892 -0.086083
v 0.039668 -0.478112 -0.082035
v 0.039409 -0.468851 -0.086083
v 0.039668 -0.465630 -0.082035
v -0.032092 -0.478102 -0.105482
v -0.032092 -0.465648 -0.105570
v -0.030779 -0.475260 -0.109075
v -0.030829 -0.468380 -0.109024
v 0.000000 -0.664016 -0.086777
v -0.011974 -0.672321 -0.137580
v -0.008848 -0.675447 -0.137580
v -0.004909 -0.677454 -0.137580
v -0.000543 -0.678146 -0.137580
v -0.013981 -0.668382 -0.137580
v -0.014673 -0.664016 -0.137580
v -0.013981 -0.659649 -0.137580
v -0.011974 -0.655710 -0.137580
v -0.008848 -0.652584 -0.137580
v -0.004909 -0.650577 -0.137580
v -0.000543 -0.649885 -0.137580
v 0.003824 -0.650577 -0.137580
v 0.007763 -0.652584 -0.137580
v 0.010889 -0.655710 -0.137580
v 0.012896 -0.659649 -0.137580
v 0.013588 -0.664015 -0.137580
v 0.012896 -0.668382 -0.137580
v 0.010889 -0.672321 -0.137580
v 0.007763 -0.675447 -0.137580
v 0.003824 -0.677454 -0.137580
v -0.000543 -0.664016 -0.137580
v -0.059885 -0.607350 -0.114937
v -0.061290 -0.603391 -0.118165
v -0.053603 -0.617416 -0.122948
v -0.053522 -0.615269 -0.128699
v -0.057320 -0.605103 -0.121798
v -0.051028 -0.615160 -0.133223
v -0.042220 -0.630555 -0.136635
v -0.040319 -0.629409 -0.141114
v -0.042902 -0.631672 -0.128398
v -0.004024 -0.648856 -0.107550
v -0.001138 -0.646328 -0.104715
v -0.008657 -0.646410 -0.102728
v -0.005869 -0.643968 -0.099360
v -0.006095 -0.644166 -0.108450
v -0.003307 -0.641724 -0.105083
v -0.002676 -0.641171 -0.099298
v -0.004951 -0.638105 -0.100494
v -0.006852 -0.639770 -0.095099
v -0.028003 -0.618620 -0.078549
v -0.026503 -0.616787 -0.083598
v -0.040510 -0.605945 -0.085474
v -0.039990 -0.603415 -0.090461
v -0.025420 -0.616357 -0.091265
v -0.037934 -0.603689 -0.095749
v -0.047070 -0.596123 -0.103598
v -0.050672 -0.594089 -0.101108
v -0.049635 -0.598371 -0.096737
v -0.039677 -0.605216 -0.104088
v -0.035197 -0.607519 -0.098781
v -0.025612 -0.618082 -0.097528
v -0.028404 -0.618971 -0.103642
v -0.029058 -0.621101 -0.080141
v -0.038637 -0.610533 -0.083346
v -0.031848 -0.621988 -0.086743
v -0.043110 -0.608224 -0.090604
v -0.041505 -0.632005 -0.120427
v -0.050416 -0.620852 -0.118528
v -0.052258 -0.616238 -0.112234
v -0.040681 -0.629726 -0.112212
v -0.024808 -0.655500 -0.125350
v -0.022031 -0.658126 -0.127760
v -0.021890 -0.658003 -0.120998
v -0.017750 -0.660881 -0.122761
v -0.022907 -0.653834 -0.130745
v -0.019328 -0.655759 -0.126720
v -0.017308 -0.653989 -0.121964
v -0.015676 -0.659064 -0.118728
v -0.019870 -0.656234 -0.116241
v -0.048825 -0.613230 -0.125718
v -0.046977 -0.617838 -0.133964
v -0.038060 -0.628987 -0.137814
v -0.037236 -0.626709 -0.129112
v -0.039046 -0.627775 -0.104595
v -0.051297 -0.613319 -0.106245
v -0.060138 -0.602382 -0.109795
v -0.061950 -0.597742 -0.112654
v -0.057576 -0.600138 -0.115518
v -0.047865 -0.610313 -0.119079
v -0.035603 -0.624758 -0.121332
v -0.013375 -0.657048 -0.115031
v -0.017635 -0.654276 -0.111875
v -0.015074 -0.652032 -0.117597
v -0.034470 -0.623766 -0.092277
v -0.046334 -0.608972 -0.095979
v -0.054557 -0.597493 -0.102730
v -0.007375 -0.651793 -0.109698
v -0.011869 -0.649224 -0.105391
v -0.009307 -0.646980 -0.111113
v -0.042902 -0.605966 -0.108813
v -0.051995 -0.595249 -0.108452
v -0.031026 -0.620749 -0.109014
v -0.056162 -0.592671 -0.106656
v -0.029045 -0.644756 -0.113809
v -0.030902 -0.646383 -0.120735
v -0.031800 -0.647169 -0.127740
v -0.027009 -0.642973 -0.107434
v -0.019147 -0.636086 -0.093288
v -0.021941 -0.638533 -0.097499
v -0.014471 -0.631989 -0.085923
v -0.016656 -0.633902 -0.088324
v -0.012599 -0.630348 -0.089401
v -0.011897 -0.629734 -0.095549
v -0.013224 -0.630896 -0.101158
v -0.015716 -0.633079 -0.106122
v -0.018509 -0.635526 -0.110333
v -0.023578 -0.639966 -0.120268
v -0.025613 -0.641750 -0.126642
v -0.029226 -0.644915 -0.137365
v -0.027471 -0.643377 -0.133568
v -0.030955 -0.646429 -0.134353
v 0.077484 -0.655006 -0.115473
v 0.081400 -0.656512 -0.118773
v 0.065734 -0.653183 -0.123319
v 0.067301 -0.654635 -0.129104
v 0.077484 -0.658417 -0.122335
v 0.065734 -0.656607 -0.133595
v 0.048324 -0.653322 -0.136736
v 0.047932 -0.655513 -0.141206
v 0.047932 -0.652079 -0.128491
v 0.009482 -0.670342 -0.107550
v 0.009482 -0.674179 -0.104715
v 0.014360 -0.668430 -0.102727
v 0.014360 -0.672135 -0.099360
v 0.014360 -0.671835 -0.108450
v 0.014360 -0.675541 -0.105083
v 0.014359 -0.676380 -0.099298
v 0.018153 -0.676659 -0.100494
v 0.018153 -0.674132 -0.095098
v 0.047932 -0.672093 -0.078456
v 0.048324 -0.674441 -0.083496
v 0.065734 -0.671415 -0.085102
v 0.067301 -0.673524 -0.090055
v 0.047932 -0.675527 -0.091172
v 0.065734 -0.674839 -0.095378
v 0.077484 -0.673234 -0.103061
v 0.081400 -0.671977 -0.100500
v 0.077484 -0.669823 -0.096200
v 0.065734 -0.672466 -0.103768
v 0.061034 -0.674222 -0.098511
v 0.046757 -0.674207 -0.097460
v 0.047932 -0.671545 -0.103562
v 0.046757 -0.669626 -0.080073
v 0.061034 -0.669649 -0.083075
v 0.047932 -0.666967 -0.086662
v 0.065734 -0.667901 -0.090283
v 0.046757 -0.652928 -0.120494
v 0.061034 -0.653389 -0.118798
v 0.065734 -0.655027 -0.112554
v 0.047932 -0.655046 -0.112292
v 0.018153 -0.650261 -0.125350
v 0.014359 -0.650649 -0.127760
v 0.014360 -0.650837 -0.120998
v 0.009482 -0.652094 -0.122761
v 0.018153 -0.652788 -0.130745
v 0.014360 -0.654243 -0.126720
v 0.014360 -0.656928 -0.121964
v 0.009482 -0.654850 -0.118728
v 0.014360 -0.653522 -0.116241
v 0.065734 -0.659592 -0.126039
v 0.061034 -0.657963 -0.134234
v 0.046757 -0.657509 -0.137881
v 0.047932 -0.659625 -0.129191
v 0.048324 -0.657597 -0.104646
v 0.067301 -0.657818 -0.106448
v 0.048324 -0.660530 -0.097857
v 0.067301 -0.661264 -0.100762
v 0.081401 -0.662408 -0.106175
v 0.081401 -0.658324 -0.110150
v 0.086100 -0.664299 -0.109655
v 0.086100 -0.660002 -0.113060
v 0.081401 -0.665814 -0.111897
v 0.081401 -0.661730 -0.115872
v 0.067301 -0.665826 -0.113596
v 0.067301 -0.662380 -0.119282
v 0.048324 -0.665108 -0.114594
v 0.048324 -0.662175 -0.121383
v 0.009482 -0.657910 -0.115031
v 0.014360 -0.656493 -0.111875
v 0.014360 -0.659899 -0.117597
v 0.014360 -0.663372 -0.113890
v 0.009482 -0.661509 -0.111933
v 0.014360 -0.659966 -0.108168
v 0.048324 -0.663794 -0.092226
v 0.067301 -0.664866 -0.095776
v 0.081401 -0.666531 -0.102375
v 0.009482 -0.665886 -0.109698
v 0.014360 -0.664159 -0.105391
v 0.014360 -0.667565 -0.111113
v 0.067301 -0.669428 -0.108610
v 0.081401 -0.669937 -0.108097
v 0.048324 -0.668372 -0.108963
v 0.086100 -0.668597 -0.106250
v 0.028992 -0.654066 -0.113808
v 0.028992 -0.651596 -0.120735
v 0.028992 -0.650403 -0.127740
v 0.028992 -0.659869 -0.101901
v 0.028992 -0.656772 -0.107434
v 0.028992 -0.667224 -0.093288
v 0.028992 -0.663510 -0.097499
v 0.028992 -0.673441 -0.085923
v 0.028992 -0.670537 -0.088324
v 0.028992 -0.675930 -0.089401
v 0.028992 -0.676863 -0.095548
v 0.028992 -0.675099 -0.101158
v 0.028992 -0.671786 -0.106122
v 0.028992 -0.668073 -0.110333
v 0.028992 -0.664431 -0.114734
v 0.028992 -0.658628 -0.126642
v 0.028992 -0.661335 -0.120268
v 0.028992 -0.653825 -0.137365
v 0.028992 -0.656159 -0.133568
v 0.028992 -0.651526 -0.134353
v -0.038353 -0.734653 -0.110463
v -0.041541 -0.737435 -0.113698
v -0.031226 -0.725042 -0.118457
v -0.033260 -0.725761 -0.124212
v -0.041380 -0.733082 -0.117324
v -0.034266 -0.723465 -0.128733
v -0.023126 -0.709583 -0.132119
v -0.024885 -0.708227 -0.136597
v -0.021836 -0.709808 -0.123882
v -0.020147 -0.667544 -0.103024
v -0.023553 -0.665777 -0.100190
v -0.020714 -0.672715 -0.098202
v -0.024004 -0.671009 -0.094835
v -0.023737 -0.671147 -0.103924
v -0.027027 -0.669441 -0.100557
v -0.027772 -0.669055 -0.094772
v -0.029781 -0.672264 -0.095968
v -0.027537 -0.673428 -0.090573
v -0.041778 -0.700057 -0.075462
v -0.049647 -0.717852 -0.071495
v -0.039513 -0.700776 -0.070064
v -0.047053 -0.717375 -0.065109
v -0.042566 -0.699192 -0.084080
v -0.050111 -0.715788 -0.080589
v -0.054043 -0.727295 -0.083669
v -0.054697 -0.731496 -0.074922
v -0.050989 -0.728879 -0.069409
v -0.048009 -0.716805 -0.091221
v -0.047424 -0.711712 -0.087231
v -0.040860 -0.698710 -0.091246
v -0.039033 -0.701007 -0.097031
v -0.036789 -0.700821 -0.072558
v -0.043346 -0.713827 -0.066591
v -0.034963 -0.703117 -0.078587
v -0.043934 -0.718918 -0.071557
v -0.022032 -0.708376 -0.115907
v -0.029175 -0.720783 -0.114028
v -0.032819 -0.724216 -0.107739
v -0.024459 -0.708448 -0.107694
v -0.006346 -0.684418 -0.120824
v -0.004930 -0.680901 -0.123235
v -0.005096 -0.680815 -0.116472
v -0.003948 -0.675945 -0.118236
v -0.008590 -0.683254 -0.126219
v -0.008120 -0.679247 -0.122194
v -0.010503 -0.678011 -0.117438
v -0.006395 -0.674676 -0.114202
v -0.007480 -0.679579 -0.111716
v -0.036871 -0.722114 -0.121223
v -0.033235 -0.718678 -0.129464
v -0.026098 -0.706267 -0.133295
v -0.028524 -0.706340 -0.124593
v -0.026876 -0.707638 -0.100075
v -0.035906 -0.724389 -0.101740
v -0.029444 -0.706325 -0.092759
v -0.038825 -0.722949 -0.093948
v -0.046305 -0.735093 -0.097889
v -0.042923 -0.736718 -0.105303
v -0.050142 -0.738444 -0.101529
v -0.046603 -0.740132 -0.108168
v -0.049333 -0.733522 -0.104831
v -0.045947 -0.735150 -0.111026
v -0.042879 -0.720847 -0.107758
v -0.039956 -0.722289 -0.114574
v -0.033509 -0.704216 -0.109740
v -0.030940 -0.705530 -0.116811
v -0.009111 -0.673267 -0.110505
v -0.010117 -0.678211 -0.107349
v -0.013141 -0.676643 -0.113072
v -0.016224 -0.675044 -0.109364
v -0.012306 -0.671610 -0.107407
v -0.013201 -0.676612 -0.103642
v -0.032327 -0.704885 -0.085459
v -0.041964 -0.721542 -0.082282
v -0.049867 -0.733633 -0.083130
v -0.016192 -0.669595 -0.105172
v -0.016923 -0.674681 -0.100865
v -0.019947 -0.673113 -0.106588
v -0.052908 -0.732055 -0.093731
v -0.046028 -0.719434 -0.099019
v -0.036395 -0.702775 -0.103171
v -0.053851 -0.736963 -0.087690
v -0.014757 -0.692203 -0.109283
v -0.012565 -0.693340 -0.116209
v -0.011506 -0.693889 -0.123214
v -0.019909 -0.689531 -0.097375
v -0.017159 -0.690957 -0.102908
v -0.026438 -0.686145 -0.088762
v -0.023141 -0.687854 -0.092974
v -0.031957 -0.683282 -0.081398
v -0.029379 -0.684620 -0.083799
v -0.034167 -0.682137 -0.084875
v -0.034995 -0.681707 -0.091023
v -0.033429 -0.682519 -0.096632
v -0.030488 -0.684045 -0.101596
v -0.027191 -0.685754 -0.105808
v -0.023959 -0.687431 -0.110209
v -0.018807 -0.690102 -0.122117
v -0.021210 -0.688856 -0.115742
v -0.014544 -0.692314 -0.132840
v -0.016615 -0.691239 -0.129043
v -0.012503 -0.693372 -0.129828
v 0.022619 0.337386 0.257637
v 0.020993 0.335792 0.257959
v 0.022619 0.345117 0.256074
v -0.021872 0.335792 0.257959
v 0.020993 0.346711 0.255751
v -0.023499 0.337386 0.257637
v -0.023499 0.345117 0.256074
v -0.021872 0.346711 0.255751
v 0.021231 0.340157 0.268441
v 0.022619 0.339318 0.267195
v 0.021231 0.346761 0.267106
v 0.022619 0.347049 0.265632
v 0.020993 0.337725 0.267517
v 0.020418 0.339360 0.268602
v 0.020418 0.347298 0.266536
v 0.020993 0.348346 0.265310
v -0.021872 0.337725 0.267517
v -0.021297 0.339360 0.268602
v -0.021297 0.347298 0.266536
v -0.021872 0.348346 0.265310
v -0.022111 0.346761 0.267106
v -0.023564 0.347049 0.265632
v -0.022111 0.340157 0.268441
v -0.023564 0.339318 0.267195
v 0.000630 -0.004562 0.052164
v 0.162249 0.158946 0.464771
vn 0.4407 0.5974 -0.6699
vn 0.5132 0.5623 -0.6484
vn 0.2983 0.3375 -0.8928
vn 0.3522 0.0896 -0.9316
vn 0.5292 0.7566 -0.3841
vn 0.6152 0.6938 -0.3743
vn 0.5638 0.8259 -0.0000
vn 0.6448 0.7643 -0.0001
vn 0.5289 0.7560 0.3858
vn 0.6148 0.6933 0.3760
vn 0.4402 0.5966 0.6710
vn 0.5125 0.5616 0.6495
vn 0.2977 0.3369 0.8932
vn 0.3525 0.0896 0.9315
vn 0.1134 -0.0723 0.9909
vn 0.1290 -0.3224 0.9378
vn -0.0274 -0.4282 0.9033
vn -0.0725 -0.5153 0.8539
vn -0.1383 -0.7227 0.6772
vn -0.1955 -0.7524 0.6290
vn -0.2088 -0.9096 0.3592
vn -0.2432 -0.9112 0.3325
vn -0.2306 -0.9731 0.0019
vn 0.9963 -0.0827 0.0213
vn -0.2062 -0.9094 -0.3612
vn -0.2528 -0.9125 -0.3217
vn -0.1388 -0.7234 -0.6764
vn -0.1757 -0.7607 -0.6249
vn -0.0274 -0.4305 -0.9022
vn -0.0817 -0.5226 -0.8487
vn 0.1136 -0.0724 -0.9909
vn 0.1292 -0.3247 -0.9370
vn 0.9999 -0.0138 0.0039
vn -0.3834 0.9142 0.1311
vn -0.7081 0.6988 0.1015
vn -0.3906 0.9182 0.0653
vn -0.7160 0.6973 0.0341
vn -0.9245 0.3773 0.0547
vn -0.9264 0.3762 -0.0125
vn -1.0000 -0.0000 -0.0001
vn -0.9978 0.0095 -0.0653
vn -0.9239 -0.3789 -0.0530
vn -0.9199 -0.3734 -0.1196
vn -0.7071 -0.7000 -0.1004
vn -0.7076 -0.6871 -0.1649
vn -0.3827 -0.9145 -0.1311
vn -0.3801 -0.9038 -0.1966
vn -0.0001 -0.9900 -0.1409
vn -0.0132 -0.9783 -0.2068
vn 0.3814 -0.9153 -0.1292
vn 0.3589 -0.9124 -0.1967
vn 0.7066 -0.7006 -0.0999
vn 0.6913 -0.7030 -0.1669
vn 0.9237 -0.3793 -0.0534
vn 0.9166 -0.3814 -0.1201
vn 1.0000 -0.0019 0.0019
vn -0.0627 0.1273 -0.9899
vn 0.9239 0.3788 0.0544
vn 0.9227 0.3855 0.0031
vn 0.7073 0.6996 0.1016
vn 0.7037 0.7095 0.0367
vn 0.3819 0.9146 0.1332
vn 0.3661 0.9281 0.0680
vn -0.0000 0.9898 0.1424
vn -0.0135 0.9969 0.0772
vn -0.0271 0.9779 0.2074
vn -0.3885 0.9002 0.1968
vn -0.0000 0.9955 0.0953
vn -0.3869 0.9182 0.0849
vn 0.3678 0.9087 0.1975
vn 0.3822 0.9202 0.0848
vn 0.7102 0.6843 0.1652
vn 0.7063 0.7058 0.0543
vn 0.9219 0.3686 0.1195
vn 0.9228 0.3851 0.0071
vn 0.9978 -0.0111 0.0660
vn 0.9989 0.0065 -0.0456
vn 0.9200 -0.3917 0.0113
vn 0.9229 -0.3718 -0.1000
vn 0.6984 -0.7148 -0.0352
vn 0.7064 -0.6925 -0.1464
vn 0.3683 -0.9274 -0.0657
vn 0.3723 -0.9109 -0.1781
vn -0.0282 -0.9968 -0.0751
vn -0.0000 -0.9823 -0.1875
vn -0.3917 -0.9178 -0.0643
vn -0.3823 -0.9069 -0.1773
vn -0.7052 -0.7081 -0.0342
vn -0.7064 -0.6927 -0.1457
vn -0.9219 -0.3873 0.0125
vn -0.9229 -0.3719 -0.0993
vn -0.9977 -0.0156 0.0653
vn -0.9989 0.0067 -0.0467
vn -0.9296 0.3493 0.1179
vn -0.9229 0.3851 0.0077
vn -0.7245 0.6695 0.1641
vn -0.7151 0.6969 0.0536
vn -0.0000 0.1961 -0.9806
vn -0.0294 0.1877 -0.9818
vn -0.0176 -0.0873 0.9960
vn -0.0286 -0.0934 0.9952
vn 0.0018 0.1986 -0.9801
vn 0.0044 -0.0842 0.9964
vn 0.0353 0.1817 -0.9827
vn 0.0443 -0.1074 0.9932
vn 0.0429 0.1574 -0.9866
vn 0.0536 -0.1274 0.9904
vn 0.9988 -0.0169 0.0461
vn 0.0557 -0.1653 0.9847
vn 0.0436 0.1063 -0.9934
vn 0.0470 -0.1752 0.9834
vn 0.0221 0.0868 -0.9960
vn 0.0326 -0.1874 0.9817
vn -0.0048 0.0802 -0.9968
vn 0.0078 -0.1984 0.9801
vn -0.0009 0.0877 -0.9961
vn -0.0127 -0.1974 0.9802
vn -0.0186 0.0897 -0.9958
vn -0.0320 -0.1886 0.9815
vn -0.0416 0.1059 -0.9935
vn -0.0391 -0.1803 0.9828
vn -0.0507 0.1221 -0.9912
vn -0.0529 -0.1629 0.9852
vn -0.0552 0.1376 -0.9890
vn -0.0563 -0.1493 0.9872
vn -0.0562 0.1497 -0.9871
vn -0.0621 -0.1436 0.9877
vn -0.0480 0.1706 -0.9842
vn -0.0597 -0.1214 0.9908
vn -0.0017 -0.1427 0.9898
vn -0.3836 0.9046 -0.1861
vn -0.7088 0.6912 -0.1410
vn -0.0302 0.2479 0.9683
vn -0.0538 0.2265 0.9725
vn -0.9245 0.3735 -0.0763
vn -0.0572 0.2090 0.9762
vn -1.0000 -0.0000 0.0020
vn -0.0571 0.1938 0.9794
vn -0.9237 -0.3750 0.0781
vn -0.0519 0.1796 0.9824
vn -0.7075 -0.6922 0.1427
vn -0.0455 0.1684 0.9847
vn -0.3828 -0.9047 0.1871
vn -0.0211 0.1517 0.9882
vn -0.0001 -0.9791 0.2032
vn -0.0132 0.1466 0.9891
vn 0.3812 -0.9052 0.1877
vn -0.0019 0.1416 0.9899
vn 0.7071 -0.6925 0.1428
vn 0.0391 0.1634 0.9858
vn 0.9235 -0.3756 0.0782
vn 0.0487 0.1745 0.9834
vn 1.0000 -0.0000 0.0020
vn 0.0561 0.1823 0.9816
vn 0.9242 0.3741 -0.0765
vn 0.0548 0.2140 0.9753
vn 0.7076 0.6923 -0.1417
vn 0.0447 0.2352 0.9709
vn 0.3827 0.9048 -0.1866
vn 0.0089 0.2560 0.9666
vn -0.0000 0.9794 -0.2020
vn -0.0165 0.2557 0.9666
vn -0.3912 0.8907 -0.2315
vn -0.7133 0.6756 -0.1865
vn -0.0000 0.2020 0.9794
vn -0.9255 0.3587 -0.1217
vn -0.9989 -0.0110 -0.0449
vn -0.9225 -0.3846 0.0314
vn -0.7101 -0.6975 0.0965
vn -0.3868 -0.9113 0.1408
vn -0.0077 -0.9876 0.1566
vn 0.3773 -0.9153 0.1410
vn 0.7058 -0.7018 0.0966
vn 0.9211 -0.3880 0.0323
vn 0.9989 -0.0104 -0.0460
vn 0.9240 0.3619 -0.1233
vn 0.7075 0.6811 -0.1885
vn 0.3771 0.8963 -0.2334
vn -0.0078 0.9688 -0.2478
vn -0.3818 0.9162 -0.1215
vn -0.7171 0.6929 -0.0746
vn -0.9272 0.3744 -0.0095
vn -0.9977 0.0074 0.0677
vn -0.9219 -0.3603 0.1427
vn -0.7136 -0.6695 0.2063
vn -0.3824 -0.8891 0.2514
vn -0.0290 -0.9632 0.2673
vn 0.3588 -0.8984 0.2533
vn 0.7056 -0.6777 0.2070
vn 0.9197 -0.3656 0.1430
vn 0.9978 0.0099 0.0653
vn 0.9229 0.3848 -0.0119
vn 0.7109 0.6992 -0.0760
vn 0.3667 0.9222 -0.1230
vn -0.0275 0.9902 -0.1367
vn -0.3827 -0.0000 -0.9239
vn -0.7081 -0.0000 -0.7061
vn -0.0362 0.9983 -0.0454
vn -0.0479 0.9984 -0.0304
vn -0.9244 -0.0000 -0.3813
vn -0.0566 0.9984 -0.0082
vn -0.0554 0.9983 0.0174
vn -0.9239 -0.0000 0.3827
vn -0.0511 0.9985 0.0211
vn -0.7071 -0.0000 0.7071
vn -0.0391 0.9985 0.0391
vn -0.3827 -0.0000 0.9239
vn -0.0212 0.9985 0.0511
vn -0.0000 -0.0000 1.0000
vn -0.0000 0.9985 0.0553
vn 0.3812 -0.0000 0.9245
vn 0.0094 0.9984 0.0560
vn 0.7061 -0.0000 0.7081
vn 0.0219 0.9982 0.0556
vn 0.9239 -0.0000 0.3827
vn 0.0477 0.9985 0.0268
vn 1.0000 -0.0020 -0.0000
vn 0.0533 0.9986 -0.0000
vn 0.9242 -0.0019 -0.3819
vn 0.0499 0.9986 -0.0193
vn 0.7071 -0.0000 -0.7071
vn 0.0301 0.9984 -0.0471
vn 0.3827 -0.0000 -0.9239
vn 0.0212 0.9985 -0.0511
vn -0.0000 -0.0000 -1.0000
vn -0.0008 0.9985 -0.0553
vn -0.3877 -0.0460 -0.9206
vn -0.7128 -0.0455 -0.6999
vn -0.0000 1.0000 0.0020
vn -0.9267 -0.0465 -0.3730
vn -0.9989 -0.0465 -0.0002
vn -0.9224 -0.0461 0.3836
vn -0.7063 -0.0450 0.7064
vn -0.3832 -0.0452 0.9226
vn -0.0054 -0.0454 0.9990
vn 0.3732 -0.0455 0.9267
vn 0.6997 -0.0455 0.7129
vn 0.9217 -0.0460 0.3852
vn 0.9989 -0.0461 0.0076
vn 0.9235 -0.0463 -0.3807
vn 0.7062 -0.0461 -0.7065
vn 0.3805 -0.0463 -0.9236
vn -0.0058 -0.0463 -0.9989
vn 0.0007 0.0660 -0.9978
vn -0.3941 0.0664 -0.9167
vn 0.3819 0.0659 -0.9219
vn 0.6983 0.0654 -0.7128
vn 0.9199 0.0652 -0.3868
vn 0.9978 0.0651 0.0136
vn 0.9198 0.0651 0.3870
vn 0.6913 0.0655 0.7196
vn 0.3713 0.0660 0.9262
vn -0.0000 0.0659 0.9978
vn -0.3819 0.0659 0.9219
vn -0.7056 0.0659 0.7055
vn -0.9216 0.0650 0.3827
vn -0.9979 0.0650 0.0001
vn -0.9259 0.0651 -0.3721
vn -0.7123 0.0660 -0.6987
vn 0.2463 -0.2835 0.9268
vn 0.0625 -0.2130 0.9751
vn 0.2426 -0.2444 0.9388
vn 0.0664 -0.1953 0.9785
vn 0.4613 -0.3637 0.8093
vn 0.4621 -0.2957 0.8361
vn 0.6314 -0.4244 0.6490
vn 0.6555 -0.3307 0.6790
vn 0.7624 -0.4615 0.4535
vn 0.8061 -0.3444 0.4813
vn 0.8705 -0.4678 0.1527
vn 0.9282 -0.3348 0.1625
vn 0.8899 -0.4559 0.0157
vn 0.9495 -0.3132 0.0176
vn 0.8456 -0.4661 -0.2603
vn 0.8792 -0.4623 -0.1155
vn 0.8982 -0.3405 -0.2779
vn 0.9383 -0.3232 -0.1234
vn 0.7653 -0.4562 -0.4541
vn 0.8013 -0.3546 -0.4819
vn 0.6327 -0.4174 -0.6523
vn 0.6504 -0.3467 -0.6759
vn 0.4660 -0.3545 -0.8107
vn 0.4602 -0.3192 -0.8284
vn 0.2508 -0.2724 -0.9289
vn 0.2487 -0.2702 -0.9301
vn 0.0646 -0.1957 -0.9785
vn 0.0725 -0.2174 -0.9734
vn 0.8900 -0.4559 -0.0000
vn 0.9483 -0.3174 0.0019
vn 0.4033 -0.5814 -0.7067
vn 0.2428 -0.5855 -0.7735
vn 0.0920 -0.5346 -0.8401
vn 0.8846 -0.4482 -0.1292
vn 0.9551 -0.2955 0.0215
vn 0.6424 -0.7635 -0.0666
vn 0.9721 -0.2283 0.0539
vn 0.9852 -0.1711 0.0047
vn 0.9635 -0.2644 0.0431
vn 0.9385 0.3449 0.0157
vn 0.9393 0.3432 0.0020
vn 0.7461 0.6658 0.0098
vn 0.7434 0.6689 0.0020
vn 0.9545 0.2979 0.0157
vn 0.9551 0.2962 0.0020
vn 0.4568 0.8896 0.0021
vn 0.4315 0.9021 0.0020
vn 0.3192 0.9477 -0.0000
vn 0.3139 0.9495 0.0039
vn 0.9726 -0.2309 0.0254
vn 0.9786 -0.2055 0.0039
vn 0.9520 0.3056 0.0157
vn 0.9527 0.3039 -0.0000
vn 0.9425 -0.3038 -0.1391
vn 0.9423 0.3135 -0.1176
vn 0.9394 0.3219 -0.1178
vn 0.3646 0.9312 0.0020
vn 0.3650 0.9310 0.0003
vn 0.3646 0.9311 0.0018
vn 0.3074 0.9516 0.0059
vn 0.3606 0.9326 -0.0137
vn 0.2605 0.9654 0.0117
vn 0.4887 -0.2678 0.8304
vn 0.2894 -0.2308 0.9290
vn 0.8261 -0.3054 0.4737
vn 0.9453 -0.2818 0.1644
vn 0.6795 -0.2958 0.6714
vn 0.9311 0.3293 0.1568
vn 0.9352 0.3176 0.1569
vn 0.8066 0.3661 0.4640
vn 0.8134 0.3450 0.4684
vn 0.4878 0.3467 0.8012
vn 0.4897 0.3154 0.8129
vn 0.2408 0.3034 0.9219
vn 0.2424 0.2678 0.9325
vn 0.6658 0.3662 0.6501
vn 0.6712 0.3385 0.6595
vn 0.8744 -0.3951 -0.2817
vn 0.7449 -0.4881 -0.4548
vn 0.4881 0.3354 -0.8058
vn 0.2409 0.2898 -0.9263
vn 0.4902 0.3176 -0.8117
vn 0.2409 0.2703 -0.9322
vn 0.9000 0.3432 -0.2687
vn 0.8088 0.3585 -0.4661
vn 0.9039 0.3332 -0.2681
vn 0.8141 0.3453 -0.4669
vn 0.6680 0.3546 -0.6543
vn 0.6721 0.3390 -0.6584
vn 0.5776 -0.5502 -0.6031
vn 0.4511 0.8924 -0.0137
vn 0.7303 0.6798 -0.0666
vn 0.9245 0.3644 -0.1116
vn 0.6865 -0.6318 -0.3599
vn 0.8670 -0.4660 -0.1764
vn 0.6659 -0.7263 -0.1704
vn 0.5385 -0.8362 -0.1038
vn 0.2411 0.9665 0.0883
vn 0.2976 0.7557 0.5834
vn 0.3568 0.9312 0.0745
vn 0.4801 0.7290 0.4879
vn 0.2954 0.9553 -0.0140
vn 0.3097 0.9507 -0.0157
vn 0.2642 0.3464 0.9001
vn 0.5005 0.3754 0.7801
vn 0.4485 0.8931 -0.0333
vn 0.7114 0.6860 -0.1529
vn 0.4393 0.8963 -0.0608
vn 0.6637 0.6990 -0.2663
vn 0.8892 0.3800 -0.2546
vn 0.8060 0.3923 -0.4432
vn 0.9850 -0.1454 0.0934
vn 0.9398 -0.2839 0.1900
vn 0.8324 -0.2705 0.4837
vn 0.8535 -0.1280 0.5051
vn 0.6997 -0.1155 0.7050
vn 0.6905 -0.2445 0.6808
vn 0.3995 0.9145 0.0646
vn 0.3115 0.9501 -0.0176
vn 0.5902 0.7078 0.3882
vn 0.4309 0.9009 0.0529
vn 0.6705 0.6901 0.2725
vn 0.6734 0.3896 0.6283
vn 0.8053 0.3899 0.4467
vn 0.9202 0.3622 0.1488
vn 0.7422 0.6639 0.0920
vn 0.4643 0.8854 0.0216
vn 0.4177 0.9041 -0.0902
vn 0.5819 0.7210 -0.3762
vn 0.4745 0.7412 -0.4748
vn 0.3856 0.9121 -0.1390
vn 0.6721 0.3939 -0.6270
vn 0.4995 0.3819 -0.7776
vn 0.2938 0.7600 -0.5798
vn 0.2626 0.3546 -0.8974
vn 0.2469 0.9521 -0.1803
vn 0.4056 -0.7680 -0.4957
vn 0.2934 -0.8977 -0.3288
vn 0.1545 -0.8196 -0.5516
vn 0.0861 -0.8201 -0.5657
vn 0.2645 -0.8051 -0.5309
vn 0.4872 -0.2035 0.8492
vn 0.2795 -0.1642 0.9460
vn 0.4437 -0.0807 0.8925
vn 0.0957 -0.1915 0.9768
vn 0.1135 -0.1350 0.9843
vn -0.0020 -0.2014 0.9795
vn -0.0000 -0.1898 0.9818
vn 0.0607 0.2232 0.9729
vn 0.0567 0.2619 0.9634
vn 0.0724 0.2974 0.9520
vn 0.0920 0.7459 0.6597
vn -0.0000 0.3018 0.9534
vn -0.0020 0.7570 0.6534
vn -0.0000 0.2194 0.9756
vn 0.0882 0.9910 0.1002
vn 0.1783 0.9840 -0.0000
vn -0.0019 0.9999 0.0118
vn -0.0000 0.9948 0.1021
vn 0.2134 0.9770 -0.0000
vn 0.1214 0.9926 -0.0059
vn 0.2078 0.9782 0.0059
vn 0.0941 0.9702 -0.2235
vn 0.0903 0.7396 -0.6670
vn -0.0000 0.7461 -0.6658
vn -0.0000 0.9719 -0.2354
vn -0.0000 0.9998 -0.0177
vn 0.0706 0.3099 -0.9482
vn 0.0607 0.2273 -0.9719
vn -0.0019 0.2213 -0.9752
vn -0.0000 0.3135 -0.9496
vn 0.0568 0.2468 -0.9674
vn -0.0000 0.2389 -0.9710
vn -0.0000 -0.1841 -0.9829
vn -0.0000 -0.2116 -0.9774
vn -0.0019 -0.5148 -0.8573
vn 0.0176 -0.8162 -0.5775
vn 0.0351 -0.8388 -0.5433
vn 0.1134 -0.9306 -0.3480
vn 0.0294 -0.9288 -0.3694
vn 0.0136 -0.1252 0.9920
vn -0.0000 -0.1818 0.9833
vn -0.0019 0.2545 0.9671
vn -0.0019 1.0000 0.0039
vn -0.0000 1.0000 -0.0000
vn -0.0744 -0.2174 -0.9733
vn -0.2505 -0.2701 -0.9297
vn -0.0665 -0.1957 -0.9784
vn -0.2527 -0.2723 -0.9284
vn -0.4618 -0.3189 -0.8277
vn -0.4693 -0.3522 -0.8098
vn -0.2446 -0.5852 -0.7731
vn -0.4049 -0.5809 -0.7061
vn -0.0940 -0.5345 -0.8399
vn -0.8850 -0.4474 -0.1289
vn -0.6436 -0.7625 -0.0665
vn -0.9553 -0.2950 0.0215
vn -0.9721 -0.2285 0.0538
vn -0.1789 0.9839 0.0006
vn -0.3133 0.9497 -0.0000
vn -0.1999 0.9798 0.0020
vn -0.2938 0.9559 -0.0039
vn -0.3425 0.9395 -0.0020
vn -0.3115 0.9502 -0.0059
vn -0.3092 0.9510 -0.0059
vn -0.3115 0.9502 -0.0039
vn -0.9485 -0.3168 0.0019
vn -0.9497 -0.3126 0.0176
vn -0.9009 -0.4340 -0.0000
vn -0.9000 -0.4355 0.0156
vn -0.9787 -0.2051 0.0039
vn -0.9727 -0.2305 0.0254
vn -0.9385 -0.3226 -0.1232
vn -0.9428 -0.3032 -0.1389
vn -0.8895 -0.4420 -0.1153
vn -0.9546 0.2973 0.0156
vn -0.9553 0.2956 0.0020
vn -0.9522 0.3050 0.0157
vn -0.9529 0.3033 -0.0000
vn -0.9425 0.3129 -0.1174
vn -0.9397 0.3211 -0.1175
vn -0.3663 0.9305 0.0019
vn -0.3654 0.9309 0.0005
vn -0.2979 0.9546 0.0039
vn -0.3623 0.9320 -0.0137
vn -0.2623 0.9649 0.0117
vn -0.3663 0.9305 0.0020
vn -0.3662 0.9305 0.0019
vn -0.4647 -0.3614 0.8084
vn -0.4636 -0.2954 0.8353
vn -0.2482 -0.2834 0.9263
vn -0.2444 -0.2444 0.9384
vn -0.4900 -0.2678 0.8295
vn -0.2912 -0.2306 0.9284
vn -0.9284 -0.3342 0.1623
vn -0.8809 -0.4475 0.1544
vn -0.7719 -0.4437 0.4553
vn -0.8068 -0.3438 0.4805
vn -0.9455 -0.2813 0.1641
vn -0.8267 -0.3049 0.4729
vn -0.6387 -0.4142 0.6485
vn -0.6566 -0.3303 0.6781
vn -0.6804 -0.2957 0.6705
vn -0.9314 0.3287 0.1566
vn -0.9354 0.3170 0.1566
vn -0.8140 0.3444 0.4677
vn -0.8073 0.3656 0.4633
vn -0.2442 0.2677 0.9320
vn -0.4912 0.3151 0.8121
vn -0.2426 0.3033 0.9215
vn -0.4892 0.3464 0.8004
vn -0.6723 0.3381 0.6586
vn -0.6669 0.3657 0.6493
vn -0.8020 -0.3540 -0.4812
vn -0.8986 -0.3399 -0.2774
vn -0.7725 -0.4402 -0.4577
vn -0.8547 -0.4481 -0.2621
vn -0.8748 -0.3945 -0.2812
vn -0.7458 -0.4874 -0.4541
vn -0.4896 0.3350 -0.8050
vn -0.4916 0.3173 -0.8109
vn -0.2427 0.2897 -0.9258
vn -0.2427 0.2701 -0.9317
vn -0.9004 0.3426 -0.2682
vn -0.9039 0.3332 -0.2681
vn -0.8095 0.3579 -0.4654
vn -0.8148 0.3447 -0.4661
vn -0.6691 0.3541 -0.6534
vn -0.6731 0.3385 -0.6575
vn -0.5789 -0.5496 -0.6024
vn -0.6515 -0.3463 -0.6750
vn -0.6419 -0.4072 -0.6498
vn -0.9851 -0.1718 0.0045
vn -0.9636 -0.2639 0.0430
vn -0.4331 0.9014 0.0020
vn -0.4582 0.8889 0.0020
vn -0.7443 0.6679 0.0020
vn -0.7469 0.6648 0.0098
vn -0.4527 0.8916 -0.0137
vn -0.7314 0.6787 -0.0665
vn -0.9395 0.3425 0.0019
vn -0.9387 0.3442 0.0157
vn -0.9248 0.3637 -0.1114
vn -0.6876 -0.6309 -0.3594
vn -0.6671 -0.7253 -0.1701
vn -0.8675 -0.4653 -0.1761
vn -0.5399 -0.8353 -0.1037
vn -0.2329 0.9669 0.1038
vn -0.3723 0.9229 0.0980
vn -0.2994 0.7552 0.5831
vn -0.4816 0.7284 0.4874
vn -0.2660 0.3462 0.8997
vn -0.5020 0.3750 0.7793
vn -0.4501 0.8924 -0.0333
vn -0.7124 0.6850 -0.1527
vn -0.4409 0.8955 -0.0608
vn -0.6648 0.6981 -0.2659
vn -0.8897 0.3793 -0.2542
vn -0.8067 0.3916 -0.4425
vn -0.9850 -0.1462 0.0919
vn -0.9401 -0.2834 0.1896
vn -0.8587 -0.1279 0.4962
vn -0.8330 -0.2699 0.4830
vn -0.7067 -0.1134 0.6983
vn -0.6858 -0.2426 0.6862
vn -0.1076 -0.1291 0.9858
vn -0.1762 -0.0945 0.9798
vn -0.0104 -0.1035 0.9946
vn -0.4073 0.9104 0.0724
vn -0.5914 0.7070 0.3878
vn -0.4347 0.8989 0.0548
vn -0.6716 0.6892 0.2721
vn -0.6744 0.3890 0.6275
vn -0.8059 0.3893 0.4460
vn -0.9205 0.3615 0.1485
vn -0.7430 0.6629 0.0919
vn -0.4658 0.8846 0.0215
vn -0.4194 0.9033 -0.0902
vn -0.5832 0.7203 -0.3757
vn -0.3873 0.9114 -0.1389
vn -0.4761 0.7406 -0.4742
vn -0.6732 0.3934 -0.6262
vn -0.5009 0.3816 -0.7768
vn -0.2644 0.3545 -0.8969
vn -0.2956 0.7595 -0.5794
vn -0.2487 0.9517 -0.1801
vn -0.4013 -0.7693 -0.4972
vn -0.2855 -0.9031 -0.3207
vn -0.0920 -0.8141 -0.5734
vn -0.1741 -0.8157 -0.5516
vn -0.2678 -0.8034 -0.5317
vn -0.4889 -0.2014 0.8488
vn -0.2833 -0.1583 0.9459
vn -0.0976 -0.1914 0.9766
vn -0.0683 -0.1953 0.9784
vn -0.0645 -0.2130 0.9749
vn -0.0586 0.2618 0.9633
vn -0.0626 0.2231 0.9728
vn -0.0744 0.2974 0.9518
vn -0.0940 0.7457 0.6596
vn -0.0882 0.9908 0.1022
vn -0.1644 0.9864 0.0039
vn -0.1233 0.9923 -0.0059
vn -0.0960 0.9700 -0.2234
vn -0.0922 0.7394 -0.6669
vn -0.0726 0.3098 -0.9480
vn -0.0627 0.2273 -0.9718
vn -0.0587 0.2467 -0.9673
vn -0.5107 -0.0860 0.8555
vn -0.3598 -0.0848 0.9292
vn 0.1279 -0.1252 0.9838
vn 0.3778 -0.9257 0.0165
vn 0.1584 -0.9365 -0.3129
vn -0.0940 -0.9296 -0.3563
vn -0.1291 -0.9313 -0.3405
vn -0.1623 -0.9311 -0.3267
vn 0.9898 0.1411 0.0177
vn 0.9557 -0.2938 0.0176
vn 0.9906 0.1370 -0.0000
vn 0.9540 -0.2997 -0.0000
vn 0.9709 0.1723 0.1664
vn 0.9451 -0.2778 0.1722
vn 0.4855 0.2682 0.8321
vn 0.2388 0.2663 0.9338
vn 0.4750 -0.1037 0.8738
vn 0.2305 -0.0195 0.9729
vn 0.6718 -0.1626 0.7227
vn 0.6751 0.2642 0.6888
vn 0.0528 0.2523 0.9662
vn 0.0509 0.0506 0.9974
vn -0.0000 0.2503 0.9682
vn -0.0000 0.0391 0.9992
vn 0.8367 0.2410 0.4918
vn 0.8337 -0.2192 0.5069
vn 0.8375 -0.2060 -0.5061
vn 0.8397 0.2333 -0.4904
vn 0.9230 -0.2528 -0.2900
vn 0.9383 0.1998 -0.2821
vn 0.6779 0.2547 -0.6896
vn 0.6759 -0.1431 -0.7229
vn 0.9523 -0.2783 -0.1254
vn 0.9773 0.1724 -0.1234
vn 0.4761 -0.0784 -0.8759
vn 0.4860 0.2586 -0.8348
vn 0.2391 0.2548 -0.9370
vn 0.2310 0.0078 -0.9729
vn 0.0529 0.2408 -0.9691
vn 0.0510 0.0784 -0.9956
vn -0.0528 0.0508 0.9973
vn -0.0548 0.2523 0.9661
vn -0.0000 0.2370 -0.9715
vn -0.0000 0.0686 -0.9976
vn -0.0529 0.0784 -0.9955
vn -0.0548 0.2408 -0.9690
vn -0.4880 -0.1035 0.8667
vn -0.4943 0.2637 0.8283
vn -0.6824 -0.1662 0.7118
vn -0.6877 0.2442 0.6837
vn -0.2407 0.2661 0.9334
vn -0.2324 -0.0196 0.9724
vn -0.8317 -0.2207 0.5095
vn -0.8443 0.2111 0.4925
vn -0.9447 -0.2778 0.1741
vn -0.9771 0.1329 0.1661
vn -0.9947 0.1016 0.0176
vn -0.9952 0.0978 -0.0000
vn -0.9564 -0.2914 0.0176
vn -0.9549 -0.2969 -0.0000
vn -0.8471 0.2034 -0.4911
vn -0.6893 0.2349 -0.6854
vn -0.8359 -0.2056 -0.5090
vn -0.6866 -0.1467 -0.7121
vn -0.9223 -0.2541 -0.2912
vn -0.9444 0.1661 -0.2838
vn -0.9522 -0.2777 -0.1271
vn -0.9832 0.1349 -0.1231
vn -0.4958 0.2528 -0.8309
vn -0.2410 0.2547 -0.9365
vn -0.4914 -0.0783 -0.8674
vn -0.2329 0.0078 -0.9725
vn -0.1008 -0.9936 -0.0518
vn 0.0121 -0.9509 -0.3093
vn 0.9972 -0.0627 0.0411
vn 0.9431 -0.2898 -0.1628
vn 0.7796 0.2994 0.5501
vn -0.0397 0.7922 -0.6090
vn 0.0489 0.9988 0.0078
vn -0.3790 0.9157 -0.1334
vn -0.3290 -0.0076 0.9443
vn -1.0000 -0.0000 -0.0004
vn -0.9993 0.0229 -0.0296
vn -0.0424 -0.7072 -0.7057
vn -0.2556 -0.9652 -0.0546
vn 0.0349 -0.9989 -0.0311
vn -0.0842 0.0020 -0.9964
vn 0.2382 -0.8925 0.3831
vn -0.7137 0.0039 0.7004
vn 0.2660 -0.8662 -0.4230
vn -0.2623 -0.0020 -0.9650
vn -0.2582 0.0121 0.9660
vn -0.1881 0.9788 -0.0806
vn -0.4113 0.9091 -0.0667
vn -0.8126 -0.2824 -0.5099
vn -0.6158 -0.7534 -0.2306
vn -0.9986 -0.0292 0.0433
vn -0.6497 -0.7101 -0.2715
vn -0.0878 -0.9960 0.0194
vn 0.4884 0.5030 0.7130
vn -0.0098 0.9994 0.0333
vn 0.7007 0.6735 -0.2356
vn 0.0144 0.9999 0.0043
vn -0.0575 -0.9974 0.0427
vn 0.9939 -0.0860 0.0685
vn 0.9571 -0.2881 0.0323
vn 0.0274 0.0045 0.9996
vn -0.0039 -0.9997 0.0235
vn -0.0001 -0.9994 0.0332
vn 0.0956 -0.9954 -0.0008
vn -0.9538 -0.2940 -0.0614
vn -0.9987 -0.0469 -0.0215
vn -0.0595 -0.0015 0.9982
vn -0.8658 0.4646 0.1860
vn -0.0781 0.9967 -0.0211
vn -0.8461 0.2592 0.4658
vn -0.7895 -0.2761 0.5481
vn 0.0136 -0.1017 -0.9947
vn 0.1920 -0.9090 -0.3699
vn -0.2503 -0.9664 -0.0588
vn 0.4653 -0.8837 -0.0512
vn 0.8827 -0.2980 -0.3633
vn 0.9562 -0.2880 -0.0513
vn -0.6910 -0.6350 -0.3455
vn -0.8538 -0.5158 -0.0707
vn -0.8915 0.2696 -0.3642
vn -0.9550 0.2877 -0.0728
vn 0.6610 0.6495 -0.3757
vn 0.8579 0.5112 -0.0513
vn 0.2185 0.9129 -0.3449
vn 0.2569 0.9649 -0.0553
vn -0.0094 0.0417 -0.9991
vn -0.4619 0.8846 -0.0650
vn 0.9499 -0.3063 -0.0626
vn 0.4111 -0.9085 -0.0746
vn -0.2471 -0.9652 -0.0859
vn -0.8261 -0.5546 -0.1001
vn -0.0950 0.0488 0.9943
vn -0.4363 0.8951 -0.0924
vn 0.2137 0.9736 -0.0797
vn 0.8227 0.5633 -0.0760
vn -0.7737 -0.6329 0.0302
vn -0.9625 -0.0862 -0.2574
vn -0.7229 -0.6799 0.1231
vn -0.9561 -0.2329 0.1781
vn -0.7748 -0.6275 0.0771
vn -0.7923 -0.6010 0.1054
vn -0.9348 -0.3504 0.0579
vn -0.9408 -0.3345 0.0548
vn -0.9988 -0.0304 0.0394
vn -0.9991 -0.0410 0.0059
vn -0.9519 0.3054 0.0246
vn -0.9607 0.2759 -0.0294
vn -0.7955 0.6057 0.0148
vn -0.8187 0.5719 -0.0509
vn -0.5699 0.8216 0.0101
vn -0.5948 0.8022 -0.0528
vn 0.3825 0.2595 -0.8868
vn -0.1628 0.9853 -0.0512
vn -0.1047 0.9938 -0.0375
vn 0.1609 0.9856 -0.0512
vn 0.5612 0.8276 0.0102
vn 0.5935 0.8031 -0.0529
vn 0.7998 0.6001 0.0160
vn 0.8229 0.5662 -0.0470
vn 0.9514 0.3070 0.0254
vn 0.9622 0.2704 -0.0334
vn 0.9989 -0.0230 0.0403
vn 0.9995 -0.0314 0.0059
vn 0.9316 -0.3588 0.0580
vn 0.9406 -0.3351 0.0549
vn 0.7700 -0.6333 0.0774
vn 0.7915 -0.6019 0.1056
vn 0.7697 -0.6376 0.0318
vn 0.7220 -0.6809 0.1233
vn 0.9626 -0.0864 -0.2566
vn 0.9559 -0.2333 0.1784
vn -0.0278 -0.9980 0.0572
vn -0.3305 -0.7654 -0.5523
vn -0.0000 -0.9958 0.0918
vn 0.1209 -0.0341 0.9921
vn 0.3292 -0.7625 -0.5570
vn -0.1258 -0.0318 0.9916
vn -0.1608 0.0022 -0.9870
vn -0.1666 0.2822 -0.9448
vn -0.5934 -0.0000 -0.8049
vn -0.5969 0.2701 -0.7555
vn 0.1647 0.2823 -0.9451
vn 0.1589 0.0022 -0.9873
vn 0.5921 0.0001 -0.8058
vn 0.5957 0.2704 -0.7563
vn 0.8148 -0.0019 -0.5798
vn 0.8198 0.2177 -0.5296
vn 0.9558 -0.0078 -0.2938
vn 0.9585 0.1156 -0.2607
vn 0.9997 -0.0157 0.0196
vn 0.9995 -0.0176 0.0274
vn 0.9439 -0.0274 0.3290
vn 0.9387 -0.1603 0.3051
vn 0.7968 -0.0392 0.6030
vn 0.7864 -0.2895 0.5458
vn 0.5755 -0.0509 0.8162
vn 0.5638 -0.3896 0.7283
vn 0.3010 -0.0570 0.9519
vn 0.2930 -0.4532 0.8419
vn -0.0000 -0.0607 0.9982
vn -0.0019 -0.4751 0.8799
vn -0.3028 -0.0570 0.9513
vn -0.2948 -0.4529 0.8414
vn -0.5768 -0.0509 0.8153
vn -0.5652 -0.3891 0.7275
vn -0.7975 -0.0391 0.6020
vn -0.7871 -0.2890 0.5449
vn -0.9441 -0.0274 0.3284
vn -0.9390 -0.1601 0.3045
vn -0.9997 -0.0156 0.0196
vn -0.9995 -0.0176 0.0274
vn -0.9560 -0.0078 -0.2932
vn -0.9586 0.1154 -0.2602
vn -0.8154 -0.0019 -0.5788
vn -0.8205 0.2174 -0.5287
vn -0.2016 0.7416 -0.6399
vn -0.6394 0.5768 -0.5084
vn 0.1997 0.7419 -0.6401
vn 0.6382 0.5776 -0.5090
vn 0.8447 0.3920 -0.3645
vn 0.9652 0.1860 -0.1840
vn 0.9989 -0.0333 0.0333
vn 0.9365 -0.2488 0.2469
vn 0.7861 -0.4400 0.4341
vn 0.6236 -0.5278 0.5767
vn 0.3537 -0.5980 0.7192
vn -0.0020 -0.6311 0.7757
vn -0.3554 -0.5976 0.7187
vn -0.6248 -0.5272 0.5760
vn -0.7869 -0.4393 0.4334
vn -0.9368 -0.2484 0.2464
vn -0.9990 -0.0293 0.0332
vn -0.9666 0.1878 -0.1741
vn -0.8432 0.4010 -0.3580
vn -0.0000 -0.3144 0.9493
vn -0.0000 -0.2896 -0.9571
vn -0.5877 -0.8090 0.0096
vn -0.8090 -0.5878 0.0097
vn -0.5855 -0.8047 -0.0980
vn -0.8054 -0.5845 -0.0981
vn -0.9510 -0.3090 0.0097
vn -0.9459 -0.3087 -0.1000
vn -1.0000 -0.0020 0.0098
vn -0.9950 -0.0020 -0.1001
vn -0.9515 0.3074 0.0098
vn -0.9464 0.3070 -0.1002
vn -0.8097 0.5868 0.0098
vn -0.8063 0.5832 -0.0983
vn -0.5888 0.8082 0.0098
vn -0.5867 0.8038 -0.0982
vn -0.3096 0.9508 0.0098
vn -0.3094 0.9458 -0.0983
vn -0.0000 1.0000 0.0094
vn -0.0020 0.9953 -0.0964
vn 0.3081 0.9513 0.0098
vn 0.3077 0.9468 -0.0945
vn 0.5877 0.8090 0.0097
vn 0.5844 0.8060 -0.0945
vn 0.8090 0.5877 0.0098
vn 0.8052 0.5858 -0.0925
vn 0.9513 0.3080 0.0097
vn 0.9469 0.3078 -0.0925
vn 1.0000 -0.0000 0.0091
vn 0.9957 -0.0000 -0.0925
vn 0.9509 -0.3092 0.0093
vn 0.9464 -0.3096 -0.0925
vn 0.8081 -0.5889 0.0098
vn 0.8043 -0.5870 -0.0924
vn 0.5868 -0.8097 0.0097
vn 0.5835 -0.8066 -0.0943
vn 0.3074 -0.9515 0.0098
vn 0.3072 -0.9470 -0.0943
vn -0.0000 -1.0000 0.0094
vn -0.0020 -0.9954 -0.0962
vn -0.3090 -0.9510 0.0095
vn -0.3088 -0.9460 -0.0981
vn 0.0378 -0.9989 0.0271
vn 0.5829 -0.4902 -0.6480
vn 0.0401 0.9990 0.0198
vn 0.0704 0.9949 -0.0719
vn 0.0214 -0.9987 0.0467
vn 0.0287 0.9989 0.0377
vn -0.0075 -0.9980 0.0627
vn 0.0161 0.9989 0.0444
vn -0.0251 -0.9980 0.0573
vn -0.0032 0.9988 0.0488
vn -0.0201 -0.9987 0.0465
vn -0.0001 0.9990 0.0453
vn -0.0107 -0.9989 0.0451
vn -0.0150 0.9990 0.0428
vn -0.0169 -0.9989 0.0448
vn -0.0268 0.9990 0.0365
vn -0.0270 -0.9988 0.0410
vn -0.0349 0.9989 0.0313
vn -0.0431 -0.9990 0.0139
vn -0.0401 0.9988 0.0275
vn -0.0455 -0.9988 0.0203
vn -0.0465 0.9987 0.0212
vn -0.0518 -0.9986 0.0089
vn -0.0486 0.9988 0.0027
vn -0.0259 -0.9899 0.1393
vn -0.9629 0.1999 0.1814
vn -0.1917 -0.1691 -0.9668
vn 0.2500 -0.9680 -0.0229
vn -0.5624 -0.0601 -0.8247
vn 0.5372 -0.0608 -0.8413
vn 0.7808 -0.0624 -0.6217
vn 0.9389 -0.0643 -0.3382
vn 0.9977 -0.0676 0.0056
vn 0.9370 -0.0725 0.3417
vn 0.7680 -0.0782 0.6356
vn 0.5188 -0.0854 0.8506
vn 0.2562 -0.0866 0.9627
vn -0.0000 -0.0795 0.9968
vn -0.2902 -0.0856 0.9531
vn -0.5443 -0.0841 0.8347
vn -0.7730 -0.0790 0.6295
vn -0.9410 -0.0731 0.3304
vn -0.9977 -0.0675 0.0013
vn -0.9424 -0.0649 -0.3281
vn -0.7941 -0.0625 -0.6046
vn -0.1568 0.0101 -0.9876
vn -0.0765 0.8863 -0.4568
vn -0.5889 0.0102 -0.8081
vn -0.2762 0.8836 -0.3781
vn 0.0764 0.8835 -0.4623
vn 0.1550 0.0102 -0.9879
vn 0.2860 0.8736 -0.3937
vn 0.5877 0.0102 -0.8090
vn 0.3937 0.8736 -0.2860
vn 0.8090 0.0102 -0.5878
vn 0.4639 0.8730 -0.1507
vn 0.9510 0.0102 -0.3090
vn 0.4875 0.8731 0.0020
vn 0.9999 0.0102 -0.0000
vn 0.4638 0.8727 0.1526
vn 0.9510 0.0102 0.3090
vn 0.3935 0.8731 0.2878
vn 0.8090 0.0101 0.5878
vn 0.2857 0.8730 0.3954
vn 0.5877 0.0101 0.8090
vn 0.1506 0.8722 0.4655
vn 0.3090 0.0102 0.9510
vn -0.0013 0.8723 0.4890
vn -0.0000 0.0101 0.9999
vn -0.1525 0.8719 0.4653
vn -0.3090 0.0102 0.9510
vn -0.2876 0.8725 0.3951
vn -0.5878 0.0101 0.8090
vn -0.3951 0.8725 0.2875
vn -0.8090 0.0101 0.5878
vn -0.4653 0.8719 0.1525
vn -0.9510 0.0101 0.3090
vn -0.4890 0.8723 0.0019
vn -0.9999 0.0101 -0.0000
vn -0.4654 0.8722 -0.1506
vn -0.9510 0.0102 -0.3090
vn -0.3859 0.8796 -0.2782
vn -0.8090 0.0101 -0.5878
vn -0.1568 0.0021 -0.9876
vn 0.1549 0.0021 -0.9879
vn 0.5878 0.0021 -0.8090
vn 0.8090 0.0021 -0.5878
vn 0.9514 0.0021 -0.3080
vn 1.0000 0.0021 0.0019
vn 0.9508 0.0021 0.3097
vn 0.8084 0.0021 0.5887
vn 0.5871 0.0021 0.8095
vn 0.3074 0.0021 0.9516
vn -0.0000 0.0021 1.0000
vn -0.3090 0.0021 0.9511
vn -0.5878 0.0021 0.8090
vn -0.8090 0.0021 0.5878
vn -0.9511 0.0021 0.3090
vn -1.0000 0.0021 -0.0000
vn -0.9515 0.0021 -0.3076
vn -0.8097 0.0021 -0.5869
vn -0.5889 0.0021 -0.8082
vn 0.0137 -0.9970 -0.0762
vn -0.0156 -0.9970 -0.0762
vn -0.0137 0.9970 -0.0764
vn 0.0157 0.9970 -0.0764
vn 0.0587 -0.9955 -0.0743
vn 0.0607 0.9952 -0.0764
vn 0.1095 -0.9915 -0.0704
vn 0.1215 0.9898 -0.0745
vn 0.2856 -0.9567 -0.0567
vn 0.3056 0.9501 -0.0627
vn -0.0626 -0.9953 -0.0743
vn -0.0685 0.9947 -0.0763
vn -0.1764 -0.2803 -0.9436
vn 0.0976 -0.8270 -0.5537
vn -0.5883 -0.2408 -0.7720
vn -0.1102 -0.9901 -0.0871
vn -0.1586 -0.8657 -0.4748
vn 0.1745 -0.2804 -0.9439
vn 0.2113 0.9449 -0.2501
vn -0.1823 0.1864 -0.9654
vn -0.2025 0.5784 -0.7902
vn -0.6045 0.1683 -0.7786
vn 0.1843 0.2040 -0.9615
vn -0.1554 0.7398 -0.6546
vn 0.5960 -0.2454 -0.7646
vn 0.1318 -0.9867 -0.0950
vn 0.6021 0.2220 -0.7669
vn 0.0705 0.9925 -0.0997
vn 0.7818 -0.2238 -0.5820
vn 0.1261 -0.9879 -0.0904
vn 0.7824 0.2259 -0.5804
vn 0.1337 0.9880 -0.0770
vn 0.9194 -0.1960 -0.3411
vn 0.2289 -0.8594 -0.4572
vn 0.9190 0.1980 -0.3409
vn 0.1975 0.9290 -0.3130
vn 0.9881 -0.0765 -0.1333
vn 0.9910 -0.0297 0.1304
vn 0.9894 0.0627 -0.1313
vn 0.9992 0.0031 0.0398
vn -0.9713 -0.1045 0.2135
vn -0.9726 0.0966 0.2116
vn -0.7690 -0.2074 -0.6047
vn -0.7813 0.1606 -0.6031
vn -0.0000 -0.0068 -1.0000
vn -0.4638 -0.3386 -0.8187
vn -0.3398 -0.4642 -0.8180
vn -0.1780 -0.5496 -0.8163
vn -0.0000 -0.5807 -0.8141
vn -0.5437 -0.1780 -0.8202
vn -0.5715 -0.0000 -0.8206
vn -0.5439 0.1761 -0.8205
vn -0.4641 0.3368 -0.8192
vn -0.3386 0.4638 -0.8187
vn -0.1782 0.5482 -0.8171
vn -0.0000 0.5794 -0.8150
vn 0.1803 0.5525 -0.8138
vn 0.3447 0.4720 -0.8114
vn 0.4746 0.3432 -0.8106
vn 0.5584 0.1802 -0.8098
vn 0.5874 -0.0000 -0.8093
vn 0.5582 -0.1821 -0.8095
vn 0.4742 -0.3449 -0.8100
vn 0.3444 -0.4735 -0.8107
vn 0.1801 -0.5539 -0.8129
vn -0.8659 -0.4789 0.1447
vn -0.9393 -0.0407 -0.3407
vn -0.8347 -0.5493 -0.0391
vn -0.8717 -0.3674 -0.3244
vn 0.0683 0.7092 -0.7017
vn 0.6083 0.2139 -0.7643
vn -0.7941 -0.5222 -0.3110
vn 0.6534 0.5003 -0.5681
vn -0.8115 -0.5827 -0.0430
vn 0.2320 -0.7787 0.5829
vn 0.2438 -0.8296 0.5024
vn -0.0739 -0.7755 0.6271
vn 0.0160 -0.7799 0.6256
vn 0.5079 0.4486 -0.7354
vn 0.6353 0.5662 -0.5251
vn 0.8086 0.5786 0.1069
vn 0.7488 0.6546 -0.1038
vn 0.1095 -0.7985 0.5920
vn -0.2107 -0.4390 0.8734
vn 0.6638 0.6755 0.3211
vn -0.2699 -0.3425 0.8999
vn 0.4877 0.8070 0.3330
vn 0.7030 0.7109 0.0215
vn 0.6729 0.7396 0.0137
vn 0.6255 0.7510 -0.2118
vn 0.1368 0.9286 0.3449
vn -0.5983 0.2952 0.7449
vn 0.6896 0.5819 -0.4310
vn 0.7266 0.6248 -0.2859
vn 0.6667 0.6686 -0.3294
vn 0.6392 0.5941 -0.4883
vn -0.5076 -0.6169 0.6014
vn -0.7327 -0.3964 0.5532
vn -0.6387 -0.6191 0.4570
vn -0.7854 -0.3751 0.4923
vn -0.7721 -0.6040 0.1974
vn -0.7631 -0.6226 0.1737
vn -0.7540 -0.5860 0.2969
vn -0.7304 -0.6074 0.3125
vn -0.7541 -0.6565 0.0176
vn -0.7132 -0.6869 -0.1396
vn -0.6571 -0.6884 0.3070
vn 0.8649 -0.1012 -0.4916
vn 0.8654 0.1218 -0.4861
vn 0.8488 0.1879 -0.4942
vn 0.8474 0.2979 -0.4395
vn 0.9033 -0.0162 -0.4288
vn -0.5758 -0.6778 0.4571
vn 0.6311 0.6958 -0.3430
vn 0.6381 0.6854 -0.3508
vn 0.7405 0.5583 -0.3742
vn 0.7431 0.6020 -0.2922
vn -0.6796 -0.5800 0.4492
vn -0.7391 -0.4635 0.4888
vn -0.8179 -0.2518 0.5173
vn -0.0191 0.8168 -0.5766
vn 0.3645 0.6787 -0.6375
vn 0.6091 0.6209 -0.4935
vn 0.6858 0.5820 -0.4369
vn -0.0622 -0.7119 0.6995
vn -0.3592 -0.7203 0.5934
vn 0.7259 0.3135 -0.6121
vn -0.6469 -0.5668 0.5101
vn -0.7440 -0.4003 0.5350
vn -0.7690 -0.1050 0.6305
vn 0.8020 0.0804 -0.5919
vn -0.2068 -0.7252 0.6568
vn 0.6096 0.3369 -0.7176
vn 0.6170 0.5719 -0.5406
vn 0.4565 0.6780 -0.5761
vn 0.6491 0.5628 -0.5118
vn -0.8294 0.2373 0.5058
vn -0.7044 -0.6088 0.3649
vn -0.7655 -0.5937 0.2480
vn -0.7945 -0.6071 -0.0078
vn -0.5666 -0.6487 0.5080
vn -0.3791 -0.7346 0.5627
vn -0.4687 -0.6679 0.5781
vn 0.5424 0.4743 0.6934
vn -0.3144 -0.7500 0.5820
vn 0.7734 0.5443 0.3250
vn 0.7177 0.6942 -0.0549
vn 0.6012 0.6816 -0.4172
vn 0.5388 0.5937 -0.5976
vn 0.6169 0.5170 -0.5934
vn 0.7041 0.5040 -0.5001
vn 0.7981 0.4883 -0.3530
vn -0.6528 0.0217 -0.7572
vn 0.8109 0.4348 -0.3917
vn -0.7098 -0.6240 -0.3269
vn 0.2094 0.9649 0.1585
vn 0.2651 0.9566 -0.1210
vn 0.1235 0.9916 -0.0372
vn 0.2823 0.9017 -0.3274
vn 0.2051 -0.8906 -0.4060
vn -0.2440 -0.5999 -0.7620
vn 0.1157 0.9431 -0.3118
vn -0.0514 -0.8216 -0.5677
vn 0.0823 0.9957 -0.0431
vn -0.7410 0.3004 0.6006
vn -0.7807 0.3448 0.5211
vn -0.5399 0.5629 0.6258
vn -0.6023 0.4982 0.6237
vn 0.0076 -0.6790 -0.7341
vn 0.0133 -0.8519 -0.5235
vn -0.4899 -0.7825 0.3845
vn 0.0059 -0.9946 -0.1036
vn -0.6248 -0.0937 0.7751
vn -0.2094 0.4461 0.8702
vn 0.0567 -0.9456 0.3204
vn -0.0942 0.4205 0.9024
vn 0.2620 -0.9053 0.3344
vn 0.0586 -0.9981 0.0195
vn 0.0881 -0.9961 0.0098
vn 0.1329 -0.9653 -0.2247
vn 0.1855 -0.9642 0.1894
vn 0.4084 0.7464 0.5255
vn -0.0313 -0.8994 -0.4360
vn -0.0254 -0.9575 -0.2873
vn 0.0567 -0.9422 -0.3303
vn 0.0196 -0.8721 -0.4889
vn -0.1292 0.7888 0.6009
vn 0.1920 0.8084 0.5564
vn -0.0412 0.8877 0.4585
vn 0.2466 0.8319 0.4972
vn 0.0431 0.9789 0.1997
vn 0.0235 0.9840 0.1764
vn 0.0509 0.9502 0.3076
vn 0.0176 0.9487 0.3156
vn -0.0079 0.9998 0.0176
vn -0.3782 0.8263 -0.4174
vn -0.0940 0.9470 0.3072
vn -0.6466 -0.5891 -0.4846
vn -0.5026 -0.1740 -0.8468
vn -0.4149 -0.7646 -0.4931
vn -0.3287 -0.8367 -0.4381
vn -0.6057 -0.6935 -0.3902
vn -0.1392 0.8781 0.4578
vn 0.1135 -0.9297 -0.3504
vn 0.0999 -0.9306 -0.3523
vn -0.0607 -0.9255 -0.3737
vn -0.0313 -0.9548 -0.2955
vn 0.0157 0.9141 0.4052
vn 0.1095 0.8823 0.4578
vn 0.0117 0.8631 0.5049
vn 0.1801 0.8182 0.5461
vn 0.3840 0.6889 0.6148
vn 0.3134 0.8206 0.4779
vn 0.6034 -0.2906 0.7426
vn 0.6005 -0.4249 -0.6773
vn 0.1980 -0.7301 -0.6540
vn 0.3233 -0.7125 -0.6228
vn 0.0333 -0.8319 -0.5540
vn 0.0861 -0.8819 -0.4635
vn -0.0137 -0.8674 -0.4973
vn -0.0156 -0.9193 -0.3931
vn -0.5815 -0.6552 -0.4823
vn -0.2410 0.8101 0.5344
vn -0.2741 -0.7998 -0.5341
vn -0.1977 -0.7056 -0.6805
vn -0.5814 0.4353 0.6874
vn -0.3697 0.6761 0.6373
vn -0.0039 0.8362 0.5483
vn 0.2387 0.7923 0.5615
vn 0.4997 0.5853 0.6386
vn -0.4175 -0.5436 -0.7282
vn -0.4835 0.5476 0.6829
vn -0.0903 -0.6246 -0.7757
vn -0.0137 -0.8250 -0.5650
vn 0.1702 -0.8098 -0.5614
vn -0.0020 -0.8329 -0.5534
vn 0.7010 0.3420 0.6257
vn -0.0020 0.9305 0.3663
vn 0.0489 0.9669 0.2505
vn 0.0568 0.9984 -0.0059
vn -0.1625 0.8125 0.5599
vn -0.0705 0.8922 0.4461
vn -0.3093 0.7673 0.5618
vn -0.2564 0.7379 0.6244
vn -0.0222 -0.7296 0.6836
vn -0.3622 0.7284 0.5815
vn -0.1016 -0.9404 0.3245
vn 0.0508 -0.9971 -0.0567
vn 0.1196 -0.9012 -0.4166
vn 0.0940 -0.7967 -0.5971
vn 0.0235 -0.7632 -0.6458
vn -0.0508 -0.8249 -0.5630
vn -0.1526 -0.9234 -0.3522
vn -0.1076 -0.8923 -0.4383
vn 0.4405 0.4779 -0.7600
vn -0.2015 -0.8979 -0.3913
vn -0.0139 0.9447 -0.3276
vn 0.7610 -0.6319 0.1467
vn 0.7231 -0.6787 -0.1286
vn 0.8157 -0.5771 -0.0391
vn 0.6594 -0.6771 -0.3268
vn -0.8933 0.2261 -0.3884
vn -0.4594 0.4841 -0.7448
vn 0.7759 -0.5486 -0.3115
vn -0.7085 0.4198 -0.5672
vn 0.8387 -0.5428 -0.0431
vn 0.5949 0.5251 0.6086
vn 0.6409 0.5367 0.5488
vn 0.7490 0.2174 0.6259
vn 0.7203 0.3018 0.6246
vn -0.6049 0.3076 -0.7345
vn -0.7605 0.3836 -0.5239
vn -0.4653 0.7978 0.3833
vn -0.8841 0.4557 -0.1036
vn 0.2053 0.5984 0.7744
vn -0.8392 0.4753 0.2641
vn -0.9013 0.3577 0.2444
vn -0.7378 0.5098 0.4424
vn 0.7431 -0.3550 0.5672
vn -0.9109 0.4125 0.0078
vn -0.9257 0.3777 0.0176
vn -0.9652 0.2408 -0.1018
vn -0.9528 0.2928 0.0807
vn 0.7889 -0.5490 0.2762
vn -0.8844 0.3444 -0.3150
vn -0.8992 0.3616 -0.2463
vn -0.8913 0.3245 -0.3166
vn -0.8375 0.3209 -0.4422
vn 0.8421 -0.1155 0.5268
vn 0.8033 -0.2598 0.5360
vn 0.8769 -0.2818 0.3895
vn 0.8314 -0.4480 0.3286
vn 0.8437 -0.4991 0.1977
vn 0.8577 -0.4837 0.1743
vn 0.8194 -0.4889 0.2992
vn 0.8312 -0.4596 0.3129
vn 0.8867 -0.4619 0.0176
vn 0.9071 -0.0526 -0.4176
vn 0.8808 -0.3601 0.3073
vn -0.2206 0.8453 -0.4867
vn 0.0784 0.5270 -0.8462
vn -0.4839 0.7235 -0.4923
vn -0.5867 0.6810 -0.4383
vn -0.3081 0.8450 -0.4371
vn 0.8402 -0.2895 0.4584
vn -0.8781 0.3325 -0.3442
vn -0.8709 0.3443 -0.3506
vn -0.7912 0.4838 -0.3740
vn -0.8320 0.4718 -0.2917
vn 0.8158 -0.4382 0.3775
vn 0.7727 -0.5028 0.3874
vn 0.8210 -0.4027 0.4046
vn 0.7941 -0.5088 0.3324
vn 0.6823 -0.6608 0.3128
vn 0.6538 -0.6578 0.3739
vn 0.3788 -0.8685 0.3196
vn -0.8713 -0.2228 -0.4374
vn -0.8972 0.2091 -0.3890
vn -0.8447 0.0877 -0.5281
vn -0.8402 0.3623 -0.4035
vn -0.8428 0.3383 -0.4185
vn -0.8017 0.4067 -0.4380
vn -0.8157 0.4382 -0.3776
vn -0.2946 0.8123 -0.5033
vn 0.8287 -0.1643 0.5350
vn -0.5800 0.6157 -0.5334
vn -0.5327 0.5037 -0.6801
vn 0.6569 0.3130 0.6860
vn 0.7695 0.0121 0.6385
vn 0.8465 -0.3460 0.4047
vn 0.8218 -0.4872 0.2954
vn 0.6785 -0.6751 0.2896
vn -0.2444 0.5994 -0.7623
vn 0.7090 0.1727 0.6837
vn -0.5109 0.3703 -0.7758
vn -0.9413 0.1917 -0.2779
vn -0.8615 0.3602 -0.3578
vn -0.8119 0.3600 -0.4597
vn 0.0355 -0.5306 0.8469
vn 0.8233 -0.4341 0.3657
vn 0.8315 -0.4969 0.2485
vn 0.8537 -0.5208 -0.0078
vn 0.8098 -0.2386 0.5360
vn 0.8241 -0.3563 0.4404
vn 0.8383 -0.0548 0.5425
vn 0.8016 -0.1154 0.5866
vn -0.6224 0.4604 0.6330
vn 0.8265 0.0294 0.5621
vn -0.7856 0.5416 0.2993
vn -0.9114 0.4068 -0.0626
vn -0.8632 0.2877 -0.4149
vn -0.7647 0.2621 -0.5887
vn -0.7118 0.3227 -0.6239
vn -0.7204 0.4248 -0.5482
vn -0.7473 0.5635 -0.3522
vn -0.7425 0.5094 -0.4349
vn 0.1936 -0.6170 -0.7628
vn -0.7023 0.5947 -0.3913
vn 0.8401 -0.4326 -0.3273
vn 0.9973 -0.0696 0.0219
vn -0.4812 -0.6637 -0.5727
vn 0.4762 -0.5740 -0.6662
vn 0.4798 -0.6624 -0.5754
vn -0.4931 0.3924 -0.7764
vn -0.4693 0.2671 -0.8416
vn -0.9976 0.0688 -0.0103
vn 0.4927 0.3920 -0.7769
vn 0.0254 0.2443 0.9694
vn 0.9812 -0.1432 0.1297
vn 0.0257 0.2524 0.9673
vn 0.9814 0.1802 0.0666
vn 0.0352 -0.9536 0.2990
vn 0.0022 0.1268 0.9919
vn 0.0020 0.3288 0.9444
vn 0.0313 0.9964 -0.0783
vn -0.0371 -0.9535 0.2990
vn -0.0041 0.1268 0.9919
vn -0.0039 0.3287 0.9444
vn -0.0335 0.9964 -0.0780
vn -0.0276 0.2523 0.9672
vn -0.9808 0.1840 0.0648
vn -0.0273 0.2443 0.9693
vn -0.9807 -0.1467 0.1293
vn -0.0000 -1.0000 0.0019
vn -0.0039 -0.0000 1.0000
vt 0.843300 0.066722
vt 0.847685 0.066196
vt 0.843381 0.067719
vt 0.848105 0.066739
vt 0.843253 0.065723
vt 0.847650 0.065458
vt 0.843237 0.064723
vt 0.847639 0.064719
vt 0.843251 0.063723
vt 0.847649 0.063980
vt 0.843297 0.062724
vt 0.847682 0.063242
vt 0.843380 0.061727
vt 0.848105 0.062702
vt 0.843496 0.060734
vt 0.848429 0.062305
vt 0.843661 0.059748
vt 0.848859 0.061704
vt 0.843898 0.058776
vt 0.849293 0.061106
vt 0.844225 0.057831
vt 0.849746 0.060523
vt 0.844651 0.056926
vt 0.850120 0.059885
vt 0.844228 0.071614
vt 0.849745 0.068915
vt 0.844655 0.072519
vt 0.850120 0.069552
vt 0.843900 0.070670
vt 0.849333 0.068302
vt 0.843662 0.069698
vt 0.848858 0.067737
vt 0.843496 0.068712
vt 0.848427 0.067137
vt 0.931893 0.070255
vt 0.931418 0.069764
vt 0.932657 0.068597
vt 0.931167 0.069072
vt 0.931167 0.068337
vt 0.931416 0.067646
vt 0.931886 0.067081
vt 0.932500 0.066779
vt 0.933007 0.066729
vt 0.933690 0.067002
vt 0.934219 0.067514
vt 0.934511 0.068189
vt 0.934527 0.068924
vt 0.934263 0.069610
vt 0.933758 0.070145
vt 0.933089 0.070449
vt 0.932354 0.070474
vt 0.611422 0.588785
vt 0.611422 0.587934
vt 0.612929 0.588785
vt 0.612929 0.587934
vt 0.611422 0.587083
vt 0.612929 0.587083
vt 0.611422 0.586232
vt 0.612929 0.586232
vt 0.611422 0.585382
vt 0.612929 0.585382
vt 0.611422 0.584531
vt 0.612929 0.584531
vt 0.611422 0.583680
vt 0.612928 0.583680
vt 0.611422 0.582829
vt 0.612928 0.582829
vt 0.611422 0.596444
vt 0.611422 0.595593
vt 0.612929 0.596444
vt 0.612928 0.595593
vt 0.611422 0.594742
vt 0.612928 0.594742
vt 0.611422 0.593891
vt 0.612928 0.593891
vt 0.611422 0.593040
vt 0.612928 0.593040
vt 0.611422 0.592189
vt 0.612929 0.592189
vt 0.611422 0.591338
vt 0.612929 0.591338
vt 0.611422 0.590487
vt 0.612929 0.590487
vt 0.611422 0.589636
vt 0.612929 0.589636
vt 0.003906 0.639857
vt 0.003906 0.639046
vt 0.004826 0.639857
vt 0.004827 0.639046
vt 0.003906 0.640667
vt 0.004827 0.640667
vt 0.003906 0.641478
vt 0.004826 0.641478
vt 0.003906 0.642288
vt 0.004826 0.642288
vt 0.003906 0.643098
vt 0.004826 0.643098
vt 0.003906 0.643909
vt 0.004826 0.643909
vt 0.003906 0.644719
vt 0.004826 0.644719
vt 0.003906 0.645530
vt 0.004827 0.645530
vt 0.003906 0.646340
vt 0.004826 0.646340
vt 0.003906 0.634184
vt 0.003906 0.633373
vt 0.004826 0.634184
vt 0.004826 0.633373
vt 0.003906 0.634994
vt 0.004826 0.634994
vt 0.003906 0.635805
vt 0.004826 0.635805
vt 0.003906 0.636615
vt 0.004826 0.636615
vt 0.003906 0.637425
vt 0.004826 0.637425
vt 0.003906 0.638236
vt 0.004826 0.638236
vt 0.635403 0.535386
vt 0.635403 0.534416
vt 0.636838 0.535386
vt 0.636838 0.534416
vt 0.635403 0.536357
vt 0.636838 0.536357
vt 0.635403 0.537328
vt 0.636838 0.537328
vt 0.635403 0.538298
vt 0.636838 0.538298
vt 0.635403 0.539269
vt 0.636838 0.539269
vt 0.635403 0.540240
vt 0.636838 0.540240
vt 0.635403 0.541210
vt 0.636838 0.541210
vt 0.635403 0.542181
vt 0.636838 0.542181
vt 0.635403 0.543151
vt 0.636838 0.543151
vt 0.635403 0.528592
vt 0.635403 0.527621
vt 0.636838 0.528592
vt 0.636838 0.527621
vt 0.635403 0.529562
vt 0.636838 0.529562
vt 0.635403 0.530533
vt 0.636838 0.530533
vt 0.635403 0.531504
vt 0.636838 0.531504
vt 0.635403 0.532474
vt 0.636838 0.532474
vt 0.635403 0.533445
vt 0.636838 0.533445
vt 0.491889 0.260778
vt 0.491518 0.259881
vt 0.492231 0.260550
vt 0.491920 0.259801
vt 0.492575 0.261465
vt 0.492804 0.261123
vt 0.493472 0.261836
vt 0.493552 0.261433
vt 0.494443 0.261836
vt 0.494363 0.261433
vt 0.495340 0.261465
vt 0.495112 0.261123
vt 0.496026 0.260778
vt 0.495685 0.260550
vt 0.496397 0.259881
vt 0.495995 0.259801
vt 0.496397 0.258911
vt 0.495995 0.258991
vt 0.496026 0.258014
vt 0.495685 0.258242
vt 0.495340 0.257328
vt 0.495112 0.257669
vt 0.494443 0.256956
vt 0.494363 0.257359
vt 0.493472 0.256956
vt 0.493552 0.257359
vt 0.492575 0.257328
vt 0.492804 0.257669
vt 0.491889 0.258014
vt 0.492231 0.258242
vt 0.491518 0.258911
vt 0.491920 0.258991
vt 0.483524 0.213076
vt 0.483524 0.212105
vt 0.483825 0.213016
vt 0.483825 0.212165
vt 0.483895 0.213973
vt 0.484151 0.213802
vt 0.484582 0.214659
vt 0.484752 0.214404
vt 0.485479 0.215030
vt 0.485538 0.214729
vt 0.486449 0.215030
vt 0.486389 0.214729
vt 0.487346 0.214659
vt 0.487176 0.214404
vt 0.488032 0.213973
vt 0.487777 0.213802
vt 0.488404 0.213076
vt 0.488103 0.213016
vt 0.488404 0.212105
vt 0.488103 0.212165
vt 0.488032 0.211208
vt 0.487777 0.211379
vt 0.487346 0.210522
vt 0.487176 0.210777
vt 0.485479 0.210151
vt 0.486449 0.210151
vt 0.485538 0.210451
vt 0.486389 0.210451
vt 0.484582 0.210522
vt 0.484752 0.210777
vt 0.483895 0.211208
vt 0.484151 0.211379
vt 0.739320 0.052004
vt 0.741357 0.052410
vt 0.739320 0.052815
vt 0.743394 0.052004
vt 0.743394 0.052815
vt 0.743084 0.053563
vt 0.742511 0.054137
vt 0.741763 0.054447
vt 0.740952 0.054447
vt 0.740203 0.054137
vt 0.739630 0.053564
vt 0.739630 0.051256
vt 0.740203 0.050683
vt 0.740952 0.050372
vt 0.741763 0.050372
vt 0.742511 0.050683
vt 0.743084 0.051256
vt 0.742144 0.162477
vt 0.742144 0.163289
vt 0.739320 0.162477
vt 0.739320 0.163289
vt 0.742144 0.164101
vt 0.739320 0.164101
vt 0.742144 0.164913
vt 0.739320 0.164913
vt 0.742144 0.165725
vt 0.739320 0.165725
vt 0.742144 0.166536
vt 0.739320 0.166536
vt 0.742144 0.167348
vt 0.739320 0.167348
vt 0.742144 0.168160
vt 0.739320 0.168160
vt 0.742144 0.155171
vt 0.742144 0.155983
vt 0.739320 0.155171
vt 0.739320 0.155983
vt 0.742144 0.156795
vt 0.739320 0.156795
vt 0.742144 0.157607
vt 0.739320 0.157607
vt 0.742144 0.158419
vt 0.739320 0.158419
vt 0.742144 0.159230
vt 0.739320 0.159230
vt 0.742144 0.160042
vt 0.739320 0.160042
vt 0.742144 0.160854
vt 0.739320 0.160854
vt 0.742144 0.161666
vt 0.739320 0.161666
vt 0.517559 0.074151
vt 0.517075 0.074351
vt 0.516814 0.073036
vt 0.516552 0.074351
vt 0.516069 0.074151
vt 0.515699 0.073781
vt 0.515499 0.073298
vt 0.515499 0.072775
vt 0.515699 0.072291
vt 0.516069 0.071921
vt 0.516552 0.071721
vt 0.517075 0.071721
vt 0.517559 0.071921
vt 0.517929 0.072291
vt 0.518129 0.072774
vt 0.518129 0.073298
vt 0.517929 0.073781
vt 0.720221 0.030998
vt 0.719647 0.030424
vt 0.720632 0.030383
vt 0.720262 0.030013
vt 0.719336 0.029674
vt 0.720061 0.029530
vt 0.719336 0.028862
vt 0.720061 0.029007
vt 0.719647 0.028112
vt 0.720262 0.028523
vt 0.720221 0.027538
vt 0.720632 0.028153
vt 0.720971 0.027228
vt 0.721115 0.027953
vt 0.721783 0.027228
vt 0.721638 0.027953
vt 0.722533 0.027538
vt 0.722122 0.028153
vt 0.723107 0.028112
vt 0.722492 0.028523
vt 0.723417 0.028862
vt 0.722692 0.029007
vt 0.723417 0.029674
vt 0.722692 0.029530
vt 0.723107 0.030424
vt 0.722492 0.030013
vt 0.722533 0.030998
vt 0.722122 0.030383
vt 0.721783 0.031309
vt 0.721638 0.030583
vt 0.720971 0.031309
vt 0.721115 0.030583
vt 0.883206 0.080202
vt 0.883205 0.079678
vt 0.883797 0.080202
vt 0.883797 0.079678
vt 0.883206 0.079155
vt 0.883797 0.079155
vt 0.883206 0.078632
vt 0.883797 0.078632
vt 0.883206 0.078109
vt 0.883797 0.078109
vt 0.883206 0.077585
vt 0.883797 0.077585
vt 0.883206 0.077062
vt 0.883797 0.077062
vt 0.883206 0.076539
vt 0.883797 0.076539
vt 0.883205 0.084911
vt 0.883206 0.084388
vt 0.883797 0.084911
vt 0.883797 0.084388
vt 0.883206 0.083864
vt 0.883797 0.083864
vt 0.883206 0.083341
vt 0.883797 0.083341
vt 0.883206 0.082818
vt 0.883797 0.082818
vt 0.883206 0.082295
vt 0.883797 0.082295
vt 0.883206 0.081771
vt 0.883797 0.081771
vt 0.883206 0.081248
vt 0.883797 0.081248
vt 0.883206 0.080725
vt 0.883797 0.080725
vt 0.515499 0.177787
vt 0.515499 0.176533
vt 0.517412 0.177787
vt 0.517412 0.176533
vt 0.515499 0.175280
vt 0.517412 0.175280
vt 0.515499 0.174026
vt 0.517412 0.174026
vt 0.515499 0.172773
vt 0.517412 0.172773
vt 0.515499 0.171519
vt 0.517412 0.171519
vt 0.515499 0.170265
vt 0.517412 0.170265
vt 0.515499 0.169012
vt 0.517412 0.169012
vt 0.515499 0.167758
vt 0.517412 0.167758
vt 0.515499 0.166505
vt 0.517412 0.166505
vt 0.515499 0.165251
vt 0.517412 0.165251
vt 0.515499 0.163997
vt 0.517412 0.163997
vt 0.515499 0.162744
vt 0.517412 0.162744
vt 0.515499 0.161490
vt 0.517412 0.161490
vt 0.515499 0.160236
vt 0.517412 0.160236
vt 0.515499 0.158983
vt 0.517412 0.158983
vt 0.515499 0.179041
vt 0.517412 0.179041
vt 0.504667 0.248264
vt 0.503915 0.247512
vt 0.506182 0.245998
vt 0.503508 0.246529
vt 0.503508 0.245466
vt 0.503915 0.244483
vt 0.504667 0.243731
vt 0.505649 0.243324
vt 0.506712 0.243323
vt 0.507695 0.243729
vt 0.508447 0.244481
vt 0.508855 0.245462
vt 0.508857 0.246526
vt 0.508451 0.247509
vt 0.507701 0.248262
vt 0.506719 0.248670
vt 0.505656 0.248673
vt 0.505649 0.248671
vt 0.816106 0.003906
vt 0.816106 0.004970
vt 0.815260 0.003906
vt 0.815260 0.004970
vt 0.816106 0.019856
vt 0.816106 0.020919
vt 0.815260 0.019856
vt 0.815260 0.020919
vt 0.816106 0.018793
vt 0.815260 0.018793
vt 0.816106 0.017729
vt 0.815260 0.017729
vt 0.816106 0.016666
vt 0.815260 0.016666
vt 0.816106 0.015603
vt 0.815260 0.015603
vt 0.816106 0.014539
vt 0.815260 0.014539
vt 0.816106 0.013476
vt 0.815260 0.013476
vt 0.816106 0.012413
vt 0.815260 0.012413
vt 0.816106 0.011349
vt 0.815260 0.011349
vt 0.816106 0.010286
vt 0.815260 0.010286
vt 0.816106 0.009223
vt 0.815260 0.009223
vt 0.816106 0.008160
vt 0.815260 0.008160
vt 0.816106 0.007096
vt 0.815260 0.007096
vt 0.816106 0.006033
vt 0.815260 0.006033
vt 0.512170 0.229913
vt 0.511188 0.229506
vt 0.512441 0.229507
vt 0.511283 0.229027
vt 0.512922 0.230664
vt 0.513328 0.230394
vt 0.513329 0.231647
vt 0.513807 0.231552
vt 0.513329 0.232710
vt 0.513807 0.232805
vt 0.512922 0.233693
vt 0.513328 0.233964
vt 0.512170 0.234444
vt 0.512441 0.234850
vt 0.511188 0.234851
vt 0.511283 0.235330
vt 0.510124 0.234851
vt 0.510029 0.235330
vt 0.509142 0.234444
vt 0.508871 0.234850
vt 0.508390 0.233693
vt 0.507985 0.233964
vt 0.507983 0.232710
vt 0.507505 0.232805
vt 0.507983 0.231647
vt 0.507505 0.231552
vt 0.508390 0.230664
vt 0.507985 0.230394
vt 0.509142 0.229913
vt 0.508871 0.229507
vt 0.510124 0.229506
vt 0.510029 0.229027
vt 0.985038 0.629290
vt 0.983612 0.632292
vt 0.971634 0.627911
vt 0.970708 0.630009
vt 0.986146 0.626519
vt 0.972664 0.625163
vt 0.987028 0.623700
vt 0.973487 0.622338
vt 0.987652 0.620845
vt 0.974084 0.619454
vt 0.987984 0.617966
vt 0.974430 0.616534
vt 0.988015 0.610339
vt 0.974569 0.609125
vt 0.987378 0.560516
vt 0.987780 0.563720
vt 0.974152 0.563167
vt 0.974513 0.566175
vt 0.986736 0.557532
vt 0.973553 0.560274
vt 0.985760 0.554622
vt 0.972627 0.557465
vt 0.984487 0.551806
vt 0.971405 0.554771
vt 0.982953 0.549107
vt 0.969925 0.552224
vt 0.981037 0.546255
vt 0.968609 0.550306
vt 0.988015 0.567201
vt 0.974680 0.569216
vt 0.963428 0.558762
vt 0.961998 0.556495
vt 0.960762 0.555023
vt 0.959159 0.577152
vt 0.959196 0.579912
vt 0.950693 0.588711
vt 0.950752 0.591289
vt 0.950582 0.609167
vt 0.958613 0.608411
vt 0.970486 0.376172
vt 0.970091 0.340141
vt 0.971665 0.375988
vt 0.971237 0.340301
vt 0.967292 0.376680
vt 0.966997 0.339610
vt 0.972837 0.375801
vt 0.972387 0.340398
vt 0.974302 0.375058
vt 0.974487 0.339418
vt 0.966249 0.608133
vt 0.965819 0.571624
vt 0.960326 0.377992
vt 0.960182 0.338229
vt 0.965801 0.568990
vt 0.967197 0.336897
vt 0.960556 0.335235
vt 0.974768 0.334321
vt 0.976296 0.333398
vt 0.974764 0.336078
vt 0.978168 0.336244
vt 0.977464 0.331469
vt 0.979286 0.331375
vt 0.973726 0.337933
vt 0.964397 0.622907
vt 0.963456 0.625558
vt 0.965724 0.617497
vt 0.966057 0.614740
vt 0.965163 0.620221
vt 0.961173 0.385084
vt 0.967672 0.383138
vt 0.962030 0.387796
vt 0.968564 0.385622
vt 0.964875 0.392958
vt 0.971827 0.390142
vt 0.966823 0.395312
vt 0.974098 0.392064
vt 0.963272 0.390435
vt 0.969968 0.387977
vt 0.965651 0.566320
vt 0.965261 0.563711
vt 0.964870 0.324523
vt 0.966800 0.322147
vt 0.971889 0.327322
vt 0.974175 0.325487
vt 0.961152 0.332402
vt 0.962026 0.329709
vt 0.967712 0.334275
vt 0.968612 0.331797
vt 0.963276 0.327066
vt 0.970022 0.329453
vt 0.964521 0.561186
vt 0.972474 0.337991
vt 0.971346 0.337817
vt 0.970223 0.337595
vt 0.958483 0.571295
vt 0.958949 0.574227
vt 0.950531 0.581430
vt 0.950478 0.585955
vt 0.978705 0.388700
vt 0.977942 0.389601
vt 0.976567 0.387354
vt 0.975750 0.388131
vt 0.980204 0.383767
vt 0.977936 0.383861
vt 0.977043 0.390250
vt 0.974784 0.388731
vt 0.972864 0.335761
vt 0.971767 0.335444
vt 0.973657 0.333729
vt 0.972613 0.333237
vt 0.970672 0.335138
vt 0.971547 0.332833
vt 0.950326 0.613271
vt 0.958395 0.614191
vt 0.958034 0.617033
vt 0.949994 0.615976
vt 0.949449 0.618637
vt 0.957482 0.619845
vt 0.974824 0.385727
vt 0.975935 0.383186
vt 0.973921 0.386349
vt 0.973533 0.383860
vt 0.972538 0.384316
vt 0.974759 0.382200
vt 0.972908 0.386834
vt 0.971491 0.384691
vt 0.970644 0.382377
vt 0.971724 0.382101
vt 0.972778 0.381799
vt 0.974216 0.380092
vt 0.974998 0.331906
vt 0.974025 0.331227
vt 0.975869 0.329463
vt 0.976774 0.330303
vt 0.972985 0.330711
vt 0.974873 0.328845
vt 0.978054 0.327986
vt 0.977130 0.327306
vt 0.978900 0.328952
vt 0.957507 0.568427
vt 0.949969 0.579647
vt 0.954137 0.563260
vt 0.952643 0.561797
vt 0.956049 0.565713
vt 0.956744 0.622601
vt 0.955849 0.625281
vt 0.948944 0.620634
vt 0.962699 0.627393
vt 0.955199 0.627038
vt 0.979732 0.640343
vt 0.968495 0.634770
vt 0.976418 0.393952
vt 0.969142 0.397983
vt 0.979274 0.391687
vt 0.980106 0.390825
vt 0.985207 0.395122
vt 0.985953 0.393972
vt 0.982595 0.398545
vt 0.980902 0.389766
vt 0.982580 0.383826
vt 0.989280 0.385175
vt 0.986745 0.392580
vt 0.983643 0.374149
vt 0.982008 0.330542
vt 0.982202 0.335751
vt 0.981142 0.327932
vt 0.980249 0.326829
vt 0.985955 0.323574
vt 0.986776 0.325025
vt 0.988220 0.328126
vt 0.979373 0.325971
vt 0.976499 0.323655
vt 0.982592 0.319191
vt 0.985217 0.322426
vt 0.969106 0.319470
vt 0.975555 0.312427
vt 0.975832 0.538869
vt 0.965434 0.546038
vt 0.957848 0.551987
vt 0.951222 0.560603
vt 0.943183 0.573494
vt 0.945186 0.575034
vt 0.943158 0.573537
vt 0.954601 0.628583
vt 0.960994 0.631331
vt 0.975557 0.405124
vt 0.990187 0.334404
vt 0.990720 0.374709
vt 0.894642 0.493888
vt 0.893315 0.495796
vt 0.882215 0.489801
vt 0.880299 0.492660
vt 0.891830 0.498343
vt 0.878761 0.495357
vt 0.901231 0.500084
vt 0.899795 0.502350
vt 0.902472 0.498615
vt 0.904061 0.520730
vt 0.912530 0.532258
vt 0.904022 0.523484
vt 0.912474 0.534825
vt 0.954220 0.491349
vt 0.959831 0.490911
vt 0.955391 0.501031
vt 0.958412 0.502484
vt 0.963702 0.492343
vt 0.963706 0.497947
vt 0.963105 0.499365
vt 0.961934 0.500411
vt 0.960345 0.502269
vt 0.888521 0.512799
vt 0.888681 0.552705
vt 0.875212 0.510741
vt 0.875212 0.554003
vt 0.897391 0.515208
vt 0.896995 0.551693
vt 0.888698 0.509754
vt 0.897411 0.512576
vt 0.875451 0.507262
vt 0.970682 0.493965
vt 0.971090 0.456896
vt 0.977676 0.495341
vt 0.977856 0.455488
vt 0.970861 0.454171
vt 0.977472 0.452481
vt 0.963249 0.451638
vt 0.963259 0.453390
vt 0.961714 0.450730
vt 0.959829 0.453574
vt 0.960562 0.448804
vt 0.958756 0.448715
vt 0.964331 0.455250
vt 0.963588 0.456756
vt 0.877177 0.570172
vt 0.890656 0.568745
vt 0.878299 0.572937
vt 0.891698 0.571489
vt 0.898912 0.566467
vt 0.899864 0.569116
vt 0.888851 0.560121
vt 0.875294 0.561630
vt 0.875641 0.564506
vt 0.889210 0.563042
vt 0.897215 0.558302
vt 0.897560 0.561059
vt 0.876281 0.567358
vt 0.889819 0.565924
vt 0.898133 0.563782
vt 0.976755 0.502395
vt 0.970234 0.500396
vt 0.969312 0.502861
vt 0.975857 0.505088
vt 0.963711 0.509252
vt 0.965997 0.507344
vt 0.970942 0.512548
vt 0.972925 0.510212
vt 0.967879 0.505197
vt 0.974570 0.507707
vt 0.889672 0.503847
vt 0.889067 0.506743
vt 0.876503 0.501078
vt 0.875857 0.504060
vt 0.897564 0.509907
vt 0.897956 0.507299
vt 0.973125 0.441775
vt 0.966116 0.444624
vt 0.971180 0.439417
vt 0.963828 0.442808
vt 0.976869 0.449637
vt 0.970325 0.451545
vt 0.975988 0.446943
vt 0.969410 0.449071
vt 0.974731 0.444305
vt 0.967989 0.446739
vt 0.898698 0.504774
vt 0.890603 0.501038
vt 0.877484 0.498170
vt 0.912675 0.552709
vt 0.904627 0.551955
vt 0.965691 0.457709
vt 0.965158 0.493054
vt 0.966843 0.457607
vt 0.966325 0.493247
vt 0.965587 0.455294
vt 0.966716 0.455112
vt 0.967991 0.457442
vt 0.967499 0.493437
vt 0.967839 0.454884
vt 0.904742 0.514881
vt 0.912687 0.525001
vt 0.904273 0.517810
vt 0.912744 0.529511
vt 0.959140 0.505874
vt 0.961254 0.504526
vt 0.959895 0.506776
vt 0.962076 0.505306
vt 0.960788 0.507428
vt 0.963043 0.505911
vt 0.965170 0.453061
vt 0.966269 0.452736
vt 0.964361 0.451037
vt 0.965407 0.450538
vt 0.967366 0.452423
vt 0.966474 0.450126
vt 0.912939 0.556796
vt 0.904872 0.557734
vt 0.913277 0.559492
vt 0.905247 0.560574
vt 0.913825 0.562147
vt 0.905814 0.563384
vt 0.908129 0.570567
vt 0.915718 0.568113
vt 0.908735 0.572110
vt 0.916211 0.569404
vt 0.963007 0.502895
vt 0.963915 0.503528
vt 0.964330 0.501044
vt 0.965327 0.501513
vt 0.964932 0.504025
vt 0.966377 0.501900
vt 0.967252 0.499605
vt 0.966168 0.499318
vt 0.965110 0.499003
vt 0.963016 0.449229
vt 0.963989 0.448542
vt 0.961249 0.447636
vt 0.962149 0.446792
vt 0.965028 0.448018
vt 0.963142 0.446168
vt 0.960890 0.444643
vt 0.959973 0.445327
vt 0.959135 0.446294
vt 0.905718 0.512019
vt 0.913255 0.523222
vt 0.910579 0.505394
vt 0.909063 0.506845
vt 0.907159 0.509299
vt 0.906560 0.566138
vt 0.907468 0.568812
vt 0.900628 0.570949
vt 0.892633 0.573582
vt 0.879740 0.575931
vt 0.968588 0.515202
vt 0.961382 0.511130
vt 0.958562 0.508862
vt 0.957745 0.508002
vt 0.952623 0.512279
vt 0.951895 0.511134
vt 0.955184 0.515698
vt 0.956968 0.506947
vt 0.951123 0.509747
vt 0.948661 0.502390
vt 0.955908 0.453061
vt 0.956068 0.447882
vt 0.956906 0.445282
vt 0.957785 0.444180
vt 0.951249 0.442411
vt 0.952056 0.440968
vt 0.949834 0.445495
vt 0.958650 0.443321
vt 0.961500 0.440996
vt 0.952781 0.439824
vt 0.955366 0.436596
vt 0.968857 0.436763
vt 0.962320 0.429819
vt 0.897828 0.489628
vt 0.905395 0.495588
vt 0.887445 0.482430
vt 0.902347 0.574885
vt 0.883646 0.583933
vt 0.894853 0.578357
vt 0.962109 0.522313
vt 0.947155 0.491943
vt 0.947905 0.451725
vt 0.911986 0.504201
vt 0.914494 0.564568
vt 0.915176 0.566617
vt 0.947128 0.625905
vt 0.947804 0.624036
vt 0.948290 0.622693
vt 0.947424 0.577056
vt 0.920052 0.517060
vt 0.920078 0.517104
vt 0.918827 0.517945
vt 0.917579 0.519118
vt 0.916093 0.520323
vt 0.955325 0.379339
vt 0.950386 0.380498
vt 0.955245 0.337049
vt 0.950386 0.335821
vt 0.956457 0.386843
vt 0.951936 0.388647
vt 0.959401 0.395018
vt 0.960913 0.397612
vt 0.955231 0.397578
vt 0.956791 0.400334
vt 0.953840 0.394454
vt 0.958165 0.392341
vt 0.962996 0.400661
vt 0.958835 0.403582
vt 0.969446 0.409508
vt 0.964838 0.412382
vt 0.957186 0.389607
vt 0.952792 0.391575
vt 0.952829 0.326165
vt 0.957144 0.328171
vt 0.951894 0.329096
vt 0.956350 0.330943
vt 0.958175 0.325411
vt 0.953919 0.323282
vt 0.951062 0.332282
vt 0.955731 0.333883
vt 0.955262 0.320139
vt 0.959417 0.322675
vt 0.960894 0.320018
vt 0.956753 0.317315
vt 0.962908 0.316874
vt 0.958607 0.314016
vt 0.972736 0.529579
vt 0.968133 0.526769
vt 0.978755 0.520924
vt 0.974674 0.517931
vt 0.969390 0.307992
vt 0.964686 0.305251
vt 0.973077 0.422435
vt 0.979302 0.431233
vt 0.968426 0.425356
vt 0.975043 0.434117
vt 0.982418 0.514989
vt 0.978362 0.512322
vt 0.983792 0.512166
vt 0.979655 0.509661
vt 0.976802 0.514897
vt 0.980827 0.517720
vt 0.984933 0.509254
vt 0.980696 0.506945
vt 0.985870 0.506277
vt 0.981490 0.504190
vt 0.982701 0.496742
vt 0.982752 0.454308
vt 0.987612 0.497930
vt 0.987668 0.453053
vt 0.980869 0.445373
vt 0.979845 0.442618
vt 0.985179 0.443226
vt 0.984056 0.440285
vt 0.986126 0.446216
vt 0.981660 0.448150
vt 0.986960 0.449457
vt 0.982277 0.451110
vt 0.978587 0.439896
vt 0.977082 0.437243
vt 0.982733 0.437396
vt 0.981211 0.434557
vt 0.955111 0.402902
vt 0.953153 0.399838
vt 0.957095 0.406056
vt 0.951428 0.396527
vt 0.949996 0.393005
vt 0.947155 0.380398
vt 0.948895 0.389353
vt 0.950206 0.324527
vt 0.948998 0.327955
vt 0.948018 0.331678
vt 0.953122 0.317999
vt 0.951592 0.321203
vt 0.954741 0.314868
vt 0.956899 0.311561
vt 0.947155 0.335767
vt 0.962376 0.413801
vt 0.962279 0.303845
vt 0.982475 0.520310
vt 0.984451 0.517287
vt 0.980472 0.523414
vt 0.986170 0.513998
vt 0.987591 0.510515
vt 0.988724 0.506889
vt 0.990636 0.497833
vt 0.988890 0.445303
vt 0.987731 0.441852
vt 0.989825 0.449021
vt 0.986372 0.438484
vt 0.984828 0.435232
vt 0.983184 0.432074
vt 0.980977 0.428745
vt 0.990636 0.453075
vt 0.975175 0.531027
vt 0.975468 0.421006
vt 0.647393 0.183738
vt 0.647666 0.179170
vt 0.649517 0.183657
vt 0.649339 0.178886
vt 0.355626 0.554837
vt 0.355626 0.550332
vt 0.356872 0.554789
vt 0.357356 0.549963
vt 0.975914 0.105908
vt 0.975914 0.107471
vt 0.975132 0.105908
vt 0.975132 0.107471
vt 0.481184 0.072408
vt 0.479527 0.072055
vt 0.480877 0.068371
vt 0.479998 0.067586
vt 0.507411 0.173471
vt 0.505486 0.173865
vt 0.506807 0.171872
vt 0.505143 0.172215
vt 0.652471 0.392657
vt 0.652053 0.390996
vt 0.653245 0.392698
vt 0.653433 0.389805
vt 0.486053 0.070165
vt 0.485909 0.071721
vt 0.484459 0.069478
vt 0.484218 0.072103
vt 0.506462 0.178436
vt 0.506118 0.176825
vt 0.507227 0.178273
vt 0.507411 0.176546
vt 0.360515 0.553051
vt 0.360394 0.550418
vt 0.362137 0.552440
vt 0.362066 0.550879
vt 0.651635 0.389461
vt 0.653485 0.387505
vt 0.651390 0.387348
vt 0.482010 0.067456
vt 0.356984 0.568362
vt 0.357952 0.568326
vt 0.358685 0.585311
vt 0.359303 0.585285
vt 0.648259 0.197311
vt 0.649955 0.197233
vt 0.649344 0.214310
vt 0.650506 0.214251
vt 0.480888 0.054085
vt 0.480023 0.054087
vt 0.479870 0.037018
vt 0.479527 0.037049
vt 0.652333 0.374626
vt 0.653569 0.357668
vt 0.654021 0.374689
vt 0.654724 0.357711
vt 0.358161 0.553976
vt 0.358066 0.555522
vt 0.358822 0.568298
vt 0.359825 0.585267
vt 0.481431 0.053953
vt 0.480241 0.036985
vt 0.482357 0.066741
vt 0.482886 0.068913
vt 0.651556 0.197187
vt 0.651557 0.183588
vt 0.651557 0.214221
vt 0.655610 0.374759
vt 0.655770 0.357756
vt 0.655490 0.387517
vt 0.655770 0.388989
vt 0.654646 0.391159
vt 0.654009 0.392755
vt 0.976695 0.105908
vt 0.976695 0.107471
vt 0.504824 0.177098
vt 0.505697 0.178600
vt 0.503508 0.174301
vt 0.503571 0.172517
vt 0.650911 0.179122
vt 0.762335 0.756227
vt 0.762061 0.756044
vt 0.764826 0.753952
vt 0.763743 0.753639
vt 0.761704 0.755929
vt 0.762726 0.753435
vt 0.759753 0.756284
vt 0.757692 0.754088
vt 0.760086 0.756105
vt 0.758665 0.753744
vt 0.759502 0.756523
vt 0.756675 0.754576
vt 0.761301 0.755884
vt 0.761740 0.753353
vt 0.760883 0.755906
vt 0.760715 0.753383
vt 0.760472 0.755981
vt 0.759668 0.753515
vt 0.762412 0.744607
vt 0.763604 0.744583
vt 0.764826 0.744567
vt 0.755307 0.745341
vt 0.756452 0.745158
vt 0.757579 0.744986
vt 0.758762 0.744838
vt 0.760014 0.744723
vt 0.761241 0.744649
vt 0.733183 0.015937
vt 0.732708 0.015015
vt 0.741122 0.012646
vt 0.741101 0.011187
vt 0.733860 0.016973
vt 0.741597 0.013862
vt 0.734552 0.017967
vt 0.742109 0.015064
vt 0.735232 0.018915
vt 0.742657 0.016266
vt 0.735855 0.019810
vt 0.742923 0.017626
vt 0.736389 0.020667
vt 0.743502 0.018902
vt 0.736881 0.021507
vt 0.743976 0.020234
vt 0.737137 0.022305
vt 0.744368 0.021656
vt 0.737379 0.023870
vt 0.744271 0.024587
vt 0.737002 0.024657
vt 0.743922 0.026026
vt 0.736493 0.025482
vt 0.743430 0.027389
vt 0.735877 0.026366
vt 0.743198 0.028791
vt 0.735205 0.027296
vt 0.742655 0.030029
vt 0.734509 0.028271
vt 0.742133 0.031247
vt 0.733817 0.029288
vt 0.741642 0.032465
vt 0.733148 0.030339
vt 0.741184 0.033700
vt 0.732680 0.031283
vt 0.741162 0.035166
vt 0.696068 0.009898
vt 0.695355 0.009908
vt 0.696047 0.003929
vt 0.695355 0.003911
vt 0.696781 0.009903
vt 0.696740 0.003906
vt 0.746966 0.021687
vt 0.746013 0.021633
vt 0.747094 0.020270
vt 0.746070 0.020135
vt 0.745970 0.024608
vt 0.746965 0.024541
vt 0.747089 0.025959
vt 0.746045 0.026114
vt 0.747285 0.027338
vt 0.746161 0.027546
vt 0.747502 0.028680
vt 0.746290 0.028909
vt 0.747712 0.029994
vt 0.746406 0.030225
vt 0.747896 0.031294
vt 0.746503 0.031508
vt 0.748047 0.032587
vt 0.746574 0.032775
vt 0.748158 0.033881
vt 0.746613 0.034039
vt 0.748225 0.035174
vt 0.746613 0.035304
vt 0.748248 0.036460
vt 0.746567 0.036571
vt 0.748029 0.009755
vt 0.748039 0.011043
vt 0.746356 0.009660
vt 0.746436 0.010933
vt 0.748000 0.012337
vt 0.746466 0.012201
vt 0.747918 0.013632
vt 0.746457 0.013467
vt 0.747797 0.014928
vt 0.746418 0.014739
vt 0.747644 0.016230
vt 0.746352 0.016027
vt 0.747466 0.017548
vt 0.746265 0.017345
vt 0.747275 0.018891
vt 0.746165 0.018708
vt 0.745225 0.021583
vt 0.745017 0.020003
vt 0.745141 0.024662
vt 0.744968 0.026253
vt 0.744741 0.027729
vt 0.744526 0.029097
vt 0.744285 0.030410
vt 0.744058 0.031675
vt 0.743846 0.032916
vt 0.743656 0.034155
vt 0.743496 0.035402
vt 0.743413 0.036676
vt 0.743371 0.010862
vt 0.743237 0.009594
vt 0.743539 0.012118
vt 0.743754 0.013357
vt 0.743991 0.014596
vt 0.744246 0.015855
vt 0.744506 0.017156
vt 0.744771 0.018531
vt 0.741040 0.036762
vt 0.740881 0.009618
vt 0.853028 0.041400
vt 0.852494 0.032454
vt 0.854556 0.040967
vt 0.853206 0.032425
vt 0.731327 0.040153
vt 0.736812 0.042426
vt 0.856144 0.040908
vt 0.853893 0.032233
vt 0.427569 0.604483
vt 0.429155 0.604798
vt 0.427569 0.612798
vt 0.428261 0.612801
vt 0.429155 0.620752
vt 0.429155 0.629068
vt 0.427569 0.621063
vt 0.428463 0.629066
vt 0.736793 0.003906
vt 0.731327 0.006160
vt 0.439559 0.127354
vt 0.440230 0.125276
vt 0.444848 0.125457
vt 0.445852 0.125123
vt 0.441511 0.123507
vt 0.446908 0.125114
vt 0.443277 0.122222
vt 0.447913 0.125432
vt 0.445353 0.121545
vt 0.448767 0.126048
vt 0.447535 0.121543
vt 0.449396 0.126879
vt 0.449612 0.122218
vt 0.449735 0.127864
vt 0.451379 0.123501
vt 0.449752 0.128907
vt 0.452663 0.125269
vt 0.449446 0.129904
vt 0.453338 0.127346
vt 0.448846 0.130758
vt 0.453338 0.129530
vt 0.448012 0.131385
vt 0.452663 0.131607
vt 0.447025 0.131724
vt 0.451380 0.133373
vt 0.445981 0.131743
vt 0.449615 0.134656
vt 0.444981 0.131439
vt 0.447540 0.135331
vt 0.444123 0.130841
vt 0.445358 0.135331
vt 0.443490 0.130008
vt 0.443284 0.134657
vt 0.443144 0.129019
vt 0.441519 0.133375
vt 0.443120 0.127971
vt 0.440236 0.131611
vt 0.443419 0.126964
vt 0.439561 0.129537
vt 0.444015 0.126098
vt 0.563477 0.134219
vt 0.563338 0.135934
vt 0.559930 0.133930
vt 0.559790 0.135645
vt 0.563617 0.132504
vt 0.560070 0.132215
vt 0.563757 0.130789
vt 0.560210 0.130501
vt 0.563896 0.129075
vt 0.560349 0.128786
vt 0.564036 0.127360
vt 0.560489 0.127071
vt 0.564176 0.125645
vt 0.560629 0.125356
vt 0.564048 0.180322
vt 0.564176 0.182038
vt 0.560499 0.180585
vt 0.560627 0.182301
vt 0.563921 0.178606
vt 0.560372 0.178870
vt 0.563794 0.176891
vt 0.560245 0.177154
vt 0.563666 0.175175
vt 0.560118 0.175438
vt 0.563539 0.173459
vt 0.559990 0.173722
vt 0.563412 0.171743
vt 0.559863 0.172006
vt 0.767533 0.024241
vt 0.767579 0.021768
vt 0.767641 0.020504
vt 0.767592 0.025492
vt 0.767677 0.026755
vt 0.767783 0.028035
vt 0.767901 0.029335
vt 0.768022 0.030656
vt 0.768137 0.031995
vt 0.768237 0.033351
vt 0.768316 0.034719
vt 0.768370 0.036094
vt 0.768256 0.011163
vt 0.768282 0.009786
vt 0.768204 0.012537
vt 0.768129 0.013905
vt 0.768036 0.015260
vt 0.767932 0.016600
vt 0.767825 0.017921
vt 0.767725 0.019222
vt 0.961735 0.649386
vt 0.961761 0.648327
vt 0.963042 0.649384
vt 0.963042 0.648326
vt 0.959083 0.648364
vt 0.959153 0.649413
vt 0.957806 0.648387
vt 0.957845 0.649440
vt 0.956509 0.648406
vt 0.956538 0.649462
vt 0.955205 0.648425
vt 0.955231 0.649483
vt 0.953897 0.648444
vt 0.953924 0.649504
vt 0.952586 0.648466
vt 0.952617 0.649526
vt 0.951267 0.648492
vt 0.951310 0.649553
vt 0.949934 0.648526
vt 0.950004 0.649588
vt 0.948570 0.648586
vt 0.948698 0.649641
vt 0.947155 0.648736
vt 0.947396 0.649726
vt 0.973725 0.648428
vt 0.973493 0.649446
vt 0.972284 0.648308
vt 0.972191 0.649383
vt 0.970914 0.648286
vt 0.970886 0.649357
vt 0.969580 0.648287
vt 0.969579 0.649351
vt 0.968263 0.648293
vt 0.968272 0.649354
vt 0.966952 0.648300
vt 0.966965 0.649360
vt 0.965644 0.648309
vt 0.965657 0.649368
vt 0.964340 0.648318
vt 0.964350 0.649377
vt 0.962424 0.721888
vt 0.959945 0.721911
vt 0.958690 0.721925
vt 0.957435 0.721940
vt 0.956179 0.721957
vt 0.954924 0.721974
vt 0.953669 0.721992
vt 0.952413 0.722011
vt 0.951158 0.722032
vt 0.949902 0.722053
vt 0.948646 0.722075
vt 0.972468 0.721831
vt 0.973725 0.721829
vt 0.971212 0.721835
vt 0.969956 0.721839
vt 0.968700 0.721844
vt 0.967445 0.721851
vt 0.966189 0.721859
vt 0.964934 0.721867
vt 0.963679 0.721877
vt 0.749822 0.436284
vt 0.747154 0.436479
vt 0.750099 0.435154
vt 0.746715 0.435401
vt 0.734938 0.257421
vt 0.734659 0.258104
vt 0.731551 0.257169
vt 0.731726 0.257886
vt 0.751070 0.436809
vt 0.751682 0.435819
vt 0.730352 0.258460
vt 0.729965 0.257831
vt 0.752098 0.437693
vt 0.752984 0.436938
vt 0.729219 0.259429
vt 0.728659 0.258949
vt 0.752810 0.438850
vt 0.753881 0.438400
vt 0.728436 0.260699
vt 0.727758 0.260410
vt 0.753139 0.440163
vt 0.754303 0.440066
vt 0.728066 0.262145
vt 0.727330 0.262076
vt 0.753034 0.441511
vt 0.754167 0.441780
vt 0.728160 0.263630
vt 0.727440 0.263792
vt 0.752514 0.442761
vt 0.753507 0.443368
vt 0.728709 0.265013
vt 0.728074 0.265389
vt 0.751630 0.443788
vt 0.752385 0.444674
vt 0.729658 0.266159
vt 0.729171 0.266713
vt 0.750470 0.444492
vt 0.750914 0.445569
vt 0.730916 0.266956
vt 0.730623 0.267633
vt 0.749147 0.444805
vt 0.749237 0.445966
vt 0.732357 0.267325
vt 0.732288 0.268060
vt 0.747792 0.444694
vt 0.747519 0.445826
vt 0.732536 0.267260
vt 0.734018 0.267132
vt 0.732483 0.267997
vt 0.734196 0.267849
vt 0.746537 0.444171
vt 0.745927 0.445163
vt 0.735389 0.266552
vt 0.735780 0.267179
vt 0.745505 0.443287
vt 0.744618 0.444041
vt 0.736513 0.265577
vt 0.737078 0.266053
vt 0.744795 0.442128
vt 0.743718 0.442570
vt 0.737281 0.264303
vt 0.737965 0.264580
vt 0.744478 0.440807
vt 0.743317 0.440895
vt 0.737618 0.262853
vt 0.738354 0.262905
vt 0.744586 0.439455
vt 0.743455 0.439178
vt 0.737490 0.261370
vt 0.738206 0.261192
vt 0.745107 0.438205
vt 0.744115 0.437590
vt 0.736910 0.259999
vt 0.737536 0.259609
vt 0.745994 0.437180
vt 0.745243 0.436290
vt 0.735933 0.258875
vt 0.736420 0.258153
vt 0.561071 0.157186
vt 0.561645 0.157167
vt 0.561194 0.158916
vt 0.561673 0.158888
vt 0.561551 0.153861
vt 0.560971 0.153881
vt 0.559586 0.157223
vt 0.560055 0.157235
vt 0.559740 0.158922
vt 0.560153 0.158983
vt 0.559952 0.153900
vt 0.559489 0.153939
vt 0.560991 0.152155
vt 0.561472 0.152147
vt 0.559943 0.152145
vt 0.559464 0.152140
vt 0.560996 0.150458
vt 0.561457 0.150186
vt 0.559950 0.150439
vt 0.559488 0.150145
vt 0.561031 0.148780
vt 0.561521 0.148227
vt 0.560054 0.148740
vt 0.559632 0.147992
vt 0.561042 0.147314
vt 0.561540 0.146795
vt 0.560197 0.147249
vt 0.559807 0.146653
vt 0.561691 0.160852
vt 0.559958 0.160968
vt 0.561244 0.160359
vt 0.560325 0.160446
vt 0.749207 0.424166
vt 0.746019 0.424396
vt 0.732480 0.246026
vt 0.735666 0.246262
vt 0.750700 0.424792
vt 0.730974 0.246805
vt 0.752121 0.426048
vt 0.729552 0.248056
vt 0.753073 0.427753
vt 0.728539 0.249866
vt 0.753524 0.429104
vt 0.728143 0.251109
vt 0.743317 0.426594
vt 0.744632 0.425230
vt 0.738354 0.248608
vt 0.737051 0.247098
vt 0.857024 0.048634
vt 0.854571 0.049021
vt 0.855201 0.045052
vt 0.857031 0.041472
vt 0.858047 0.042212
vt 0.858784 0.043230
vt 0.859172 0.044426
vt 0.859171 0.045684
vt 0.858781 0.046879
vt 0.858042 0.047896
vt 0.853375 0.048632
vt 0.852358 0.047893
vt 0.851619 0.046876
vt 0.851231 0.045680
vt 0.851231 0.044422
vt 0.851619 0.043227
vt 0.852358 0.042209
vt 0.446380 0.126570
vt 0.445807 0.126672
vt 0.445298 0.126950
vt 0.444899 0.127374
vt 0.446958 0.126651
vt 0.447484 0.126906
vt 0.447906 0.127312
vt 0.448184 0.127827
vt 0.448291 0.128401
vt 0.448214 0.128978
vt 0.447963 0.129503
vt 0.447562 0.129923
vt 0.447050 0.130199
vt 0.446478 0.130302
vt 0.445901 0.130223
vt 0.445377 0.129970
vt 0.444956 0.129567
vt 0.444679 0.129054
vt 0.444573 0.128480
vt 0.444649 0.127901
vt 0.446430 0.128434
vt 0.543686 0.816924
vt 0.543574 0.817410
vt 0.542479 0.815878
vt 0.541726 0.816287
vt 0.542882 0.817444
vt 0.541005 0.816316
vt 0.540288 0.813567
vt 0.539479 0.813581
vt 0.541576 0.813447
vt 0.546907 0.807447
vt 0.547682 0.807499
vt 0.547063 0.808581
vt 0.547842 0.808671
vt 0.545382 0.827076
vt 0.545342 0.826307
vt 0.546102 0.826930
vt 0.546047 0.826194
vt 0.546877 0.826079
vt 0.546605 0.825556
vt 0.548448 0.808417
vt 0.548473 0.809367
vt 0.548929 0.820712
vt 0.548130 0.820867
vt 0.547289 0.818460
vt 0.546584 0.818608
vt 0.547075 0.821176
vt 0.546002 0.819053
vt 0.544769 0.818243
vt 0.544789 0.817836
vt 0.545447 0.817691
vt 0.544957 0.819320
vt 0.545731 0.819729
vt 0.546228 0.821503
vt 0.545292 0.821482
vt 0.548930 0.814322
vt 0.547903 0.816115
vt 0.547901 0.814215
vt 0.546781 0.816553
vt 0.547751 0.816917
vt 0.549334 0.814561
vt 0.542763 0.813273
vt 0.543053 0.815206
vt 0.543883 0.815757
vt 0.543980 0.813502
vt 0.542267 0.808857
vt 0.541931 0.808198
vt 0.543013 0.808341
vt 0.542909 0.807484
vt 0.540775 0.826149
vt 0.541442 0.826665
vt 0.540952 0.826913
vt 0.541754 0.827603
vt 0.542255 0.826670
vt 0.542500 0.827587
vt 0.543720 0.807529
vt 0.543863 0.808421
vt 0.541978 0.819095
vt 0.540774 0.818945
vt 0.540756 0.819681
vt 0.540049 0.821710
vt 0.541368 0.821596
vt 0.539479 0.821527
vt 0.545091 0.813665
vt 0.544613 0.815973
vt 0.544189 0.817162
vt 0.544027 0.817608
vt 0.543728 0.817820
vt 0.544073 0.817435
vt 0.542923 0.819062
vt 0.542532 0.821574
vt 0.544508 0.807574
vt 0.544683 0.808506
vt 0.543065 0.826643
vt 0.543227 0.827532
vt 0.546986 0.814042
vt 0.545939 0.816394
vt 0.544700 0.817494
vt 0.546100 0.807513
vt 0.546267 0.808587
vt 0.544599 0.826428
vt 0.544650 0.827244
vt 0.544337 0.819236
vt 0.544285 0.818075
vt 0.544453 0.821509
vt 0.544382 0.817670
vt 0.544328 0.817815
vt 0.543990 0.810709
vt 0.542867 0.810603
vt 0.541779 0.810531
vt 0.545034 0.810833
vt 0.547704 0.811223
vt 0.546852 0.811100
vt 0.549180 0.811464
vt 0.548605 0.811411
vt 0.547853 0.823735
vt 0.547525 0.825484
vt 0.548462 0.823653
vt 0.546992 0.823907
vt 0.546164 0.824052
vt 0.545312 0.824162
vt 0.544500 0.824246
vt 0.542713 0.824386
vt 0.541674 0.824404
vt 0.539896 0.824433
vt 0.540566 0.824402
vt 0.540733 0.810492
vt 0.540124 0.810460
vt 0.541246 0.808717
vt 0.523957 0.825358
vt 0.523471 0.826152
vt 0.522533 0.823464
vt 0.521549 0.823760
vt 0.522561 0.825723
vt 0.520681 0.823563
vt 0.520350 0.820473
vt 0.519495 0.820306
vt 0.521721 0.820588
vt 0.524818 0.816430
vt 0.524970 0.816352
vt 0.525089 0.816674
vt 0.525274 0.816437
vt 0.524627 0.816094
vt 0.524643 0.815768
vt 0.524811 0.816054
vt 0.524929 0.815848
vt 0.525258 0.816159
vt 0.525374 0.815742
vt 0.525934 0.816174
vt 0.529175 0.812705
vt 0.528309 0.812550
vt 0.528265 0.809796
vt 0.527423 0.809595
vt 0.527140 0.812467
vt 0.526599 0.809827
vt 0.525461 0.808078
vt 0.525817 0.807430
vt 0.526682 0.807855
vt 0.525298 0.809794
vt 0.526107 0.810500
vt 0.526205 0.812532
vt 0.525270 0.812316
vt 0.529403 0.819387
vt 0.529445 0.821717
vt 0.528347 0.819928
vt 0.528541 0.822897
vt 0.529774 0.822592
vt 0.529938 0.819355
vt 0.528165 0.825211
vt 0.522950 0.820532
vt 0.523253 0.822704
vt 0.524297 0.823422
vt 0.524180 0.820712
vt 0.522994 0.817153
vt 0.523010 0.816728
vt 0.523419 0.817063
vt 0.523486 0.816749
vt 0.522430 0.816671
vt 0.523008 0.816453
vt 0.523433 0.816566
vt 0.523312 0.816183
vt 0.523619 0.816453
vt 0.523715 0.816734
vt 0.523788 0.817123
vt 0.521637 0.808110
vt 0.521393 0.810053
vt 0.520103 0.810288
vt 0.520283 0.811026
vt 0.520109 0.813246
vt 0.521366 0.812759
vt 0.519495 0.813234
vt 0.525340 0.820676
vt 0.525408 0.823592
vt 0.526415 0.820498
vt 0.526501 0.823485
vt 0.526035 0.826026
vt 0.525055 0.825988
vt 0.525798 0.827106
vt 0.524770 0.826970
vt 0.523829 0.806550
vt 0.523696 0.807415
vt 0.522933 0.806471
vt 0.522778 0.807395
vt 0.521825 0.807218
vt 0.523509 0.809595
vt 0.522489 0.809668
vt 0.523514 0.812324
vt 0.522497 0.812465
vt 0.523989 0.816682
vt 0.524156 0.817103
vt 0.523645 0.816008
vt 0.523853 0.816356
vt 0.523982 0.815890
vt 0.524109 0.816276
vt 0.524280 0.816597
vt 0.524506 0.817025
vt 0.527380 0.820270
vt 0.527525 0.823357
vt 0.527024 0.826035
vt 0.524577 0.816512
vt 0.524822 0.816878
vt 0.524375 0.816177
vt 0.524317 0.815800
vt 0.524442 0.809567
vt 0.524567 0.807471
vt 0.524404 0.812264
vt 0.528000 0.826294
vt 0.526811 0.827170
vt 0.524733 0.806668
vt 0.523927 0.818381
vt 0.523109 0.818288
vt 0.522270 0.818017
vt 0.525365 0.818159
vt 0.524681 0.818325
vt 0.526603 0.817523
vt 0.525983 0.817895
vt 0.527794 0.816532
vt 0.527335 0.817007
vt 0.527002 0.815205
vt 0.527547 0.815466
vt 0.526237 0.814917
vt 0.525561 0.814710
vt 0.524918 0.814586
vt 0.524321 0.814564
vt 0.523714 0.814629
vt 0.522255 0.815098
vt 0.523031 0.814795
vt 0.520796 0.815937
vt 0.521325 0.815593
vt 0.521415 0.817580
vt 0.520909 0.817272
vt 0.766908 0.444119
vt 0.766314 0.444801
vt 0.765799 0.442068
vt 0.764817 0.442212
vt 0.765506 0.444249
vt 0.764015 0.441898
vt 0.764090 0.438910
vt 0.763301 0.438643
vt 0.765377 0.439198
vt 0.768830 0.435600
vt 0.768988 0.435541
vt 0.769065 0.435867
vt 0.769271 0.435658
vt 0.768684 0.435258
vt 0.768738 0.434945
vt 0.768867 0.435242
vt 0.769004 0.435056
vt 0.769286 0.435392
vt 0.769443 0.435004
vt 0.769928 0.435480
vt 0.773068 0.432388
vt 0.774155 0.429577
vt 0.773911 0.432670
vt 0.775162 0.429974
vt 0.771819 0.432144
vt 0.772731 0.429616
vt 0.772481 0.427740
vt 0.773923 0.427226
vt 0.774823 0.427939
vt 0.771139 0.429368
vt 0.771653 0.430161
vt 0.770797 0.432076
vt 0.769978 0.431746
vt 0.773376 0.438918
vt 0.774509 0.441213
vt 0.772350 0.439331
vt 0.773820 0.442161
vt 0.775162 0.441875
vt 0.773981 0.438910
vt 0.774523 0.444244
vt 0.766556 0.439306
vt 0.766581 0.441435
vt 0.767496 0.442280
vt 0.767717 0.439643
vt 0.766992 0.436085
vt 0.767054 0.435682
vt 0.767409 0.436050
vt 0.767507 0.435755
vt 0.766506 0.435560
vt 0.767084 0.435417
vt 0.767480 0.435576
vt 0.767407 0.435191
vt 0.767672 0.435488
vt 0.767730 0.435768
vt 0.767758 0.436150
vt 0.766873 0.427245
vt 0.766352 0.429091
vt 0.765093 0.429160
vt 0.765163 0.429894
vt 0.764697 0.432004
vt 0.765963 0.431685
vt 0.764114 0.431920
vt 0.768841 0.439762
vt 0.768529 0.442604
vt 0.769980 0.439727
vt 0.769915 0.442650
vt 0.769282 0.445087
vt 0.767835 0.444923
vt 0.768736 0.446070
vt 0.767349 0.445813
vt 0.769600 0.426024
vt 0.769140 0.426828
vt 0.768362 0.425882
vt 0.768028 0.426724
vt 0.767207 0.426410
vt 0.768550 0.428907
vt 0.767426 0.428857
vt 0.768101 0.431519
vt 0.767077 0.431536
vt 0.768000 0.435749
vt 0.768114 0.436174
vt 0.767749 0.435061
vt 0.767909 0.435421
vt 0.768087 0.434985
vt 0.768165 0.435374
vt 0.768290 0.435701
vt 0.768461 0.436140
vt 0.771180 0.439597
vt 0.771957 0.442590
vt 0.772017 0.445063
vt 0.768587 0.435652
vt 0.768784 0.436034
vt 0.768431 0.435308
vt 0.768420 0.434937
vt 0.770946 0.426967
vt 0.769940 0.429004
vt 0.769071 0.431573
vt 0.773749 0.445300
vt 0.771363 0.446109
vt 0.771906 0.426197
vt 0.767749 0.437374
vt 0.766974 0.437184
vt 0.766205 0.436822
vt 0.769166 0.437333
vt 0.768484 0.437413
vt 0.770424 0.436845
vt 0.769792 0.437143
vt 0.771661 0.436029
vt 0.771178 0.436433
vt 0.771052 0.434666
vt 0.771537 0.434972
vt 0.770354 0.434317
vt 0.769735 0.434046
vt 0.769139 0.433851
vt 0.768572 0.433753
vt 0.767981 0.433742
vt 0.766523 0.434026
vt 0.767305 0.433823
vt 0.765026 0.434663
vt 0.765574 0.434393
vt 0.765443 0.436303
vt 0.764999 0.435952
vt 0.452867 0.335520
vt 0.453093 0.335746
vt 0.451775 0.335520
vt 0.453093 0.341684
vt 0.451550 0.335746
vt 0.452867 0.341909
vt 0.451775 0.341909
vt 0.451550 0.341684
vt 0.440793 0.180584
vt 0.440661 0.180400
vt 0.441778 0.180532
vt 0.441916 0.180298
vt 0.440380 0.180629
vt 0.440685 0.180718
vt 0.441898 0.180658
vt 0.442131 0.180569
vt 0.440644 0.186218
vt 0.440925 0.186153
vt 0.442154 0.186203
vt 0.442402 0.186314
vt 0.442040 0.186306
vt 0.442139 0.186500
vt 0.441040 0.186303
vt 0.440877 0.186543
vt 0.440202 0.179160
vt 0.442587 0.179237
vt 0.443284 0.179483
vt 0.443296 0.187347
vt 0.442667 0.187711
vt 0.440275 0.187649
vt 0.439559 0.187408
vt 0.439559 0.179506
vt 0.447553 0.955282
vt 0.458141 0.962717
vt 0.447928 0.973187
vt 0.468570 0.955062
vt 0.468570 0.972971
vt 0.468061 0.977159
vt 0.467031 0.979758
vt 0.465360 0.981993
vt 0.463800 0.983413
vt 0.461768 0.984257
vt 0.460338 0.984457
vt 0.458371 0.984766
vt 0.456988 0.984756
vt 0.455398 0.984518
vt 0.453357 0.983720
vt 0.451326 0.982139
vt 0.449608 0.979941
vt 0.448524 0.977364
vt 0.447709 0.952716
vt 0.448233 0.950007
vt 0.448097 0.945486
vt 0.449178 0.943988
vt 0.452944 0.942735
vt 0.454795 0.942390
vt 0.456426 0.941947
vt 0.457922 0.941837
vt 0.460417 0.942099
vt 0.463310 0.942769
vt 0.466708 0.943805
vt 0.467821 0.945280
vt 0.467780 0.949802
vt 0.468360 0.952500
vt 0.943699 0.180325
vt 0.943924 0.180549
vt 0.943382 0.180325
vt 0.943924 0.180866
vt 0.943699 0.181091
vt 0.943382 0.181091
vt 0.943158 0.180866
vt 0.943158 0.180549
vt 0.488633 0.377558
vt 0.488016 0.377508
vt 0.488904 0.376543
vt 0.488043 0.375262
vt 0.488409 0.375328
vt 0.487521 0.376293
vt 0.488748 0.375389
vt 0.487521 0.377340
vt 0.512275 0.187033
vt 0.512819 0.188456
vt 0.511502 0.187847
vt 0.514136 0.189066
vt 0.513364 0.189880
vt 0.512273 0.189862
vt 0.511502 0.189019
vt 0.513367 0.187051
vt 0.514137 0.187894
s 1
usemtl Default
f 1/1/1 2/2/2 3/3/3
f 3/3/3 2/2/2 4/4/4
f 1/1/1 5/5/5 2/2/2
f 2/2/2 5/5/5 6/6/6
f 5/5/5 7/7/7 6/6/6
f 6/6/6 7/7/7 8/8/8
f 9/9/9 10/10/10 7/7/7
f 7/7/7 10/10/10 8/8/8
f 11/11/11 12/12/12 9/9/9
f 9/9/9 12/12/12 10/10/10
f 11/11/11 13/13/13 12/12/12
f 12/12/12 13/13/13 14/14/14
f 13/13/13 15/15/15 14/14/14
f 14/14/14 15/15/15 16/16/16
f 15/15/15 17/17/17 16/16/16
f 16/16/16 17/17/17 18/18/18
f 17/17/17 19/19/19 18/18/18
f 18/18/18 19/19/19 20/20/20
f 19/19/19 21/21/21 20/20/20
f 20/20/20 21/21/21 22/22/22
f 21/21/21 23/23/23 22/22/22
f 22/22/22 23/23/23 24/24/24
f 25/25/25 26/26/26 23/27/23
f 23/27/23 26/26/26 24/28/24
f 27/29/27 28/30/28 25/25/25
f 25/25/25 28/30/28 26/26/26
f 29/31/29 30/32/30 27/29/27
f 27/29/27 30/32/30 28/30/28
f 31/33/31 32/34/32 29/31/29
f 29/31/29 32/34/32 30/32/30
f 3/3/3 4/4/4 31/33/31
f 31/33/31 4/4/4 32/34/32
f 4/35/4 2/36/2 33/37/33
f 2/36/2 6/38/6 33/37/33
f 6/38/6 8/39/8 33/37/33
f 8/39/8 10/40/10 33/37/33
f 10/40/10 12/41/12 33/37/33
f 12/41/12 14/42/14 33/37/33
f 14/42/14 16/43/16 33/37/33
f 16/43/16 18/44/18 33/37/33
f 18/44/18 20/45/20 33/37/33
f 20/45/20 22/46/22 33/37/33
f 22/46/22 24/47/24 33/37/33
f 24/47/24 26/48/26 33/37/33
f 26/48/26 28/49/28 33/37/33
f 28/49/28 30/50/30 33/37/33
f 30/50/30 32/51/32 33/37/33
f 32/51/32 4/35/4 33/37/33
f 34/52/34 35/53/35 36/54/36
f 36/54/36 35/53/35 37/55/37
f 35/53/35 38/56/38 37/55/37
f 37/55/37 38/56/38 39/57/39
f 38/56/38 40/58/40 39/57/39
f 39/57/39 40/58/40 41/59/41
f 40/58/40 42/60/42 41/59/41
f 41/59/41 42/60/42 43/61/43
f 42/60/42 44/62/44 43/61/43
f 43/61/43 44/62/44 45/63/45
f 44/62/44 46/64/46 45/63/45
f 45/63/45 46/64/46 47/65/47
f 46/64/46 48/66/48 47/65/47
f 47/65/47 48/66/48 49/67/49
f 48/68/48 50/69/50 49/70/49
f 49/70/49 50/69/50 51/71/51
f 50/69/50 52/72/52 51/71/51
f 51/71/51 52/72/52 53/73/53
f 52/72/52 54/74/54 53/73/53
f 53/73/53 54/74/54 55/75/55
f 54/74/54 56/76/56 55/75/55
f 55/75/55 56/76/56 57/77/57
f 56/76/56 58/78/58 57/77/57
f 57/77/57 58/78/58 59/79/59
f 58/78/58 60/80/60 59/79/59
f 59/79/59 60/80/60 61/81/61
f 60/80/60 62/82/62 61/81/61
f 61/81/61 62/82/62 63/83/63
f 62/82/62 64/84/64 63/83/63
f 63/83/63 64/84/64 65/85/65
f 64/84/64 34/52/34 65/85/65
f 65/85/65 34/52/34 36/54/36
f 66/86/66 67/87/67 68/88/68
f 68/88/68 67/87/67 69/89/69
f 70/90/70 66/86/66 71/91/71
f 71/91/71 66/86/66 68/88/68
f 72/92/72 70/90/70 73/93/73
f 73/93/73 70/90/70 71/91/71
f 74/94/74 72/92/72 75/95/75
f 75/95/75 72/92/72 73/93/73
f 76/96/76 74/94/74 77/97/77
f 77/97/77 74/94/74 75/95/75
f 78/98/78 76/96/76 79/99/79
f 79/99/79 76/96/76 77/97/77
f 80/100/80 78/98/78 81/101/81
f 81/101/81 78/98/78 79/99/79
f 82/102/82 80/100/80 83/103/83
f 83/103/83 80/100/80 81/101/81
f 84/104/84 82/102/82 85/105/85
f 85/105/85 82/102/82 83/103/83
f 86/106/86 84/107/84 87/108/87
f 87/108/87 84/107/84 85/109/85
f 88/110/88 86/106/86 89/111/89
f 89/111/89 86/106/86 87/108/87
f 90/112/90 88/110/88 91/113/91
f 91/113/91 88/110/88 89/111/89
f 92/114/92 90/112/90 93/115/93
f 93/115/93 90/112/90 91/113/91
f 94/116/94 92/114/92 95/117/95
f 95/117/95 92/114/92 93/115/93
f 96/118/96 94/116/94 97/119/97
f 97/119/97 94/116/94 95/117/95
f 67/87/67 96/118/96 69/89/69
f 69/89/69 96/118/96 97/119/97
f 98/120/98 99/121/99 100/122/100
f 100/122/100 99/121/99 101/123/101
f 102/124/102 98/120/98 103/125/103
f 103/125/103 98/120/98 100/122/100
f 104/126/104 102/124/102 105/127/105
f 105/127/105 102/124/102 103/125/103
f 106/128/106 104/126/104 107/129/107
f 107/129/107 104/126/104 105/127/105
f 108/130/108 106/128/106 109/131/109
f 109/131/109 106/128/106 107/129/107
f 110/132/110 108/130/108 111/133/111
f 111/133/111 108/130/108 109/131/109
f 112/134/112 110/132/110 113/135/113
f 113/135/113 110/132/110 111/133/111
f 114/136/114 112/134/112 115/137/115
f 115/137/115 112/134/112 113/135/113
f 116/138/116 114/136/114 117/139/117
f 117/139/117 114/136/114 115/137/115
f 118/140/118 116/141/116 119/142/119
f 119/142/119 116/141/116 117/143/117
f 120/144/120 118/140/118 121/145/121
f 121/145/121 118/140/118 119/142/119
f 122/146/122 120/144/120 123/147/123
f 123/147/123 120/144/120 121/145/121
f 124/148/124 122/146/122 125/149/125
f 125/149/125 122/146/122 123/147/123
f 126/150/126 124/148/124 127/151/127
f 127/151/127 124/148/124 125/149/125
f 128/152/128 126/150/126 129/153/129
f 129/153/129 126/150/126 127/151/127
f 99/121/99 128/152/128 101/123/101
f 101/123/101 128/152/128 129/153/129
f 100/154/100 101/155/101 66/156/66
f 66/156/66 101/155/101 67/157/67
f 103/158/103 100/154/100 70/159/70
f 70/159/70 100/154/100 66/156/66
f 105/160/105 103/158/103 72/161/72
f 72/161/72 103/158/103 70/159/70
f 107/162/107 105/160/105 74/163/74
f 74/163/74 105/160/105 72/161/72
f 109/164/109 107/162/107 76/165/76
f 76/165/76 107/162/107 74/163/74
f 111/166/111 109/164/109 78/167/78
f 78/167/78 109/164/109 76/165/76
f 113/168/113 111/166/111 80/169/80
f 80/169/80 111/166/111 78/167/78
f 115/170/115 113/168/113 82/171/82
f 82/171/82 113/168/113 80/169/80
f 117/172/117 115/170/115 84/173/84
f 84/173/84 115/170/115 82/171/82
f 119/174/119 117/172/117 86/175/86
f 86/175/86 117/172/117 84/173/84
f 121/176/121 119/174/119 88/177/88
f 88/177/88 119/174/119 86/175/86
f 123/178/123 121/176/121 90/179/90
f 90/179/90 121/176/121 88/177/88
f 125/180/125 123/178/123 92/181/92
f 92/181/92 123/178/123 90/179/90
f 127/182/127 125/180/125 94/183/94
f 94/183/94 125/180/125 92/181/92
f 129/184/129 127/182/127 96/185/96
f 96/185/96 127/182/127 94/183/94
f 101/155/101 129/184/129 67/157/67
f 67/157/67 129/184/129 96/185/96
f 128/186/128 99/187/99 37/188/37
f 37/188/37 99/187/99 36/189/36
f 126/190/126 128/186/128 39/191/39
f 39/191/39 128/186/128 37/188/37
f 124/192/124 126/190/126 41/193/41
f 41/193/41 126/190/126 39/191/39
f 122/194/122 124/192/124 43/195/43
f 43/195/43 124/192/124 41/193/41
f 120/196/120 122/194/122 45/197/45
f 45/197/45 122/194/122 43/195/43
f 118/198/118 120/196/120 47/199/47
f 47/199/47 120/196/120 45/197/45
f 116/200/116 118/198/118 49/201/49
f 49/201/49 118/198/118 47/199/47
f 114/202/114 116/200/116 51/203/51
f 51/203/51 116/200/116 49/201/49
f 112/204/112 114/202/114 53/205/53
f 53/205/53 114/202/114 51/203/51
f 110/206/110 112/204/112 55/207/55
f 55/207/55 112/204/112 53/205/53
f 108/208/108 110/206/110 57/209/57
f 57/209/57 110/206/110 55/207/55
f 104/210/104 106/211/106 61/212/61
f 61/212/61 106/211/106 59/213/59
f 102/214/102 104/210/104 63/215/63
f 63/215/63 104/210/104 61/212/61
f 98/216/98 102/214/102 65/217/65
f 65/217/65 102/214/102 63/215/63
f 99/187/99 98/216/98 36/189/36
f 36/189/36 98/216/98 65/217/65
f 81/218/81 130/219/130 83/220/83
f 69/221/69 97/222/97 130/219/130
f 130/219/130 97/222/97 95/223/95
f 130/219/130 95/223/95 93/224/93
f 130/219/130 93/224/93 91/225/91
f 130/219/130 91/225/91 89/226/89
f 130/219/130 89/226/89 87/227/87
f 130/219/130 87/227/87 85/228/85
f 130/219/130 85/228/85 83/220/83
f 79/229/79 130/219/130 81/218/81
f 77/230/77 130/219/130 79/229/79
f 75/231/75 130/219/130 77/230/77
f 73/232/73 130/219/130 75/231/75
f 71/233/71 130/219/130 73/232/73
f 68/234/68 130/219/130 71/233/71
f 69/221/69 130/219/130 68/234/68
f 131/235/131 132/236/132 133/237/133
f 133/237/133 132/236/132 134/238/134
f 132/236/132 135/239/135 134/238/134
f 134/238/134 135/239/135 136/240/136
f 135/239/135 137/241/137 136/240/136
f 136/240/136 137/241/137 138/242/138
f 137/241/137 139/243/139 138/242/138
f 138/242/138 139/243/139 140/244/140
f 139/243/139 141/245/141 140/244/140
f 140/244/140 141/245/141 142/246/142
f 141/245/141 143/247/143 142/246/142
f 142/246/142 143/247/143 144/248/144
f 143/247/143 145/249/145 144/248/144
f 144/248/144 145/249/145 146/250/146
f 145/251/145 147/252/147 146/253/146
f 146/253/146 147/252/147 148/254/148
f 147/252/147 149/255/149 148/254/148
f 148/254/148 149/255/149 150/256/150
f 149/255/149 151/257/151 150/256/150
f 150/256/150 151/257/151 152/258/152
f 151/257/151 153/259/153 152/258/152
f 152/258/152 153/259/153 154/260/154
f 153/259/153 155/261/155 154/260/154
f 154/260/154 155/261/155 156/262/156
f 155/261/155 157/263/157 156/262/156
f 156/262/156 157/263/157 158/264/158
f 157/263/157 159/265/159 158/264/158
f 158/264/158 159/265/159 160/266/160
f 159/265/159 161/267/161 160/266/160
f 160/266/160 161/267/161 162/268/162
f 161/267/161 131/235/131 162/268/162
f 162/268/162 131/235/131 133/237/133
f 163/269/163 164/270/164 165/271/165
f 164/270/164 166/272/166 165/271/165
f 166/272/166 167/273/167 165/271/165
f 167/273/167 168/274/168 165/271/165
f 168/274/168 169/275/169 165/271/165
f 169/275/169 170/276/170 165/271/165
f 170/276/170 171/277/171 165/271/165
f 171/277/171 172/278/172 165/271/165
f 172/278/172 173/279/173 165/271/165
f 173/279/173 174/280/174 165/271/165
f 174/280/174 175/281/175 165/271/165
f 175/281/175 176/282/176 165/271/165
f 176/282/176 177/283/177 165/271/165
f 177/283/177 178/284/178 165/271/165
f 178/284/178 179/285/179 165/271/165
f 179/285/179 163/269/163 165/271/165
f 133/286/133 134/287/134 180/288/180
f 180/288/180 134/287/134 181/289/181
f 134/287/134 136/290/136 181/289/181
f 181/289/181 136/290/136 182/291/182
f 136/290/136 138/292/138 182/291/182
f 182/291/182 138/292/138 183/293/183
f 138/292/138 140/294/140 183/293/183
f 183/293/183 140/294/140 184/295/184
f 140/294/140 142/296/142 184/295/184
f 184/295/184 142/296/142 185/297/185
f 142/296/142 144/298/144 185/297/185
f 185/297/185 144/298/144 186/299/186
f 144/298/144 146/300/146 186/299/186
f 186/299/186 146/300/146 187/301/187
f 146/300/146 148/302/148 187/301/187
f 187/301/187 148/302/148 188/303/188
f 148/302/148 150/304/150 188/303/188
f 188/303/188 150/304/150 189/305/189
f 150/304/150 152/306/152 189/305/189
f 189/305/189 152/306/152 190/307/190
f 152/306/152 154/308/154 190/307/190
f 190/307/190 154/308/154 191/309/191
f 154/308/154 156/310/156 191/309/191
f 191/309/191 156/310/156 192/311/192
f 156/310/156 158/312/158 192/311/192
f 192/311/192 158/312/158 193/313/193
f 158/312/158 160/314/160 193/313/193
f 193/313/193 160/314/160 194/315/194
f 160/314/160 162/316/162 194/315/194
f 194/315/194 162/316/162 195/317/195
f 162/316/162 133/286/133 195/317/195
f 195/317/195 133/286/133 180/288/180
f 180/318/180 181/319/181 163/320/163
f 163/320/163 181/319/181 164/321/164
f 181/319/181 182/322/182 164/321/164
f 164/321/164 182/322/182 166/323/166
f 182/322/182 183/324/183 166/323/166
f 166/323/166 183/324/183 167/325/167
f 183/324/183 184/326/184 167/325/167
f 167/325/167 184/326/184 168/327/168
f 184/326/184 185/328/185 168/327/168
f 168/327/168 185/328/185 169/329/169
f 185/328/185 186/330/186 169/329/169
f 169/329/169 186/330/186 170/331/170
f 186/330/186 187/332/187 170/331/170
f 170/331/170 187/332/187 171/333/171
f 187/334/187 188/335/188 171/336/171
f 171/336/171 188/335/188 172/337/172
f 188/335/188 189/338/189 172/337/172
f 172/337/172 189/338/189 173/339/173
f 189/338/189 190/340/190 173/339/173
f 173/339/173 190/340/190 174/341/174
f 190/340/190 191/342/191 174/341/174
f 174/341/174 191/342/191 175/343/175
f 191/342/191 192/344/192 175/343/175
f 175/343/175 192/344/192 176/345/176
f 192/344/192 193/346/193 176/345/176
f 176/345/176 193/346/193 177/347/177
f 193/346/193 194/348/194 177/347/177
f 177/347/177 194/348/194 178/349/178
f 194/348/194 195/350/195 178/349/178
f 178/349/178 195/350/195 179/351/179
f 195/350/195 180/318/180 179/351/179
f 179/351/179 180/318/180 163/320/163
f 196/352/196 197/353/197 198/354/198
f 198/354/198 197/353/197 199/355/199
f 197/353/197 200/356/200 199/355/199
f 199/355/199 200/356/200 201/357/201
f 200/356/200 202/358/137 201/357/201
f 201/357/201 202/358/137 203/359/202
f 202/358/137 204/360/203 203/359/202
f 203/359/202 204/360/203 205/361/204
f 204/360/203 206/362/205 205/361/204
f 205/361/204 206/362/205 207/363/206
f 206/362/205 208/364/207 207/363/206
f 207/363/206 208/364/207 209/365/208
f 208/364/207 210/366/209 209/365/208
f 209/365/208 210/366/209 211/367/210
f 210/366/209 212/368/211 211/367/210
f 211/367/210 212/368/211 213/369/212
f 212/368/211 214/370/213 213/369/212
f 213/369/212 214/370/213 215/371/214
f 214/370/213 216/372/215 215/371/214
f 215/371/214 216/372/215 217/373/216
f 216/372/215 218/374/217 217/373/216
f 217/373/216 218/374/217 219/375/218
f 218/374/217 220/376/219 219/375/218
f 219/375/218 220/376/219 221/377/220
f 220/376/219 222/378/221 221/377/220
f 221/377/220 222/378/221 223/379/222
f 222/378/221 224/380/223 223/379/222
f 223/379/222 224/380/223 225/381/224
f 224/380/223 226/382/225 225/381/224
f 225/381/224 226/382/225 227/383/226
f 226/384/225 196/352/196 227/385/226
f 227/385/226 196/352/196 198/354/198
f 228/386/227 229/387/228 230/388/229
f 229/387/228 231/389/230 230/388/229
f 231/389/230 232/390/231 230/388/229
f 232/390/231 233/391/232 230/388/229
f 233/391/232 234/392/233 230/388/229
f 234/392/233 235/393/234 230/388/229
f 235/393/234 236/394/235 230/388/229
f 236/394/235 237/395/236 230/388/229
f 237/395/236 238/396/237 230/388/229
f 238/396/237 239/397/238 230/388/229
f 239/397/238 240/398/239 230/388/229
f 240/398/239 241/399/240 230/388/229
f 241/399/240 242/400/241 230/388/229
f 242/400/241 243/401/242 230/388/229
f 243/401/242 244/402/243 230/388/229
f 244/403/243 228/386/227 230/388/229
f 245/404/244 246/405/245 244/406/243
f 244/406/243 246/405/245 228/407/227
f 247/408/246 245/409/244 243/410/242
f 243/410/242 245/409/244 244/411/243
f 248/412/247 247/408/246 242/413/241
f 242/413/241 247/408/246 243/410/242
f 249/414/248 248/412/247 241/415/240
f 241/415/240 248/412/247 242/413/241
f 250/416/249 249/414/248 240/417/239
f 240/417/239 249/414/248 241/415/240
f 251/418/250 250/416/249 239/419/238
f 239/419/238 250/416/249 240/417/239
f 252/420/251 251/418/250 238/421/237
f 238/421/237 251/418/250 239/419/238
f 253/422/252 252/420/251 237/423/236
f 237/423/236 252/420/251 238/421/237
f 254/424/253 253/422/252 236/425/235
f 236/425/235 253/422/252 237/423/236
f 255/426/254 254/424/253 235/427/234
f 235/427/234 254/424/253 236/425/235
f 256/428/255 255/426/254 234/429/233
f 234/429/233 255/426/254 235/427/234
f 257/430/256 256/428/255 233/431/232
f 233/431/232 256/428/255 234/429/233
f 258/432/257 257/430/256 232/433/231
f 232/433/231 257/430/256 233/431/232
f 259/434/258 258/432/257 231/435/230
f 231/435/230 258/432/257 232/433/231
f 260/436/259 259/434/258 229/437/228
f 229/437/228 259/434/258 231/435/230
f 246/405/245 260/436/259 228/407/227
f 228/407/227 260/436/259 229/437/228
f 260/438/259 246/439/245 199/440/199
f 199/440/199 246/439/245 198/441/198
f 259/442/258 260/438/259 201/443/201
f 201/443/201 260/438/259 199/440/199
f 258/444/257 259/442/258 203/445/202
f 203/445/202 259/442/258 201/443/201
f 257/446/256 258/444/257 205/447/204
f 205/447/204 258/444/257 203/445/202
f 256/448/255 257/446/256 207/449/206
f 207/449/206 257/446/256 205/447/204
f 255/450/254 256/448/255 209/451/208
f 209/451/208 256/448/255 207/449/206
f 254/452/253 255/450/254 211/453/210
f 211/453/210 255/450/254 209/451/208
f 253/454/252 254/452/253 213/455/212
f 213/455/212 254/452/253 211/453/210
f 252/456/251 253/454/252 215/457/214
f 215/457/214 253/454/252 213/455/212
f 251/458/250 252/456/251 217/459/216
f 217/459/216 252/456/251 215/457/214
f 250/460/249 251/458/250 219/461/218
f 219/461/218 251/458/250 217/459/216
f 249/462/248 250/460/249 221/463/220
f 221/463/220 250/460/249 219/461/218
f 248/464/247 249/462/248 223/465/222
f 223/465/222 249/462/248 221/463/220
f 247/466/246 248/464/247 225/467/224
f 225/467/224 248/464/247 223/465/222
f 245/468/244 247/466/246 227/469/226
f 227/469/226 247/466/246 225/467/224
f 246/439/245 245/468/244 198/441/198
f 198/441/198 245/468/244 227/469/226
f 261/470/260 262/471/261 263/472/262
f 263/472/262 262/471/261 264/473/263
f 265/474/264 261/470/260 266/475/265
f 266/475/265 261/470/260 263/472/262
f 267/476/266 265/474/264 268/477/267
f 268/477/267 265/474/264 266/475/265
f 269/478/268 267/476/266 270/479/269
f 270/479/269 267/476/266 268/477/267
f 271/480/270 269/478/268 272/481/271
f 272/481/271 269/478/268 270/479/269
f 271/480/270 272/481/271 273/482/272
f 273/482/272 272/481/271 274/483/273
f 275/484/274 276/485/275 277/486/276
f 277/486/276 276/485/275 278/487/277
f 275/484/274 277/486/276 279/488/278
f 279/488/278 277/486/276 280/489/279
f 279/488/278 280/489/279 281/490/280
f 281/490/280 280/489/279 282/491/281
f 281/490/280 282/491/281 283/492/282
f 283/492/282 282/491/281 284/493/283
f 283/492/282 284/493/283 285/494/284
f 285/494/284 284/493/283 286/495/285
f 285/494/284 286/495/285 287/496/286
f 287/496/286 286/495/285 288/497/287
f 273/482/272 274/483/273 289/498/288
f 289/498/288 274/483/273 290/499/289
f 276/485/275 289/498/288 278/487/277
f 278/487/277 289/498/288 290/499/289
f 284/493/283 291/500/290 286/495/285
f 286/495/285 291/500/290 292/501/291
f 286/495/285 292/501/291 288/497/287
f 288/497/287 292/501/291 293/502/292
f 294/503/293 295/504/294 296/505/295
f 296/505/295 295/504/294 297/506/296
f 298/507/297 297/506/296 299/508/298
f 299/508/298 297/506/296 295/504/294
f 300/509/299 301/510/300 302/511/301
f 302/511/301 301/510/300 303/512/302
f 300/509/299 304/513/303 301/510/300
f 301/510/300 304/513/303 305/514/304
f 306/515/305 307/516/306 308/517/307
f 308/517/307 307/516/306 309/518/308
f 302/511/301 303/512/302 306/515/305
f 306/515/305 303/512/302 307/516/306
f 310/519/309 311/520/310 274/483/273
f 274/483/273 311/520/310 290/499/289
f 304/513/303 312/521/311 305/514/304
f 305/514/304 312/521/311 313/522/312
f 311/520/310 314/523/313 290/499/289
f 290/499/289 314/523/313 278/487/277
f 305/514/304 313/522/312 315/524/314
f 315/524/314 313/522/312 316/525/315
f 317/526/316 318/527/317 319/528/318
f 319/528/318 318/527/317 320/529/319
f 321/530/320 322/531/321 318/527/317
f 318/527/317 322/531/321 320/529/319
f 323/532/316 319/528/318 309/518/308
f 309/518/308 319/528/318 320/529/319
f 266/475/265 263/472/262 324/533/322
f 324/533/322 263/472/262 325/534/323
f 270/479/269 326/535/324 272/481/271
f 272/481/271 326/535/324 327/536/325
f 272/481/271 327/536/325 274/483/273
f 274/483/273 327/536/325 310/519/309
f 268/477/267 266/475/265 328/537/326
f 328/537/326 266/475/265 324/533/322
f 268/477/267 328/537/326 270/479/269
f 270/479/269 328/537/326 326/535/324
f 329/538/327 312/521/311 330/539/328
f 330/539/328 312/521/311 304/513/303
f 329/538/327 330/539/328 331/540/329
f 331/540/329 330/539/328 332/541/330
f 333/542/331 334/543/332 335/544/333
f 335/544/333 334/543/332 336/545/334
f 331/540/329 332/541/330 337/546/335
f 337/546/335 332/541/330 338/547/336
f 337/546/335 338/547/336 333/542/331
f 333/542/331 338/547/336 334/543/332
f 277/486/276 278/487/277 339/548/337
f 339/548/337 278/487/277 314/523/313
f 280/489/279 277/486/276 340/549/338
f 340/549/338 277/486/276 339/548/337
f 341/550/339 342/551/340 343/552/341
f 343/552/341 342/551/340 344/553/342
f 345/554/343 346/555/344 347/556/345
f 347/556/345 346/555/344 348/557/346
f 345/554/343 347/556/345 316/525/315
f 316/525/315 347/556/345 315/524/314
f 349/558/347 341/550/339 350/559/348
f 350/559/348 341/550/339 343/552/341
f 346/555/344 349/558/347 348/557/346
f 348/557/346 349/558/347 350/559/348
f 340/549/338 351/560/349 280/489/279
f 280/489/279 351/560/349 282/491/281
f 351/560/349 291/500/290 282/491/281
f 282/491/281 291/500/290 284/493/283
f 307/516/306 303/512/302 352/561/350
f 352/561/350 303/512/302 353/562/351
f 307/516/306 352/561/350 309/518/308
f 309/518/308 352/561/350 323/532/316
f 301/510/300 305/514/304 354/563/352
f 354/563/352 305/514/304 315/524/314
f 303/512/302 301/510/300 353/562/351
f 353/562/351 301/510/300 354/563/352
f 355/564/353 356/565/354 357/566/355
f 357/566/355 356/565/354 358/567/356
f 356/565/354 294/503/293 358/567/356
f 358/567/356 294/503/293 296/505/295
f 359/568/357 360/569/358 361/570/359
f 361/570/359 360/569/358 362/571/360
f 363/572/361 359/568/357 364/573/362
f 364/573/362 359/568/357 361/570/359
f 365/574/363 336/545/334 366/575/364
f 366/575/364 336/545/334 334/543/332
f 360/569/358 365/574/363 362/571/360
f 362/571/360 365/574/363 366/575/364
f 352/561/350 367/576/365 323/532/316
f 323/532/316 367/576/365 319/528/318
f 352/561/350 353/562/351 367/576/365
f 367/576/365 353/562/351 368/577/366
f 367/576/365 368/577/366 369/578/367
f 369/578/367 368/577/366 370/579/368
f 319/528/318 367/576/365 317/526/316
f 317/526/316 367/576/365 369/578/367
f 353/562/351 354/563/352 368/577/366
f 368/577/366 354/563/352 371/580/369
f 354/563/352 315/524/314 371/580/369
f 371/580/369 315/524/314 347/556/345
f 347/556/345 348/557/346 371/580/369
f 371/580/369 348/557/346 372/581/370
f 371/580/369 372/581/370 368/577/366
f 368/577/366 372/581/370 370/579/368
f 373/582/371 298/507/297 374/583/372
f 374/583/372 298/507/297 299/508/298
f 374/583/372 375/584/373 373/582/371
f 373/582/371 375/584/373 376/585/374
f 377/586/375 376/585/374 378/587/376
f 378/587/376 376/585/374 375/584/373
f 361/570/359 379/588/377 364/573/362
f 364/573/362 379/588/377 380/589/378
f 361/570/359 362/571/360 379/588/377
f 379/588/377 362/571/360 381/590/379
f 379/588/377 381/590/379 382/591/380
f 382/591/380 381/590/379 383/592/381
f 379/588/377 382/591/380 380/589/378
f 380/589/378 382/591/380 384/593/378
f 362/571/360 366/575/364 381/590/379
f 381/590/379 366/575/364 385/594/382
f 366/575/364 334/543/332 385/594/382
f 385/594/382 334/543/332 338/547/336
f 385/594/382 338/547/336 386/595/383
f 386/595/383 338/547/336 332/541/330
f 381/590/379 385/594/382 383/592/381
f 383/592/381 385/594/382 386/595/383
f 300/509/299 387/596/384 304/513/303
f 304/513/303 387/596/384 330/539/328
f 302/511/301 388/597/385 300/509/299
f 300/509/299 388/597/385 387/596/384
f 387/596/384 388/597/385 386/595/383
f 386/595/383 388/597/385 383/592/381
f 330/539/328 387/596/384 332/541/330
f 332/541/330 387/596/384 386/595/383
f 306/515/305 389/598/386 302/511/301
f 302/511/301 389/598/386 388/597/385
f 308/517/307 390/599/378 306/515/305
f 306/515/305 390/599/378 389/598/386
f 390/599/378 384/593/378 389/598/386
f 389/598/386 384/593/378 382/591/380
f 389/598/386 382/591/380 388/597/385
f 388/597/385 382/591/380 383/592/381
f 369/578/367 391/600/387 317/526/316
f 317/526/316 391/600/387 318/527/317
f 370/579/368 392/601/388 369/578/367
f 369/578/367 392/601/388 391/600/387
f 392/601/388 393/602/389 391/600/387
f 391/600/387 393/602/389 394/603/390
f 318/527/317 391/600/387 321/530/320
f 321/530/320 391/600/387 394/603/390
f 372/581/370 395/604/391 370/579/368
f 370/579/368 395/604/391 392/601/388
f 348/557/346 350/559/348 372/581/370
f 372/581/370 350/559/348 395/604/391
f 350/559/348 343/552/341 395/604/391
f 395/604/391 343/552/341 396/605/392
f 395/604/391 396/605/392 392/601/388
f 392/601/388 396/605/392 393/602/389
f 397/606/393 393/602/389 398/607/394
f 398/607/394 393/602/389 396/605/392
f 398/607/394 396/605/392 344/553/342
f 344/553/342 396/605/392 343/552/341
f 399/608/395 322/531/321 394/603/390
f 394/603/390 322/531/321 321/530/320
f 399/608/395 394/603/390 397/606/393
f 397/606/393 394/603/390 393/602/389
f 400/609/396 355/564/353 401/610/397
f 401/610/397 355/564/353 357/566/355
f 292/501/291 402/611/398 293/502/292
f 293/502/292 402/611/398 403/612/399
f 292/501/291 291/500/290 402/611/398
f 402/611/398 291/500/290 404/613/400
f 400/609/396 404/613/400 351/560/349
f 351/560/349 404/613/400 291/500/290
f 355/564/353 400/609/396 340/549/338
f 340/549/338 400/609/396 351/560/349
f 294/503/293 356/565/354 314/523/313
f 314/523/313 356/565/354 339/548/337
f 356/565/354 355/564/353 339/548/337
f 339/548/337 355/564/353 340/549/338
f 311/520/310 310/519/309 295/504/294
f 295/504/294 310/519/309 299/508/298
f 295/504/294 294/503/293 311/520/310
f 311/520/310 294/503/293 314/523/313
f 374/583/372 299/508/298 327/536/325
f 327/536/325 299/508/298 310/519/309
f 375/584/373 374/583/372 326/535/324
f 326/535/324 374/583/372 327/536/325
f 378/587/376 375/584/373 328/537/326
f 328/537/326 375/584/373 326/535/324
f 405/614/401 378/587/376 324/533/322
f 324/533/322 378/587/376 328/537/326
f 406/615/402 405/614/401 325/534/323
f 325/534/323 405/614/401 324/533/322
f 407/616/403 377/586/375 405/614/401
f 405/614/401 377/586/375 378/587/376
f 325/534/323 408/617/404 406/615/402
f 406/615/402 408/617/404 409/618/405
f 263/472/262 264/473/263 325/534/323
f 325/534/323 264/473/263 408/617/404
f 262/471/261 410/619/406 264/473/263
f 264/473/263 410/619/406 411/620/407
f 412/621/408 413/622/409 336/545/334
f 336/545/334 413/622/409 335/544/333
f 414/623/410 412/621/408 365/574/363
f 365/574/363 412/621/408 336/545/334
f 415/624/411 414/623/410 360/569/358
f 360/569/358 414/623/410 365/574/363
f 414/623/410 415/624/411 416/625/412
f 416/625/412 415/624/411 417/626/413
f 412/621/408 414/623/410 418/627/414
f 418/627/414 414/623/410 416/625/412
f 419/628/415 415/624/411 359/568/357
f 359/568/357 415/624/411 360/569/358
f 420/629/416 419/628/415 363/572/361
f 363/572/361 419/628/415 359/568/357
f 420/629/416 421/630/417 419/628/415
f 419/628/415 421/630/417 422/631/418
f 415/624/411 419/628/415 417/626/413
f 417/626/413 419/628/415 422/631/418
f 423/632/419 420/629/416 308/517/307
f 308/517/307 420/629/416 390/599/378
f 420/629/416 363/572/361 390/599/378
f 363/572/361 364/573/362 390/599/378
f 364/573/362 380/589/378 390/599/378
f 390/599/378 380/589/378 384/593/378
f 424/633/420 425/634/421 322/531/321
f 322/531/321 425/634/421 320/529/319
f 426/635/422 424/633/420 399/608/395
f 399/608/395 424/633/420 322/531/321
f 426/635/422 399/608/395 427/636/423
f 427/636/423 399/608/395 397/606/393
f 427/636/423 428/637/424 426/635/422
f 426/635/422 428/637/424 429/638/425
f 424/633/420 426/635/422 430/639/426
f 430/639/426 426/635/422 429/638/425
f 398/607/394 431/640/427 397/606/393
f 397/606/393 431/640/427 427/636/423
f 431/640/427 398/607/394 432/641/428
f 432/641/428 398/607/394 344/553/342
f 432/641/428 433/642/429 431/640/427
f 431/640/427 433/642/429 434/643/430
f 431/640/427 434/643/430 427/636/423
f 427/636/423 434/643/430 428/637/424
f 435/644/431 436/645/432 432/641/428
f 432/641/428 436/645/432 433/642/429
f 342/551/340 435/644/431 344/553/342
f 344/553/342 435/644/431 432/641/428
f 287/496/286 288/497/287 437/646/433
f 437/646/433 288/497/287 438/647/434
f 288/497/287 293/502/292 438/647/434
f 438/647/434 293/502/292 439/648/435
f 440/649/436 403/612/399 441/650/437
f 403/612/399 402/611/398 441/650/437
f 442/651/438 443/652/439 402/611/398
f 443/652/439 441/650/437 402/611/398
f 444/653/440 409/618/405 445/654/441
f 445/654/441 409/618/405 408/617/404
f 445/654/441 408/617/404 411/620/407
f 411/620/407 408/617/404 264/473/263
f 418/627/414 446/655/442 412/621/408
f 412/621/408 446/655/442 413/622/409
f 430/639/426 447/656/443 424/633/420
f 424/633/420 447/656/443 425/634/421
f 420/629/416 423/632/419 421/630/417
f 421/630/417 423/632/419 448/657/444
f 440/649/436 439/648/435 403/612/399
f 403/612/399 439/648/435 293/502/292
f 449/658/445 450/659/446 451/660/447
f 451/660/447 450/659/446 452/661/448
f 450/659/446 453/662/449 452/661/448
f 452/661/448 453/662/449 454/663/450
f 455/664/451 456/665/452 450/659/446
f 450/659/446 456/665/452 453/662/449
f 450/659/446 449/658/445 455/664/451
f 455/664/451 449/658/445 457/666/453
f 458/667/454 459/668/455 460/669/456
f 460/669/456 459/668/455 461/670/457
f 462/671/458 463/672/459 464/673/460
f 464/673/460 463/672/459 465/674/461
f 463/672/459 466/675/462 465/674/461
f 466/675/462 467/676/463 465/674/461
f 467/676/463 468/677/464 465/674/461
f 468/677/464 469/678/464 465/674/461
f 469/678/464 470/679/465 465/674/461
f 471/680/466 472/681/467 473/682/468
f 473/682/468 472/681/467 474/683/469
f 471/680/466 475/684/470 472/681/467
f 472/681/467 475/684/470 476/685/471
f 477/686/472 478/687/473 471/680/466
f 471/680/466 478/687/473 475/684/470
f 479/688/474 477/686/472 473/682/468
f 473/682/468 477/686/472 471/680/466
f 480/689/475 481/690/476 482/691/477
f 482/691/477 481/690/476 483/692/478
f 481/690/476 484/693/479 483/692/478
f 483/692/478 484/693/479 485/694/480
f 486/695/481 487/696/481 488/697/482
f 488/697/482 487/696/481 489/698/483
f 490/699/484 488/697/482 491/700/485
f 491/700/485 488/697/482 489/698/483
f 492/701/486 493/702/487 487/696/481
f 487/696/481 493/702/487 489/698/483
f 494/703/488 495/704/489 496/705/490
f 496/705/490 495/704/489 497/706/491
f 495/704/489 498/707/492 497/706/491
f 497/706/491 498/707/492 499/708/493
f 472/681/467 500/709/494 474/683/469
f 474/683/469 500/709/494 501/710/495
f 501/710/495 500/709/494 502/711/496
f 502/711/496 500/709/494 503/712/497
f 504/713/498 505/714/499 500/709/494
f 500/709/494 505/714/499 503/712/497
f 476/685/471 504/713/498 472/681/467
f 472/681/467 504/713/498 500/709/494
f 502/711/496 503/712/497 506/715/500
f 506/715/500 503/712/497 507/716/501
f 506/715/500 507/716/501 494/703/488
f 494/703/488 507/716/501 495/704/489
f 507/716/501 508/717/502 495/704/489
f 495/704/489 508/717/502 498/707/492
f 505/714/499 508/717/502 503/712/497
f 503/712/497 508/717/502 507/716/501
f 509/718/503 510/719/504 482/691/477
f 482/691/477 510/719/504 480/689/475
f 511/720/505 510/719/504 512/721/506
f 512/721/506 510/719/504 509/718/503
f 513/722/507 514/723/508 515/724/509
f 515/724/509 514/723/508 516/725/510
f 517/726/511 511/720/505 518/727/512
f 518/727/512 511/720/505 512/721/506
f 514/723/508 517/726/511 516/725/510
f 516/725/510 517/726/511 518/727/512
f 519/728/513 520/729/514 521/730/515
f 521/730/515 520/729/514 522/731/516
f 522/731/516 520/729/514 479/688/474
f 479/688/474 520/729/514 477/686/472
f 520/729/514 523/732/517 477/686/472
f 477/686/472 523/732/517 478/687/473
f 519/728/513 524/733/518 520/729/514
f 520/729/514 524/733/518 523/732/517
f 525/734/519 526/735/520 527/736/521
f 527/736/521 526/735/520 528/737/522
f 529/738/523 530/739/524 531/740/525
f 531/740/525 530/739/524 532/741/526
f 484/693/479 530/739/524 485/694/480
f 485/694/480 530/739/524 529/738/523
f 533/742/527 534/743/528 525/734/519
f 525/734/519 534/743/528 526/735/520
f 531/740/525 532/741/526 533/742/527
f 533/742/527 532/741/526 534/743/528
f 524/733/518 519/728/513 535/744/529
f 535/744/529 519/728/513 536/745/530
f 535/744/529 536/745/530 456/665/452
f 456/665/452 536/745/530 453/662/449
f 453/662/449 536/745/530 454/663/450
f 454/663/450 536/745/530 537/746/531
f 536/745/530 519/728/513 537/746/531
f 537/746/531 519/728/513 521/730/515
f 538/747/532 539/748/533 461/670/457
f 461/670/457 539/748/533 460/669/456
f 493/702/487 540/749/534 466/675/462
f 466/675/462 540/749/534 541/750/535
f 540/749/534 542/751/536 541/750/535
f 541/750/535 542/751/536 543/752/537
f 540/749/534 544/753/538 542/751/536
f 542/751/536 544/753/538 545/754/539
f 492/701/486 544/753/538 493/702/487
f 493/702/487 544/753/538 540/749/534
f 542/751/536 546/755/540 543/752/537
f 543/752/537 546/755/540 547/756/541
f 547/756/541 546/755/540 480/689/475
f 480/689/475 546/755/540 481/690/476
f 546/755/540 548/757/542 481/690/476
f 481/690/476 548/757/542 484/693/479
f 542/751/536 545/754/539 546/755/540
f 546/755/540 545/754/539 548/757/542
f 549/758/543 550/759/544 551/760/545
f 551/760/545 550/759/544 552/761/546
f 459/668/455 458/667/454 552/761/546
f 552/761/546 458/667/454 551/760/545
f 553/762/547 554/763/548 555/764/549
f 555/764/549 554/763/548 556/765/550
f 470/679/465 554/763/548 465/674/461
f 465/674/461 554/763/548 553/762/547
f 557/766/551 558/767/552 513/722/507
f 513/722/507 558/767/552 514/723/508
f 555/764/549 556/765/550 557/766/551
f 557/766/551 556/765/550 558/767/552
f 487/696/481 559/768/553 492/701/486
f 492/701/486 559/768/553 544/753/538
f 544/753/538 559/768/553 545/754/539
f 545/754/539 559/768/553 560/769/554
f 559/768/553 561/770/555 560/769/554
f 560/769/554 561/770/555 562/771/556
f 487/696/481 486/695/481 559/768/553
f 559/768/553 486/695/481 561/770/555
f 545/754/539 560/769/554 548/757/542
f 548/757/542 560/769/554 563/772/557
f 548/757/542 563/772/557 484/693/479
f 484/693/479 563/772/557 530/739/524
f 564/773/558 532/741/526 563/772/557
f 563/772/557 532/741/526 530/739/524
f 562/771/556 564/773/558 560/769/554
f 560/769/554 564/773/558 563/772/557
f 565/774/559 566/775/560 538/747/532
f 538/747/532 566/775/560 539/748/533
f 567/776/561 568/777/562 565/774/559
f 565/774/559 568/777/562 566/775/560
f 569/778/563 570/779/564 567/776/561
f 567/776/561 570/779/564 568/777/562
f 571/780/565 572/781/566 444/782/440
f 444/782/440 572/781/566 573/783/567
f 469/678/464 574/784/568 470/679/465
f 470/679/465 574/784/568 554/763/548
f 554/763/548 574/784/568 556/765/550
f 556/765/550 574/784/568 575/785/569
f 574/784/568 576/786/570 575/785/569
f 575/785/569 576/786/570 577/787/571
f 468/677/464 576/786/570 469/678/464
f 469/678/464 576/786/570 574/784/568
f 556/765/550 575/785/569 558/767/552
f 558/767/552 575/785/569 578/788/572
f 558/767/552 578/788/572 514/723/508
f 514/723/508 578/788/572 517/726/511
f 578/788/572 579/789/573 517/726/511
f 517/726/511 579/789/573 511/720/505
f 575/785/569 577/787/571 578/788/572
f 578/788/572 577/787/571 579/789/573
f 510/719/504 580/790/574 480/689/475
f 480/689/475 580/790/574 547/756/541
f 580/790/574 581/791/575 547/756/541
f 547/756/541 581/791/575 543/752/537
f 580/790/574 579/789/573 581/791/575
f 581/791/575 579/789/573 577/787/571
f 510/719/504 511/720/505 580/790/574
f 580/790/574 511/720/505 579/789/573
f 581/791/575 582/792/576 543/752/537
f 543/752/537 582/792/576 541/750/535
f 582/792/576 467/676/463 541/750/535
f 541/750/535 467/676/463 466/675/462
f 576/786/570 468/677/464 582/792/576
f 582/792/576 468/677/464 467/676/463
f 577/787/571 576/786/570 581/791/575
f 581/791/575 576/786/570 582/792/576
f 488/697/482 583/793/577 486/695/481
f 486/695/481 583/793/577 561/770/555
f 583/793/577 584/794/578 561/770/555
f 561/770/555 584/794/578 562/771/556
f 585/795/579 586/796/580 583/793/577
f 583/793/577 586/796/580 584/794/578
f 488/697/482 490/699/484 583/793/577
f 583/793/577 490/699/484 585/795/579
f 584/794/578 587/797/581 562/771/556
f 562/771/556 587/797/581 564/773/558
f 587/797/581 534/743/528 564/773/558
f 564/773/558 534/743/528 532/741/526
f 588/798/582 526/735/520 587/797/581
f 587/797/581 526/735/520 534/743/528
f 586/796/580 588/798/582 584/794/578
f 584/794/578 588/798/582 587/797/581
f 588/798/582 586/796/580 589/799/583
f 589/799/583 586/796/580 590/800/584
f 526/735/520 588/798/582 528/737/522
f 528/737/522 588/798/582 589/799/583
f 591/801/585 585/795/579 491/700/485
f 491/700/485 585/795/579 490/699/484
f 586/796/580 585/795/579 590/800/584
f 590/800/584 585/795/579 591/801/585
f 592/802/586 593/803/587 549/758/543
f 549/758/543 593/803/587 550/759/544
f 594/804/588 595/805/589 457/666/453
f 457/666/453 595/805/589 455/664/451
f 455/664/451 595/805/589 456/665/452
f 456/665/452 595/805/589 596/806/590
f 592/802/586 535/744/529 596/806/590
f 596/806/590 535/744/529 456/665/452
f 549/758/543 524/733/518 592/802/586
f 592/802/586 524/733/518 535/744/529
f 523/732/517 551/760/545 478/687/473
f 478/687/473 551/760/545 458/667/454
f 524/733/518 549/758/543 523/732/517
f 523/732/517 549/758/543 551/760/545
f 478/687/473 458/667/454 475/684/470
f 475/684/470 458/667/454 460/669/456
f 539/748/533 476/685/471 460/669/456
f 460/669/456 476/685/471 475/684/470
f 566/775/560 504/713/498 539/748/533
f 539/748/533 504/713/498 476/685/471
f 568/777/562 505/714/499 566/775/560
f 566/775/560 505/714/499 504/713/498
f 570/779/564 508/717/502 568/777/562
f 568/777/562 508/717/502 505/714/499
f 597/807/591 498/707/492 570/779/564
f 570/779/564 498/707/492 508/717/502
f 498/707/492 597/807/591 499/708/493
f 499/708/493 597/807/591 598/808/592
f 499/708/493 598/808/592 599/809/593
f 599/809/593 598/808/592 571/780/565
f 497/706/491 499/708/493 600/810/594
f 600/810/594 499/708/493 599/809/593
f 496/705/490 497/706/491 601/811/595
f 601/811/595 497/706/491 600/810/594
f 515/724/509 602/812/596 513/722/507
f 513/722/507 602/812/596 603/813/597
f 513/722/507 603/813/597 557/766/551
f 557/766/551 603/813/597 604/814/598
f 605/815/599 555/764/549 604/814/598
f 604/814/598 555/764/549 557/766/551
f 604/814/598 416/816/412 605/815/599
f 605/815/599 416/816/412 417/817/413
f 603/813/597 418/818/414 604/814/598
f 604/814/598 418/818/414 416/816/412
f 555/764/549 605/815/599 553/762/547
f 553/762/547 605/815/599 606/819/600
f 464/673/460 465/674/461 606/819/600
f 606/819/600 465/674/461 553/762/547
f 422/820/418 421/821/417 606/819/600
f 606/819/600 421/821/417 464/673/460
f 605/815/599 417/817/413 606/819/600
f 606/819/600 417/817/413 422/820/418
f 489/698/483 607/822/601 491/700/485
f 491/700/485 607/822/601 608/823/602
f 491/700/485 608/823/602 591/801/585
f 591/801/585 608/823/602 609/824/603
f 590/800/584 591/801/585 610/825/604
f 610/825/604 591/801/585 609/824/603
f 429/826/425 428/827/424 609/824/603
f 609/824/603 428/827/424 610/825/604
f 608/823/602 430/828/426 609/824/603
f 609/824/603 430/828/426 429/826/425
f 589/799/583 590/800/584 611/829/605
f 611/829/605 590/800/584 610/825/604
f 528/737/522 589/799/583 612/830/606
f 612/830/606 589/799/583 611/829/605
f 434/831/430 433/832/429 611/829/605
f 611/829/605 433/832/429 612/830/606
f 428/827/424 434/831/430 610/825/604
f 610/825/604 434/831/430 611/829/605
f 613/833/607 612/830/606 436/834/432
f 436/834/432 612/830/606 433/832/429
f 527/736/521 528/737/522 613/833/607
f 613/833/607 528/737/522 612/830/606
f 449/658/445 438/835/434 457/666/453
f 457/666/453 438/835/434 439/836/435
f 438/835/434 449/658/445 437/837/433
f 437/837/433 449/658/445 451/660/447
f 599/809/593 571/780/565 445/838/441
f 445/838/441 571/780/565 444/782/440
f 601/811/595 600/810/594 410/839/406
f 410/839/406 600/810/594 411/840/407
f 600/810/594 599/809/593 411/840/407
f 411/840/407 599/809/593 445/838/441
f 418/818/414 603/813/597 446/841/442
f 446/841/442 603/813/597 602/812/596
f 448/842/444 462/671/458 421/821/417
f 421/821/417 462/671/458 464/673/460
f 430/828/426 608/823/602 447/843/443
f 447/843/443 608/823/602 607/822/601
f 440/844/436 594/804/588 439/836/435
f 439/836/435 594/804/588 457/666/453
f 614/845/608 597/807/591 569/778/563
f 569/778/563 597/807/591 570/779/564
f 615/846/609 598/808/592 614/845/608
f 614/845/608 598/808/592 597/807/591
f 598/808/592 615/846/609 571/780/565
f 571/780/565 615/846/609 572/781/566
f 444/653/440 573/847/567 409/618/405
f 409/618/405 573/847/567 616/848/610
f 409/618/405 616/848/610 406/615/402
f 406/615/402 616/848/610 617/849/611
f 617/849/611 407/616/403 406/615/402
f 406/615/402 407/616/403 405/614/401
f 404/613/400 400/609/396 618/850/612
f 618/850/612 400/609/396 401/610/397
f 402/611/398 404/613/400 442/651/438
f 442/651/438 404/613/400 618/850/612
f 440/844/436 441/851/437 594/804/588
f 443/852/439 619/853/613 441/851/437
f 619/853/613 594/804/588 441/851/437
f 594/804/588 619/853/613 595/805/589
f 595/805/589 619/853/613 620/854/614
f 595/805/589 620/854/614 596/806/590
f 596/806/590 620/854/614 621/855/615
f 596/806/590 621/855/615 592/802/586
f 592/802/586 621/855/615 593/803/587
f 622/856/616 623/857/617 624/858/618
f 624/858/618 623/857/617 625/859/619
f 622/856/616 626/860/620 623/857/617
f 623/857/617 626/860/620 627/861/621
f 628/862/622 629/863/623 630/864/624
f 630/864/624 629/863/623 631/865/625
f 630/864/624 632/866/626 628/862/622
f 628/862/622 632/866/626 633/867/627
f 629/863/623 634/868/628 631/865/625
f 631/865/625 634/868/628 635/869/629
f 634/868/628 636/870/630 635/869/629
f 635/869/629 636/870/630 637/871/631
f 638/872/632 633/867/627 639/873/633
f 639/873/633 633/867/627 632/866/626
f 639/873/633 627/861/621 638/872/632
f 638/872/632 627/861/621 626/860/620
f 640/874/634 641/875/635 642/876/636
f 642/876/636 641/875/635 643/877/637
f 641/875/635 640/874/634 644/878/638
f 644/878/638 640/874/634 645/879/639
f 642/876/636 643/877/637 646/880/640
f 646/880/640 643/877/637 647/881/641
f 646/880/640 647/881/641 625/859/619
f 625/859/619 647/881/641 624/858/618
f 648/882/642 649/883/643 645/879/639
f 645/879/639 649/883/643 644/878/638
f 649/883/643 648/882/642 650/884/644
f 650/884/644 648/882/642 651/885/645
f 650/884/644 651/885/645 652/886/646
f 652/886/646 651/885/645 653/887/647
f 637/888/631 636/889/630 654/890/648
f 654/890/648 636/889/630 655/891/649
f 652/886/646 653/887/647 656/892/650
f 656/892/650 653/887/647 657/893/651
f 657/894/651 658/895/652 656/896/650
f 656/896/650 658/895/652 659/897/653
f 660/898/654 661/899/655 662/900/656
f 662/900/656 661/899/655 663/901/657
f 661/899/655 660/898/654 664/902/658
f 664/902/658 660/898/654 665/903/659
f 664/902/658 665/903/659 655/891/649
f 655/891/649 665/903/659 654/890/648
f 666/904/660 667/905/661 668/906/662
f 668/906/662 667/905/661 669/907/663
f 667/905/661 666/904/660 663/901/657
f 663/901/657 666/904/660 662/900/656
f 670/908/664 671/909/665 672/910/666
f 672/910/666 671/909/665 673/911/667
f 670/908/664 672/910/666 669/907/663
f 669/907/663 672/910/666 668/906/662
f 674/912/668 675/913/669 676/914/670
f 676/914/670 675/913/669 677/915/671
f 676/914/670 678/916/672 674/912/668
f 674/912/668 678/916/672 679/917/673
f 678/916/672 680/918/674 679/917/673
f 679/917/673 680/918/674 681/919/675
f 680/918/674 673/911/667 681/919/675
f 681/919/675 673/911/667 671/909/665
f 682/920/676 683/921/677 684/922/678
f 684/922/678 683/921/677 685/923/679
f 684/922/678 677/915/671 682/920/676
f 682/920/676 677/915/671 675/913/669
f 658/895/652 685/923/679 659/897/653
f 659/897/653 685/923/679 683/921/677
f 261/924/260 265/925/264 631/865/625
f 631/865/625 265/925/264 630/864/624
f 631/865/625 635/869/629 261/924/260
f 261/924/260 635/869/629 262/926/261
f 267/927/266 269/928/268 632/866/626
f 632/866/626 269/928/268 639/873/633
f 265/925/264 267/927/266 630/864/624
f 630/864/624 267/927/266 632/866/626
f 273/929/272 623/857/617 271/930/270
f 271/930/270 623/857/617 627/861/621
f 269/928/268 271/930/270 639/873/633
f 639/873/633 271/930/270 627/861/621
f 279/931/278 640/874/634 275/932/274
f 275/932/274 640/874/634 642/876/636
f 275/932/274 642/876/636 276/933/275
f 276/933/275 642/876/636 646/880/640
f 283/934/282 648/882/642 281/935/280
f 281/935/280 648/882/642 645/879/639
f 281/935/280 645/879/639 279/931/278
f 279/931/278 645/879/639 640/874/634
f 651/885/645 285/936/284 653/887/647
f 653/887/647 285/936/284 287/937/286
f 285/936/284 651/885/645 283/934/282
f 283/934/282 651/885/645 648/882/642
f 623/857/617 273/929/272 625/859/619
f 625/859/619 273/929/272 289/938/288
f 646/880/640 625/859/619 276/933/275
f 276/933/275 625/859/619 289/938/288
f 313/522/312 312/521/311 624/858/618
f 624/858/618 312/521/311 622/856/616
f 313/522/312 624/858/618 316/525/315
f 316/525/315 624/858/618 647/881/641
f 638/872/632 626/860/620 331/540/329
f 331/540/329 626/860/620 329/538/327
f 626/860/620 622/856/616 329/538/327
f 329/538/327 622/856/616 312/521/311
f 628/862/622 333/542/331 629/863/623
f 629/863/623 333/542/331 335/544/333
f 633/867/627 337/546/335 628/862/622
f 628/862/622 337/546/335 333/542/331
f 638/872/632 331/540/329 633/867/627
f 633/867/627 331/540/329 337/546/335
f 649/883/643 650/884/644 341/550/339
f 341/550/339 650/884/644 342/551/340
f 643/877/637 345/554/343 647/881/641
f 647/881/641 345/554/343 316/525/315
f 641/875/635 346/555/344 643/877/637
f 643/877/637 346/555/344 345/554/343
f 641/875/635 644/878/638 346/555/344
f 346/555/344 644/878/638 349/558/347
f 644/878/638 649/883/643 349/558/347
f 349/558/347 649/883/643 341/550/339
f 635/869/629 637/871/631 262/926/261
f 262/926/261 637/871/631 410/939/406
f 413/622/409 634/868/628 335/544/333
f 335/544/333 634/868/628 629/863/623
f 650/884/644 652/886/646 342/551/340
f 342/551/340 652/886/646 435/644/431
f 652/886/646 656/892/650 435/644/431
f 435/644/431 656/892/650 436/645/432
f 653/887/647 287/937/286 657/893/651
f 657/893/651 287/937/286 437/940/433
f 446/655/442 636/870/630 413/622/409
f 413/622/409 636/870/630 634/868/628
f 496/941/490 665/903/659 494/942/488
f 494/942/488 665/903/659 660/898/654
f 601/943/595 654/890/648 496/941/490
f 496/941/490 654/890/648 665/903/659
f 506/944/500 662/900/656 502/945/496
f 502/945/496 662/900/656 666/904/660
f 494/942/488 660/898/654 506/944/500
f 506/944/500 660/898/654 662/900/656
f 668/906/662 672/910/666 501/946/495
f 501/946/495 672/910/666 474/947/469
f 502/945/496 666/904/660 501/946/495
f 501/946/495 666/904/660 668/906/662
f 678/916/672 676/914/670 522/948/516
f 522/948/516 676/914/670 521/949/515
f 479/950/474 680/918/674 522/948/516
f 522/948/516 680/918/674 678/916/672
f 677/915/671 684/922/678 537/951/531
f 537/951/531 684/922/678 454/952/450
f 676/914/670 677/915/671 521/949/515
f 521/949/515 677/915/671 537/951/531
f 685/923/679 658/895/652 452/953/448
f 452/953/448 658/895/652 451/954/447
f 684/922/678 685/923/679 454/952/450
f 454/952/450 685/923/679 452/953/448
f 473/955/468 474/947/469 673/911/667
f 673/911/667 474/947/469 672/910/666
f 473/955/468 673/911/667 479/950/474
f 479/950/474 673/911/667 680/918/674
f 670/908/664 482/691/477 671/909/665
f 671/909/665 482/691/477 483/692/478
f 483/692/478 485/694/480 671/909/665
f 671/909/665 485/694/480 681/919/675
f 667/905/661 512/721/506 669/907/663
f 669/907/663 512/721/506 509/718/503
f 669/907/663 509/718/503 670/908/664
f 670/908/664 509/718/503 482/691/477
f 515/724/509 516/725/510 664/902/658
f 664/902/658 516/725/510 661/899/655
f 516/725/510 518/727/512 661/899/655
f 661/899/655 518/727/512 663/901/657
f 518/727/512 512/721/506 663/901/657
f 663/901/657 512/721/506 667/905/661
f 682/920/676 525/734/519 683/921/677
f 683/921/677 525/734/519 527/736/521
f 485/694/480 529/738/523 681/919/675
f 681/919/675 529/738/523 679/917/673
f 529/738/523 531/740/525 679/917/673
f 679/917/673 531/740/525 674/912/668
f 674/912/668 531/740/525 675/913/669
f 675/913/669 531/740/525 533/742/527
f 675/913/669 533/742/527 682/920/676
f 682/920/676 533/742/527 525/734/519
f 410/956/406 637/888/631 601/943/595
f 601/943/595 637/888/631 654/890/648
f 664/902/658 655/891/649 515/724/509
f 515/724/509 655/891/649 602/812/596
f 683/921/677 527/736/521 659/897/653
f 659/897/653 527/736/521 613/833/607
f 659/897/653 613/833/607 656/896/650
f 656/896/650 613/833/607 436/834/432
f 658/895/652 657/894/651 451/954/447
f 451/954/447 657/894/651 437/957/433
f 446/841/442 602/812/596 636/889/630
f 636/889/630 602/812/596 655/891/649
f 308/517/307 309/518/308 423/632/419
f 425/634/421 423/632/419 320/529/319
f 320/529/319 423/632/419 309/518/308
f 448/657/444 423/632/419 447/656/443
f 447/656/443 423/632/419 425/634/421
f 607/822/601 462/671/458 447/843/443
f 447/843/443 462/671/458 448/842/444
f 489/698/483 463/672/459 607/822/601
f 607/822/601 463/672/459 462/671/458
f 489/698/483 493/702/487 463/672/459
f 463/672/459 493/702/487 466/675/462
f 686/958/680 687/959/681 688/960/682
f 688/960/682 687/959/681 689/961/683
f 690/962/684 691/963/685 692/964/686
f 692/964/686 691/963/685 693/965/687
f 694/966/688 695/967/689 696/968/690
f 696/968/690 695/967/689 697/969/691
f 698/970/692 687/971/681 699/972/693
f 699/972/693 687/971/681 686/973/680
f 698/974/692 700/975/694 687/976/681
f 687/976/681 700/975/694 689/977/683
f 696/978/690 701/979/695 694/980/688
f 694/980/688 701/979/695 702/981/696
f 696/982/690 697/983/691 701/984/695
f 701/984/695 697/983/691 703/985/697
f 695/986/689 704/987/698 697/988/691
f 697/988/691 704/987/698 703/989/697
f 705/990/699 706/991/700 707/992/701
f 707/992/701 706/991/700 708/993/702
f 702/981/696 709/994/703 710/995/704
f 710/995/704 709/994/703 711/996/705
f 712/997/706 699/972/693 686/973/680
f 713/998/707 714/999/708 715/1000/709
f 715/1000/709 714/999/708 716/1001/710
f 717/1002/711 718/1003/712 719/1004/713
f 719/1004/713 718/1003/712 720/1005/714
f 721/1006/715 717/1007/711 722/1008/716
f 722/1008/716 717/1007/711 719/1009/713
f 723/1010/717 724/1011/718 725/1012/719
f 725/1012/719 724/1011/718 726/1013/720
f 690/962/684 692/964/686 713/998/707
f 713/998/707 692/964/686 714/999/708
f 686/958/680 688/960/682 717/1002/711
f 717/1002/711 688/960/682 718/1003/712
f 721/1006/715 712/997/706 717/1007/711
f 717/1007/711 712/997/706 686/973/680
f 725/1012/719 710/995/704 723/1010/717
f 723/1010/717 710/995/704 711/996/705
f 692/964/686 727/1014/721 728/1015/722
f 692/964/686 728/1015/722 714/999/708
f 714/999/708 728/1015/722 729/1016/723
f 714/999/708 729/1016/723 716/1001/710
f 716/1001/710 729/1016/723 730/1017/724
f 721/1006/715 722/1008/716 723/1018/717
f 723/1018/717 722/1008/716 724/1019/718
f 712/997/706 721/1006/715 711/1020/705
f 711/1020/705 721/1006/715 723/1018/717
f 699/972/693 712/997/706 709/1021/703
f 709/1021/703 712/997/706 711/1020/705
f 709/1021/703 698/970/692 699/972/693
f 692/964/686 693/965/687 727/1014/721
f 702/981/696 701/979/695 709/994/703
f 693/965/687 706/991/700 727/1014/721
f 727/1014/721 706/991/700 705/990/699
f 704/987/698 700/975/694 703/989/697
f 703/989/697 700/975/694 698/974/692
f 701/984/695 703/985/697 709/1021/703
f 709/1021/703 703/985/697 698/970/692
f 718/1003/712 688/960/682 713/1022/707
f 713/1022/707 688/960/682 690/1023/684
f 713/1022/707 715/1024/709 718/1003/712
f 718/1003/712 715/1024/709 720/1005/714
f 729/1025/723 725/1012/719 730/1026/724
f 730/1026/724 725/1012/719 726/1013/720
f 728/1027/722 710/995/704 729/1025/723
f 729/1025/723 710/995/704 725/1012/719
f 702/981/696 710/995/704 727/1028/721
f 727/1028/721 710/995/704 728/1027/722
f 705/1029/699 702/981/696 727/1028/721
f 702/981/696 705/1029/699 694/980/688
f 694/980/688 705/1029/699 707/1030/701
f 707/1031/701 708/1032/702 694/966/688
f 694/966/688 708/1032/702 695/967/689
f 706/1033/700 704/987/698 708/1034/702
f 708/1034/702 704/987/698 695/986/689
f 693/1035/687 700/975/694 706/1033/700
f 706/1033/700 700/975/694 704/987/698
f 689/977/683 700/975/694 691/1036/685
f 691/1036/685 700/975/694 693/1035/687
f 689/961/683 691/1037/685 688/960/682
f 688/960/682 691/1037/685 690/1023/684
f 731/1038/725 732/1039/726 733/1040/727
f 733/1040/727 732/1039/726 734/1041/728
f 732/1039/726 735/1042/729 734/1041/728
f 734/1041/728 735/1042/729 736/1043/730
f 737/1044/731 738/1045/732 739/1046/733
f 739/1046/733 738/1045/732 740/1047/734
f 731/1048/725 733/1049/727 737/1044/731
f 737/1044/731 733/1049/727 738/1045/732
f 741/1050/735 742/1051/736 735/1042/729
f 735/1042/729 742/1051/736 736/1043/730
f 743/1052/737 744/1053/738 741/1050/735
f 741/1050/735 744/1053/738 742/1051/736
f 745/1054/739 739/1046/733 746/1055/740
f 746/1055/740 739/1046/733 740/1047/734
f 745/1054/739 746/1055/740 743/1052/737
f 743/1052/737 746/1055/740 744/1053/738
f 736/1043/730 747/1056/741 734/1041/728
f 734/1041/728 747/1056/741 748/1057/742
f 734/1041/728 748/1057/742 733/1040/727
f 733/1040/727 748/1057/742 749/1058/743
f 733/1049/727 749/1059/743 738/1045/732
f 738/1045/732 749/1059/743 750/1060/744
f 738/1045/732 750/1060/744 740/1047/734
f 740/1047/734 750/1060/744 751/1061/745
f 746/1055/740 740/1047/734 752/1062/746
f 752/1062/746 740/1047/734 751/1061/745
f 744/1053/738 746/1055/740 753/1063/747
f 753/1063/747 746/1055/740 752/1062/746
f 742/1051/736 744/1053/738 754/1064/748
f 754/1064/748 744/1053/738 753/1063/747
f 736/1043/730 742/1051/736 747/1056/741
f 747/1056/741 742/1051/736 754/1064/748
f 755/1065/749 756/1066/750 757/1067/751
f 757/1067/751 756/1066/750 758/1068/752
f 759/1069/753 755/1065/749 760/1070/754
f 760/1070/754 755/1065/749 757/1067/751
f 761/1071/755 759/1069/753 762/1072/756
f 762/1072/756 759/1069/753 760/1070/754
f 763/1073/757 761/1071/755 764/1074/758
f 764/1074/758 761/1071/755 762/1072/756
f 765/1075/759 763/1073/757 766/1076/760
f 766/1076/760 763/1073/757 764/1074/758
f 767/1077/761 765/1075/759 768/1078/762
f 768/1078/762 765/1075/759 766/1076/760
f 769/1079/763 767/1077/761 770/1080/764
f 770/1080/764 767/1077/761 768/1078/762
f 771/1081/765 769/1079/763 772/1082/766
f 772/1082/766 769/1079/763 770/1080/764
f 771/1081/765 772/1082/766 773/1083/767
f 773/1083/767 772/1082/766 774/1084/768
f 773/1083/767 774/1084/768 775/1085/769
f 775/1085/769 774/1084/768 776/1086/770
f 775/1085/769 776/1086/770 777/1087/771
f 777/1087/771 776/1086/770 778/1088/772
f 777/1087/771 778/1088/772 779/1089/773
f 779/1089/773 778/1088/772 780/1090/774
f 779/1089/773 780/1090/774 781/1091/775
f 781/1091/775 780/1090/774 782/1092/776
f 781/1091/775 782/1092/776 783/1093/777
f 783/1093/777 782/1092/776 784/1094/778
f 783/1093/777 784/1094/778 785/1095/779
f 785/1095/779 784/1094/778 786/1096/780
f 785/1095/779 786/1096/780 787/1097/781
f 787/1097/781 786/1096/780 788/1098/782
f 787/1097/781 788/1098/782 789/1099/783
f 789/1099/783 788/1098/782 790/1100/784
f 791/1101/785 792/1102/786 793/1103/787
f 793/1103/787 792/1102/786 794/1104/788
f 791/1101/785 793/1103/787 795/1105/789
f 795/1105/789 793/1103/787 796/1106/790
f 797/1107/791 798/1108/792 799/1109/793
f 799/1109/793 798/1108/792 800/1110/794
f 798/1108/792 797/1107/791 801/1111/795
f 801/1111/795 797/1107/791 802/1112/796
f 802/1112/796 803/1113/797 801/1111/795
f 801/1111/795 803/1113/797 804/1114/798
f 803/1113/797 805/1115/799 804/1114/798
f 804/1114/798 805/1115/799 806/1116/800
f 805/1115/799 807/1117/801 806/1116/800
f 806/1116/800 807/1117/801 808/1118/802
f 807/1117/801 809/1119/803 808/1118/802
f 808/1118/802 809/1119/803 810/1120/804
f 811/1121/805 812/1122/806 809/1119/803
f 809/1119/803 812/1122/806 810/1120/804
f 813/1123/807 814/1124/808 811/1121/805
f 811/1121/805 814/1124/808 812/1122/806
f 815/1125/809 816/1126/810 813/1123/807
f 813/1123/807 816/1126/810 814/1124/808
f 817/1127/811 818/1128/812 815/1125/809
f 815/1125/809 818/1128/812 816/1126/810
f 819/1129/813 820/1130/814 817/1127/811
f 817/1127/811 820/1130/814 818/1128/812
f 819/1131/813 821/1132/815 820/1133/814
f 820/1133/814 821/1132/815 822/1134/816
f 821/1132/815 823/1135/817 822/1134/816
f 822/1134/816 823/1135/817 824/1136/818
f 823/1135/817 825/1137/819 824/1136/818
f 824/1136/818 825/1137/819 826/1138/820
f 825/1137/819 827/1139/821 826/1138/820
f 826/1138/820 827/1139/821 828/1140/822
f 827/1139/821 829/1141/823 828/1140/822
f 828/1140/822 829/1141/823 830/1142/824
f 829/1141/823 831/1143/825 830/1142/824
f 830/1142/824 831/1143/825 832/1144/826
f 833/1145/827 834/1146/828 831/1143/825
f 831/1143/825 834/1146/828 832/1144/826
f 799/1109/793 800/1110/794 833/1145/827
f 833/1145/827 800/1110/794 834/1146/828
f 798/1108/792 835/1147/829 800/1110/794
f 800/1110/794 835/1147/829 836/1148/830
f 835/1147/829 798/1108/792 837/1149/831
f 837/1149/831 798/1108/792 801/1111/795
f 801/1111/795 804/1114/798 837/1149/831
f 837/1149/831 804/1114/798 838/1150/832
f 804/1114/798 806/1116/800 838/1150/832
f 838/1150/832 806/1116/800 839/1151/833
f 806/1116/800 808/1118/802 839/1151/833
f 839/1151/833 808/1118/802 840/1152/834
f 808/1118/802 810/1120/804 840/1152/834
f 840/1152/834 810/1120/804 841/1153/835
f 810/1120/804 812/1122/806 841/1153/835
f 841/1153/835 812/1122/806 842/1154/836
f 812/1122/806 814/1124/808 842/1154/836
f 842/1154/836 814/1124/808 843/1155/837
f 814/1124/808 816/1126/810 843/1155/837
f 843/1155/837 816/1126/810 844/1156/838
f 816/1126/810 818/1128/812 844/1156/838
f 844/1156/838 818/1128/812 845/1157/839
f 818/1128/812 820/1130/814 845/1157/839
f 845/1157/839 820/1130/814 846/1158/840
f 822/1134/816 847/1159/841 820/1133/814
f 820/1133/814 847/1159/841 846/1160/840
f 824/1136/818 848/1161/842 822/1134/816
f 822/1134/816 848/1161/842 847/1159/841
f 826/1138/820 849/1162/843 824/1136/818
f 824/1136/818 849/1162/843 848/1161/842
f 828/1140/822 850/1163/844 826/1138/820
f 826/1138/820 850/1163/844 849/1162/843
f 830/1142/824 851/1164/845 828/1140/822
f 828/1140/822 851/1164/845 850/1163/844
f 832/1144/826 852/1165/846 830/1142/824
f 830/1142/824 852/1165/846 851/1164/845
f 834/1146/828 853/1166/847 832/1144/826
f 832/1144/826 853/1166/847 852/1165/846
f 800/1110/794 836/1148/830 834/1146/828
f 834/1146/828 836/1148/830 853/1166/847
f 836/1148/830 835/1147/829 770/1080/764
f 770/1080/764 835/1147/829 772/1082/766
f 772/1082/766 835/1147/829 774/1084/768
f 774/1084/768 835/1147/829 837/1149/831
f 838/1150/832 776/1086/770 837/1149/831
f 837/1149/831 776/1086/770 774/1084/768
f 839/1151/833 778/1088/772 838/1150/832
f 838/1150/832 778/1088/772 776/1086/770
f 840/1152/834 780/1090/774 839/1151/833
f 839/1151/833 780/1090/774 778/1088/772
f 841/1153/835 782/1092/776 840/1152/834
f 840/1152/834 782/1092/776 780/1090/774
f 842/1154/836 784/1094/778 841/1153/835
f 841/1153/835 784/1094/778 782/1092/776
f 843/1155/837 786/1096/780 842/1154/836
f 842/1154/836 786/1096/780 784/1094/778
f 844/1156/838 788/1098/782 843/1155/837
f 843/1155/837 788/1098/782 786/1096/780
f 845/1157/839 790/1100/784 844/1156/838
f 844/1156/838 790/1100/784 788/1098/782
f 846/1158/840 854/1167/848 845/1157/839
f 845/1157/839 854/1167/848 790/1100/784
f 846/1160/840 847/1159/841 854/1168/848
f 854/1168/848 847/1159/841 758/1068/752
f 847/1159/841 848/1161/842 758/1068/752
f 758/1068/752 848/1161/842 757/1067/751
f 848/1161/842 849/1162/843 757/1067/751
f 757/1067/751 849/1162/843 760/1070/754
f 849/1162/843 850/1163/844 760/1070/754
f 760/1070/754 850/1163/844 762/1072/756
f 850/1163/844 851/1164/845 762/1072/756
f 762/1072/756 851/1164/845 764/1074/758
f 851/1164/845 852/1165/846 764/1074/758
f 764/1074/758 852/1165/846 766/1076/760
f 852/1165/846 853/1166/847 766/1076/760
f 766/1076/760 853/1166/847 768/1078/762
f 853/1166/847 836/1148/830 768/1078/762
f 768/1078/762 836/1148/830 770/1080/764
f 789/1169/783 792/1170/786 855/1171/849
f 855/1171/849 792/1170/786 791/1172/785
f 789/1099/783 790/1100/784 792/1173/786
f 792/1173/786 790/1100/784 794/1174/788
f 756/1175/750 855/1171/849 795/1176/789
f 795/1176/789 855/1171/849 791/1172/785
f 790/1177/784 854/1178/848 794/1179/788
f 794/1179/788 854/1178/848 793/1180/787
f 758/1181/752 796/1182/790 854/1183/848
f 854/1183/848 796/1182/790 793/1184/787
f 796/1185/790 758/1068/752 795/1186/789
f 795/1186/789 758/1068/752 756/1066/750
f 856/1187/850 857/1188/851 858/1189/852
f 858/1189/852 857/1188/851 859/1190/853
f 857/1188/851 860/1191/854 859/1190/853
f 859/1190/853 860/1191/854 861/1192/855
f 860/1191/854 862/1193/856 861/1192/855
f 861/1192/855 862/1193/856 863/1194/857
f 862/1193/856 864/1195/858 863/1194/857
f 863/1194/857 864/1195/858 865/1196/859
f 864/1195/858 866/1197/860 865/1196/859
f 865/1196/859 866/1197/860 867/1198/861
f 866/1197/860 868/1199/862 867/1198/861
f 867/1198/861 868/1199/862 869/1200/863
f 868/1199/862 870/1201/864 869/1200/863
f 869/1200/863 870/1201/864 871/1202/865
f 870/1201/864 872/1203/866 871/1202/865
f 871/1202/865 872/1203/866 873/1204/867
f 872/1203/866 874/1205/868 873/1204/867
f 873/1204/867 874/1205/868 875/1206/869
f 874/1205/868 876/1207/870 875/1206/869
f 875/1206/869 876/1207/870 877/1208/871
f 876/1207/870 878/1209/872 877/1208/871
f 877/1208/871 878/1209/872 879/1210/873
f 878/1209/872 880/1211/874 879/1210/873
f 879/1210/873 880/1211/874 881/1212/875
f 880/1211/874 882/1213/876 881/1212/875
f 881/1212/875 882/1213/876 883/1214/877
f 882/1213/876 884/1215/878 883/1214/877
f 883/1214/877 884/1215/878 885/1216/879
f 884/1215/878 886/1217/880 885/1216/879
f 885/1216/879 886/1217/880 887/1218/881
f 886/1217/880 888/1219/882 887/1218/881
f 887/1218/881 888/1219/882 889/1220/883
f 888/1219/882 890/1221/884 889/1220/883
f 889/1220/883 890/1221/884 891/1222/885
f 890/1221/884 892/1223/886 891/1222/885
f 891/1222/885 892/1223/886 893/1224/887
f 892/1223/886 894/1225/888 893/1224/887
f 893/1224/887 894/1225/888 895/1226/889
f 894/1225/888 856/1187/850 895/1226/889
f 895/1226/889 856/1187/850 858/1189/852
f 896/1227/890 897/1228/891 898/1229/892
f 898/1229/892 897/1228/891 899/1230/893
f 900/1231/894 896/1227/890 901/1232/895
f 901/1232/895 896/1227/890 898/1229/892
f 902/1233/896 900/1231/894 903/1234/897
f 903/1234/897 900/1231/894 901/1232/895
f 904/1235/898 902/1233/896 905/1236/899
f 905/1236/899 902/1233/896 903/1234/897
f 906/1237/900 904/1235/898 907/1238/901
f 907/1238/901 904/1235/898 905/1236/899
f 908/1239/902 906/1237/900 909/1240/903
f 909/1240/903 906/1237/900 907/1238/901
f 910/1241/904 908/1242/902 911/1243/905
f 911/1243/905 908/1242/902 909/1244/903
f 912/1245/906 910/1241/904 913/1246/907
f 913/1246/907 910/1241/904 911/1243/905
f 914/1247/908 912/1245/906 915/1248/909
f 915/1248/909 912/1245/906 913/1246/907
f 916/1249/910 914/1247/908 917/1250/911
f 917/1250/911 914/1247/908 915/1248/909
f 918/1251/912 916/1249/910 919/1252/913
f 919/1252/913 916/1249/910 917/1250/911
f 920/1253/914 918/1251/912 921/1254/915
f 921/1254/915 918/1251/912 919/1252/913
f 802/1112/796 797/1107/791 922/1255/916
f 922/1255/916 797/1107/791 923/1256/917
f 923/1256/917 797/1107/791 924/1257/918
f 924/1257/918 797/1107/791 799/1109/793
f 922/1255/916 925/1258/919 802/1112/796
f 802/1112/796 925/1258/919 803/1113/797
f 925/1258/919 926/1259/920 803/1113/797
f 803/1113/797 926/1259/920 805/1115/799
f 926/1259/920 927/1260/921 805/1115/799
f 805/1115/799 927/1260/921 807/1117/801
f 927/1260/921 928/1261/922 807/1117/801
f 807/1117/801 928/1261/922 809/1119/803
f 928/1261/922 929/1262/923 809/1119/803
f 809/1119/803 929/1262/923 811/1121/805
f 929/1262/923 930/1263/924 811/1121/805
f 811/1121/805 930/1263/924 813/1123/807
f 930/1263/924 931/1264/925 813/1123/807
f 813/1123/807 931/1264/925 815/1125/809
f 931/1264/925 932/1265/926 815/1125/809
f 815/1125/809 932/1265/926 817/1127/811
f 932/1265/926 933/1266/927 817/1127/811
f 817/1127/811 933/1266/927 819/1129/813
f 934/1267/928 821/1132/815 933/1268/927
f 933/1268/927 821/1132/815 819/1131/813
f 935/1269/929 823/1135/817 934/1267/928
f 934/1267/928 823/1135/817 821/1132/815
f 936/1270/930 825/1137/819 935/1269/929
f 935/1269/929 825/1137/819 823/1135/817
f 937/1271/931 827/1139/821 936/1270/930
f 936/1270/930 827/1139/821 825/1137/819
f 938/1272/932 829/1141/823 937/1271/931
f 937/1271/931 829/1141/823 827/1139/821
f 939/1273/933 831/1143/825 938/1272/932
f 938/1272/932 831/1143/825 829/1141/823
f 940/1274/934 833/1145/827 939/1273/933
f 939/1273/933 833/1145/827 831/1143/825
f 924/1257/918 799/1109/793 940/1274/934
f 940/1274/934 799/1109/793 833/1145/827
f 941/1275/935 942/1276/936 943/1277/937
f 943/1277/937 942/1276/936 944/1278/938
f 942/1276/936 941/1275/935 945/1279/939
f 945/1279/939 941/1275/935 946/1280/940
f 945/1279/939 946/1280/940 947/1281/941
f 947/1281/941 946/1280/940 948/1282/942
f 947/1281/941 948/1282/942 949/1283/943
f 949/1283/943 948/1282/942 950/1284/944
f 949/1283/943 950/1284/944 951/1285/945
f 951/1285/945 950/1284/944 952/1286/946
f 951/1285/945 952/1286/946 953/1287/947
f 953/1287/947 952/1286/946 954/1288/948
f 953/1287/947 954/1288/948 955/1289/949
f 955/1289/949 954/1288/948 956/1290/950
f 955/1289/949 956/1290/950 957/1291/951
f 957/1291/951 956/1290/950 958/1292/952
f 957/1291/951 958/1292/952 959/1293/953
f 959/1293/953 958/1292/952 960/1294/954
f 959/1293/953 960/1294/954 961/1295/955
f 961/1295/955 960/1294/954 962/1296/956
f 961/1295/955 962/1296/956 963/1297/957
f 963/1297/957 962/1296/956 964/1298/958
f 963/1299/957 964/1300/958 965/1301/959
f 965/1301/959 964/1300/958 966/1302/960
f 965/1301/959 966/1302/960 967/1303/961
f 967/1303/961 966/1302/960 968/1304/962
f 967/1303/961 968/1304/962 969/1305/963
f 969/1305/963 968/1304/962 970/1306/964
f 969/1305/963 970/1306/964 971/1307/965
f 971/1307/965 970/1306/964 972/1308/966
f 971/1307/965 972/1308/966 973/1309/967
f 973/1309/967 972/1308/966 974/1310/968
f 973/1309/967 974/1310/968 975/1311/969
f 975/1311/969 974/1310/968 976/1312/970
f 975/1311/969 976/1312/970 977/1313/971
f 977/1313/971 976/1312/970 978/1314/972
f 977/1313/971 978/1314/972 944/1278/938
f 944/1278/938 978/1314/972 943/1277/937
f 979/1315/973 980/1316/974 941/1275/935
f 941/1275/935 980/1316/974 946/1280/940
f 948/1282/942 946/1280/940 981/1317/975
f 981/1317/975 946/1280/940 980/1316/974
f 950/1284/944 948/1282/942 982/1318/976
f 982/1318/976 948/1282/942 981/1317/975
f 952/1286/946 950/1284/944 983/1319/977
f 983/1319/977 950/1284/944 982/1318/976
f 954/1288/948 952/1286/946 984/1320/978
f 984/1320/978 952/1286/946 983/1319/977
f 956/1290/950 954/1288/948 985/1321/979
f 985/1321/979 954/1288/948 984/1320/978
f 958/1292/952 956/1290/950 986/1322/980
f 986/1322/980 956/1290/950 985/1321/979
f 960/1294/954 958/1292/952 987/1323/981
f 987/1323/981 958/1292/952 986/1322/980
f 962/1296/956 960/1294/954 988/1324/982
f 988/1324/982 960/1294/954 987/1323/981
f 964/1298/958 962/1296/956 989/1325/983
f 989/1325/983 962/1296/956 988/1324/982
f 966/1302/960 964/1300/958 990/1326/984
f 990/1326/984 964/1300/958 989/1327/983
f 968/1304/962 966/1302/960 991/1328/985
f 991/1328/985 966/1302/960 990/1326/984
f 970/1306/964 968/1304/962 992/1329/986
f 992/1329/986 968/1304/962 991/1328/985
f 972/1308/966 970/1306/964 993/1330/987
f 993/1330/987 970/1306/964 992/1329/986
f 974/1310/968 972/1308/966 994/1331/988
f 994/1331/988 972/1308/966 993/1330/987
f 976/1312/970 974/1310/968 995/1332/989
f 995/1332/989 974/1310/968 994/1331/988
f 978/1314/972 976/1312/970 996/1333/990
f 996/1333/990 976/1312/970 995/1332/989
f 943/1277/937 978/1314/972 997/1334/991
f 997/1334/991 978/1314/972 996/1333/990
f 979/1315/973 941/1275/935 997/1334/991
f 997/1334/991 941/1275/935 943/1277/937
f 922/1335/916 923/1336/917 998/1337/992
f 998/1337/992 923/1336/917 999/1338/993
f 1000/1339/994 942/1340/936 1001/1341/995
f 1001/1341/995 942/1340/936 945/1342/939
f 925/1343/919 922/1335/916 1002/1344/996
f 1002/1344/996 922/1335/916 998/1337/992
f 945/1342/939 947/1345/941 1001/1341/995
f 1001/1341/995 947/1345/941 1003/1346/997
f 926/1347/920 925/1343/919 1004/1348/998
f 1004/1348/998 925/1343/919 1002/1344/996
f 947/1345/941 949/1349/943 1003/1346/997
f 1003/1346/997 949/1349/943 1005/1350/999
f 927/1351/921 926/1347/920 1006/1352/1000
f 1006/1352/1000 926/1347/920 1004/1348/998
f 949/1349/943 951/1353/945 1005/1350/999
f 1005/1350/999 951/1353/945 1007/1354/1001
f 928/1355/922 927/1351/921 897/1356/891
f 897/1356/891 927/1351/921 1006/1352/1000
f 951/1353/945 953/1357/947 1007/1354/1001
f 1007/1354/1001 953/1357/947 899/1358/893
f 929/1359/923 928/1355/922 896/1360/890
f 896/1360/890 928/1355/922 897/1356/891
f 953/1357/947 955/1361/949 899/1358/893
f 899/1358/893 955/1361/949 898/1362/892
f 930/1363/924 929/1359/923 900/1364/894
f 900/1364/894 929/1359/923 896/1360/890
f 955/1361/949 957/1365/951 898/1362/892
f 898/1362/892 957/1365/951 901/1366/895
f 931/1367/925 930/1363/924 902/1368/896
f 902/1368/896 930/1363/924 900/1364/894
f 957/1365/951 959/1369/953 901/1366/895
f 901/1366/895 959/1369/953 903/1370/897
f 932/1371/926 931/1367/925 904/1372/898
f 904/1372/898 931/1367/925 902/1368/896
f 959/1369/953 961/1373/955 903/1370/897
f 903/1370/897 961/1373/955 905/1374/899
f 933/1375/927 932/1371/926 906/1376/900
f 906/1376/900 932/1371/926 904/1372/898
f 961/1373/955 963/1377/957 905/1374/899
f 905/1374/899 963/1377/957 907/1378/901
f 934/1379/928 933/1375/927 908/1380/902
f 908/1380/902 933/1375/927 906/1376/900
f 963/1381/957 965/1382/959 907/1383/901
f 907/1383/901 965/1382/959 909/1384/903
f 935/1385/929 934/1379/928 910/1386/904
f 910/1386/904 934/1379/928 908/1380/902
f 965/1382/959 967/1387/961 909/1384/903
f 909/1384/903 967/1387/961 911/1388/905
f 936/1389/930 935/1385/929 912/1390/906
f 912/1390/906 935/1385/929 910/1386/904
f 967/1387/961 969/1391/963 911/1388/905
f 911/1388/905 969/1391/963 913/1392/907
f 937/1393/931 936/1389/930 914/1394/908
f 914/1394/908 936/1389/930 912/1390/906
f 969/1391/963 971/1395/965 913/1392/907
f 913/1392/907 971/1395/965 915/1396/909
f 938/1397/932 937/1393/931 916/1398/910
f 916/1398/910 937/1393/931 914/1394/908
f 971/1395/965 973/1399/967 915/1396/909
f 915/1396/909 973/1399/967 917/1400/911
f 939/1401/933 938/1397/932 918/1402/912
f 918/1402/912 938/1397/932 916/1398/910
f 973/1399/967 975/1403/969 917/1400/911
f 917/1400/911 975/1403/969 919/1404/913
f 940/1405/934 939/1401/933 920/1406/914
f 920/1406/914 939/1401/933 918/1402/912
f 975/1403/969 977/1407/971 919/1404/913
f 919/1404/913 977/1407/971 921/1408/915
f 924/1409/918 940/1405/934 1008/1410/1002
f 1008/1410/1002 940/1405/934 920/1406/914
f 977/1407/971 944/1411/938 921/1408/915
f 921/1408/915 944/1411/938 1009/1412/1003
f 923/1336/917 924/1409/918 999/1338/993
f 999/1338/993 924/1409/918 1008/1410/1002
f 944/1411/938 942/1340/936 1009/1412/1003
f 1009/1412/1003 942/1340/936 1000/1339/994
f 1010/1413/1004 1011/1414/1005 1012/1415/1006
f 1012/1415/1006 1011/1414/1005 1013/1416/1007
f 1011/1414/1005 1010/1413/1004 1014/1417/1008
f 1014/1417/1008 1010/1413/1004 1015/1418/1009
f 1016/1419/1010 1017/1420/1011 1018/1421/1012
f 1018/1421/1012 1017/1420/1011 1019/1422/1013
f 1017/1420/1011 1016/1419/1010 1020/1423/1014
f 1020/1423/1014 1016/1419/1010 1021/1424/1015
f 1015/1418/1009 1022/1425/1016 1014/1417/1008
f 1014/1417/1008 1022/1425/1016 1023/1426/1017
f 1020/1423/1014 1021/1424/1015 1024/1427/1018
f 1024/1427/1018 1021/1424/1015 1025/1428/1019
f 1022/1425/1016 1026/1429/1020 1023/1426/1017
f 1023/1426/1017 1026/1429/1020 1027/1430/1021
f 1024/1427/1018 1025/1428/1019 1028/1431/1022
f 1028/1431/1022 1025/1428/1019 1029/1432/1023
f 1026/1429/1020 1030/1433/1024 1027/1430/1021
f 1027/1430/1021 1030/1433/1024 1031/1434/1025
f 1028/1431/1022 1029/1432/1023 1032/1435/1026
f 1032/1435/1026 1029/1432/1023 1033/1436/1027
f 1030/1433/1024 1034/1437/1028 1031/1434/1025
f 1031/1434/1025 1034/1437/1028 1035/1438/1029
f 1032/1435/1026 1033/1436/1027 1036/1439/1030
f 1036/1439/1030 1033/1436/1027 1037/1440/1031
f 1035/1438/1029 1034/1437/1028 1037/1440/1031
f 1037/1440/1031 1034/1437/1028 1036/1439/1030
f 1038/1441/1032 1039/1442/1033 1040/1443/1034
f 1040/1443/1034 1039/1442/1033 1041/1444/1035
f 1038/1441/1032 1040/1443/1034 1013/1416/1007
f 1013/1416/1007 1040/1443/1034 1012/1415/1006
f 1039/1442/1033 1018/1421/1012 1041/1444/1035
f 1041/1444/1035 1018/1421/1012 1019/1422/1013
f 1015/1418/1009 1010/1413/1004 1020/1423/1014
f 1020/1423/1014 1010/1413/1004 1017/1420/1011
f 1022/1425/1016 1015/1418/1009 1024/1427/1018
f 1024/1427/1018 1015/1418/1009 1020/1423/1014
f 1026/1429/1020 1022/1425/1016 1028/1431/1022
f 1028/1431/1022 1022/1425/1016 1024/1427/1018
f 1030/1433/1024 1026/1429/1020 1032/1435/1026
f 1032/1435/1026 1026/1429/1020 1028/1431/1022
f 1030/1433/1024 1032/1435/1026 1034/1437/1028
f 1034/1437/1028 1032/1435/1026 1036/1439/1030
f 1012/1415/1006 1040/1443/1034 1019/1422/1013
f 1019/1422/1013 1040/1443/1034 1041/1444/1035
f 1010/1413/1004 1012/1415/1006 1017/1420/1011
f 1017/1420/1011 1012/1415/1006 1019/1422/1013
f 998/1337/992 999/1338/993 1014/1445/1008
f 1014/1445/1008 999/1338/993 1011/1446/1005
f 1021/1447/1015 1016/1448/1010 1001/1341/995
f 1001/1341/995 1016/1448/1010 1000/1339/994
f 1002/1344/996 998/1337/992 1023/1449/1017
f 1023/1449/1017 998/1337/992 1014/1445/1008
f 1003/1346/997 1025/1450/1019 1001/1341/995
f 1001/1341/995 1025/1450/1019 1021/1447/1015
f 1004/1348/998 1002/1344/996 1027/1451/1021
f 1027/1451/1021 1002/1344/996 1023/1449/1017
f 1005/1350/999 1029/1452/1023 1003/1346/997
f 1003/1346/997 1029/1452/1023 1025/1450/1019
f 1006/1352/1000 1004/1348/998 1031/1453/1025
f 1031/1453/1025 1004/1348/998 1027/1451/1021
f 1007/1354/1001 1033/1454/1027 1005/1350/999
f 1005/1350/999 1033/1454/1027 1029/1452/1023
f 897/1356/891 1006/1352/1000 1035/1455/1029
f 1035/1455/1029 1006/1352/1000 1031/1453/1025
f 899/1358/893 1037/1456/1031 1007/1354/1001
f 1007/1354/1001 1037/1456/1031 1033/1454/1027
f 899/1230/893 897/1228/891 1037/1440/1031
f 1037/1440/1031 897/1228/891 1035/1438/1029
f 920/1406/914 1038/1457/1032 1008/1410/1002
f 1008/1410/1002 1038/1457/1032 1013/1458/1007
f 920/1253/914 921/1254/915 1038/1441/1032
f 1038/1441/1032 921/1254/915 1039/1442/1033
f 921/1408/915 1009/1412/1003 1039/1459/1033
f 1039/1459/1033 1009/1412/1003 1018/1460/1012
f 1008/1410/1002 1013/1458/1007 999/1338/993
f 999/1338/993 1013/1458/1007 1011/1446/1005
f 1009/1412/1003 1000/1339/994 1018/1460/1012
f 1018/1460/1012 1000/1339/994 1016/1448/1010
f 771/1461/765 773/1462/767 1042/1463/1036
f 855/1171/849 756/1175/750 1042/1463/1036
f 1042/1463/1036 756/1175/750 755/1464/749
f 1042/1463/1036 755/1464/749 759/1465/753
f 1042/1463/1036 759/1465/753 761/1466/755
f 1042/1463/1036 761/1466/755 763/1467/757
f 1042/1463/1036 763/1467/757 765/1468/759
f 1042/1463/1036 765/1468/759 767/1469/761
f 1042/1463/1036 767/1469/761 769/1470/763
f 1042/1463/1036 769/1470/763 771/1461/765
f 775/1471/769 1042/1463/1036 773/1462/767
f 777/1472/771 1042/1463/1036 775/1471/769
f 779/1473/773 1042/1463/1036 777/1472/771
f 781/1474/775 1042/1463/1036 779/1473/773
f 783/1475/777 1042/1463/1036 781/1474/775
f 785/1476/779 1042/1463/1036 783/1475/777
f 787/1477/781 1042/1463/1036 785/1476/779
f 789/1169/783 1042/1463/1036 787/1477/781
f 855/1171/849 1042/1463/1036 789/1169/783
f 859/1190/853 1043/1478/1037 858/1189/852
f 858/1189/852 1043/1478/1037 1044/1479/1038
f 858/1189/852 1044/1479/1038 895/1226/889
f 895/1226/889 1044/1479/1038 1045/1480/1039
f 895/1226/889 1045/1480/1039 893/1224/887
f 893/1224/887 1045/1480/1039 1046/1481/1040
f 861/1192/855 1047/1482/1041 859/1190/853
f 859/1190/853 1047/1482/1041 1043/1478/1037
f 863/1194/857 1048/1483/1042 861/1192/855
f 861/1192/855 1048/1483/1042 1047/1482/1041
f 863/1194/857 865/1196/859 1048/1483/1042
f 1048/1483/1042 865/1196/859 1049/1484/1043
f 865/1196/859 867/1198/861 1049/1484/1043
f 1049/1484/1043 867/1198/861 1050/1485/1044
f 867/1198/861 869/1200/863 1050/1485/1044
f 1050/1485/1044 869/1200/863 1051/1486/1045
f 869/1200/863 871/1202/865 1051/1486/1045
f 1051/1486/1045 871/1202/865 1052/1487/1046
f 871/1202/865 873/1204/867 1052/1487/1046
f 1052/1487/1046 873/1204/867 1053/1488/1047
f 873/1204/867 875/1206/869 1053/1488/1047
f 1053/1488/1047 875/1206/869 1054/1489/1048
f 875/1206/869 877/1208/871 1054/1489/1048
f 1054/1489/1048 877/1208/871 1055/1490/1049
f 877/1208/871 879/1210/873 1055/1490/1049
f 1055/1490/1049 879/1210/873 1056/1491/1050
f 879/1210/873 881/1212/875 1056/1491/1050
f 1056/1491/1050 881/1212/875 1057/1492/1051
f 881/1212/875 883/1214/877 1057/1492/1051
f 1057/1492/1051 883/1214/877 1058/1493/1052
f 885/1216/879 1059/1494/1053 883/1214/877
f 883/1214/877 1059/1494/1053 1058/1493/1052
f 887/1218/881 1060/1495/1054 885/1216/879
f 885/1216/879 1060/1495/1054 1059/1494/1053
f 889/1220/883 1061/1496/1055 887/1218/881
f 887/1218/881 1061/1496/1055 1060/1495/1054
f 891/1222/885 1062/1497/1056 889/1220/883
f 889/1220/883 1062/1497/1056 1061/1496/1055
f 893/1224/887 1046/1481/1040 891/1222/885
f 891/1222/885 1046/1481/1040 1062/1497/1056
f 1057/1492/1051 1063/1498/225 1056/1491/1050
f 1043/1478/1037 1047/1482/1041 1063/1498/225
f 1063/1498/225 1047/1482/1041 1048/1483/1042
f 1063/1498/225 1048/1483/1042 1049/1484/1043
f 1063/1498/225 1049/1484/1043 1050/1485/1044
f 1063/1498/225 1050/1485/1044 1051/1486/1045
f 1063/1498/225 1051/1486/1045 1052/1487/1046
f 1063/1498/225 1052/1487/1046 1053/1488/1047
f 1063/1498/225 1053/1488/1047 1054/1489/1048
f 1063/1498/225 1054/1489/1048 1055/1490/1049
f 1063/1498/225 1055/1490/1049 1056/1491/1050
f 1058/1493/1052 1063/1498/225 1057/1492/1051
f 1059/1494/1053 1063/1498/225 1058/1493/1052
f 1060/1495/1054 1063/1498/225 1059/1494/1053
f 1061/1496/1055 1063/1498/225 1060/1495/1054
f 1062/1497/1056 1063/1498/225 1061/1496/1055
f 1046/1481/1040 1063/1498/225 1062/1497/1056
f 1045/1480/1039 1063/1498/225 1046/1481/1040
f 1044/1479/1038 1063/1498/225 1045/1480/1039
f 1043/1478/1037 1063/1498/225 1044/1479/1038
f 1064/1499/1057 1065/1500/1058 1066/1501/1059
f 1066/1501/1059 1065/1500/1058 1067/1502/1060
f 1065/1500/1058 1068/1503/1061 1067/1502/1060
f 1067/1502/1060 1068/1503/1061 1069/1504/1062
f 1067/1502/1060 1069/1504/1062 1070/1505/1063
f 1070/1505/1063 1069/1504/1062 1071/1506/1064
f 1066/1501/1059 1067/1502/1060 1072/1507/1065
f 1072/1507/1065 1067/1502/1060 1070/1505/1063
f 1073/1508/1066 1074/1509/1067 1075/1510/1068
f 1075/1510/1068 1074/1509/1067 1076/1511/1069
f 1073/1512/1066 1077/1513/1070 1074/1514/1067
f 1074/1514/1067 1077/1513/1070 1078/1515/1071
f 1074/1514/1067 1078/1515/1071 1079/1516/1072
f 1079/1516/1072 1078/1515/1071 1080/1517/1073
f 1074/1509/1067 1079/1518/1072 1076/1511/1069
f 1076/1511/1069 1079/1518/1072 1081/1519/1074
f 1082/1520/1075 1083/1521/1076 1084/1522/1077
f 1084/1522/1077 1083/1521/1076 1085/1523/1078
f 1083/1521/1076 1086/1524/1079 1085/1523/1078
f 1085/1523/1078 1086/1524/1079 1087/1525/1080
f 1087/1525/1080 1088/1526/1081 1085/1523/1078
f 1085/1523/1078 1088/1526/1081 1089/1527/1082
f 1084/1522/1077 1085/1523/1078 1090/1528/1083
f 1090/1528/1083 1085/1523/1078 1089/1527/1082
f 1088/1526/1081 1087/1525/1080 1091/1529/1084
f 1091/1529/1084 1087/1525/1080 1092/1530/1085
f 1093/1531/1086 1092/1530/1085 1086/1524/1079
f 1086/1524/1079 1092/1530/1085 1087/1525/1080
f 1091/1529/1084 1092/1530/1085 1094/1532/1087
f 1094/1532/1087 1092/1530/1085 1093/1531/1086
f 1095/1533/1088 1096/1534/1089 1097/1535/1090
f 1097/1535/1090 1096/1534/1089 1098/1536/1091
f 1084/1537/1077 1096/1534/1089 1082/1538/1075
f 1082/1538/1075 1096/1534/1089 1095/1533/1088
f 1090/1528/1083 1098/1536/1091 1084/1537/1077
f 1084/1537/1077 1098/1536/1091 1096/1534/1089
f 1099/1539/1092 1100/1540/1093 1072/1507/1065
f 1072/1507/1065 1100/1540/1093 1066/1501/1059
f 1101/1541/1094 1100/1540/1093 1102/1542/1095
f 1102/1542/1095 1100/1540/1093 1099/1539/1092
f 1064/1499/1057 1066/1501/1059 1101/1541/1094
f 1101/1541/1094 1066/1501/1059 1100/1540/1093
f 1103/1543/1096 1104/1544/1097 1105/1545/1098
f 1105/1545/1098 1104/1544/1097 1106/1546/1099
f 1107/1547/1100 1108/1548/1101 1104/1549/1097
f 1104/1549/1097 1108/1548/1101 1106/1550/1099
f 1108/1548/1101 1109/1551/1102 1106/1550/1099
f 1106/1550/1099 1109/1551/1102 1110/1552/1103
f 1106/1546/1099 1110/1553/1103 1105/1545/1098
f 1105/1545/1098 1110/1553/1103 1111/1554/1104
f 1068/1503/1061 1112/1555/1105 1069/1556/1062
f 1069/1556/1062 1112/1555/1105 1113/1557/1106
f 1114/1558/1107 1113/1557/1106 1115/1559/1108
f 1115/1559/1108 1113/1557/1106 1112/1555/1105
f 1069/1556/1062 1113/1557/1106 1071/1560/1064
f 1071/1560/1064 1113/1557/1106 1114/1558/1107
f 1102/1542/1095 1116/1561/1109 1101/1541/1094
f 1101/1541/1094 1116/1561/1109 1117/1562/1110
f 1101/1541/1094 1117/1562/1110 1064/1499/1057
f 1064/1499/1057 1117/1562/1110 1118/1563/1111
f 1119/1564/1112 1120/1565/1113 1065/1500/1058
f 1065/1500/1058 1120/1565/1113 1068/1503/1061
f 1119/1566/1112 1065/1500/1058 1118/1563/1111
f 1118/1563/1111 1065/1500/1058 1064/1499/1057
f 1121/1567/1114 1122/1568/1115 1112/1555/1105
f 1112/1555/1105 1122/1568/1115 1115/1559/1108
f 1120/1565/1113 1121/1567/1114 1068/1503/1061
f 1068/1503/1061 1121/1567/1114 1112/1555/1105
f 1110/1553/1103 1123/1569/1116 1111/1554/1104
f 1111/1554/1104 1123/1569/1116 1124/1570/1117
f 1109/1551/1102 1125/1571/1118 1110/1552/1103
f 1110/1552/1103 1125/1571/1118 1123/1572/1116
f 1126/1573/1119 1127/1574/1120 1116/1561/1109
f 1116/1561/1109 1127/1574/1120 1117/1562/1110
f 1097/1535/1090 1098/1536/1091 1126/1573/1119
f 1126/1573/1119 1098/1536/1091 1127/1574/1120
f 1098/1536/1091 1090/1528/1083 1127/1574/1120
f 1127/1574/1120 1090/1528/1083 1128/1575/1121
f 1127/1574/1120 1128/1575/1121 1117/1562/1110
f 1117/1562/1110 1128/1575/1121 1118/1563/1111
f 1123/1569/1116 1129/1576/1122 1124/1570/1117
f 1124/1570/1117 1129/1576/1122 1130/1577/1123
f 1131/1578/1124 1129/1579/1122 1125/1571/1118
f 1125/1571/1118 1129/1579/1122 1123/1572/1116
f 1129/1579/1122 1131/1578/1124 1073/1512/1066
f 1073/1512/1066 1131/1578/1124 1077/1513/1070
f 1129/1576/1122 1073/1508/1066 1130/1577/1123
f 1130/1577/1123 1073/1508/1066 1075/1510/1068
f 1091/1529/1084 1132/1580/1125 1088/1526/1081
f 1088/1526/1081 1132/1580/1125 1133/1581/1126
f 1094/1532/1087 1134/1582/1127 1091/1529/1084
f 1091/1529/1084 1134/1582/1127 1132/1580/1125
f 1132/1580/1125 1134/1582/1127 1121/1567/1114
f 1121/1567/1114 1134/1582/1127 1122/1568/1115
f 1133/1581/1126 1132/1580/1125 1120/1565/1113
f 1120/1565/1113 1132/1580/1125 1121/1567/1114
f 1090/1528/1083 1089/1527/1082 1128/1575/1121
f 1128/1575/1121 1089/1527/1082 1135/1583/1128
f 1088/1526/1081 1133/1581/1126 1089/1527/1082
f 1089/1527/1082 1133/1581/1126 1135/1584/1128
f 1135/1584/1128 1133/1581/1126 1119/1564/1112
f 1119/1564/1112 1133/1581/1126 1120/1565/1113
f 1128/1575/1121 1135/1583/1128 1118/1563/1111
f 1118/1563/1111 1135/1583/1128 1119/1566/1112
f 1136/1585/1129 1137/1586/1130 1111/1554/1104
f 1111/1554/1104 1137/1586/1130 1105/1545/1098
f 1102/1542/1095 1099/1539/1092 1136/1585/1129
f 1136/1585/1129 1099/1539/1092 1137/1586/1130
f 1137/1586/1130 1099/1539/1092 1138/1587/1131
f 1138/1587/1131 1099/1539/1092 1072/1507/1065
f 1105/1545/1098 1137/1586/1130 1103/1543/1096
f 1103/1543/1096 1137/1586/1130 1138/1587/1131
f 1116/1561/1109 1102/1542/1095 1139/1588/1132
f 1139/1588/1132 1102/1542/1095 1136/1585/1129
f 1139/1588/1132 1136/1585/1129 1124/1570/1117
f 1124/1570/1117 1136/1585/1129 1111/1554/1104
f 1140/1589/1133 1141/1590/1134 1075/1510/1068
f 1075/1510/1068 1141/1590/1134 1130/1577/1123
f 1097/1535/1090 1126/1573/1119 1140/1589/1133
f 1140/1589/1133 1126/1573/1119 1141/1590/1134
f 1139/1588/1132 1141/1590/1134 1116/1561/1109
f 1116/1561/1109 1141/1590/1134 1126/1573/1119
f 1124/1570/1117 1130/1577/1123 1139/1588/1132
f 1139/1588/1132 1130/1577/1123 1141/1590/1134
f 1142/1591/1135 1143/1592/1136 1081/1519/1074
f 1081/1519/1074 1143/1592/1136 1076/1511/1069
f 1082/1538/1075 1095/1533/1088 1142/1591/1135
f 1142/1591/1135 1095/1533/1088 1143/1592/1136
f 1095/1533/1088 1097/1535/1090 1143/1592/1136
f 1143/1592/1136 1097/1535/1090 1140/1589/1133
f 1143/1592/1136 1140/1589/1133 1076/1511/1069
f 1076/1511/1069 1140/1589/1133 1075/1510/1068
f 1079/1516/1072 1144/1593/1137 1081/1594/1074
f 1081/1594/1074 1144/1593/1137 1142/1595/1135
f 1080/1517/1073 1145/1596/1138 1079/1516/1072
f 1079/1516/1072 1145/1596/1138 1144/1593/1137
f 1145/1596/1138 1086/1524/1079 1144/1593/1137
f 1144/1593/1137 1086/1524/1079 1083/1521/1076
f 1144/1593/1137 1083/1521/1076 1142/1595/1135
f 1142/1595/1135 1083/1521/1076 1082/1520/1075
f 1093/1531/1086 1146/1597/1139 1094/1532/1087
f 1094/1532/1087 1146/1597/1139 1147/1598/1140
f 1086/1524/1079 1145/1596/1138 1093/1531/1086
f 1093/1531/1086 1145/1596/1138 1146/1597/1139
f 1145/1596/1138 1080/1517/1073 1146/1597/1139
f 1146/1597/1139 1080/1517/1073 1078/1515/1071
f 1146/1597/1139 1078/1515/1071 1147/1598/1140
f 1147/1598/1140 1078/1515/1071 1077/1513/1070
f 1134/1582/1127 1148/1599/1141 1122/1568/1115
f 1122/1568/1115 1148/1599/1141 1149/1600/1142
f 1094/1532/1087 1147/1598/1140 1134/1582/1127
f 1134/1582/1127 1147/1598/1140 1148/1599/1141
f 1147/1598/1140 1077/1513/1070 1148/1599/1141
f 1148/1599/1141 1077/1513/1070 1131/1578/1124
f 1148/1599/1141 1131/1578/1124 1149/1600/1142
f 1149/1600/1142 1131/1578/1124 1125/1571/1118
f 1115/1559/1108 1122/1568/1115 1150/1601/1143
f 1150/1601/1143 1122/1568/1115 1149/1600/1142
f 1150/1601/1143 1149/1600/1142 1109/1551/1102
f 1109/1551/1102 1149/1600/1142 1125/1571/1118
f 1071/1560/1064 1114/1558/1107 1151/1602/1144
f 1151/1602/1144 1114/1558/1107 1152/1603/1145
f 1114/1558/1107 1115/1559/1108 1152/1603/1145
f 1152/1603/1145 1115/1559/1108 1150/1601/1143
f 1152/1603/1145 1150/1601/1143 1108/1548/1101
f 1108/1548/1101 1150/1601/1143 1109/1551/1102
f 1151/1602/1144 1152/1603/1145 1107/1547/1100
f 1107/1547/1100 1152/1603/1145 1108/1548/1101
f 1070/1505/1063 1153/1604/1146 1072/1507/1065
f 1072/1507/1065 1153/1604/1146 1138/1587/1131
f 1071/1506/1064 1151/1605/1144 1070/1505/1063
f 1070/1505/1063 1151/1605/1144 1153/1604/1146
f 1151/1605/1144 1107/1606/1100 1153/1604/1146
f 1153/1604/1146 1107/1606/1100 1104/1544/1097
f 1138/1587/1131 1153/1604/1146 1103/1543/1096
f 1103/1543/1096 1153/1604/1146 1104/1544/1097
f 1154/1607/1147 1155/1608/1148 1156/1609/1149
f 1156/1609/1149 1155/1608/1148 1157/1610/1150
f 1155/1608/1148 1158/1611/1151 1157/1610/1150
f 1157/1610/1150 1158/1611/1151 1159/1612/1152
f 1157/1610/1150 1159/1612/1152 1160/1613/1153
f 1160/1613/1153 1159/1612/1152 1161/1614/1154
f 1156/1609/1149 1157/1610/1150 1162/1615/1155
f 1162/1615/1155 1157/1610/1150 1160/1613/1153
f 1163/1616/1156 1164/1617/1157 1165/1618/1158
f 1165/1618/1158 1164/1617/1157 1166/1619/1159
f 1163/1620/1156 1167/1621/1160 1164/1622/1157
f 1164/1622/1157 1167/1621/1160 1168/1623/1161
f 1164/1622/1157 1168/1623/1161 1169/1624/1162
f 1169/1624/1162 1168/1623/1161 1170/1625/1163
f 1164/1617/1157 1169/1624/1162 1166/1619/1159
f 1166/1619/1159 1169/1624/1162 1171/1626/1164
f 1172/1627/1165 1173/1628/1166 1174/1629/1167
f 1174/1629/1167 1173/1628/1166 1175/1630/1168
f 1173/1628/1166 1176/1631/1169 1175/1630/1168
f 1175/1630/1168 1176/1631/1169 1177/1632/1170
f 1177/1632/1170 1178/1633/1171 1175/1630/1168
f 1175/1630/1168 1178/1633/1171 1179/1634/1172
f 1174/1629/1167 1175/1630/1168 1180/1635/1173
f 1180/1635/1173 1175/1630/1168 1179/1634/1172
f 1178/1633/1171 1177/1632/1170 1181/1636/1174
f 1181/1636/1174 1177/1632/1170 1182/1637/1175
f 1183/1638/1176 1182/1637/1175 1176/1631/1169
f 1176/1631/1169 1182/1637/1175 1177/1632/1170
f 1181/1636/1174 1182/1637/1175 1184/1639/1177
f 1184/1639/1177 1182/1637/1175 1183/1638/1176
f 1185/1640/1178 1186/1641/1179 1187/1642/1180
f 1187/1642/1180 1186/1641/1179 1188/1643/1181
f 1174/1644/1167 1186/1641/1179 1172/1645/1165
f 1172/1645/1165 1186/1641/1179 1185/1640/1178
f 1180/1646/1173 1188/1643/1181 1174/1644/1167
f 1174/1644/1167 1188/1643/1181 1186/1641/1179
f 1189/1647/1182 1190/1648/1183 1162/1615/1155
f 1162/1615/1155 1190/1648/1183 1156/1609/1149
f 1191/1649/1184 1190/1648/1183 1192/1650/1185
f 1192/1650/1185 1190/1648/1183 1189/1647/1182
f 1154/1607/1147 1156/1609/1149 1191/1649/1184
f 1191/1649/1184 1156/1609/1149 1190/1648/1183
f 1193/1651/1186 1194/1652/1187 1195/1653/1188
f 1195/1653/1188 1194/1652/1187 1196/1654/1189
f 1197/1655/1190 1198/1656/1191 1194/1652/1187
f 1194/1652/1187 1198/1656/1191 1196/1657/1189
f 1198/1656/1191 1199/1658/1192 1196/1657/1189
f 1196/1657/1189 1199/1658/1192 1200/1659/1193
f 1196/1654/1189 1200/1660/1193 1195/1653/1188
f 1195/1653/1188 1200/1660/1193 1201/1661/1194
f 1158/1662/1151 1202/1663/1195 1159/1664/1152
f 1159/1664/1152 1202/1663/1195 1203/1665/1196
f 1204/1666/1197 1203/1665/1196 1205/1667/1198
f 1205/1667/1198 1203/1665/1196 1202/1663/1195
f 1159/1664/1152 1203/1665/1196 1161/1668/1154
f 1161/1668/1154 1203/1665/1196 1204/1666/1197
f 1192/1650/1185 1206/1669/1199 1191/1649/1184
f 1191/1649/1184 1206/1669/1199 1207/1670/1200
f 1208/1671/1201 1209/1672/1202 1206/1669/1199
f 1206/1669/1199 1209/1672/1202 1207/1670/1200
f 1209/1672/1202 1210/1673/1203 1207/1670/1200
f 1207/1670/1200 1210/1673/1203 1211/1674/1204
f 1191/1649/1184 1207/1670/1200 1154/1607/1147
f 1154/1607/1147 1207/1670/1200 1211/1674/1204
f 1210/1673/1203 1212/1675/1205 1211/1674/1204
f 1211/1674/1204 1212/1675/1205 1213/1676/1206
f 1212/1677/1205 1214/1678/1207 1213/1679/1206
f 1213/1679/1206 1214/1678/1207 1215/1680/1208
f 1213/1679/1206 1215/1680/1208 1155/1681/1148
f 1155/1681/1148 1215/1680/1208 1158/1662/1151
f 1213/1676/1206 1155/1608/1148 1211/1674/1204
f 1211/1674/1204 1155/1608/1148 1154/1607/1147
f 1214/1678/1207 1216/1682/1209 1215/1680/1208
f 1215/1680/1208 1216/1682/1209 1217/1683/1210
f 1216/1682/1209 1218/1684/1211 1217/1683/1210
f 1217/1683/1210 1218/1684/1211 1219/1685/1212
f 1217/1683/1210 1219/1685/1212 1202/1663/1195
f 1202/1663/1195 1219/1685/1212 1205/1667/1198
f 1215/1680/1208 1217/1683/1210 1158/1662/1151
f 1158/1662/1151 1217/1683/1210 1202/1663/1195
f 1200/1660/1193 1220/1686/1213 1201/1661/1194
f 1201/1661/1194 1220/1686/1213 1221/1687/1214
f 1199/1658/1192 1222/1688/1215 1200/1659/1193
f 1200/1659/1193 1222/1688/1215 1220/1689/1213
f 1222/1688/1215 1223/1690/1216 1220/1689/1213
f 1220/1689/1213 1223/1690/1216 1224/1691/1217
f 1220/1686/1213 1224/1692/1217 1221/1687/1214
f 1221/1687/1214 1224/1692/1217 1225/1693/1218
f 1226/1694/1219 1227/1695/1220 1208/1671/1201
f 1208/1671/1201 1227/1695/1220 1209/1672/1202
f 1187/1642/1180 1188/1643/1181 1226/1694/1219
f 1226/1694/1219 1188/1643/1181 1227/1695/1220
f 1188/1643/1181 1180/1646/1173 1227/1695/1220
f 1227/1695/1220 1180/1646/1173 1228/1696/1221
f 1227/1695/1220 1228/1696/1221 1209/1672/1202
f 1209/1672/1202 1228/1696/1221 1210/1673/1203
f 1224/1692/1217 1229/1697/1222 1225/1693/1218
f 1225/1693/1218 1229/1697/1222 1230/1698/1223
f 1224/1691/1217 1223/1690/1216 1229/1699/1222
f 1229/1699/1222 1223/1690/1216 1231/1700/1224
f 1229/1699/1222 1231/1700/1224 1163/1620/1156
f 1163/1620/1156 1231/1700/1224 1167/1621/1160
f 1229/1697/1222 1163/1616/1156 1230/1698/1223
f 1230/1698/1223 1163/1616/1156 1165/1618/1158
f 1181/1636/1174 1232/1701/1225 1178/1633/1171
f 1178/1633/1171 1232/1701/1225 1233/1702/1226
f 1184/1639/1177 1234/1703/1227 1181/1636/1174
f 1181/1636/1174 1234/1703/1227 1232/1701/1225
f 1232/1701/1225 1234/1703/1227 1216/1682/1209
f 1216/1682/1209 1234/1703/1227 1218/1684/1211
f 1233/1702/1226 1232/1701/1225 1214/1678/1207
f 1214/1678/1207 1232/1701/1225 1216/1682/1209
f 1180/1646/1173 1179/1704/1172 1228/1696/1221
f 1228/1696/1221 1179/1704/1172 1235/1705/1228
f 1178/1633/1171 1233/1702/1226 1179/1634/1172
f 1179/1634/1172 1233/1702/1226 1235/1706/1228
f 1235/1706/1228 1233/1702/1226 1212/1677/1205
f 1212/1677/1205 1233/1702/1226 1214/1678/1207
f 1228/1696/1221 1235/1705/1228 1210/1673/1203
f 1210/1673/1203 1235/1705/1228 1212/1675/1205
f 1236/1707/1229 1237/1708/1230 1201/1661/1194
f 1201/1661/1194 1237/1708/1230 1195/1653/1188
f 1192/1650/1185 1189/1647/1182 1236/1707/1229
f 1236/1707/1229 1189/1647/1182 1237/1708/1230
f 1237/1708/1230 1189/1647/1182 1238/1709/1231
f 1238/1709/1231 1189/1647/1182 1162/1615/1155
f 1195/1653/1188 1237/1708/1230 1193/1651/1186
f 1193/1651/1186 1237/1708/1230 1238/1709/1231
f 1239/1710/1232 1240/1711/1233 1225/1693/1218
f 1225/1693/1218 1240/1711/1233 1221/1687/1214
f 1208/1671/1201 1206/1669/1199 1239/1710/1232
f 1239/1710/1232 1206/1669/1199 1240/1711/1233
f 1206/1669/1199 1192/1650/1185 1240/1711/1233
f 1240/1711/1233 1192/1650/1185 1236/1707/1229
f 1240/1711/1233 1236/1707/1229 1221/1687/1214
f 1221/1687/1214 1236/1707/1229 1201/1661/1194
f 1241/1712/1234 1242/1713/1235 1165/1618/1158
f 1165/1618/1158 1242/1713/1235 1230/1698/1223
f 1187/1642/1180 1226/1694/1219 1241/1712/1234
f 1241/1712/1234 1226/1694/1219 1242/1713/1235
f 1226/1694/1219 1208/1671/1201 1242/1713/1235
f 1242/1713/1235 1208/1671/1201 1239/1710/1232
f 1242/1713/1235 1239/1710/1232 1230/1698/1223
f 1230/1698/1223 1239/1710/1232 1225/1693/1218
f 1243/1714/1236 1244/1715/1237 1171/1626/1164
f 1171/1626/1164 1244/1715/1237 1166/1619/1159
f 1172/1645/1165 1185/1640/1178 1243/1714/1236
f 1243/1714/1236 1185/1640/1178 1244/1715/1237
f 1185/1640/1178 1187/1642/1180 1244/1715/1237
f 1244/1715/1237 1187/1642/1180 1241/1712/1234
f 1244/1715/1237 1241/1712/1234 1166/1619/1159
f 1166/1619/1159 1241/1712/1234 1165/1618/1158
f 1169/1624/1162 1245/1716/1238 1171/1626/1164
f 1171/1626/1164 1245/1716/1238 1243/1717/1236
f 1170/1625/1163 1246/1718/1239 1169/1624/1162
f 1169/1624/1162 1246/1718/1239 1245/1716/1238
f 1246/1718/1239 1176/1631/1169 1245/1716/1238
f 1245/1716/1238 1176/1631/1169 1173/1628/1166
f 1245/1716/1238 1173/1628/1166 1243/1717/1236
f 1243/1717/1236 1173/1628/1166 1172/1627/1165
f 1183/1638/1176 1247/1719/1240 1184/1639/1177
f 1184/1639/1177 1247/1719/1240 1248/1720/1241
f 1176/1631/1169 1246/1718/1239 1183/1638/1176
f 1183/1638/1176 1246/1718/1239 1247/1719/1240
f 1246/1718/1239 1170/1625/1163 1247/1719/1240
f 1247/1719/1240 1170/1625/1163 1168/1623/1161
f 1247/1719/1240 1168/1623/1161 1248/1720/1241
f 1248/1720/1241 1168/1623/1161 1167/1621/1160
f 1234/1703/1227 1249/1721/1242 1218/1684/1211
f 1218/1684/1211 1249/1721/1242 1250/1722/1243
f 1184/1639/1177 1248/1720/1241 1234/1703/1227
f 1234/1703/1227 1248/1720/1241 1249/1721/1242
f 1248/1720/1241 1167/1621/1160 1249/1721/1242
f 1249/1721/1242 1167/1621/1160 1231/1700/1224
f 1249/1721/1242 1231/1700/1224 1250/1722/1243
f 1250/1722/1243 1231/1700/1224 1223/1690/1216
f 1205/1667/1198 1219/1685/1212 1251/1723/1244
f 1251/1723/1244 1219/1685/1212 1252/1724/1245
f 1219/1685/1212 1218/1684/1211 1252/1724/1245
f 1252/1724/1245 1218/1684/1211 1250/1722/1243
f 1252/1724/1245 1250/1722/1243 1222/1688/1215
f 1222/1688/1215 1250/1722/1243 1223/1690/1216
f 1251/1723/1244 1252/1724/1245 1199/1658/1192
f 1199/1658/1192 1252/1724/1245 1222/1688/1215
f 1161/1668/1154 1204/1666/1197 1253/1725/1246
f 1253/1725/1246 1204/1666/1197 1254/1726/1247
f 1204/1666/1197 1205/1667/1198 1254/1726/1247
f 1254/1726/1247 1205/1667/1198 1251/1723/1244
f 1254/1726/1247 1251/1723/1244 1198/1656/1191
f 1198/1656/1191 1251/1723/1244 1199/1658/1192
f 1253/1725/1246 1254/1726/1247 1197/1655/1190
f 1197/1655/1190 1254/1726/1247 1198/1656/1191
f 1160/1613/1153 1255/1727/1248 1162/1615/1155
f 1162/1615/1155 1255/1727/1248 1238/1709/1231
f 1161/1614/1154 1253/1728/1246 1160/1613/1153
f 1160/1613/1153 1253/1728/1246 1255/1727/1248
f 1253/1728/1246 1197/1655/1190 1255/1727/1248
f 1255/1727/1248 1197/1655/1190 1194/1652/1187
f 1238/1709/1231 1255/1727/1248 1193/1651/1186
f 1193/1651/1186 1255/1727/1248 1194/1652/1187
f 1256/1729/1249 1257/1730/1250 1258/1731/1251
f 1258/1731/1251 1257/1730/1250 1259/1732/1252
f 1257/1730/1250 1260/1733/1253 1259/1732/1252
f 1259/1732/1252 1260/1733/1253 1261/1734/1254
f 1259/1732/1252 1261/1734/1254 1262/1735/1255
f 1262/1735/1255 1261/1734/1254 1263/1736/1256
f 1258/1731/1251 1259/1732/1252 1264/1737/1257
f 1264/1737/1257 1259/1732/1252 1262/1735/1255
f 1265/1738/1258 1266/1739/1259 1267/1740/1260
f 1267/1740/1260 1266/1739/1259 1268/1741/1261
f 1265/1742/1258 1269/1743/1262 1266/1744/1259
f 1266/1744/1259 1269/1743/1262 1270/1745/1263
f 1266/1744/1259 1270/1745/1263 1271/1746/1264
f 1271/1746/1264 1270/1745/1263 1272/1747/1265
f 1266/1739/1259 1271/1746/1264 1268/1741/1261
f 1268/1741/1261 1271/1746/1264 1273/1748/1266
f 1274/1749/1267 1275/1750/1268 1276/1751/1269
f 1276/1751/1269 1275/1750/1268 1277/1752/1270
f 1278/1753/1271 1279/1754/1272 1274/1749/1267
f 1274/1749/1267 1279/1754/1272 1275/1750/1268
f 1279/1754/1272 1280/1755/1273 1275/1750/1268
f 1275/1750/1268 1280/1755/1273 1281/1756/1274
f 1277/1752/1270 1275/1750/1268 1282/1757/1275
f 1282/1757/1275 1275/1750/1268 1281/1756/1274
f 1280/1755/1273 1279/1754/1272 1283/1758/1276
f 1283/1758/1276 1279/1754/1272 1284/1759/1277
f 1285/1760/1278 1284/1759/1277 1278/1753/1271
f 1278/1753/1271 1284/1759/1277 1279/1754/1272
f 1283/1758/1276 1284/1759/1277 1286/1761/1279
f 1286/1761/1279 1284/1759/1277 1285/1760/1278
f 1287/1762/1280 1288/1763/1281 1289/1764/1282
f 1289/1764/1282 1288/1763/1281 1290/1765/1283
f 1277/1766/1270 1288/1763/1281 1276/1767/1269
f 1276/1767/1269 1288/1763/1281 1287/1762/1280
f 1282/1768/1275 1290/1765/1283 1277/1766/1270
f 1277/1766/1270 1290/1765/1283 1288/1763/1281
f 1291/1769/1284 1292/1770/1285 1264/1737/1257
f 1264/1737/1257 1292/1770/1285 1258/1731/1251
f 1293/1771/1286 1292/1770/1285 1294/1772/1287
f 1294/1772/1287 1292/1770/1285 1291/1769/1284
f 1256/1729/1249 1258/1731/1251 1293/1771/1286
f 1293/1771/1286 1258/1731/1251 1292/1770/1285
f 1295/1773/1288 1296/1774/1289 1297/1775/1290
f 1297/1775/1290 1296/1774/1289 1298/1776/1291
f 1299/1777/1292 1300/1778/1293 1296/1774/1289
f 1296/1774/1289 1300/1778/1293 1298/1779/1291
f 1300/1778/1293 1301/1780/1294 1298/1779/1291
f 1298/1779/1291 1301/1780/1294 1302/1781/1295
f 1298/1776/1291 1302/1782/1295 1297/1775/1290
f 1297/1775/1290 1302/1782/1295 1303/1783/1296
f 1260/1784/1253 1304/1785/1297 1261/1786/1254
f 1261/1786/1254 1304/1785/1297 1305/1787/1298
f 1306/1788/1299 1305/1787/1298 1307/1789/1300
f 1307/1789/1300 1305/1787/1298 1304/1785/1297
f 1261/1786/1254 1305/1787/1298 1263/1790/1256
f 1263/1790/1256 1305/1787/1298 1306/1788/1299
f 1294/1772/1287 1308/1791/1301 1293/1771/1286
f 1293/1771/1286 1308/1791/1301 1309/1792/1302
f 1310/1793/1303 1311/1794/1304 1308/1791/1301
f 1308/1791/1301 1311/1794/1304 1309/1792/1302
f 1311/1794/1304 1312/1795/1305 1309/1792/1302
f 1309/1792/1302 1312/1795/1305 1313/1796/1306
f 1293/1771/1286 1309/1792/1302 1256/1729/1249
f 1256/1729/1249 1309/1792/1302 1313/1796/1306
f 1312/1795/1305 1314/1797/1307 1313/1796/1306
f 1313/1796/1306 1314/1797/1307 1315/1798/1308
f 1314/1799/1307 1316/1800/1309 1315/1801/1308
f 1315/1801/1308 1316/1800/1309 1317/1802/1310
f 1315/1801/1308 1317/1802/1310 1257/1803/1250
f 1257/1803/1250 1317/1802/1310 1260/1784/1253
f 1315/1798/1308 1257/1730/1250 1313/1796/1306
f 1313/1796/1306 1257/1730/1250 1256/1729/1249
f 1316/1800/1309 1318/1804/1311 1317/1802/1310
f 1317/1802/1310 1318/1804/1311 1319/1805/1312
f 1318/1804/1311 1320/1806/1313 1319/1805/1312
f 1319/1805/1312 1320/1806/1313 1321/1807/1314
f 1319/1805/1312 1321/1807/1314 1304/1785/1297
f 1304/1785/1297 1321/1807/1314 1307/1789/1300
f 1317/1802/1310 1319/1805/1312 1260/1784/1253
f 1260/1784/1253 1319/1805/1312 1304/1785/1297
f 1302/1782/1295 1322/1808/1315 1303/1783/1296
f 1303/1783/1296 1322/1808/1315 1323/1809/1316
f 1301/1780/1294 1324/1810/1317 1302/1781/1295
f 1302/1781/1295 1324/1810/1317 1322/1811/1315
f 1324/1810/1317 1325/1812/1318 1322/1811/1315
f 1322/1811/1315 1325/1812/1318 1326/1813/1319
f 1322/1808/1315 1326/1814/1319 1323/1809/1316
f 1323/1809/1316 1326/1814/1319 1327/1815/1320
f 1310/1793/1303 1328/1816/1321 1311/1794/1304
f 1311/1794/1304 1328/1816/1321 1329/1817/1322
f 1328/1816/1321 1289/1764/1282 1329/1817/1322
f 1329/1817/1322 1289/1764/1282 1290/1765/1283
f 1290/1765/1283 1282/1768/1275 1329/1817/1322
f 1329/1817/1322 1282/1768/1275 1330/1818/1323
f 1329/1817/1322 1330/1818/1323 1311/1794/1304
f 1311/1794/1304 1330/1818/1323 1312/1795/1305
f 1326/1814/1319 1331/1819/1324 1327/1815/1320
f 1327/1815/1320 1331/1819/1324 1332/1820/1325
f 1326/1813/1319 1325/1812/1318 1331/1821/1324
f 1331/1821/1324 1325/1812/1318 1333/1822/1326
f 1331/1821/1324 1333/1822/1326 1265/1742/1258
f 1265/1742/1258 1333/1822/1326 1269/1743/1262
f 1331/1819/1324 1265/1738/1258 1332/1820/1325
f 1332/1820/1325 1265/1738/1258 1267/1740/1260
f 1280/1755/1273 1283/1758/1276 1334/1823/1327
f 1334/1823/1327 1283/1758/1276 1335/1824/1328
f 1283/1758/1276 1286/1761/1279 1335/1824/1328
f 1335/1824/1328 1286/1761/1279 1336/1825/1329
f 1335/1824/1328 1336/1825/1329 1318/1804/1311
f 1318/1804/1311 1336/1825/1329 1320/1806/1313
f 1334/1823/1327 1335/1824/1328 1316/1800/1309
f 1316/1800/1309 1335/1824/1328 1318/1804/1311
f 1282/1768/1275 1281/1826/1274 1330/1818/1323
f 1330/1818/1323 1281/1826/1274 1337/1827/1330
f 1281/1756/1274 1280/1755/1273 1337/1828/1330
f 1337/1828/1330 1280/1755/1273 1334/1823/1327
f 1337/1828/1330 1334/1823/1327 1314/1799/1307
f 1314/1799/1307 1334/1823/1327 1316/1800/1309
f 1330/1818/1323 1337/1827/1330 1312/1795/1305
f 1312/1795/1305 1337/1827/1330 1314/1797/1307
f 1338/1829/1331 1339/1830/1332 1303/1783/1296
f 1303/1783/1296 1339/1830/1332 1297/1775/1290
f 1294/1772/1287 1291/1769/1284 1338/1829/1331
f 1338/1829/1331 1291/1769/1284 1339/1830/1332
f 1339/1830/1332 1291/1769/1284 1340/1831/1333
f 1340/1831/1333 1291/1769/1284 1264/1737/1257
f 1297/1775/1290 1339/1830/1332 1295/1773/1288
f 1295/1773/1288 1339/1830/1332 1340/1831/1333
f 1341/1832/1334 1342/1833/1335 1327/1815/1320
f 1327/1815/1320 1342/1833/1335 1323/1809/1316
f 1310/1793/1303 1308/1791/1301 1341/1832/1334
f 1341/1832/1334 1308/1791/1301 1342/1833/1335
f 1308/1791/1301 1294/1772/1287 1342/1833/1335
f 1342/1833/1335 1294/1772/1287 1338/1829/1331
f 1342/1833/1335 1338/1829/1331 1323/1809/1316
f 1323/1809/1316 1338/1829/1331 1303/1783/1296
f 1343/1834/1336 1344/1835/1337 1267/1740/1260
f 1267/1740/1260 1344/1835/1337 1332/1820/1325
f 1289/1764/1282 1328/1816/1321 1343/1834/1336
f 1343/1834/1336 1328/1816/1321 1344/1835/1337
f 1328/1816/1321 1310/1793/1303 1344/1835/1337
f 1344/1835/1337 1310/1793/1303 1341/1832/1334
f 1344/1835/1337 1341/1832/1334 1332/1820/1325
f 1332/1820/1325 1341/1832/1334 1327/1815/1320
f 1345/1836/1338 1346/1837/1339 1273/1748/1266
f 1273/1748/1266 1346/1837/1339 1268/1741/1261
f 1276/1767/1269 1287/1762/1280 1345/1836/1338
f 1345/1836/1338 1287/1762/1280 1346/1837/1339
f 1287/1762/1280 1289/1764/1282 1346/1837/1339
f 1346/1837/1339 1289/1764/1282 1343/1834/1336
f 1346/1837/1339 1343/1834/1336 1268/1741/1261
f 1268/1741/1261 1343/1834/1336 1267/1740/1260
f 1271/1746/1264 1347/1838/1340 1273/1748/1266
f 1273/1748/1266 1347/1838/1340 1345/1839/1338
f 1272/1747/1265 1348/1840/1341 1271/1746/1264
f 1271/1746/1264 1348/1840/1341 1347/1838/1340
f 1348/1840/1341 1278/1753/1271 1347/1838/1340
f 1347/1838/1340 1278/1753/1271 1274/1749/1267
f 1347/1838/1340 1274/1749/1267 1345/1839/1338
f 1345/1839/1338 1274/1749/1267 1276/1751/1269
f 1285/1760/1278 1349/1841/1342 1286/1761/1279
f 1286/1761/1279 1349/1841/1342 1350/1842/1343
f 1278/1753/1271 1348/1840/1341 1285/1760/1278
f 1285/1760/1278 1348/1840/1341 1349/1841/1342
f 1348/1840/1341 1272/1747/1265 1349/1841/1342
f 1349/1841/1342 1272/1747/1265 1270/1745/1263
f 1349/1841/1342 1270/1745/1263 1350/1842/1343
f 1350/1842/1343 1270/1745/1263 1269/1743/1262
f 1336/1825/1329 1351/1843/1344 1320/1806/1313
f 1320/1806/1313 1351/1843/1344 1352/1844/1345
f 1286/1761/1279 1350/1842/1343 1336/1825/1329
f 1336/1825/1329 1350/1842/1343 1351/1843/1344
f 1350/1842/1343 1269/1743/1262 1351/1843/1344
f 1351/1843/1344 1269/1743/1262 1333/1822/1326
f 1351/1843/1344 1333/1822/1326 1352/1844/1345
f 1352/1844/1345 1333/1822/1326 1325/1812/1318
f 1307/1789/1300 1321/1807/1314 1353/1845/1346
f 1353/1845/1346 1321/1807/1314 1354/1846/1347
f 1320/1806/1313 1352/1844/1345 1321/1807/1314
f 1321/1807/1314 1352/1844/1345 1354/1846/1347
f 1354/1846/1347 1352/1844/1345 1324/1810/1317
f 1324/1810/1317 1352/1844/1345 1325/1812/1318
f 1353/1845/1346 1354/1846/1347 1301/1780/1294
f 1301/1780/1294 1354/1846/1347 1324/1810/1317
f 1263/1790/1256 1306/1788/1299 1355/1847/1348
f 1355/1847/1348 1306/1788/1299 1356/1848/1349
f 1306/1788/1299 1307/1789/1300 1356/1848/1349
f 1356/1848/1349 1307/1789/1300 1353/1845/1346
f 1356/1848/1349 1353/1845/1346 1300/1778/1293
f 1300/1778/1293 1353/1845/1346 1301/1780/1294
f 1355/1847/1348 1356/1848/1349 1299/1777/1292
f 1299/1777/1292 1356/1848/1349 1300/1778/1293
f 1262/1735/1255 1357/1849/1350 1264/1737/1257
f 1264/1737/1257 1357/1849/1350 1340/1831/1333
f 1263/1736/1256 1355/1850/1348 1262/1735/1255
f 1262/1735/1255 1355/1850/1348 1357/1849/1350
f 1355/1850/1348 1299/1777/1292 1357/1849/1350
f 1357/1849/1350 1299/1777/1292 1296/1774/1289
f 1340/1831/1333 1357/1849/1350 1295/1773/1288
f 1295/1773/1288 1357/1849/1350 1296/1774/1289
f 1358/1851/1351 1359/1852/1352 1360/1853/1353
f 1359/1852/1352 1361/1854/1354 1360/1853/1353
f 1360/1853/1353 1361/1854/1354 1362/1855/1355
f 1361/1854/1354 1363/1856/1356 1362/1855/1355
f 1364/1857/1357 1365/1858/1358 1363/1856/1356
f 1363/1856/1356 1365/1858/1358 1362/1855/1355
f 1366/1859/1359 1367/1860/1360 1368/1861/1361
f 1368/1861/1361 1367/1860/1360 1369/1862/1362
f 1367/1860/1360 1366/1859/1359 1370/1863/1363
f 1370/1863/1363 1366/1859/1359 1371/1864/1364
f 1368/1861/1361 1369/1862/1362 1372/1865/1365
f 1372/1865/1365 1369/1862/1362 1373/1866/1366
f 1370/1863/1363 1371/1864/1364 1374/1867/1367
f 1374/1867/1367 1371/1864/1364 1375/1868/1368
f 1372/1865/1365 1373/1866/1366 1376/1869/1369
f 1376/1869/1369 1373/1866/1366 1377/1870/1370
f 1376/1869/1369 1377/1870/1370 1378/1871/1371
f 1378/1871/1371 1377/1870/1370 1379/1872/1372
f 1378/1871/1371 1379/1872/1372 1380/1873/1373
f 1380/1873/1373 1379/1872/1372 1381/1874/1374
f 1381/1874/1374 1374/1867/1367 1380/1873/1373
f 1380/1873/1373 1374/1867/1367 1375/1868/1368
f 1367/1860/1360 1358/1875/1351 1369/1862/1362
f 1369/1862/1362 1358/1875/1351 1360/1876/1353
f 1373/1866/1366 1362/1877/1355 1377/1870/1370
f 1377/1870/1370 1362/1877/1355 1365/1878/1358
f 1379/1872/1372 1364/1879/1357 1381/1874/1374
f 1381/1874/1374 1364/1879/1357 1363/1880/1356
f 1374/1867/1367 1361/1881/1354 1370/1863/1363
f 1370/1863/1363 1361/1881/1354 1359/1882/1352
f 1368/1861/1361 1372/1865/1365 1366/1859/1359
f 1372/1865/1365 1376/1869/1369 1366/1859/1359
f 1376/1869/1369 1378/1871/1371 1366/1859/1359
f 1366/1859/1359 1378/1871/1371 1371/1864/1364
f 1380/1873/1373 1375/1868/1368 1378/1871/1371
f 1375/1868/1368 1371/1864/1364 1378/1871/1371
f 1367/1860/1360 1370/1863/1363 1358/1875/1351
f 1358/1875/1351 1370/1863/1363 1359/1882/1352
f 1369/1862/1362 1360/1876/1353 1373/1866/1366
f 1373/1866/1366 1360/1876/1353 1362/1877/1355
f 1379/1872/1372 1377/1870/1370 1364/1879/1357
f 1364/1879/1357 1377/1870/1370 1365/1878/1358
f 1381/1874/1374 1363/1880/1356 1374/1867/1367
f 1374/1867/1367 1363/1880/1356 1361/1881/1354
f 461/1883/457 1382/1884/1375 538/1885/532
f 297/1886/296 298/1887/297 1382/1884/1375
f 1382/1884/1375 298/1887/297 373/1888/371
f 1382/1884/1375 373/1888/371 376/1889/374
f 1382/1884/1375 376/1889/374 377/1890/375
f 1382/1884/1375 377/1890/375 407/1891/403
f 1382/1884/1375 407/1891/403 617/1892/611
f 1382/1884/1375 617/1892/611 616/1893/610
f 1382/1884/1375 616/1893/610 573/1894/567
f 1382/1884/1375 573/1894/567 572/1895/566
f 1382/1884/1375 572/1895/566 615/1896/609
f 1382/1884/1375 615/1896/609 614/1897/608
f 1382/1884/1375 614/1897/608 569/1898/563
f 1382/1884/1375 569/1898/563 567/1899/561
f 1382/1884/1375 567/1899/561 565/1900/559
f 1382/1884/1375 565/1900/559 538/1885/532
f 459/1901/455 1382/1884/1375 461/1883/457
f 552/1902/546 1382/1884/1375 459/1901/455
f 550/1903/544 1382/1884/1375 552/1902/546
f 593/1904/587 1382/1884/1375 550/1903/544
f 621/1905/615 1382/1884/1375 593/1904/587
f 620/1906/614 1382/1884/1375 621/1905/615
f 619/1907/613 1382/1884/1375 620/1906/614
f 443/1908/439 1382/1884/1375 619/1907/613
f 442/1909/438 1382/1884/1375 443/1908/439
f 618/1910/612 1382/1884/1375 442/1909/438
f 401/1911/397 1382/1884/1375 618/1910/612
f 357/1912/355 1382/1884/1375 401/1911/397
f 358/1913/356 1382/1884/1375 357/1912/355
f 296/1914/295 1382/1884/1375 358/1913/356
f 297/1886/296 1382/1884/1375 296/1914/295
f 743/1915/737 741/1916/735 745/1917/739
f 741/1916/735 735/1918/729 745/1917/739
f 735/1918/729 732/1919/726 745/1917/739
f 732/1919/726 731/1920/725 745/1917/739
f 731/1920/725 737/1921/731 745/1917/739
f 737/1921/731 739/1922/733 745/1917/739
f 715/1923/709 716/1924/710 720/1925/714
f 724/1926/718 722/1927/716 726/1928/720
f 719/1929/713 720/1925/714 722/1927/716
f 722/1927/716 720/1925/714 726/1928/720
f 726/1928/720 720/1925/714 730/1930/724
f 730/1930/724 720/1925/714 716/1924/710
f 751/1931/745 1383/1932/1376 752/1933/746
f 748/1934/742 747/1935/741 1383/1932/1376
f 1383/1932/1376 747/1935/741 754/1936/748
f 1383/1932/1376 754/1936/748 753/1937/747
f 1383/1932/1376 753/1937/747 752/1933/746
f 750/1938/744 1383/1932/1376 751/1931/745
f 749/1939/743 1383/1932/1376 750/1938/744
f 748/1934/742 1383/1932/1376 749/1939/743
f 108/208/108 57/209/57 106/211/106
f 106/211/106 57/209/57 59/213/59
