# Blender 5.1.1
# www.blender.org
mtllib MotorBoat.mtl
o Motor_Boat_Hull
v -0.008178 0.130617 -2.936950
v 0.909139 0.130617 -2.936950
v 1.151850 0.025810 -2.117710
v 1.265730 -0.027370 -0.964929
v 1.291870 -0.033137 0.042900
v 1.208630 -0.035327 0.984130
v 0.946480 -0.017859 1.810370
v 0.492183 0.036395 2.569490
v -0.008178 0.130617 3.102280
v -0.008261 0.436248 -3.253500
v 0.975002 0.436248 -3.253500
v 1.235170 0.331441 -2.333320
v 1.357230 0.278261 -1.038494
v 1.385240 0.272494 0.093514
v 1.296020 0.270304 1.150720
v 1.015030 0.287772 2.078760
v 0.528072 0.342027 2.931410
v -0.008261 0.436248 3.529850
v -0.008343 0.741879 3.830770
v 0.478184 0.647658 3.204400
v 0.919918 0.593403 2.311940
v 1.174820 0.575935 1.340570
v 1.255760 0.578125 0.234021
v 1.230350 0.583892 -0.950830
v 1.119610 0.637072 -2.306090
v 0.883610 0.741879 -3.269230
v -0.008343 0.741879 -3.269230
v -0.008508 0.130617 -2.936950
v -0.925825 0.130617 -2.936950
v -1.168540 0.025810 -2.117710
v -1.282420 -0.027370 -0.964929
v -1.308550 -0.033137 0.042900
v -1.225320 -0.035327 0.984130
v -0.963166 -0.017859 1.810370
v -0.508870 0.036395 2.569490
v -0.008508 0.130617 3.102280
v -0.008426 0.436248 -3.253500
v -0.991688 0.436248 -3.253500
v -1.251850 0.331441 -2.333320
v -1.373920 0.278261 -1.038494
v -1.401930 0.272494 0.093514
v -1.312710 0.270304 1.150720
v -1.031710 0.287772 2.078760
v -0.544758 0.342027 2.931410
v -0.008426 0.436248 3.529850
v -0.494870 0.647658 3.204400
v -0.936605 0.593403 2.311940
v -1.191510 0.575935 1.340570
v -1.272440 0.578125 0.234021
v -1.247030 0.583892 -0.950830
v -1.136300 0.637072 -2.306090
v -0.900297 0.741879 -3.269230
v -0.005997 0.468387 -3.235500
v 0.001135 0.468387 -3.238110
v 0.008268 0.468387 -3.235500
v 0.013139 0.468387 -3.241330
v 0.020621 0.468387 -3.242640
v 0.021927 0.468387 -3.250120
v 0.027754 0.468387 -3.254990
v 0.025143 0.468387 -3.262120
v 0.027754 0.468387 -3.269250
v 0.021926 0.468387 -3.274130
v 0.020621 0.468387 -3.281610
v 0.013139 0.468387 -3.282910
v 0.008267 0.468387 -3.288740
v 0.001135 0.468387 -3.286130
v -0.005997 0.468387 -3.288740
v -0.010869 0.468387 -3.282910
v -0.018351 0.468387 -3.281610
v -0.019656 0.468387 -3.274130
v -0.025484 0.468387 -3.269250
v -0.022873 0.468387 -3.262120
v -0.025484 0.468387 -3.254990
v -0.019656 0.468387 -3.250120
v -0.010869 0.468387 -3.241330
v 0.001135 0.468387 -3.262120
v -0.018351 0.468387 -3.242640
v -0.005997 0.696030 -3.235500
v 0.001135 0.696030 -3.238110
v 0.008268 0.696030 -3.235500
v 0.013139 0.696030 -3.241330
v 0.020621 0.696030 -3.242640
v 0.021927 0.696030 -3.250120
v 0.027754 0.696030 -3.254990
v 0.025143 0.696030 -3.262120
v 0.027754 0.696030 -3.269250
v 0.021926 0.696030 -3.274130
v 0.020621 0.696030 -3.281610
v 0.013139 0.696030 -3.282910
v 0.008267 0.696030 -3.288740
v 0.001135 0.696030 -3.286130
v -0.005997 0.696030 -3.288740
v -0.010869 0.696030 -3.282910
v -0.018351 0.696030 -3.281610
v -0.019656 0.696030 -3.274130
v -0.025483 0.696030 -3.269250
v -0.022873 0.696030 -3.262120
v -0.025484 0.696030 -3.254990
v -0.010869 0.696030 -3.241330
v -0.019656 0.696030 -3.250120
v 0.001135 0.696030 -3.262120
v -0.018351 0.696030 -3.242640
v -0.008672 0.667575 -3.225520
v -0.008672 0.496843 -3.225520
v -0.009564 0.582209 -3.222190
v 0.010942 0.667575 -3.225520
v 0.010942 0.496843 -3.225520
v 0.001135 0.582209 -3.220760
v 0.001135 0.498875 -3.224860
v 0.001135 0.665542 -3.224860
v 0.011834 0.582209 -3.222190
v 0.027929 0.667575 -3.235330
v 0.027929 0.496843 -3.235330
v 0.021816 0.582209 -3.226300
v 0.019765 0.498875 -3.229850
v 0.019765 0.665542 -3.229850
v 0.030364 0.582209 -3.232890
v 0.037736 0.667575 -3.252310
v 0.037736 0.496843 -3.252310
v 0.036955 0.582209 -3.241440
v 0.033404 0.498875 -3.243490
v 0.033404 0.665542 -3.243490
v 0.041063 0.582209 -3.251420
v 0.037736 0.667575 -3.271930
v 0.037736 0.496843 -3.271930
v 0.042496 0.582209 -3.262120
v 0.038396 0.498875 -3.262120
v 0.038396 0.665542 -3.262120
v 0.041063 0.582209 -3.272820
v 0.027928 0.667575 -3.288920
v 0.027928 0.496843 -3.288920
v 0.036955 0.582209 -3.282800
v 0.033404 0.498875 -3.280750
v 0.033404 0.665542 -3.280750
v 0.030364 0.582209 -3.291350
v 0.010942 0.667575 -3.298720
v 0.010942 0.496843 -3.298720
v 0.021816 0.582209 -3.297940
v 0.019765 0.498875 -3.294390
v 0.019765 0.665542 -3.294390
v 0.011834 0.582209 -3.302050
v -0.008672 0.667575 -3.298720
v -0.008672 0.496843 -3.298720
v 0.001135 0.582209 -3.303480
v 0.001135 0.498875 -3.299380
v 0.001135 0.665542 -3.299380
v -0.009564 0.582209 -3.302050
v -0.025658 0.667575 -3.288920
v -0.025658 0.496843 -3.288920
v -0.019546 0.582209 -3.297940
v -0.017495 0.498875 -3.294390
v -0.017495 0.665542 -3.294390
v -0.028094 0.582209 -3.291350
v -0.035465 0.667575 -3.271930
v -0.035465 0.496843 -3.271930
v -0.034685 0.582209 -3.282800
v -0.031133 0.498875 -3.280750
v -0.031133 0.665542 -3.280750
v -0.038793 0.582209 -3.272820
v -0.035465 0.667575 -3.252310
v -0.035466 0.496843 -3.252310
v -0.040226 0.582209 -3.262120
v -0.036125 0.498875 -3.262120
v -0.036125 0.665542 -3.262120
v -0.038793 0.582209 -3.251420
v -0.025658 0.667575 -3.235330
v -0.019546 0.582209 -3.226300
v -0.017495 0.665542 -3.229850
v -0.025658 0.496843 -3.235330
v -0.017495 0.498875 -3.229850
v -0.034685 0.582209 -3.241440
v -0.031134 0.498875 -3.243490
v -0.031134 0.665542 -3.243490
v -0.028094 0.582209 -3.232890
v -0.008013 -0.445711 -2.636330
v -0.008013 -0.445711 -2.636330
v -0.008013 -0.495351 -2.036160
v -0.008013 -0.520541 -1.191637
v -0.008013 -0.523281 -0.453304
v -0.008013 -0.524311 0.236237
v -0.008013 -0.516041 0.841540
v -0.008013 -0.490341 1.397670
v -0.008013 -0.445711 1.787990
v -0.008096 -0.183748 -2.984550
v 0.635294 -0.183748 -2.984550
v 0.805530 -0.288551 -2.253360
v 0.885404 -0.341731 -1.224489
v 0.903733 -0.347501 -0.324988
v 0.845353 -0.349691 0.515073
v 0.661484 -0.332221 1.252510
v 0.342849 -0.277971 1.930030
v -0.008096 -0.183748 2.405550
v -0.008178 0.130617 -2.936950
v 0.909139 0.130617 -2.936950
v 1.151850 0.025810 -2.117710
v 1.265730 -0.027370 -0.964929
v 1.291870 -0.033137 0.042900
v 1.208630 -0.035327 0.984130
v 0.946480 -0.017859 1.810370
v 0.492183 0.036395 2.569490
v -0.008178 0.130617 3.102280
v -0.008673 -0.445711 -2.636330
v -0.008673 -0.445711 -2.636330
v -0.008673 -0.495351 -2.036160
v -0.008673 -0.520541 -1.191637
v -0.008673 -0.523281 -0.453304
v -0.008673 -0.524311 0.236237
v -0.008673 -0.516041 0.841540
v -0.008673 -0.490341 1.397670
v -0.008673 -0.445711 1.787990
v -0.008591 -0.183748 -2.984550
v -0.651981 -0.183748 -2.984550
v -0.822217 -0.288551 -2.253360
v -0.902091 -0.341731 -1.224489
v -0.920420 -0.347501 -0.324988
v -0.862039 -0.349691 0.515073
v -0.678171 -0.332221 1.252510
v -0.359536 -0.277971 1.930030
v -0.008591 -0.183748 2.405550
v -0.008508 0.130617 -2.936950
v -0.925825 0.130617 -2.936950
v -1.168540 0.025810 -2.117710
v -1.282420 -0.027370 -0.964929
v -1.308550 -0.033137 0.042900
v -1.225320 -0.035327 0.984130
v -0.963166 -0.017859 1.810370
v -0.508870 0.036395 2.569490
v -0.008508 0.130617 3.102280
v -0.499975 0.342127 2.751250
v -0.946368 0.287872 1.946750
v -1.203960 0.270404 1.071100
v -1.285750 0.272594 0.073600
v -1.260070 0.278361 -0.994484
v -1.148170 0.331541 -2.216190
v -0.909677 0.436348 -3.084410
v 0.483491 0.342127 2.751250
v 0.929884 0.287872 1.946750
v 1.187480 0.270404 1.071100
v 1.269260 0.272594 0.073600
v 1.243590 0.278361 -0.994484
v 1.131690 0.331541 -2.216190
v 0.893193 0.436348 -3.084410
v -0.008178 0.130617 -2.936950
v 0.909139 0.130617 -2.936950
v 1.151850 0.025810 -2.117710
v 1.265730 -0.027370 -0.964929
v 1.291870 -0.033137 0.042900
v 1.208630 -0.035327 0.984130
v 0.946480 -0.017859 1.810370
v 0.492183 0.036395 2.569490
v -0.008178 0.130617 3.102280
v -0.008261 0.436248 -3.253500
v -0.008261 0.436248 3.529850
v -0.008343 0.741879 3.830770
v -0.008343 0.741879 -3.269230
v -0.008508 0.130617 -2.936950
v -0.925825 0.130617 -2.936950
v -1.168540 0.025810 -2.117710
v -1.282420 -0.027370 -0.964929
v -1.308550 -0.033137 0.042900
v -1.225320 -0.035327 0.984130
v -0.963166 -0.017859 1.810370
v -0.508870 0.036395 2.569490
v -0.008508 0.130617 3.102280
v -0.008426 0.436248 -3.253500
v -0.008426 0.436248 3.529850
v -0.008167 0.436348 -3.084410
v -0.008091 0.130717 -2.785740
v 0.832816 0.130717 -2.785740
v 1.055310 0.025910 -2.012760
v 1.159710 -0.027270 -0.925073
v 1.183660 -0.033037 0.025845
v 1.107360 -0.035227 0.913920
v 0.867047 -0.017759 1.693510
v 0.450592 0.036495 2.409760
v -0.008091 0.130717 2.912460
v -0.008166 0.436348 3.315890
v 0.809414 0.741979 -3.099250
v -0.008242 0.741979 -3.099250
v 1.025760 0.637172 -2.190500
v 1.127270 0.583992 -0.911770
v 1.150560 0.578225 0.206173
v 1.076370 0.576035 1.250240
v 0.842698 0.593503 2.166760
v 0.437759 0.647758 3.008810
v -0.008242 0.741979 3.599820
v -0.849301 0.130717 -2.785740
v -0.008393 0.130717 -2.785740
v -0.008318 0.436348 -3.084410
v -1.071800 0.025910 -2.012760
v -1.176190 -0.027270 -0.925073
v -1.200150 -0.033037 0.025845
v -1.123850 -0.035227 0.913920
v -0.883531 -0.017759 1.693510
v -0.467076 0.036495 2.409760
v -0.008393 0.130717 2.912460
v -0.008318 0.436348 3.315890
v -0.825898 0.741979 -3.099250
v -1.042240 0.637172 -2.190500
v -1.143750 0.583992 -0.911770
v -1.167050 0.578225 0.206173
v -1.092850 0.576035 1.250240
v -0.859182 0.593503 2.166760
v -0.454243 0.647758 3.008810
v 1.187640 0.304951 -1.605340
v -1.095210 0.484357 -2.203350
v -1.093000 0.610582 -1.551140
v 1.185430 0.431177 -0.953127
v -1.204120 0.304951 -1.605340
v 1.076510 0.610582 -1.551140
v 1.078720 0.484357 -2.203350
v -1.201910 0.431177 -0.953127
v 1.132080 0.457767 -1.578240
v -1.148560 0.457767 -1.578240
vn -0.0239 -0.7156 -0.6981
vn -0.0000 -0.7194 -0.6946
vn 0.7735 -0.5632 -0.2907
vn 0.8872 -0.3515 -0.2990
vn 0.8480 -0.4491 -0.2814
vn 0.8215 -0.4764 -0.3133
vn 0.9478 -0.3091 -0.0778
vn 0.9537 -0.2935 -0.0654
vn 0.9801 -0.1850 -0.0726
vn 0.9558 -0.2407 0.1691
vn 0.9517 -0.3055 0.0315
vn 0.9535 -0.3002 0.0280
vn 0.9406 -0.2658 -0.2112
vn 0.9763 -0.1996 0.0840
vn 0.9255 -0.3744 0.0570
vn 0.9102 -0.2975 0.2883
vn 0.9155 -0.3012 0.2668
vn 0.7064 -0.5541 0.4404
vn 0.7114 -0.4594 0.5319
vn 0.6097 -0.6014 0.5162
vn 0.7816 -0.4392 0.4429
vn 0.4809 -0.7086 0.5164
vn 0.5901 -0.5656 0.5761
vn 0.4304 -0.7238 0.5393
vn -0.0000 -0.0514 -0.9987
vn -0.0017 -0.0270 -0.9996
vn 0.9143 0.3823 -0.1340
vn 0.8102 0.5825 -0.0654
vn 0.9331 0.3215 -0.1610
vn 0.9144 0.3108 -0.2593
vn 0.9153 0.4005 -0.0423
vn 0.9212 0.3870 -0.0391
vn 0.9363 0.3502 0.0271
vn 0.9250 0.3797 0.0163
vn 0.9685 0.2370 0.0763
vn 0.8540 0.5083 -0.1112
vn 0.9628 0.0048 0.2703
vn 0.9266 0.3570 0.1184
vn 0.8774 0.1171 0.4653
vn 0.9446 0.0069 0.3280
vn 0.6309 -0.6017 0.4898
vn 0.8251 -0.1295 0.5499
vn 0.7393 -0.3974 0.5436
vn 0.6824 -0.4731 0.5573
vn 0.0239 -0.7156 -0.6981
vn -0.8872 -0.3515 -0.2990
vn -0.7735 -0.5632 -0.2907
vn -0.8215 -0.4764 -0.3133
vn -0.8481 -0.4490 -0.2814
vn -0.9537 -0.2935 -0.0654
vn -0.9478 -0.3091 -0.0778
vn -0.9558 -0.2407 0.1690
vn -0.9801 -0.1850 -0.0727
vn -0.9535 -0.3002 0.0278
vn -0.9517 -0.3055 0.0315
vn -0.9763 -0.1996 0.0840
vn -0.9406 -0.2658 -0.2112
vn -0.9102 -0.2974 0.2883
vn -0.9255 -0.3744 0.0570
vn -0.7064 -0.5541 0.4404
vn -0.9155 -0.3012 0.2668
vn -0.6097 -0.6014 0.5162
vn -0.7114 -0.4594 0.5319
vn -0.4809 -0.7086 0.5163
vn -0.7816 -0.4392 0.4429
vn -0.4304 -0.7238 0.5393
vn -0.5901 -0.5656 0.5761
vn 0.0017 -0.0270 -0.9996
vn -0.8102 0.5824 -0.0654
vn -0.9143 0.3823 -0.1340
vn -0.9144 0.3108 -0.2593
vn -0.9331 0.3215 -0.1611
vn -0.9212 0.3870 -0.0390
vn -0.9153 0.4006 -0.0422
vn -0.9250 0.3797 0.0163
vn -0.9363 0.3502 0.0271
vn -0.8540 0.5082 -0.1113
vn -0.9685 0.2370 0.0763
vn -0.9265 0.3571 0.1185
vn -0.9628 0.0048 0.2703
vn -0.9447 0.0069 0.3280
vn -0.8774 0.1171 0.4653
vn -0.6309 -0.6017 0.4898
vn -0.7393 -0.3975 0.5435
vn -0.8251 -0.1295 0.5499
vn -0.6824 -0.4731 0.5573
vn -0.0000 -1.0000 -0.0000
vn -0.3898 -0.3343 0.8581
vn -0.5947 -0.3154 0.7395
vn -0.3710 -0.1382 0.9183
vn -0.4427 -0.1892 0.8765
vn -0.0540 -0.1475 0.9876
vn 0.3237 -0.3343 0.8851
vn 0.0915 -0.3343 0.9380
vn 0.0548 -0.1892 0.9804
vn -0.1458 -0.3153 0.9377
vn 0.1379 -0.1382 0.9808
vn 0.4470 -0.1475 0.8823
vn 0.7229 -0.3343 0.6047
vn 0.5482 -0.3343 0.7666
vn 0.5377 -0.1891 0.8216
vn 0.3426 -0.3153 0.8850
vn 0.6098 -0.1382 0.7804
vn 0.8282 -0.1476 0.5406
vn 0.9284 -0.3343 0.1623
vn 0.8581 -0.3343 0.3898
vn 0.8765 -0.1891 0.4427
vn 0.7394 -0.3153 0.5948
vn 0.9183 -0.1382 0.3710
vn 0.9876 -0.1476 0.0540
vn 0.8851 -0.3343 -0.3237
vn 0.9380 -0.3343 -0.0915
vn 0.9804 -0.1892 -0.0548
vn 0.9378 -0.3153 0.1452
vn 0.9808 -0.1382 -0.1379
vn 0.8823 -0.1476 -0.4470
vn 0.6047 -0.3343 -0.7229
vn 0.7666 -0.3343 -0.5482
vn 0.8216 -0.1891 -0.5377
vn 0.8848 -0.3153 -0.3431
vn 0.7804 -0.1382 -0.6098
vn 0.5406 -0.1476 -0.8283
vn 0.1622 -0.3343 -0.9284
vn 0.3898 -0.3343 -0.8581
vn 0.4427 -0.1892 -0.8765
vn 0.5947 -0.3153 -0.7395
vn 0.3710 -0.1382 -0.9183
vn 0.0540 -0.1476 -0.9876
vn -0.3237 -0.3343 -0.8851
vn -0.0915 -0.3343 -0.9380
vn -0.0548 -0.1891 -0.9804
vn 0.1458 -0.3153 -0.9377
vn -0.1379 -0.1381 -0.9808
vn -0.4470 -0.1475 -0.8823
vn -0.7229 -0.3343 -0.6047
vn -0.5482 -0.3343 -0.7666
vn -0.5377 -0.1892 -0.8216
vn -0.3427 -0.3153 -0.8850
vn -0.6098 -0.1381 -0.7804
vn -0.8283 -0.1476 -0.5406
vn -0.9284 -0.3343 -0.1622
vn -0.8581 -0.3343 -0.3898
vn -0.8765 -0.1892 -0.4427
vn -0.7392 -0.3153 -0.5952
vn -0.9183 -0.1382 -0.3710
vn -0.9876 -0.1475 -0.0540
vn -0.8851 -0.3343 0.3237
vn -0.9380 -0.3343 0.0915
vn -0.9804 -0.1891 0.0548
vn -0.9378 -0.3153 -0.1452
vn -0.9808 -0.1381 0.1379
vn -0.8823 -0.1475 0.4470
vn -0.6047 -0.3343 0.7229
vn -0.7666 -0.3343 0.5482
vn -0.8216 -0.1892 0.5377
vn -0.8850 -0.3153 0.3426
vn -0.7804 -0.1381 0.6098
vn -0.5406 -0.1476 0.8283
vn -0.1622 -0.3343 0.9284
vn -0.0000 1.0000 -0.0000
vn -0.0915 0.3343 0.9380
vn 0.1458 0.3153 0.9377
vn -0.1379 0.1382 0.9808
vn -0.0548 0.1891 0.9804
vn -0.4470 0.1476 0.8823
vn -0.7229 0.3343 0.6047
vn -0.5482 0.3343 0.7666
vn -0.5377 0.1892 0.8216
vn 0.3898 0.3343 0.8581
vn 0.5947 0.3153 0.7395
vn 0.3710 0.1382 0.9183
vn 0.4427 0.1892 0.8765
vn 0.0540 0.1476 0.9876
vn -0.3237 0.3343 0.8851
vn 0.7666 0.3343 0.5482
vn 0.8850 0.3153 0.3426
vn 0.7804 0.1382 0.6098
vn 0.8216 0.1892 0.5377
vn 0.5406 0.1476 0.8283
vn 0.1623 0.3343 0.9284
vn 0.9380 0.3343 0.0915
vn 0.9378 0.3153 -0.1452
vn 0.9808 0.1381 0.1379
vn 0.9804 0.1891 0.0548
vn 0.8823 0.1476 0.4470
vn 0.6047 0.3343 0.7229
vn 0.8581 0.3343 -0.3898
vn 0.7392 0.3152 -0.5952
vn 0.9183 0.1381 -0.3710
vn 0.8765 0.1891 -0.4427
vn 0.9876 0.1475 -0.0540
vn 0.8851 0.3343 0.3237
vn 0.5482 0.3343 -0.7666
vn 0.3427 0.3153 -0.8850
vn 0.6098 0.1382 -0.7804
vn 0.5377 0.1892 -0.8217
vn 0.8283 0.1475 -0.5406
vn 0.9284 0.3343 -0.1623
vn 0.0915 0.3343 -0.9380
vn -0.1452 0.3153 -0.9378
vn 0.1379 0.1381 -0.9808
vn 0.0548 0.1891 -0.9804
vn 0.4470 0.1475 -0.8823
vn 0.7229 0.3343 -0.6047
vn -0.3898 0.3343 -0.8581
vn -0.5947 0.3153 -0.7395
vn -0.3710 0.1382 -0.9183
vn -0.4427 0.1892 -0.8765
vn -0.0540 0.1475 -0.9876
vn 0.3237 0.3343 -0.8851
vn -0.7666 0.3343 -0.5482
vn -0.8848 0.3153 -0.3431
vn -0.7804 0.1381 -0.6098
vn -0.8216 0.1891 -0.5377
vn -0.5405 0.1475 -0.8283
vn -0.1622 0.3343 -0.9284
vn -0.9380 0.3343 -0.0915
vn -0.9378 0.3154 0.1452
vn -0.9808 0.1381 -0.1379
vn -0.9804 0.1891 -0.0549
vn -0.8823 0.1476 -0.4470
vn -0.6047 0.3343 -0.7229
vn -0.8581 0.3343 0.3898
vn -0.7394 0.3153 0.5948
vn -0.9183 0.1382 0.3710
vn -0.8765 0.1892 0.4427
vn -0.9876 0.1475 0.0540
vn -0.8851 0.3343 -0.3237
vn -0.3426 0.3153 0.8850
vn -0.6098 0.1382 0.7804
vn -0.8283 0.1476 0.5406
vn -0.9284 0.3343 0.1622
vn -0.5001 -0.0000 0.8660
vn -0.2587 -0.0000 0.9659
vn -0.3038 0.1983 0.9319
vn -0.5377 0.1887 0.8217
vn -0.0000 -0.0000 1.0000
vn -0.0548 0.1887 0.9805
vn -0.2028 -0.1983 0.9589
vn 0.0548 -0.1887 0.9805
vn -0.4428 -0.1886 0.8766
vn 0.2587 -0.0000 0.9659
vn 0.2028 0.1983 0.9589
vn 0.5001 -0.0000 0.8660
vn 0.4428 0.1886 0.8766
vn 0.3038 -0.1983 0.9319
vn 0.5377 -0.1887 0.8217
vn 0.7071 -0.0000 0.7071
vn 0.6551 0.1983 0.7290
vn 0.8660 -0.0000 0.5001
vn 0.8218 0.1886 0.5377
vn 0.7290 -0.1983 0.6551
vn 0.8766 -0.1886 0.4428
vn 0.9659 -0.0000 0.2589
vn 0.9319 0.1983 0.3038
vn 1.0000 -0.0000 -0.0000
vn 0.9805 0.1886 0.0548
vn 0.9589 -0.1983 0.2028
vn 0.9805 -0.1886 -0.0548
vn 0.9659 -0.0000 -0.2589
vn 0.9589 0.1983 -0.2028
vn 0.8661 -0.0000 -0.4999
vn 0.8766 0.1886 -0.4428
vn 0.9319 -0.1983 -0.3038
vn 0.8217 -0.1886 -0.5377
vn 0.7071 -0.0000 -0.7071
vn 0.7290 0.1983 -0.6551
vn 0.4999 -0.0000 -0.8661
vn 0.5377 0.1886 -0.8217
vn 0.6551 -0.1983 -0.7290
vn 0.4428 -0.1886 -0.8766
vn 0.2587 -0.0000 -0.9659
vn 0.3038 0.1983 -0.9319
vn -0.0000 -0.0000 -1.0000
vn 0.0548 0.1887 -0.9805
vn 0.2028 -0.1983 -0.9589
vn -0.0548 -0.1887 -0.9805
vn -0.2587 -0.0000 -0.9659
vn -0.2028 0.1982 -0.9589
vn -0.4999 -0.0000 -0.8661
vn -0.4428 0.1886 -0.8766
vn -0.3038 -0.1983 -0.9319
vn -0.5377 -0.1886 -0.8217
vn -0.7071 -0.0000 -0.7071
vn -0.6551 0.1983 -0.7290
vn -0.8661 -0.0000 -0.4999
vn -0.8217 0.1886 -0.5377
vn -0.7290 -0.1983 -0.6551
vn -0.8766 -0.1886 -0.4428
vn -0.9659 -0.0000 -0.2589
vn -0.9319 0.1983 -0.3038
vn -1.0000 -0.0000 -0.0000
vn -0.9805 0.1886 -0.0548
vn -0.9589 -0.1983 -0.2028
vn -0.9805 -0.1886 0.0548
vn -0.9659 -0.0000 0.2589
vn -0.9589 0.1983 0.2028
vn -0.8660 -0.0000 0.5001
vn -0.8766 0.1886 0.4428
vn -0.9319 -0.1983 0.3038
vn -0.8217 -0.1886 0.5377
vn -0.7071 -0.0000 0.7071
vn -0.7290 0.1983 0.6551
vn -0.6551 -0.1983 0.7290
vn -0.0000 -0.9360 -0.3519
vn -0.0000 -0.7991 -0.6012
vn 0.2276 -0.9706 -0.0784
vn 0.1892 -0.9768 -0.1007
vn 0.5130 -0.8388 -0.1822
vn 0.1665 -0.9802 0.1068
vn 0.4560 -0.8881 -0.0589
vn 0.1910 -0.9812 -0.0290
vn 0.4235 -0.9058 0.0137
vn 0.1943 -0.9809 -0.0011
vn 0.3913 -0.9156 0.0931
vn 0.2116 -0.9770 0.0247
vn 0.3397 -0.9189 0.2007
vn 0.2554 -0.9636 0.0789
vn 0.2617 -0.9113 0.3178
vn 0.3310 -0.9274 0.1744
vn 0.3151 -0.9005 0.2998
vn 0.4459 -0.8704 0.2087
vn -0.0000 0.1497 -0.9887
vn 0.6688 -0.7199 -0.1856
vn 0.7123 -0.6637 -0.2283
vn 0.7078 -0.7059 -0.0264
vn 0.7278 -0.6400 -0.2466
vn 0.6420 -0.7646 -0.0574
vn 0.6172 -0.7867 0.0125
vn 0.5659 -0.8178 0.1052
vn 0.4852 -0.8429 0.2328
vn 0.3341 -0.8819 0.3325
vn 0.2485 -0.8877 0.3875
vn -0.1892 -0.9768 -0.1007
vn -0.2276 -0.9706 -0.0784
vn -0.1666 -0.9802 0.1068
vn -0.5131 -0.8388 -0.1821
vn -0.1910 -0.9812 -0.0290
vn -0.4468 -0.8930 -0.0541
vn -0.1943 -0.9809 -0.0011
vn -0.4235 -0.9058 0.0137
vn -0.2116 -0.9770 0.0247
vn -0.3913 -0.9156 0.0931
vn -0.2554 -0.9636 0.0789
vn -0.3397 -0.9189 0.2007
vn -0.3310 -0.9274 0.1744
vn -0.2616 -0.9113 0.3178
vn -0.4459 -0.8704 0.2087
vn -0.3151 -0.9005 0.2998
vn -0.7123 -0.6637 -0.2283
vn -0.6688 -0.7199 -0.1855
vn -0.7277 -0.6400 -0.2466
vn -0.7078 -0.7060 -0.0264
vn -0.6420 -0.7646 -0.0574
vn -0.6172 -0.7867 0.0124
vn -0.5659 -0.8178 0.1052
vn -0.4852 -0.8429 0.2328
vn -0.3341 -0.8819 0.3325
vn -0.2485 -0.8877 0.3875
vn -1.0000 -0.0001 0.0006
vn -1.0000 0.0003 0.0006
vn -1.0000 0.0001 0.0006
vn -0.0000 -1.0000 0.0007
vn -0.0676 -0.9972 -0.0317
vn -0.0679 -0.9973 -0.0293
vn -0.1426 -0.9882 -0.0564
vn -0.0703 -0.9950 -0.0705
vn -0.0305 -0.9992 -0.0245
vn -0.0197 -0.9995 -0.0251
vn -0.0019 -1.0000 -0.0042
vn -0.0104 -0.9999 0.0062
vn -0.0032 -1.0000 0.0077
vn -0.0495 -0.9986 0.0208
vn -0.0214 -0.9992 0.0329
vn -0.1348 -0.9908 0.0152
vn -0.0753 -0.9954 0.0588
vn -0.2009 -0.9794 0.0197
vn -0.1422 -0.9896 0.0197
vn -1.0000 0.0004 -0.0005
vn -1.0000 0.0002 -0.0004
vn -1.0000 0.0003 -0.0004
vn -1.0000 -0.0002 0.0006
vn 0.0674 -0.9958 -0.0621
vn 0.0676 -0.9959 -0.0600
vn 1.0000 -0.0010 -0.0007
vn 0.1006 -0.9929 -0.0637
vn 0.0286 -0.9966 -0.0770
vn 0.0144 -0.9996 -0.0250
vn 0.0037 -0.9997 -0.0255
vn -0.0006 -1.0000 -0.0041
vn -0.0001 -1.0000 -0.0041
vn 0.0148 -0.9999 0.0060
vn 0.0076 -0.9999 0.0074
vn 0.0692 -0.9975 0.0132
vn 0.0412 -0.9988 0.0258
vn 0.1701 -0.9854 -0.0107
vn 0.1114 -0.9932 0.0341
vn 0.1449 -0.9892 0.0202
vn 0.1997 -0.9797 0.0202
vn 1.0000 -0.0008 0.0005
vn 1.0000 -0.0010 0.0006
vn 1.0000 -0.0009 0.0005
vn 1.0000 -0.0003 -0.0006
vn 1.0000 -0.0007 0.0005
vn -0.0000 0.6989 0.7152
vn -0.6698 0.5860 0.4559
vn -0.9775 0.2041 0.0537
vn -0.8637 0.4198 0.2790
vn -0.8994 0.3234 0.2940
vn -0.9580 0.2771 0.0736
vn -0.9794 0.2021 0.0016
vn -0.9601 0.2298 -0.1593
vn -0.9839 0.1637 0.0712
vn -0.9605 0.2707 0.0646
vn -0.9615 0.2732 -0.0293
vn -0.9604 0.2773 -0.0273
vn -0.9211 0.3408 -0.1883
vn -0.9291 0.3225 -0.1810
vn -0.9312 0.3586 -0.0656
vn -0.9208 0.2684 -0.2832
vn -0.7259 0.4348 -0.5330
vn -0.5186 0.6790 -0.5197
vn -0.7992 0.4084 -0.4411
vn -0.6338 0.5705 -0.5223
vn -0.6117 0.5384 -0.5795
vn -0.4545 0.6991 -0.5520
vn -0.9404 -0.3209 0.1127
vn -0.9331 -0.3352 0.1307
vn -0.9273 -0.2935 0.2321
vn -0.9315 -0.3165 -0.1791
vn -0.7816 -0.3519 0.5151
vn -0.9454 -0.3248 -0.0266
vn -0.9300 -0.3656 0.0388
vn -0.9320 -0.3606 0.0351
vn -0.9334 -0.3564 0.0421
vn -0.9391 -0.3431 -0.0180
vn -0.9772 -0.1291 -0.1687
vn -0.9564 -0.2509 -0.1494
vn -0.9647 0.0006 -0.2634
vn -0.9361 -0.3304 -0.1207
vn -0.6572 0.5679 -0.4955
vn -0.7592 0.3703 -0.5353
vn -0.8354 0.1144 -0.5377
vn -0.6986 0.4472 -0.5586
vn 0.8994 0.3234 0.2940
vn 0.8637 0.4197 0.2790
vn 0.9770 0.2070 0.0518
vn 0.6707 0.5843 0.4569
vn 0.9605 0.2707 0.0646
vn 0.9839 0.1636 0.0712
vn 0.9599 0.2321 -0.1574
vn 0.9781 0.2079 0.0078
vn 0.9579 0.2788 0.0686
vn 0.9604 0.2773 -0.0273
vn 0.9615 0.2728 -0.0331
vn 0.9291 0.3225 -0.1810
vn 0.9211 0.3408 -0.1883
vn 0.9208 0.2684 -0.2831
vn 0.9312 0.3585 -0.0656
vn 0.6338 0.5705 -0.5223
vn 0.7992 0.4084 -0.4411
vn 0.5186 0.6790 -0.5196
vn 0.7258 0.4349 -0.5330
vn 0.4545 0.6991 -0.5520
vn 0.6117 0.5384 -0.5795
vn 0.9402 -0.3212 0.1131
vn 0.7802 -0.3510 0.5177
vn 0.9304 -0.3195 -0.1796
vn 0.9291 -0.2871 0.2331
vn 0.9342 -0.3307 0.1335
vn 0.9393 -0.3427 -0.0142
vn 0.9325 -0.3581 0.0470
vn 0.9323 -0.3601 0.0333
vn 0.9318 -0.3608 0.0401
vn 0.9454 -0.3248 -0.0266
vn 0.9564 -0.2509 -0.1494
vn 0.9772 -0.1291 -0.1688
vn 0.9361 -0.3304 -0.1208
vn 0.9647 0.0006 -0.2634
vn 0.8354 0.1144 -0.5377
vn 0.7592 0.3704 -0.5352
vn 0.6572 0.5679 -0.4955
vn 0.6986 0.4472 -0.5585
vn -0.9322 -0.3569 0.0605
vn -0.9341 -0.3511 0.0648
vn -0.9141 -0.3650 -0.1765
vn -0.9502 -0.2594 0.1725
vn 0.9498 -0.2652 0.1662
vn 0.9341 -0.3511 0.0648
vn 0.9132 -0.3655 -0.1803
vn 0.9358 -0.3473 0.0611
vt 1.007460 0.726007
vt 0.953200 0.430593
vt 0.877862 0.726007
vt 0.837814 0.430593
vt 0.695492 0.726007
vt 0.675451 0.430593
vt 0.536055 0.726007
vt 0.533503 0.430593
vt 0.387153 0.726007
vt 0.400935 0.430593
vt 0.256442 0.726007
vt 0.284563 0.430593
vt 0.136350 0.726007
vt 0.177646 0.430593
vt 0.052063 0.726007
vt 0.102604 0.430593
vt 1.019360 0.993993
vt 0.883708 0.993993
vt 0.692826 0.993993
vt 0.525945 0.993993
vt 0.370093 0.993993
vt 0.233280 0.993993
vt 0.107583 0.993993
vt 0.019361 0.993993
vt 0.000000 0.000000
vt 0.000000 0.500000
vt 0.041667 0.500000
vt 0.041667 1.000000
vt 0.000000 1.000000
vt 0.083333 0.500000
vt 0.083333 1.000000
vt 0.041667 0.000000
vt 0.083333 0.000000
vt 0.125000 0.500000
vt 0.125000 1.000000
vt 0.166667 0.500000
vt 0.166667 1.000000
vt 0.125000 0.000000
vt 0.166667 0.000000
vt 0.208333 0.500000
vt 0.208333 1.000000
vt 0.250000 0.500000
vt 0.250000 1.000000
vt 0.208333 0.000000
vt 0.250000 0.000000
vt 0.291667 0.500000
vt 0.291667 1.000000
vt 0.333333 0.500000
vt 0.333333 1.000000
vt 0.291667 0.000000
vt 0.333333 0.000000
vt 0.375000 0.500000
vt 0.375000 1.000000
vt 0.416667 0.500000
vt 0.416667 1.000000
vt 0.375000 0.000000
vt 0.416667 0.000000
vt 0.458333 0.500000
vt 0.458333 1.000000
vt 0.500000 0.500000
vt 0.500000 1.000000
vt 0.458333 0.000000
vt 0.500000 0.000000
vt 0.541667 0.500000
vt 0.541667 1.000000
vt 0.583333 0.500000
vt 0.583333 1.000000
vt 0.541667 0.000000
vt 0.583333 0.000000
vt 0.625000 0.500000
vt 0.625000 1.000000
vt 0.666667 0.500000
vt 0.666667 1.000000
vt 0.625000 0.000000
vt 0.666667 0.000000
vt 0.708333 0.500000
vt 0.708333 1.000000
vt 0.750000 0.500000
vt 0.750000 1.000000
vt 0.708333 0.000000
vt 0.750000 0.000000
vt 0.791667 0.500000
vt 0.791667 1.000000
vt 0.833333 0.500000
vt 0.833333 1.000000
vt 0.791667 0.000000
vt 0.833333 0.000000
vt 0.875000 0.500000
vt 0.875000 1.000000
vt 0.916667 0.500000
vt 0.916667 1.000000
vt 0.875000 0.000000
vt 0.916667 0.000000
vt 0.958333 0.500000
vt 0.958333 1.000000
vt 1.000000 0.500000
vt 1.000000 1.000000
vt 0.958333 0.000000
vt 1.000000 0.000000
vt 0.959904 0.223910
vt 0.910860 0.000000
vt 0.856920 0.223910
vt 0.826328 0.000000
vt 0.712008 0.223910
vt 0.707381 0.000000
vt 0.585318 0.223910
vt 0.603391 0.000000
vt 0.467000 0.223910
vt 0.506272 0.000000
vt 0.363136 0.223910
vt 0.421018 0.000000
vt 0.267710 0.223910
vt 0.342691 0.000000
vt 0.200735 0.223910
vt 0.287716 0.000000
vt 0.786677 0.726007
vt 0.880785 0.860000
vt 0.694159 0.860000
vt 0.788267 0.993993
vt 0.787472 0.860000
s 1
usemtl HullOutside
f 11/1/1 2/2/2 1/2/2 10/1/2
f 12/3/3 3/4/4 2/2/5 11/1/6
f 13/5/7 4/6/8 3/4/9 12/3/10
f 14/7/11 5/8/12 4/6/8 13/5/7
f 15/9/13 6/10/14 5/8/12 14/7/11
f 16/11/15 7/12/16 6/10/17 15/9/18
f 17/13/19 8/14/20 7/12/21 16/11/22
f 18/15/23 9/16/24 8/14/20 17/13/19
f 26/17/25 11/1/26 10/1/25 27/17/25
f 25/18/27 12/3/28 11/1/29 26/17/30
f 24/19/31 13/5/32 12/3/28 25/18/27
f 23/20/33 14/7/34 13/5/32 24/19/31
f 22/21/35 15/9/36 14/7/34 23/20/33
f 21/22/37 16/11/38 15/9/39 22/21/40
f 20/23/41 17/13/19 16/11/42 21/22/43
f 19/24/44 18/15/23 17/13/19 20/23/41
f 29/2/2 38/1/45 37/1/2 28/2/2
f 30/4/46 39/3/47 38/1/48 29/2/49
f 31/6/50 40/5/51 39/3/52 30/4/53
f 32/8/54 41/7/55 40/5/51 31/6/50
f 33/10/56 42/9/57 41/7/55 32/8/54
f 34/12/58 43/11/59 42/9/60 33/10/61
f 35/14/62 44/13/63 43/11/64 34/12/65
f 36/16/66 45/15/67 44/13/63 35/14/62
f 38/1/68 52/17/25 27/17/25 37/1/25
f 39/3/69 51/18/70 52/17/71 38/1/72
f 40/5/73 50/19/74 51/18/70 39/3/69
f 41/7/75 49/20/76 50/19/74 40/5/73
f 42/9/77 48/21/78 49/20/76 41/7/75
f 43/11/79 47/22/80 48/21/81 42/9/82
f 44/13/63 46/23/83 47/22/84 43/11/85
f 45/15/67 19/24/86 46/23/83 44/13/63
f 54/25/87 53/25/87 75/25/87 76/25/87
f 75/25/88 53/25/89 104/25/90 170/25/91
f 104/25/92 53/25/93 54/25/94 109/25/95
f 56/25/87 55/25/87 54/25/87 76/25/87
f 54/25/94 55/25/96 107/25/97 109/25/95
f 107/25/98 55/25/99 56/25/100 115/25/101
f 58/25/87 57/25/87 56/25/87 76/25/87
f 56/25/100 57/25/102 113/25/103 115/25/101
f 113/25/104 57/25/105 58/25/106 121/25/107
f 60/25/87 59/25/87 58/25/87 76/25/87
f 58/25/106 59/25/108 119/25/109 121/25/107
f 119/25/110 59/25/111 60/25/112 127/25/113
f 62/25/87 61/25/87 60/25/87 76/25/87
f 60/25/112 61/25/114 125/25/115 127/25/113
f 125/25/116 61/25/117 62/25/118 133/25/119
f 64/25/87 63/25/87 62/25/87 76/25/87
f 62/25/118 63/25/120 131/25/121 133/25/119
f 131/25/122 63/25/123 64/25/124 139/25/125
f 66/25/87 65/25/87 64/25/87 76/25/87
f 64/25/124 65/25/126 137/25/127 139/25/125
f 137/25/128 65/25/129 66/25/130 145/25/131
f 68/25/87 67/25/87 66/25/87 76/25/87
f 66/25/130 67/25/132 143/25/133 145/25/131
f 143/25/134 67/25/135 68/25/136 151/25/137
f 70/25/87 69/25/87 68/25/87 76/25/87
f 68/25/136 69/25/138 149/25/139 151/25/137
f 149/25/140 69/25/141 70/25/142 157/25/143
f 72/25/87 71/25/87 70/25/87 76/25/87
f 70/25/142 71/25/144 155/25/145 157/25/143
f 155/25/146 71/25/147 72/25/148 163/25/149
f 74/25/87 73/25/87 72/25/87 76/25/87
f 72/25/148 73/25/150 161/25/151 163/25/149
f 161/25/152 73/25/153 74/25/154 172/25/155
f 75/25/87 77/25/87 74/25/87 76/25/87
f 74/25/154 77/25/156 169/25/157 172/25/155
f 169/25/158 77/25/159 75/25/88 170/25/91
f 99/25/160 78/25/160 79/25/160 101/25/160
f 79/25/161 78/25/162 103/25/163 110/25/164
f 103/25/165 78/25/166 99/25/167 168/25/168
f 79/25/160 80/25/160 81/25/160 101/25/160
f 81/25/169 80/25/170 106/25/171 116/25/172
f 106/25/173 80/25/174 79/25/161 110/25/164
f 81/25/160 82/25/160 83/25/160 101/25/160
f 83/25/175 82/25/176 112/25/177 122/25/178
f 112/25/179 82/25/180 81/25/169 116/25/172
f 83/25/160 84/25/160 85/25/160 101/25/160
f 85/25/181 84/25/182 118/25/183 128/25/184
f 118/25/185 84/25/186 83/25/175 122/25/178
f 85/25/160 86/25/160 87/25/160 101/25/160
f 87/25/187 86/25/188 124/25/189 134/25/190
f 124/25/191 86/25/192 85/25/181 128/25/184
f 87/25/160 88/25/160 89/25/160 101/25/160
f 89/25/193 88/25/194 130/25/195 140/25/196
f 130/25/197 88/25/198 87/25/187 134/25/190
f 89/25/160 90/25/160 91/25/160 101/25/160
f 91/25/199 90/25/200 136/25/201 146/25/202
f 136/25/203 90/25/204 89/25/193 140/25/196
f 91/25/160 92/25/160 93/25/160 101/25/160
f 93/25/205 92/25/206 142/25/207 152/25/208
f 142/25/209 92/25/210 91/25/199 146/25/202
f 93/25/160 94/25/160 95/25/160 101/25/160
f 95/25/211 94/25/212 148/25/213 158/25/214
f 148/25/215 94/25/216 93/25/205 152/25/208
f 95/25/160 96/25/160 97/25/160 101/25/160
f 97/25/217 96/25/218 154/25/219 164/25/220
f 154/25/221 96/25/222 95/25/211 158/25/214
f 97/25/160 98/25/160 100/25/160 101/25/160
f 100/25/223 98/25/224 160/25/225 173/25/226
f 160/25/227 98/25/228 97/25/217 164/25/220
f 100/25/160 102/25/160 99/25/160 101/25/160
f 99/25/167 102/25/229 166/25/230 168/25/168
f 166/25/231 102/25/232 100/25/223 173/25/226
f 167/26/233 105/27/234 103/28/235 168/29/236
f 103/28/235 105/27/234 108/30/237 110/31/238
f 108/30/237 105/27/234 104/32/239 109/33/240
f 104/32/239 105/27/234 167/26/233 170/25/241
f 108/30/237 111/34/242 106/35/243 110/31/238
f 106/35/243 111/34/242 114/36/244 116/37/245
f 114/36/244 111/34/242 107/38/246 115/39/247
f 107/38/246 111/34/242 108/30/237 109/33/240
f 114/36/244 117/40/248 112/41/249 116/37/245
f 112/41/249 117/40/248 120/42/250 122/43/251
f 120/42/250 117/40/248 113/44/252 121/45/253
f 113/44/252 117/40/248 114/36/244 115/39/247
f 120/42/250 123/46/254 118/47/255 122/43/251
f 118/47/255 123/46/254 126/48/256 128/49/257
f 126/48/256 123/46/254 119/50/258 127/51/259
f 119/50/258 123/46/254 120/42/250 121/45/253
f 126/48/256 129/52/260 124/53/261 128/49/257
f 124/53/261 129/52/260 132/54/262 134/55/263
f 132/54/262 129/52/260 125/56/264 133/57/265
f 125/56/264 129/52/260 126/48/256 127/51/259
f 132/54/262 135/58/266 130/59/267 134/55/263
f 130/59/267 135/58/266 138/60/268 140/61/269
f 138/60/268 135/58/266 131/62/270 139/63/271
f 131/62/270 135/58/266 132/54/262 133/57/265
f 138/60/268 141/64/272 136/65/273 140/61/269
f 136/65/273 141/64/272 144/66/274 146/67/275
f 144/66/274 141/64/272 137/68/276 145/69/277
f 137/68/276 141/64/272 138/60/268 139/63/271
f 144/66/274 147/70/278 142/71/279 146/67/275
f 142/71/279 147/70/278 150/72/280 152/73/281
f 150/72/280 147/70/278 143/74/282 151/75/283
f 143/74/282 147/70/278 144/66/274 145/69/277
f 150/72/280 153/76/284 148/77/285 152/73/281
f 148/77/285 153/76/284 156/78/286 158/79/287
f 156/78/286 153/76/284 149/80/288 157/81/289
f 149/80/288 153/76/284 150/72/280 151/75/283
f 156/78/286 159/82/290 154/83/291 158/79/287
f 154/83/291 159/82/290 162/84/292 164/85/293
f 162/84/292 159/82/290 155/86/294 163/87/295
f 155/86/294 159/82/290 156/78/286 157/81/289
f 162/84/292 165/88/296 160/89/297 164/85/293
f 160/89/297 165/88/296 171/90/298 173/91/299
f 171/90/298 165/88/296 161/92/300 172/93/301
f 161/92/300 165/88/296 162/84/292 163/87/295
f 171/90/298 174/94/302 166/95/303 173/91/299
f 166/95/303 174/94/302 167/96/233 168/97/236
f 167/96/233 174/94/302 169/98/304 170/99/241
f 169/98/304 174/94/302 171/90/298 172/93/301
f 185/100/305 176/101/306 175/101/306 184/100/306
f 186/102/307 177/103/308 176/101/309 185/100/310
f 187/104/311 178/105/312 177/103/308 186/102/307
f 188/106/313 179/107/314 178/105/312 187/104/311
f 189/108/315 180/109/316 179/107/314 188/106/313
f 190/110/317 181/111/318 180/109/316 189/108/315
f 191/112/319 182/113/320 181/111/318 190/110/317
f 192/114/321 183/115/322 182/113/320 191/112/319
f 194/2/323 185/100/323 184/100/323 193/2/323
f 195/4/324 186/102/325 185/100/326 194/2/327
f 196/6/328 187/104/311 186/102/325 195/4/324
f 197/8/329 188/106/313 187/104/311 196/6/328
f 198/10/330 189/108/315 188/106/313 197/8/329
f 199/12/331 190/110/317 189/108/315 198/10/330
f 200/14/332 191/112/319 190/110/317 199/12/331
f 201/16/333 192/114/321 191/112/319 200/14/332
f 203/101/306 212/100/305 211/100/306 202/101/306
f 204/103/334 213/102/335 212/100/336 203/101/337
f 205/105/338 214/104/339 213/102/335 204/103/334
f 206/107/340 215/106/341 214/104/339 205/105/338
f 207/109/342 216/108/343 215/106/341 206/107/340
f 208/111/344 217/110/345 216/108/343 207/109/342
f 209/113/346 218/112/347 217/110/345 208/111/344
f 210/115/348 219/114/349 218/112/347 209/113/346
f 212/100/323 221/2/323 220/2/323 211/100/323
f 213/102/350 222/4/351 221/2/352 212/100/353
f 214/104/339 223/6/354 222/4/351 213/102/350
f 215/106/341 224/8/355 223/6/354 214/104/339
f 216/108/343 225/10/356 224/8/355 215/106/341
f 217/110/345 226/12/357 225/10/356 216/108/343
f 218/112/347 227/14/358 226/12/357 217/110/345
f 219/114/349 228/16/359 227/14/358 218/112/347
f 252/25/360 243/25/361 268/25/361 267/25/362
f 243/25/363 244/25/364 269/25/365 268/25/363
f 244/25/364 245/25/366 270/25/367 269/25/365
f 245/25/366 246/25/368 271/25/369 270/25/367
f 246/25/368 247/25/370 272/25/370 271/25/369
f 247/25/370 248/25/371 273/25/372 272/25/370
f 248/25/371 249/25/373 274/25/374 273/25/372
f 249/25/373 250/25/375 275/25/376 274/25/374
f 250/25/375 251/25/377 276/25/378 275/25/376
f 251/25/379 253/25/380 277/25/381 276/25/379
f 255/25/382 252/25/360 267/25/362 279/25/382
f 253/25/380 254/25/380 286/25/380 277/25/381
f 257/25/383 256/25/363 288/25/363 287/25/384
f 256/25/385 265/25/385 289/25/385 288/25/385
f 258/25/386 257/25/383 287/25/384 290/25/387
f 259/25/388 258/25/386 290/25/387 291/25/389
f 260/25/390 259/25/388 291/25/389 292/25/391
f 261/25/392 260/25/390 292/25/391 293/25/393
f 262/25/394 261/25/392 293/25/393 294/25/395
f 263/25/396 262/25/394 294/25/395 295/25/397
f 264/25/398 263/25/396 295/25/397 296/25/399
f 266/25/400 264/25/401 296/25/401 297/25/402
f 265/25/403 255/25/403 279/25/403 289/25/403
f 254/25/404 266/25/400 297/25/402 286/25/404
f 242/1/405 267/1/405 268/2/405 269/2/405
f 241/3/406 242/1/407 269/2/408 270/4/409
f 240/5/410 305/116/411 241/3/412 270/4/413 271/6/414
f 239/7/415 240/5/410 271/6/414 272/8/416
f 238/9/417 239/7/415 272/8/416 273/10/418
f 237/11/419 238/9/417 273/10/418 274/12/420
f 236/13/421 237/11/422 274/12/423 275/14/424
f 277/15/425 236/13/421 275/14/424 276/16/426
f 311/117/427 280/18/428 278/17/429 242/1/430 241/3/431
f 282/20/432 281/19/433 308/118/434 240/5/435 239/7/436
f 283/21/437 282/20/432 239/7/436 238/9/438
f 284/22/439 283/21/437 238/9/438 237/11/440
f 285/23/441 284/22/442 237/11/443 236/13/421
f 286/24/444 285/23/441 236/13/421 277/15/425
f 287/2/405 288/2/405 289/1/405 235/1/405
f 290/4/445 287/2/446 235/1/447 234/3/448
f 291/6/449 290/4/450 234/3/451 309/116/452 233/5/453
f 292/8/454 291/6/449 233/5/453 232/7/455
f 293/10/456 292/8/454 232/7/455 231/9/457
f 294/12/458 293/10/456 231/9/457 230/11/459
f 295/14/460 294/12/461 230/11/462 229/13/463
f 296/16/464 295/14/460 229/13/463 297/15/465
f 306/117/466 234/3/467 235/1/468 298/17/469 299/18/470
f 232/7/471 233/5/472 312/118/473 300/19/474 301/20/475
f 231/9/476 232/7/471 301/20/475 302/21/477
f 230/11/478 231/9/476 302/21/477 303/22/479
f 229/13/463 230/11/480 303/22/481 304/23/482
f 297/15/465 229/13/463 304/23/482 286/24/483
f 308/118/434 281/19/433 310/119/484 313/120/485
f 310/119/484 280/18/428 311/117/427 313/120/485
f 311/117/427 241/3/486 305/116/487 313/120/485
f 305/116/487 240/5/435 308/118/434 313/120/485
f 312/118/473 233/5/472 309/116/488 314/120/489
f 309/116/488 234/3/490 306/117/466 314/120/489
f 306/117/466 299/18/470 307/119/491 314/120/489
f 307/119/491 300/19/474 312/118/473 314/120/489
o Motor_Boat_Hull.001
v -0.949191 0.749845 2.057070
v -0.943776 0.751187 2.088780
v -0.935828 0.749828 2.119950
v -0.918260 0.751121 2.118660
v -0.901695 0.749722 2.112690
v -0.907102 0.751073 2.080980
v -0.932618 0.751139 2.051100
v -0.925435 0.752561 2.084880
v -0.915058 0.749739 2.049820
v -0.976456 0.721757 2.059730
v -0.972254 0.721757 2.094820
v -0.961822 0.721738 2.128580
v -0.950590 0.745875 2.120640
v -0.961927 0.730958 2.128720
v -0.958736 0.739294 2.124810
v -0.962958 0.745891 2.062440
v -0.968321 0.739901 2.093990
v -0.959085 0.746963 2.092030
v -0.976603 0.730976 2.059660
v -0.972403 0.731124 2.094860
v -0.972099 0.739311 2.061940
v -0.874607 0.721468 2.110050
v -0.878809 0.721468 2.074960
v -0.889241 0.721486 2.041190
v -0.900321 0.745696 2.049130
v -0.889075 0.730705 2.041060
v -0.892214 0.739063 2.044960
v -0.887953 0.745681 2.107320
v -0.882626 0.739635 2.075780
v -0.891819 0.746755 2.077730
v -0.874399 0.730686 2.110110
v -0.878598 0.730833 2.074920
v -0.878851 0.739046 2.107830
v -0.946380 0.721701 2.155290
v -0.927148 0.721649 2.169190
v -0.877854 0.721489 2.140720
v -0.907239 0.721589 2.170960
v -0.889770 0.721533 2.161250
v -0.897398 0.745721 2.139220
v -0.881897 0.738477 2.135920
v -0.888408 0.743516 2.128280
v -0.889624 0.730751 2.161520
v -0.877676 0.730560 2.140900
v -0.892771 0.739106 2.154840
v -0.944534 0.738671 2.149230
v -0.928989 0.745819 2.145930
v -0.941665 0.743681 2.139600
v -0.908698 0.739747 2.163820
v -0.912284 0.746842 2.146840
v -0.927110 0.730868 2.169490
v -0.907138 0.730955 2.171290
v -0.946415 0.730773 2.155510
v -0.926904 0.739212 2.162090
v -0.904683 0.721523 2.014490
v -0.923915 0.721576 2.000590
v -0.973209 0.721735 2.029050
v -0.943824 0.721636 1.998820
v -0.961293 0.721692 2.008530
v -0.953512 0.745850 2.030550
v -0.969057 0.738702 2.033850
v -0.962515 0.743707 2.041490
v -0.961378 0.730911 2.008250
v -0.973327 0.730808 2.028880
v -0.958179 0.739251 2.014930
v -0.906420 0.738508 2.020540
v -0.921921 0.745752 2.023830
v -0.909258 0.743542 2.030170
v -0.942248 0.739789 2.005950
v -0.938620 0.746875 2.022920
v -0.923892 0.730795 2.000290
v -0.943863 0.731002 1.998490
v -0.904588 0.730595 2.014270
v -0.924046 0.739146 2.007680
v -0.907195 0.698479 2.062660
v -0.891948 0.713073 2.044420
v -0.901815 0.702615 2.056230
v -0.896436 0.707131 2.049780
v -0.878394 0.713056 2.108190
v -0.888057 0.707116 2.076910
v -0.882286 0.713056 2.075690
v -0.884681 0.707117 2.105100
v -0.892219 0.702603 2.101380
v -0.901893 0.698470 2.079820
v -0.894975 0.702603 2.078370
v -0.899758 0.698470 2.097660
v -0.943811 0.698584 2.046060
v -0.958685 0.713264 2.014160
v -0.949063 0.702750 2.034810
v -0.954315 0.707296 2.023550
v -0.908841 0.707161 2.028330
v -0.924065 0.713156 2.006800
v -0.906251 0.713107 2.019680
v -0.940282 0.707251 2.015750
v -0.942505 0.713211 2.005170
v -0.924290 0.707203 2.017170
v -0.915042 0.698498 2.049090
v -0.924553 0.702674 2.029600
v -0.911941 0.702639 2.038710
v -0.934933 0.698555 2.041130
v -0.937607 0.702713 2.028440
v -0.924816 0.698525 2.042030
v -0.944080 0.698607 2.107080
v -0.959175 0.713306 2.125360
v -0.949410 0.702780 2.113530
v -0.954740 0.707334 2.119980
v -0.963886 0.707331 2.040030
v -0.972730 0.713324 2.061580
v -0.969722 0.713304 2.033170
v -0.963119 0.707349 2.092860
v -0.968837 0.713324 2.094090
v -0.966495 0.707348 2.064670
v -0.949867 0.698606 2.056490
v -0.959006 0.702792 2.068380
v -0.956876 0.702778 2.048260
v -0.949382 0.698617 2.089920
v -0.956250 0.702793 2.091390
v -0.951517 0.698617 2.072080
v -0.901408 0.698481 2.113250
v -0.907464 0.698503 2.123680
v -0.892438 0.713116 2.155610
v -0.887290 0.707134 2.129740
v -0.881402 0.713076 2.136610
v -0.902162 0.702646 2.134950
v -0.894349 0.702617 2.121490
v -0.896861 0.707169 2.146220
v -0.942336 0.707304 2.141440
v -0.927059 0.713223 2.162970
v -0.944873 0.713272 2.150090
v -0.910894 0.707214 2.154020
v -0.908619 0.713168 2.164610
v -0.926886 0.707262 2.152600
v -0.936233 0.698589 2.120650
v -0.926672 0.702722 2.140160
v -0.939284 0.702756 2.131040
v -0.916341 0.698531 2.128610
v -0.913618 0.702683 2.141320
v -0.926459 0.698562 2.127710
v -0.916259 0.669587 2.073380
v -0.911685 0.693678 2.068030
v -0.915771 0.679088 2.072850
v -0.914395 0.687167 2.071240
v -0.906047 0.693671 2.094550
v -0.911146 0.687161 2.081760
v -0.907666 0.693671 2.081040
v -0.909837 0.687161 2.092690
v -0.911753 0.679083 2.091760
v -0.913523 0.669582 2.082240
v -0.912907 0.679083 2.082120
v -0.912421 0.669582 2.091440
v -0.935158 0.669640 2.064810
v -0.939442 0.693757 2.055450
v -0.935556 0.679145 2.063880
v -0.936837 0.687231 2.061070
v -0.919204 0.687178 2.062930
v -0.925043 0.693713 2.052380
v -0.917633 0.693692 2.057740
v -0.931396 0.687213 2.058050
v -0.932712 0.693736 2.051700
v -0.925195 0.687195 2.058600
v -0.920310 0.669596 2.066380
v -0.925292 0.679113 2.061700
v -0.920011 0.679098 2.065520
v -0.930576 0.669626 2.062270
v -0.930759 0.679129 2.061210
v -0.925354 0.669610 2.062730
v -0.935297 0.669653 2.096300
v -0.939646 0.693775 2.101700
v -0.935701 0.679158 2.096850
v -0.937002 0.687245 2.098460
v -0.940549 0.687244 2.067460
v -0.945284 0.693782 2.075170
v -0.944033 0.693774 2.063350
v -0.940251 0.687251 2.087950
v -0.943665 0.693783 2.088690
v -0.941560 0.687251 2.077020
v -0.938284 0.669652 2.070200
v -0.939719 0.679163 2.077940
v -0.938828 0.679157 2.069520
v -0.938033 0.669658 2.087450
v -0.938565 0.679163 2.087570
v -0.939135 0.669657 2.078240
v -0.913273 0.669587 2.099490
v -0.916398 0.669599 2.104870
v -0.911888 0.693696 2.114280
v -0.910848 0.687168 2.102250
v -0.907298 0.693679 2.106370
v -0.915916 0.679101 2.105820
v -0.912644 0.679089 2.100180
v -0.914560 0.687181 2.108640
v -0.932192 0.687234 2.106780
v -0.926288 0.693741 2.117340
v -0.933697 0.693761 2.111980
v -0.920001 0.687199 2.111660
v -0.918618 0.693718 2.118020
v -0.926202 0.687217 2.111110
v -0.931247 0.669643 2.103310
v -0.926180 0.679133 2.108000
v -0.931461 0.679148 2.104180
v -0.920980 0.669614 2.107420
v -0.920713 0.679117 2.108480
v -0.926202 0.669629 2.106950
v -0.914666 0.623519 2.071210
v -0.916305 0.658805 2.073370
v -0.915958 0.634802 2.072830
v -0.916354 0.646887 2.073370
v -0.912467 0.658800 2.091430
v -0.913618 0.646882 2.082220
v -0.913569 0.658800 2.082230
v -0.912516 0.646882 2.091430
v -0.911939 0.634797 2.091730
v -0.911417 0.623513 2.081730
v -0.913093 0.634797 2.082100
v -0.910108 0.623513 2.092650
v -0.937109 0.623583 2.061030
v -0.935204 0.658859 2.064810
v -0.935743 0.634858 2.063860
v -0.935253 0.646941 2.064800
v -0.920405 0.646897 2.066360
v -0.925400 0.658828 2.062720
v -0.920355 0.658815 2.066370
v -0.930671 0.646926 2.062250
v -0.930622 0.658844 2.062260
v -0.925449 0.646911 2.062720
v -0.919476 0.623530 2.062890
v -0.925479 0.634827 2.061680
v -0.920198 0.634812 2.065490
v -0.931668 0.623565 2.058010
v -0.930946 0.634843 2.061190
v -0.925467 0.623547 2.058560
v -0.937274 0.623597 2.098430
v -0.935343 0.658871 2.096300
v -0.935888 0.634871 2.096820
v -0.935392 0.646953 2.096290
v -0.938379 0.646952 2.070180
v -0.939181 0.658876 2.078240
v -0.938329 0.658870 2.070190
v -0.938128 0.646958 2.087430
v -0.938079 0.658876 2.087440
v -0.939231 0.646958 2.078230
v -0.940821 0.623596 2.067430
v -0.939906 0.634876 2.077920
v -0.939015 0.634870 2.069490
v -0.940523 0.623603 2.087910
v -0.938753 0.634876 2.087550
v -0.941832 0.623603 2.076980
v -0.911120 0.623520 2.102210
v -0.914831 0.623533 2.108600
v -0.916444 0.658817 2.104860
v -0.913368 0.646888 2.099470
v -0.913318 0.658806 2.099480
v -0.916103 0.634815 2.105790
v -0.912831 0.634803 2.100160
v -0.916493 0.646900 2.104860
v -0.931342 0.646944 2.103290
v -0.926248 0.658848 2.106950
v -0.931293 0.658862 2.103300
v -0.921075 0.646914 2.107400
v -0.921026 0.658832 2.107410
v -0.926297 0.646930 2.106940
v -0.932464 0.623586 2.106750
v -0.926367 0.634847 2.107970
v -0.931648 0.634861 2.104150
v -0.920273 0.623551 2.111630
v -0.920900 0.634830 2.108460
v -0.926474 0.623569 2.111080
v -0.896944 0.598794 2.049700
v -0.912031 0.614006 2.067980
v -0.902275 0.602422 2.056150
v -0.907602 0.607233 2.062600
v -0.906393 0.613999 2.094500
v -0.902301 0.607224 2.079760
v -0.908012 0.613999 2.080990
v -0.900166 0.607224 2.097590
v -0.892680 0.602410 2.101300
v -0.888564 0.598779 2.076820
v -0.895435 0.602410 2.078290
v -0.885189 0.598779 2.105010
v -0.954823 0.598959 2.023460
v -0.939789 0.614085 2.055400
v -0.949524 0.602557 2.034730
v -0.944220 0.607338 2.046000
v -0.915450 0.607252 2.049030
v -0.925389 0.614041 2.052330
v -0.917980 0.614020 2.057690
v -0.935342 0.607309 2.041060
v -0.933059 0.614064 2.051650
v -0.925224 0.607279 2.041960
v -0.909348 0.598824 2.028250
v -0.925013 0.602481 2.029520
v -0.912401 0.602446 2.038640
v -0.940790 0.598914 2.015660
v -0.938068 0.602520 2.028360
v -0.924797 0.598866 2.017080
v -0.955248 0.598996 2.119900
v -0.939993 0.614103 2.101650
v -0.949871 0.602587 2.113450
v -0.944489 0.607361 2.107010
v -0.950276 0.607360 2.056430
v -0.945631 0.614110 2.075120
v -0.944380 0.614102 2.063300
v -0.949790 0.607371 2.089850
v -0.944012 0.614110 2.088640
v -0.951926 0.607371 2.072020
v -0.964394 0.598994 2.039950
v -0.959467 0.602599 2.068300
v -0.957337 0.602585 2.048190
v -0.963627 0.599012 2.092770
v -0.956711 0.602599 2.091310
v -0.967003 0.599011 2.064590
v -0.887797 0.598796 2.129650
v -0.897369 0.598831 2.146130
v -0.912235 0.614024 2.114230
v -0.901816 0.607235 2.113180
v -0.907644 0.614007 2.106320
v -0.902623 0.602452 2.134870
v -0.894809 0.602424 2.121410
v -0.907872 0.607257 2.123610
v -0.936641 0.607343 2.120580
v -0.926635 0.614069 2.117290
v -0.934044 0.614089 2.111930
v -0.916750 0.607285 2.128540
v -0.918965 0.614046 2.117970
v -0.926867 0.607316 2.127650
v -0.942844 0.598967 2.141350
v -0.927133 0.602528 2.140080
v -0.939745 0.602563 2.130960
v -0.911402 0.598877 2.153930
v -0.914078 0.602489 2.141240
v -0.927395 0.598925 2.152510
v -0.892906 0.585501 2.044920
v -0.892502 0.595572 2.044330
v -0.889727 0.588468 2.041000
v -0.889845 0.591977 2.041120
v -0.878948 0.595555 2.108100
v -0.879413 0.591958 2.074880
v -0.882840 0.595555 2.075600
v -0.875211 0.591959 2.109970
v -0.875051 0.588449 2.110050
v -0.883320 0.585282 2.075740
v -0.879251 0.588398 2.074860
v -0.879543 0.585484 2.107790
v -0.958871 0.585689 2.014890
v -0.959240 0.595762 2.014070
v -0.962030 0.588674 2.008190
v -0.961897 0.592183 2.008450
v -0.905287 0.592014 2.014410
v -0.924619 0.595655 2.006720
v -0.906805 0.595606 2.019590
v -0.944428 0.592126 1.998740
v -0.943059 0.595710 2.005080
v -0.924519 0.592067 2.000510
v -0.907109 0.585737 2.020500
v -0.924544 0.588558 2.000230
v -0.905239 0.588555 2.014210
v -0.942943 0.585436 2.005920
v -0.944516 0.588567 1.998430
v -0.924738 0.585584 2.007640
v -0.959428 0.585732 2.124770
v -0.959730 0.595805 2.125270
v -0.962579 0.588720 2.128660
v -0.962427 0.592229 2.128510
v -0.973813 0.592226 2.028980
v -0.973284 0.595822 2.061500
v -0.970277 0.595803 2.033080
v -0.972859 0.592248 2.094740
v -0.969392 0.595823 2.094000
v -0.977061 0.592248 2.059650
v -0.969746 0.585931 2.033810
v -0.977255 0.588739 2.059600
v -0.973979 0.588768 2.028820
v -0.969016 0.585548 2.093950
v -0.973056 0.588689 2.094800
v -0.972791 0.585749 2.061900
v -0.882586 0.585706 2.135880
v -0.893463 0.585544 2.154800
v -0.892992 0.595615 2.155530
v -0.878458 0.591980 2.140650
v -0.881956 0.595575 2.136520
v -0.890276 0.588514 2.161460
v -0.878327 0.588521 2.140840
v -0.890374 0.592024 2.161170
v -0.946985 0.592192 2.155210
v -0.927613 0.595722 2.162880
v -0.945427 0.595771 2.150010
v -0.907844 0.592080 2.170880
v -0.909173 0.595667 2.164520
v -0.927752 0.592139 2.169120
v -0.945224 0.585900 2.149190
v -0.927763 0.588630 2.169430
v -0.947067 0.588734 2.155450
v -0.909393 0.585394 2.163780
v -0.907791 0.588520 2.171230
v -0.927596 0.585650 2.162050
v -0.954234 0.583417 2.030520
v -0.963680 0.583457 2.062420
v -0.963228 0.584193 2.041460
v -0.949931 0.582044 2.057060
v -0.901043 0.583263 2.049110
v -0.922643 0.583319 2.023810
v -0.909971 0.584028 2.030140
v -0.933365 0.581530 2.051090
v -0.939347 0.583001 2.022900
v -0.915799 0.581938 2.049800
v -0.898120 0.583288 2.139200
v -0.888675 0.583247 2.107300
v -0.889120 0.584002 2.128250
v -0.907848 0.581464 2.080970
v -0.892545 0.582880 2.077710
v -0.902436 0.581921 2.112680
v -0.951312 0.583442 2.120610
v -0.929711 0.583386 2.145910
v -0.942377 0.584167 2.139570
v -0.919006 0.581512 2.118650
v -0.913011 0.582968 2.146820
v -0.944523 0.581578 2.088770
v -0.926188 0.581030 2.084870
v -0.959813 0.583089 2.092010
v -0.936568 0.582027 2.119930
v 0.935828 0.749828 2.119950
v 0.943776 0.751187 2.088780
v 0.949191 0.749845 2.057070
v 0.932618 0.751139 2.051100
v 0.915058 0.749739 2.049820
v 0.907102 0.751073 2.080980
v 0.918260 0.751121 2.118660
v 0.925435 0.752561 2.084880
v 0.901695 0.749722 2.112690
v 0.961822 0.721738 2.128580
v 0.972254 0.721757 2.094820
v 0.976456 0.721757 2.059730
v 0.962958 0.745891 2.062440
v 0.976603 0.730976 2.059660
v 0.972099 0.739311 2.061940
v 0.950590 0.745875 2.120640
v 0.968321 0.739901 2.093990
v 0.959085 0.746963 2.092030
v 0.961927 0.730958 2.128720
v 0.972403 0.731124 2.094860
v 0.958736 0.739294 2.124810
v 0.889241 0.721487 2.041190
v 0.878809 0.721468 2.074960
v 0.874607 0.721468 2.110050
v 0.887952 0.745681 2.107320
v 0.874399 0.730687 2.110110
v 0.878851 0.739047 2.107830
v 0.900321 0.745697 2.049130
v 0.882626 0.739635 2.075780
v 0.891819 0.746755 2.077730
v 0.889075 0.730705 2.041060
v 0.878598 0.730833 2.074920
v 0.892214 0.739064 2.044960
v 0.877854 0.721489 2.140720
v 0.889770 0.721533 2.161250
v 0.946380 0.721702 2.155290
v 0.907239 0.721589 2.170960
v 0.927148 0.721649 2.169190
v 0.928989 0.745819 2.145930
v 0.944534 0.738671 2.149230
v 0.941665 0.743681 2.139600
v 0.927110 0.730868 2.169490
v 0.946415 0.730774 2.155510
v 0.926904 0.739212 2.162090
v 0.881897 0.738477 2.135920
v 0.897398 0.745721 2.139220
v 0.888408 0.743516 2.128280
v 0.908698 0.739747 2.163820
v 0.912284 0.746842 2.146840
v 0.889624 0.730752 2.161520
v 0.907138 0.730955 2.171290
v 0.877676 0.730561 2.140900
v 0.892771 0.739106 2.154840
v 0.973209 0.721736 2.029050
v 0.961293 0.721692 2.008530
v 0.904683 0.721523 2.014490
v 0.943824 0.721636 1.998820
v 0.923915 0.721576 2.000590
v 0.921921 0.745752 2.023830
v 0.906420 0.738508 2.020540
v 0.909259 0.743542 2.030170
v 0.923892 0.730795 2.000290
v 0.904588 0.730595 2.014270
v 0.924046 0.739146 2.007680
v 0.969057 0.738702 2.033850
v 0.953512 0.745850 2.030550
v 0.962515 0.743707 2.041490
v 0.942248 0.739789 2.005950
v 0.938620 0.746876 2.022920
v 0.961378 0.730911 2.008250
v 0.943863 0.731002 1.998490
v 0.973327 0.730808 2.028880
v 0.958179 0.739252 2.014930
v 0.891948 0.713073 2.044420
v 0.896436 0.707132 2.049780
v 0.901815 0.702615 2.056230
v 0.907195 0.698479 2.062660
v 0.901893 0.698470 2.079820
v 0.899758 0.698470 2.097660
v 0.878394 0.713056 2.108190
v 0.892219 0.702603 2.101380
v 0.888057 0.707116 2.076910
v 0.894975 0.702603 2.078370
v 0.882286 0.713056 2.075690
v 0.884681 0.707117 2.105090
v 0.958685 0.713264 2.014160
v 0.954315 0.707296 2.023550
v 0.949063 0.702750 2.034810
v 0.943811 0.698584 2.046060
v 0.915042 0.698498 2.049090
v 0.934933 0.698555 2.041130
v 0.924816 0.698525 2.042030
v 0.924065 0.713156 2.006800
v 0.908841 0.707161 2.028330
v 0.906251 0.713107 2.019680
v 0.924553 0.702674 2.029600
v 0.911941 0.702639 2.038710
v 0.940282 0.707251 2.015750
v 0.937607 0.702713 2.028440
v 0.942505 0.713212 2.005170
v 0.924290 0.707203 2.017170
v 0.959175 0.713307 2.125360
v 0.954740 0.707334 2.119980
v 0.949410 0.702780 2.113530
v 0.944080 0.698607 2.107080
v 0.949867 0.698606 2.056490
v 0.949382 0.698617 2.089920
v 0.951517 0.698617 2.072080
v 0.972730 0.713324 2.061580
v 0.963886 0.707332 2.040030
v 0.969722 0.713304 2.033170
v 0.959006 0.702792 2.068380
v 0.956876 0.702779 2.048260
v 0.963119 0.707349 2.092860
v 0.956250 0.702793 2.091390
v 0.968838 0.713324 2.094090
v 0.966495 0.707349 2.064670
v 0.887290 0.707134 2.129740
v 0.892438 0.713116 2.155610
v 0.881402 0.713076 2.136610
v 0.896861 0.707169 2.146220
v 0.901408 0.698481 2.113250
v 0.902162 0.702646 2.134950
v 0.894349 0.702617 2.121490
v 0.907464 0.698503 2.123680
v 0.936233 0.698589 2.120650
v 0.916341 0.698532 2.128610
v 0.926459 0.698562 2.127710
v 0.927059 0.713224 2.162970
v 0.942336 0.707304 2.141440
v 0.944873 0.713273 2.150090
v 0.926672 0.702722 2.140160
v 0.939284 0.702756 2.131040
v 0.910894 0.707214 2.154020
v 0.913618 0.702683 2.141320
v 0.908619 0.713169 2.164610
v 0.926886 0.707262 2.152600
v 0.911685 0.693678 2.068030
v 0.914395 0.687167 2.071240
v 0.915771 0.679088 2.072850
v 0.916259 0.669587 2.073380
v 0.913523 0.669582 2.082240
v 0.912421 0.669582 2.091440
v 0.906047 0.693671 2.094550
v 0.911753 0.679083 2.091760
v 0.911146 0.687161 2.081760
v 0.912907 0.679083 2.082120
v 0.907666 0.693671 2.081040
v 0.909837 0.687161 2.092690
v 0.939442 0.693757 2.055450
v 0.936837 0.687231 2.061070
v 0.935556 0.679145 2.063880
v 0.935158 0.669641 2.064810
v 0.920310 0.669596 2.066380
v 0.930576 0.669626 2.062270
v 0.925354 0.669610 2.062730
v 0.925043 0.693713 2.052380
v 0.919204 0.687178 2.062930
v 0.917633 0.693692 2.057740
v 0.925292 0.679113 2.061700
v 0.920011 0.679099 2.065520
v 0.931396 0.687213 2.058050
v 0.930759 0.679129 2.061210
v 0.932712 0.693736 2.051700
v 0.925195 0.687195 2.058600
v 0.939646 0.693775 2.101700
v 0.937002 0.687245 2.098460
v 0.935701 0.679158 2.096850
v 0.935297 0.669653 2.096300
v 0.938284 0.669652 2.070200
v 0.938033 0.669658 2.087450
v 0.939135 0.669658 2.078240
v 0.945284 0.693782 2.075170
v 0.940549 0.687244 2.067460
v 0.944033 0.693774 2.063350
v 0.939719 0.679163 2.077940
v 0.938828 0.679157 2.069520
v 0.940251 0.687251 2.087950
v 0.938565 0.679163 2.087570
v 0.943665 0.693783 2.088690
v 0.941560 0.687251 2.077020
v 0.910848 0.687168 2.102250
v 0.911888 0.693696 2.114280
v 0.907298 0.693679 2.106370
v 0.914559 0.687181 2.108640
v 0.913273 0.669588 2.099490
v 0.915916 0.679101 2.105810
v 0.912644 0.679089 2.100180
v 0.916398 0.669599 2.104870
v 0.931247 0.669643 2.103310
v 0.920980 0.669614 2.107420
v 0.926202 0.669629 2.106950
v 0.926288 0.693741 2.117340
v 0.932192 0.687234 2.106780
v 0.933697 0.693761 2.111980
v 0.926180 0.679133 2.108000
v 0.931461 0.679148 2.104180
v 0.920001 0.687199 2.111660
v 0.920713 0.679117 2.108480
v 0.918618 0.693718 2.118020
v 0.926202 0.687217 2.111110
v 0.916305 0.658805 2.073370
v 0.916354 0.646887 2.073370
v 0.915958 0.634802 2.072830
v 0.914666 0.623519 2.071210
v 0.911417 0.623513 2.081730
v 0.910108 0.623513 2.092650
v 0.912467 0.658800 2.091430
v 0.911939 0.634797 2.091730
v 0.913618 0.646882 2.082220
v 0.913093 0.634797 2.082100
v 0.913569 0.658800 2.082230
v 0.912516 0.646883 2.091430
v 0.935204 0.658859 2.064810
v 0.935253 0.646941 2.064800
v 0.935743 0.634858 2.063860
v 0.937109 0.623583 2.061030
v 0.919476 0.623530 2.062890
v 0.931668 0.623565 2.058010
v 0.925467 0.623547 2.058560
v 0.925400 0.658829 2.062720
v 0.920405 0.646897 2.066360
v 0.920355 0.658815 2.066370
v 0.925479 0.634827 2.061680
v 0.920198 0.634812 2.065490
v 0.930671 0.646926 2.062250
v 0.930946 0.634843 2.061190
v 0.930622 0.658844 2.062260
v 0.925449 0.646911 2.062720
v 0.935343 0.658871 2.096300
v 0.935392 0.646953 2.096290
v 0.935888 0.634871 2.096820
v 0.937274 0.623597 2.098430
v 0.940821 0.623596 2.067430
v 0.940523 0.623603 2.087910
v 0.941832 0.623603 2.076980
v 0.939181 0.658876 2.078240
v 0.938379 0.646953 2.070180
v 0.938329 0.658870 2.070190
v 0.939906 0.634876 2.077920
v 0.939015 0.634870 2.069490
v 0.938128 0.646958 2.087430
v 0.938753 0.634876 2.087550
v 0.938079 0.658876 2.087440
v 0.939230 0.646958 2.078230
v 0.913368 0.646888 2.099470
v 0.916444 0.658817 2.104860
v 0.913318 0.658806 2.099480
v 0.916493 0.646900 2.104860
v 0.911120 0.623520 2.102210
v 0.916103 0.634815 2.105790
v 0.912831 0.634803 2.100160
v 0.914831 0.623533 2.108600
v 0.932464 0.623586 2.106750
v 0.920273 0.623551 2.111630
v 0.926474 0.623569 2.111080
v 0.926248 0.658848 2.106950
v 0.931342 0.646944 2.103290
v 0.931292 0.658862 2.103300
v 0.926367 0.634847 2.107970
v 0.931648 0.634861 2.104150
v 0.921075 0.646914 2.107400
v 0.920900 0.634830 2.108460
v 0.921026 0.658832 2.107410
v 0.926297 0.646930 2.106940
v 0.912031 0.614006 2.067980
v 0.907603 0.607233 2.062600
v 0.902275 0.602422 2.056150
v 0.896944 0.598794 2.049700
v 0.888564 0.598779 2.076820
v 0.885189 0.598779 2.105010
v 0.906393 0.613999 2.094500
v 0.892680 0.602410 2.101300
v 0.902301 0.607224 2.079760
v 0.895435 0.602410 2.078290
v 0.908012 0.613999 2.080990
v 0.900166 0.607224 2.097590
v 0.939789 0.614085 2.055400
v 0.944220 0.607338 2.046000
v 0.949523 0.602557 2.034730
v 0.954823 0.598959 2.023460
v 0.909348 0.598824 2.028250
v 0.940789 0.598914 2.015660
v 0.924797 0.598866 2.017080
v 0.925389 0.614041 2.052330
v 0.915450 0.607252 2.049030
v 0.917980 0.614020 2.057690
v 0.925013 0.602481 2.029520
v 0.912401 0.602446 2.038640
v 0.935342 0.607309 2.041060
v 0.938068 0.602520 2.028360
v 0.933059 0.614064 2.051650
v 0.925224 0.607279 2.041960
v 0.939993 0.614103 2.101650
v 0.944489 0.607361 2.107010
v 0.949871 0.602587 2.113450
v 0.955248 0.598996 2.119900
v 0.964394 0.598994 2.039950
v 0.963627 0.599012 2.092770
v 0.967003 0.599011 2.064590
v 0.945631 0.614110 2.075120
v 0.950276 0.607360 2.056430
v 0.944380 0.614102 2.063300
v 0.959467 0.602599 2.068300
v 0.957337 0.602585 2.048190
v 0.949790 0.607371 2.089850
v 0.956711 0.602599 2.091310
v 0.944012 0.614110 2.088640
v 0.951926 0.607371 2.072020
v 0.901816 0.607235 2.113180
v 0.912235 0.614024 2.114230
v 0.907644 0.614007 2.106320
v 0.907872 0.607257 2.123610
v 0.887797 0.598796 2.129650
v 0.902623 0.602452 2.134870
v 0.894809 0.602424 2.121410
v 0.897369 0.598831 2.146130
v 0.942844 0.598967 2.141350
v 0.911402 0.598877 2.153930
v 0.927395 0.598925 2.152510
v 0.926635 0.614069 2.117290
v 0.936641 0.607343 2.120580
v 0.934044 0.614089 2.111930
v 0.927133 0.602528 2.140080
v 0.939745 0.602563 2.130960
v 0.916750 0.607285 2.128540
v 0.914078 0.602489 2.141240
v 0.918965 0.614046 2.117970
v 0.926867 0.607316 2.127650
v 0.892502 0.595572 2.044330
v 0.889845 0.591977 2.041120
v 0.889727 0.588468 2.041000
v 0.892906 0.585501 2.044920
v 0.883320 0.585282 2.075740
v 0.879543 0.585484 2.107790
v 0.878948 0.595555 2.108100
v 0.875051 0.588449 2.110050
v 0.879413 0.591958 2.074880
v 0.879251 0.588398 2.074860
v 0.882840 0.595555 2.075600
v 0.875211 0.591959 2.109970
v 0.959240 0.595762 2.014070
v 0.961897 0.592183 2.008450
v 0.962030 0.588674 2.008190
v 0.958871 0.585689 2.014890
v 0.907109 0.585737 2.020500
v 0.942943 0.585436 2.005920
v 0.924738 0.585584 2.007640
v 0.924619 0.595655 2.006720
v 0.905286 0.592014 2.014410
v 0.906805 0.595606 2.019590
v 0.924544 0.588558 2.000230
v 0.905239 0.588555 2.014210
v 0.944428 0.592126 1.998740
v 0.944516 0.588567 1.998430
v 0.943059 0.595710 2.005080
v 0.924519 0.592067 2.000510
v 0.959730 0.595805 2.125270
v 0.962427 0.592229 2.128510
v 0.962579 0.588720 2.128660
v 0.959428 0.585732 2.124770
v 0.969746 0.585931 2.033810
v 0.969016 0.585548 2.093950
v 0.972791 0.585749 2.061900
v 0.973284 0.595822 2.061500
v 0.973813 0.592226 2.028980
v 0.970277 0.595803 2.033080
v 0.977255 0.588739 2.059600
v 0.973979 0.588768 2.028820
v 0.972859 0.592248 2.094740
v 0.973056 0.588689 2.094800
v 0.969392 0.595823 2.094000
v 0.977060 0.592248 2.059650
v 0.878458 0.591980 2.140650
v 0.892992 0.595615 2.155530
v 0.881956 0.595575 2.136520
v 0.890374 0.592024 2.161170
v 0.882586 0.585706 2.135880
v 0.890276 0.588514 2.161460
v 0.878327 0.588521 2.140840
v 0.893463 0.585544 2.154800
v 0.945224 0.585900 2.149190
v 0.909393 0.585394 2.163780
v 0.927596 0.585650 2.162050
v 0.927613 0.595722 2.162880
v 0.946985 0.592192 2.155210
v 0.945427 0.595771 2.150010
v 0.927762 0.588630 2.169430
v 0.947067 0.588734 2.155450
v 0.907844 0.592080 2.170880
v 0.907791 0.588520 2.171230
v 0.909173 0.595667 2.164520
v 0.927752 0.592139 2.169120
v 0.922643 0.583319 2.023810
v 0.901043 0.583263 2.049110
v 0.909971 0.584028 2.030140
v 0.915799 0.581938 2.049800
v 0.963680 0.583457 2.062420
v 0.954234 0.583417 2.030520
v 0.963228 0.584193 2.041460
v 0.933365 0.581530 2.051090
v 0.939347 0.583001 2.022900
v 0.949931 0.582044 2.057060
v 0.929711 0.583386 2.145910
v 0.951312 0.583442 2.120610
v 0.942377 0.584167 2.139570
v 0.944523 0.581578 2.088770
v 0.959812 0.583089 2.092010
v 0.936568 0.582027 2.119930
v 0.888675 0.583247 2.107300
v 0.898120 0.583288 2.139190
v 0.889120 0.584002 2.128250
v 0.919006 0.581512 2.118650
v 0.913011 0.582968 2.146820
v 0.907848 0.581464 2.080970
v 0.926188 0.581030 2.084870
v 0.892545 0.582880 2.077710
v 0.902435 0.581921 2.112680
v -1.203770 0.567851 -0.317729
v -1.186320 0.567431 -0.320128
v -1.168870 0.567851 -0.317729
v -1.167570 0.566828 -0.285599
v -1.168870 0.566729 -0.253458
v -1.186320 0.566226 -0.251070
v -1.205070 0.566828 -0.285599
v -1.186320 0.566338 -0.285605
v -1.203770 0.566729 -0.253458
v -1.170170 0.567631 -0.226604
v -1.168860 0.569611 -0.210338
v -1.167140 0.572463 -0.203105
v -1.167190 0.575977 -0.203351
v -1.186290 0.575875 -0.197486
v -1.205400 0.575977 -0.203351
v -1.202470 0.567631 -0.226604
v -1.205460 0.572463 -0.203105
v -1.186310 0.569314 -0.204870
v -1.186300 0.572309 -0.197195
v -1.186320 0.567187 -0.222250
v -1.203760 0.569611 -0.210338
v -1.218330 0.570097 -0.226574
v -1.218340 0.568141 -0.255834
v -1.213540 0.568530 -0.235427
v -1.227150 0.570363 -0.253413
v -1.221320 0.576284 -0.220946
v -1.231040 0.573285 -0.250219
v -1.221440 0.572822 -0.220793
v -1.230880 0.576796 -0.250272
v -1.234060 0.577410 -0.285464
v -1.230880 0.578024 -0.320655
v -1.218340 0.569179 -0.315319
v -1.231040 0.574517 -0.320804
v -1.230120 0.570722 -0.285552
v -1.234250 0.573851 -0.285512
v -1.220700 0.568292 -0.285581
v -1.227150 0.571485 -0.317685
v -1.218330 0.572155 -0.344519
v -1.202470 0.569689 -0.344549
v -1.213540 0.570280 -0.335708
v -1.203760 0.572237 -0.360760
v -1.221320 0.578536 -0.349981
v -1.205460 0.575340 -0.367918
v -1.221440 0.575081 -0.350228
v -1.205400 0.578843 -0.367576
v -1.186290 0.578946 -0.373441
v -1.167190 0.578843 -0.367576
v -1.170170 0.569689 -0.344549
v -1.167140 0.575340 -0.367918
v -1.186310 0.572131 -0.366233
v -1.186300 0.575392 -0.373829
v -1.186320 0.569398 -0.348913
v -1.168860 0.572237 -0.360760
v -1.154290 0.572155 -0.344519
v -1.154300 0.569179 -0.315319
v -1.159090 0.570280 -0.335708
v -1.145480 0.571485 -0.317685
v -1.151260 0.578536 -0.349981
v -1.141560 0.574517 -0.320804
v -1.151170 0.575081 -0.350228
v -1.141710 0.578024 -0.320655
v -1.151260 0.576284 -0.220946
v -1.138530 0.577410 -0.285464
v -1.141710 0.576796 -0.250272
v -1.154300 0.568141 -0.255834
v -1.154290 0.570097 -0.226574
v -1.159090 0.568530 -0.235427
v -1.141560 0.573285 -0.250219
v -1.151170 0.572822 -0.220793
v -1.142510 0.570722 -0.285552
v -1.138350 0.573851 -0.285512
v -1.151930 0.568292 -0.285581
v -1.145480 0.570363 -0.253413
v -1.168590 0.579668 -0.209355
v -1.170920 0.583050 -0.219395
v -1.173730 0.586870 -0.231441
v -1.176540 0.591874 -0.243462
v -1.186250 0.591822 -0.240481
v -1.195960 0.591874 -0.243462
v -1.203980 0.579668 -0.209355
v -1.198790 0.586870 -0.231441
v -1.186270 0.582968 -0.214684
v -1.186260 0.586803 -0.227595
v -1.186280 0.579573 -0.203922
v -1.201620 0.583050 -0.219395
v -1.214410 0.583297 -0.233529
v -1.227580 0.580426 -0.252815
v -1.218730 0.579952 -0.225652
v -1.222080 0.583708 -0.257086
v -1.204050 0.592030 -0.252404
v -1.215490 0.587407 -0.262209
v -1.209230 0.587072 -0.242979
v -1.208910 0.592290 -0.267307
v -1.210520 0.592602 -0.285191
v -1.208910 0.592914 -0.303075
v -1.227580 0.581564 -0.318005
v -1.215490 0.588213 -0.308361
v -1.224640 0.584202 -0.285354
v -1.217580 0.587810 -0.285285
v -1.230530 0.580995 -0.285410
v -1.222080 0.584695 -0.313623
v -1.214410 0.585106 -0.337179
v -1.203980 0.582323 -0.361465
v -1.218730 0.582038 -0.345168
v -1.201620 0.585353 -0.351314
v -1.204050 0.593174 -0.317979
v -1.198790 0.588750 -0.339130
v -1.209230 0.588549 -0.327592
v -1.195960 0.593330 -0.326921
v -1.186250 0.593382 -0.329901
v -1.176540 0.593330 -0.326921
v -1.168590 0.582323 -0.361465
v -1.173730 0.588750 -0.339130
v -1.186270 0.585435 -0.356025
v -1.186260 0.588817 -0.342976
v -1.186280 0.582418 -0.366898
v -1.170920 0.585353 -0.351314
v -1.158130 0.585106 -0.337179
v -1.144990 0.581564 -0.318005
v -1.153840 0.582038 -0.345168
v -1.150460 0.584695 -0.313623
v -1.168450 0.593174 -0.317979
v -1.157030 0.588213 -0.308361
v -1.163290 0.588549 -0.327592
v -1.163590 0.592914 -0.303075
v -1.168450 0.592030 -0.252404
v -1.161970 0.592602 -0.285191
v -1.163590 0.592290 -0.267307
v -1.144990 0.580426 -0.252815
v -1.158130 0.583297 -0.233529
v -1.153840 0.579952 -0.225652
v -1.157030 0.587407 -0.262209
v -1.163290 0.587072 -0.242979
v -1.147900 0.584202 -0.285354
v -1.154940 0.587810 -0.285285
v -1.142040 0.580995 -0.285410
v -1.150460 0.583708 -0.257086
v -1.178880 0.598806 -0.253427
v -1.180280 0.608414 -0.259306
v -1.180970 0.619743 -0.262126
v -1.181190 0.631843 -0.262912
v -1.186210 0.631816 -0.261374
v -1.191220 0.631843 -0.262912
v -1.193600 0.598806 -0.253427
v -1.191460 0.619743 -0.262126
v -1.186230 0.608382 -0.257480
v -1.186220 0.619715 -0.260515
v -1.186240 0.598767 -0.251168
v -1.192180 0.608414 -0.259306
v -1.197140 0.608509 -0.264787
v -1.203410 0.599122 -0.271504
v -1.199730 0.598925 -0.260206
v -1.200110 0.608669 -0.273921
v -1.195390 0.631923 -0.267527
v -1.198460 0.619968 -0.275010
v -1.195840 0.619828 -0.266957
v -1.197900 0.632057 -0.275219
v -1.198730 0.632218 -0.284450
v -1.197900 0.632380 -0.293680
v -1.203410 0.599595 -0.298618
v -1.198460 0.620306 -0.294336
v -1.201110 0.608860 -0.284883
v -1.199330 0.620137 -0.284673
v -1.204640 0.599358 -0.285061
v -1.200110 0.609051 -0.295844
v -1.197140 0.609211 -0.304978
v -1.193600 0.599910 -0.316694
v -1.199730 0.599792 -0.309916
v -1.192180 0.609306 -0.310459
v -1.195390 0.632514 -0.301372
v -1.191460 0.620530 -0.307221
v -1.195840 0.620446 -0.302389
v -1.191220 0.632594 -0.305988
v -1.186210 0.632621 -0.307526
v -1.181190 0.632594 -0.305988
v -1.178880 0.599910 -0.316694
v -1.180970 0.620530 -0.307221
v -1.186230 0.609338 -0.312286
v -1.186220 0.620558 -0.308831
v -1.186240 0.599950 -0.318954
v -1.180280 0.609306 -0.310459
v -1.175320 0.609211 -0.304978
v -1.169060 0.599595 -0.298618
v -1.172740 0.599792 -0.309916
v -1.172340 0.609051 -0.295844
v -1.177020 0.632514 -0.301372
v -1.173970 0.620306 -0.294336
v -1.176600 0.620446 -0.302389
v -1.174510 0.632380 -0.293680
v -1.177020 0.631923 -0.267527
v -1.173680 0.632218 -0.284450
v -1.174510 0.632057 -0.275219
v -1.169060 0.599122 -0.271504
v -1.175320 0.608509 -0.264787
v -1.172740 0.598925 -0.260206
v -1.173970 0.619968 -0.275010
v -1.176600 0.619828 -0.266957
v -1.171350 0.608860 -0.284883
v -1.173100 0.620137 -0.284673
v -1.167840 0.599358 -0.285061
v -1.172340 0.608669 -0.273921
v -1.181180 0.643759 -0.262692
v -1.181170 0.654538 -0.262491
v -1.180930 0.664022 -0.261303
v -1.180210 0.672051 -0.258121
v -1.186160 0.672019 -0.256294
v -1.192110 0.672051 -0.258121
v -1.191210 0.643758 -0.262692
v -1.191420 0.664022 -0.261303
v -1.186180 0.654512 -0.260952
v -1.186170 0.663994 -0.259692
v -1.186200 0.643732 -0.261153
v -1.191200 0.654538 -0.262491
v -1.195370 0.654619 -0.267106
v -1.197890 0.643973 -0.274999
v -1.195380 0.643839 -0.267307
v -1.197880 0.654753 -0.274798
v -1.197070 0.672147 -0.263601
v -1.198410 0.664247 -0.274187
v -1.195790 0.664107 -0.266135
v -1.200050 0.672306 -0.272736
v -1.201040 0.672498 -0.283697
v -1.200050 0.672689 -0.294658
v -1.197890 0.644295 -0.293460
v -1.198410 0.664585 -0.293514
v -1.198710 0.654914 -0.284029
v -1.199290 0.664416 -0.283850
v -1.198720 0.644134 -0.284229
v -1.197880 0.655075 -0.293259
v -1.195370 0.655209 -0.300951
v -1.191210 0.644510 -0.305767
v -1.195380 0.644430 -0.301152
v -1.191200 0.655290 -0.305566
v -1.197070 0.672848 -0.303792
v -1.191420 0.664809 -0.306398
v -1.195790 0.664725 -0.301566
v -1.192110 0.672944 -0.309273
v -1.186160 0.672976 -0.311100
v -1.180210 0.672944 -0.309273
v -1.181180 0.644510 -0.305767
v -1.180930 0.664809 -0.306398
v -1.186180 0.655317 -0.307105
v -1.186170 0.664837 -0.308008
v -1.186200 0.644537 -0.307306
v -1.181170 0.655290 -0.305566
v -1.177000 0.655209 -0.300951
v -1.174500 0.644295 -0.293460
v -1.177010 0.644430 -0.301152
v -1.174490 0.655075 -0.293259
v -1.175250 0.672848 -0.303792
v -1.173930 0.664585 -0.293514
v -1.176550 0.664725 -0.301566
v -1.172280 0.672689 -0.294658
v -1.175250 0.672147 -0.263601
v -1.171280 0.672498 -0.283697
v -1.172280 0.672306 -0.272736
v -1.174500 0.643973 -0.274999
v -1.177000 0.654619 -0.267106
v -1.177010 0.643839 -0.267307
v -1.173930 0.664247 -0.274187
v -1.176550 0.664107 -0.266135
v -1.173660 0.654914 -0.284029
v -1.173060 0.664416 -0.283850
v -1.173670 0.644134 -0.284229
v -1.174490 0.654753 -0.274798
v -1.178790 0.678465 -0.251937
v -1.176430 0.683104 -0.241744
v -1.173600 0.687047 -0.229545
v -1.170770 0.691369 -0.217341
v -1.186120 0.691287 -0.212629
v -1.201470 0.691369 -0.217341
v -1.193510 0.678465 -0.251937
v -1.198660 0.687047 -0.229545
v -1.186140 0.683052 -0.238764
v -1.186130 0.686979 -0.225699
v -1.186150 0.678426 -0.249677
v -1.195850 0.683104 -0.241744
v -1.203940 0.683261 -0.250686
v -1.203330 0.678781 -0.270013
v -1.199650 0.678583 -0.258715
v -1.208800 0.683521 -0.265590
v -1.214260 0.691616 -0.231475
v -1.215360 0.687584 -0.260313
v -1.209100 0.687248 -0.241083
v -1.221930 0.692027 -0.255032
v -1.224490 0.692520 -0.283300
v -1.221930 0.693014 -0.311569
v -1.203330 0.679254 -0.297128
v -1.215360 0.688389 -0.306466
v -1.210420 0.683833 -0.283474
v -1.217450 0.687986 -0.283390
v -1.204550 0.679017 -0.283571
v -1.208800 0.684145 -0.301358
v -1.203940 0.684405 -0.316261
v -1.193510 0.679569 -0.315204
v -1.199650 0.679451 -0.308425
v -1.195850 0.684561 -0.325203
v -1.214260 0.693425 -0.335126
v -1.198660 0.688926 -0.337234
v -1.209100 0.688725 -0.325696
v -1.201470 0.693672 -0.349260
v -1.186120 0.693754 -0.353971
v -1.170770 0.693672 -0.349260
v -1.178790 0.679569 -0.315204
v -1.173600 0.688926 -0.337234
v -1.186140 0.684613 -0.328184
v -1.186130 0.688993 -0.341080
v -1.186150 0.679609 -0.317464
v -1.176430 0.684561 -0.325203
v -1.168340 0.684405 -0.316261
v -1.168980 0.679254 -0.297128
v -1.172660 0.679451 -0.308425
v -1.163480 0.684145 -0.301358
v -1.157980 0.693425 -0.335126
v -1.156900 0.688389 -0.306466
v -1.163160 0.688725 -0.325696
v -1.150310 0.693014 -0.311569
v -1.157980 0.691616 -0.231475
v -1.147750 0.692520 -0.283300
v -1.150310 0.692027 -0.255032
v -1.168980 0.678781 -0.270013
v -1.168340 0.683261 -0.250686
v -1.172660 0.678583 -0.258715
v -1.156900 0.687584 -0.260313
v -1.163160 0.687248 -0.241083
v -1.161870 0.683833 -0.283474
v -1.154810 0.687986 -0.283390
v -1.167750 0.679017 -0.283571
v -1.163480 0.683521 -0.265590
v -1.168420 0.699804 -0.359244
v -1.167000 0.708331 -0.365150
v -1.203810 0.699804 -0.359244
v -1.186110 0.708434 -0.371015
v -1.186110 0.699899 -0.364677
v -1.205220 0.708331 -0.365150
v -1.205270 0.717554 -0.365281
v -1.203560 0.725774 -0.357939
v -1.186110 0.726459 -0.363398
v -1.166950 0.717554 -0.365281
v -1.186110 0.717804 -0.371188
v -1.168660 0.725774 -0.357939
v -1.203810 0.697149 -0.207133
v -1.205220 0.705465 -0.200924
v -1.168420 0.697149 -0.207133
v -1.186110 0.705362 -0.195059
v -1.186110 0.697055 -0.201701
v -1.167000 0.705465 -0.200924
v -1.166950 0.714677 -0.200467
v -1.168660 0.723149 -0.207516
v -1.186110 0.723642 -0.202036
v -1.205270 0.714677 -0.200467
v -1.186110 0.714721 -0.194554
v -1.203560 0.723149 -0.207516
v -1.144820 0.697908 -0.250593
v -1.151080 0.705772 -0.218520
v -1.153670 0.697434 -0.223431
v -1.141530 0.706284 -0.247846
v -1.151080 0.708024 -0.347554
v -1.144820 0.699046 -0.315784
v -1.153670 0.699520 -0.342946
v -1.138340 0.706898 -0.283037
v -1.141870 0.698477 -0.283189
v -1.141530 0.707512 -0.318228
v -1.154090 0.724902 -0.341710
v -1.141370 0.716732 -0.318166
v -1.150970 0.717098 -0.347594
v -1.145270 0.725023 -0.314863
v -1.154090 0.722843 -0.223765
v -1.142300 0.725051 -0.282717
v -1.141370 0.715500 -0.247581
v -1.138160 0.716263 -0.282871
v -1.150970 0.714839 -0.218159
v -1.145270 0.723901 -0.250591
v -1.227410 0.699046 -0.315784
v -1.221140 0.708024 -0.347554
v -1.218560 0.699520 -0.342946
v -1.230690 0.707512 -0.318228
v -1.221140 0.705772 -0.218520
v -1.227410 0.697908 -0.250593
v -1.218560 0.697434 -0.223431
v -1.233880 0.706898 -0.283037
v -1.230360 0.698477 -0.283189
v -1.230690 0.706284 -0.247846
v -1.218130 0.722843 -0.223765
v -1.230850 0.715500 -0.247581
v -1.221250 0.714839 -0.218159
v -1.226940 0.723901 -0.250591
v -1.218130 0.724902 -0.341710
v -1.229910 0.725051 -0.282717
v -1.230850 0.716731 -0.318166
v -1.234060 0.716263 -0.282871
v -1.221250 0.717098 -0.347594
v -1.226940 0.725022 -0.314863
v -1.218130 0.731587 -0.312355
v -1.202260 0.732097 -0.341585
v -1.213330 0.729769 -0.332791
v -1.203560 0.735626 -0.314678
v -1.202260 0.730038 -0.223639
v -1.218130 0.730549 -0.252869
v -1.213330 0.728019 -0.232509
v -1.204850 0.736411 -0.282519
v -1.220490 0.732141 -0.282593
v -1.203560 0.734504 -0.250406
v -1.154090 0.730549 -0.252869
v -1.169960 0.730038 -0.223639
v -1.158880 0.728019 -0.232509
v -1.186110 0.735809 -0.247990
v -1.186110 0.731035 -0.219262
v -1.168660 0.734504 -0.250406
v -1.169960 0.732097 -0.341585
v -1.154090 0.731587 -0.312355
v -1.158880 0.729769 -0.332791
v -1.167360 0.736411 -0.282519
v -1.151720 0.732141 -0.282593
v -1.186110 0.737014 -0.317048
v -1.186110 0.737842 -0.282494
v -1.186110 0.733246 -0.345925
v -1.168660 0.735626 -0.314678
v 1.168870 0.567851 -0.317729
v 1.186320 0.567431 -0.320128
v 1.203770 0.567851 -0.317729
v 1.205070 0.566828 -0.285599
v 1.203770 0.566729 -0.253458
v 1.186320 0.566226 -0.251070
v 1.167570 0.566828 -0.285599
v 1.186320 0.566338 -0.285605
v 1.168870 0.566729 -0.253458
v 1.167190 0.575977 -0.203351
v 1.170170 0.567631 -0.226604
v 1.167140 0.572463 -0.203105
v 1.168860 0.569611 -0.210338
v 1.202470 0.567631 -0.226604
v 1.186310 0.569314 -0.204870
v 1.186320 0.567187 -0.222250
v 1.203760 0.569611 -0.210338
v 1.205460 0.572463 -0.203105
v 1.186290 0.575875 -0.197486
v 1.186300 0.572309 -0.197195
v 1.205400 0.575977 -0.203351
v 1.221320 0.576284 -0.220946
v 1.230880 0.576796 -0.250272
v 1.218340 0.568141 -0.255834
v 1.218330 0.570097 -0.226574
v 1.213540 0.568530 -0.235427
v 1.231040 0.573285 -0.250219
v 1.221440 0.572822 -0.220793
v 1.227150 0.570363 -0.253413
v 1.218340 0.569179 -0.315320
v 1.230120 0.570722 -0.285552
v 1.220700 0.568292 -0.285581
v 1.227150 0.571485 -0.317685
v 1.231040 0.574517 -0.320804
v 1.234060 0.577410 -0.285464
v 1.234250 0.573851 -0.285512
v 1.230880 0.578024 -0.320655
v 1.221320 0.578536 -0.349981
v 1.205400 0.578843 -0.367576
v 1.202470 0.569689 -0.344549
v 1.218330 0.572155 -0.344519
v 1.213540 0.570280 -0.335709
v 1.205460 0.575340 -0.367918
v 1.221440 0.575081 -0.350228
v 1.203760 0.572237 -0.360761
v 1.170170 0.569689 -0.344549
v 1.186310 0.572131 -0.366233
v 1.186320 0.569398 -0.348913
v 1.168860 0.572237 -0.360761
v 1.167140 0.575340 -0.367918
v 1.186290 0.578946 -0.373441
v 1.186300 0.575392 -0.373829
v 1.167190 0.578843 -0.367576
v 1.151260 0.578536 -0.349981
v 1.141710 0.578024 -0.320655
v 1.154300 0.569179 -0.315320
v 1.154290 0.572155 -0.344519
v 1.159090 0.570280 -0.335709
v 1.141560 0.574517 -0.320804
v 1.151170 0.575081 -0.350228
v 1.145480 0.571485 -0.317685
v 1.154290 0.570097 -0.226574
v 1.154300 0.568141 -0.255834
v 1.159090 0.568530 -0.235427
v 1.142510 0.570722 -0.285552
v 1.151930 0.568292 -0.285581
v 1.145480 0.570363 -0.253413
v 1.151260 0.576284 -0.220946
v 1.141560 0.573285 -0.250219
v 1.151170 0.572822 -0.220793
v 1.138530 0.577410 -0.285464
v 1.138350 0.573851 -0.285512
v 1.141710 0.576796 -0.250272
v 1.176540 0.591874 -0.243462
v 1.168590 0.579668 -0.209355
v 1.173730 0.586870 -0.231441
v 1.170920 0.583050 -0.219395
v 1.203980 0.579668 -0.209355
v 1.186270 0.582968 -0.214684
v 1.186280 0.579573 -0.203922
v 1.201620 0.583050 -0.219395
v 1.198790 0.586870 -0.231441
v 1.186250 0.591822 -0.240481
v 1.186260 0.586803 -0.227595
v 1.195960 0.591874 -0.243462
v 1.204050 0.592030 -0.252404
v 1.208910 0.592290 -0.267307
v 1.227580 0.580426 -0.252815
v 1.214410 0.583297 -0.233529
v 1.218730 0.579952 -0.225652
v 1.215490 0.587407 -0.262209
v 1.209230 0.587072 -0.242979
v 1.222080 0.583708 -0.257086
v 1.227580 0.581564 -0.318005
v 1.224640 0.584202 -0.285354
v 1.230530 0.580995 -0.285410
v 1.222080 0.584695 -0.313623
v 1.215490 0.588213 -0.308362
v 1.210520 0.592602 -0.285191
v 1.217580 0.587810 -0.285285
v 1.208910 0.592914 -0.303076
v 1.204050 0.593174 -0.317979
v 1.195960 0.593330 -0.326921
v 1.203980 0.582323 -0.361465
v 1.214410 0.585106 -0.337180
v 1.218730 0.582038 -0.345168
v 1.198790 0.588750 -0.339130
v 1.209230 0.588549 -0.327592
v 1.201620 0.585353 -0.351314
v 1.168590 0.582323 -0.361465
v 1.186270 0.585435 -0.356025
v 1.186280 0.582418 -0.366898
v 1.170920 0.585353 -0.351314
v 1.173730 0.588750 -0.339130
v 1.186250 0.593382 -0.329902
v 1.186260 0.588817 -0.342976
v 1.176540 0.593330 -0.326921
v 1.168450 0.593174 -0.317979
v 1.163590 0.592914 -0.303076
v 1.144990 0.581564 -0.318005
v 1.158130 0.585106 -0.337180
v 1.153840 0.582038 -0.345168
v 1.157030 0.588213 -0.308362
v 1.163290 0.588549 -0.327592
v 1.150460 0.584695 -0.313623
v 1.158130 0.583297 -0.233529
v 1.144990 0.580426 -0.252815
v 1.153840 0.579952 -0.225652
v 1.147900 0.584202 -0.285354
v 1.142040 0.580995 -0.285410
v 1.150460 0.583708 -0.257086
v 1.168450 0.592030 -0.252404
v 1.157030 0.587407 -0.262209
v 1.163290 0.587072 -0.242979
v 1.161970 0.592602 -0.285191
v 1.154940 0.587810 -0.285285
v 1.163590 0.592290 -0.267307
v 1.181190 0.631843 -0.262912
v 1.178880 0.598806 -0.253427
v 1.180970 0.619743 -0.262126
v 1.180280 0.608414 -0.259307
v 1.193600 0.598806 -0.253427
v 1.186230 0.608382 -0.257480
v 1.186240 0.598767 -0.251168
v 1.192180 0.608414 -0.259307
v 1.191460 0.619743 -0.262126
v 1.186210 0.631816 -0.261374
v 1.186220 0.619715 -0.260515
v 1.191220 0.631843 -0.262912
v 1.195390 0.631923 -0.267527
v 1.197900 0.632057 -0.275220
v 1.203410 0.599122 -0.271504
v 1.197140 0.608509 -0.264787
v 1.199730 0.598925 -0.260206
v 1.198460 0.619968 -0.275010
v 1.195840 0.619828 -0.266958
v 1.200110 0.608669 -0.273922
v 1.203410 0.599595 -0.298618
v 1.201110 0.608860 -0.284883
v 1.204640 0.599358 -0.285061
v 1.200110 0.609051 -0.295844
v 1.198460 0.620306 -0.294336
v 1.198730 0.632218 -0.284450
v 1.199330 0.620137 -0.284673
v 1.197900 0.632380 -0.293681
v 1.195390 0.632514 -0.301373
v 1.191220 0.632594 -0.305988
v 1.193600 0.599910 -0.316695
v 1.197140 0.609211 -0.304978
v 1.199730 0.599792 -0.309916
v 1.191460 0.620530 -0.307221
v 1.195840 0.620446 -0.302389
v 1.192180 0.609306 -0.310459
v 1.178880 0.599910 -0.316695
v 1.186230 0.609338 -0.312286
v 1.186240 0.599950 -0.318954
v 1.180280 0.609306 -0.310459
v 1.180970 0.620530 -0.307221
v 1.186210 0.632621 -0.307526
v 1.186220 0.620558 -0.308831
v 1.181190 0.632594 -0.305988
v 1.177020 0.632514 -0.301373
v 1.174510 0.632380 -0.293681
v 1.169060 0.599595 -0.298618
v 1.175320 0.609211 -0.304978
v 1.172740 0.599792 -0.309916
v 1.173970 0.620306 -0.294336
v 1.176600 0.620446 -0.302389
v 1.172340 0.609051 -0.295844
v 1.175320 0.608509 -0.264787
v 1.169060 0.599122 -0.271504
v 1.172740 0.598925 -0.260206
v 1.171350 0.608860 -0.284883
v 1.167840 0.599358 -0.285061
v 1.172340 0.608669 -0.273922
v 1.177020 0.631923 -0.267527
v 1.173980 0.619968 -0.275010
v 1.176600 0.619828 -0.266958
v 1.173680 0.632218 -0.284450
v 1.173100 0.620137 -0.284673
v 1.174510 0.632057 -0.275220
v 1.180210 0.672051 -0.258121
v 1.181180 0.643759 -0.262692
v 1.180930 0.664023 -0.261303
v 1.181170 0.654538 -0.262491
v 1.191210 0.643759 -0.262692
v 1.186180 0.654512 -0.260953
v 1.186200 0.643732 -0.261153
v 1.191200 0.654539 -0.262491
v 1.191420 0.664023 -0.261303
v 1.186160 0.672020 -0.256294
v 1.186170 0.663995 -0.259693
v 1.192110 0.672051 -0.258121
v 1.197070 0.672147 -0.263601
v 1.200050 0.672307 -0.272736
v 1.197890 0.643974 -0.274999
v 1.195370 0.654619 -0.267106
v 1.195380 0.643839 -0.267307
v 1.198410 0.664248 -0.274187
v 1.195790 0.664107 -0.266135
v 1.197880 0.654753 -0.274798
v 1.197890 0.644296 -0.293460
v 1.198710 0.654914 -0.284029
v 1.198720 0.644135 -0.284230
v 1.197880 0.655075 -0.293259
v 1.198410 0.664585 -0.293514
v 1.201040 0.672498 -0.283697
v 1.199290 0.664416 -0.283850
v 1.200050 0.672689 -0.294658
v 1.197070 0.672848 -0.303792
v 1.192110 0.672944 -0.309273
v 1.191210 0.644510 -0.305767
v 1.195370 0.655210 -0.300951
v 1.195380 0.644430 -0.301152
v 1.191420 0.664810 -0.306398
v 1.195790 0.664725 -0.301566
v 1.191200 0.655290 -0.305567
v 1.181180 0.644510 -0.305767
v 1.186180 0.655317 -0.307105
v 1.186200 0.644537 -0.307306
v 1.181170 0.655290 -0.305567
v 1.180930 0.664809 -0.306398
v 1.186160 0.672976 -0.311100
v 1.186170 0.664838 -0.308008
v 1.180210 0.672944 -0.309273
v 1.175250 0.672848 -0.303792
v 1.172280 0.672689 -0.294658
v 1.174500 0.644296 -0.293460
v 1.177000 0.655210 -0.300951
v 1.177010 0.644430 -0.301152
v 1.173930 0.664585 -0.293514
v 1.176550 0.664725 -0.301566
v 1.174490 0.655075 -0.293259
v 1.177000 0.654619 -0.267106
v 1.174500 0.643973 -0.274999
v 1.177010 0.643839 -0.267307
v 1.173660 0.654914 -0.284029
v 1.173670 0.644135 -0.284230
v 1.174490 0.654753 -0.274798
v 1.175250 0.672147 -0.263601
v 1.173930 0.664247 -0.274187
v 1.176550 0.664107 -0.266135
v 1.171280 0.672498 -0.283697
v 1.173060 0.664416 -0.283851
v 1.172280 0.672306 -0.272736
v 1.170770 0.691369 -0.217341
v 1.178790 0.678465 -0.251937
v 1.173600 0.687047 -0.229545
v 1.176430 0.683105 -0.241745
v 1.193510 0.678465 -0.251937
v 1.186140 0.683053 -0.238764
v 1.186150 0.678426 -0.249677
v 1.195850 0.683105 -0.241745
v 1.198660 0.687047 -0.229545
v 1.186120 0.691287 -0.212629
v 1.186130 0.686980 -0.225699
v 1.201470 0.691369 -0.217341
v 1.214260 0.691616 -0.231475
v 1.221930 0.692027 -0.255032
v 1.203330 0.678781 -0.270013
v 1.203940 0.683261 -0.250687
v 1.199650 0.678584 -0.258716
v 1.215360 0.687584 -0.260314
v 1.209100 0.687248 -0.241083
v 1.208800 0.683521 -0.265590
v 1.203330 0.679254 -0.297128
v 1.210420 0.683833 -0.283474
v 1.204550 0.679017 -0.283571
v 1.208800 0.684145 -0.301358
v 1.215360 0.688389 -0.306466
v 1.224490 0.692521 -0.283301
v 1.217450 0.687987 -0.283390
v 1.221930 0.693014 -0.311569
v 1.214260 0.693425 -0.335126
v 1.201470 0.693672 -0.349260
v 1.193510 0.679569 -0.315204
v 1.203940 0.684405 -0.316262
v 1.199650 0.679451 -0.308426
v 1.198660 0.688926 -0.337234
v 1.209100 0.688725 -0.325696
v 1.195850 0.684561 -0.325204
v 1.178790 0.679569 -0.315204
v 1.186140 0.684613 -0.328184
v 1.186150 0.679609 -0.317464
v 1.176430 0.684561 -0.325204
v 1.173600 0.688926 -0.337234
v 1.186120 0.693754 -0.353972
v 1.186130 0.688994 -0.341080
v 1.170770 0.693672 -0.349260
v 1.157980 0.693425 -0.335126
v 1.150310 0.693014 -0.311569
v 1.168980 0.679254 -0.297128
v 1.168340 0.684405 -0.316262
v 1.172660 0.679451 -0.308426
v 1.156900 0.688389 -0.306466
v 1.163160 0.688725 -0.325696
v 1.163480 0.684145 -0.301358
v 1.168340 0.683261 -0.250687
v 1.168980 0.678781 -0.270013
v 1.172660 0.678584 -0.258716
v 1.161870 0.683833 -0.283474
v 1.167750 0.679017 -0.283571
v 1.163480 0.683521 -0.265590
v 1.157980 0.691616 -0.231475
v 1.156900 0.687584 -0.260314
v 1.163160 0.687248 -0.241083
v 1.147750 0.692521 -0.283301
v 1.154810 0.687987 -0.283390
v 1.150310 0.692027 -0.255032
v 1.203810 0.699805 -0.359244
v 1.205220 0.708331 -0.365150
v 1.168420 0.699804 -0.359244
v 1.186110 0.708434 -0.371015
v 1.186110 0.699899 -0.364677
v 1.167000 0.708331 -0.365150
v 1.166950 0.717554 -0.365281
v 1.168660 0.725775 -0.357939
v 1.186110 0.726459 -0.363399
v 1.205270 0.717554 -0.365281
v 1.186110 0.717805 -0.371188
v 1.203560 0.725775 -0.357939
v 1.168420 0.697150 -0.207133
v 1.167000 0.705465 -0.200924
v 1.203810 0.697150 -0.207133
v 1.186110 0.705363 -0.195059
v 1.186110 0.697055 -0.201701
v 1.205220 0.705465 -0.200924
v 1.205270 0.714677 -0.200467
v 1.203560 0.723149 -0.207516
v 1.186110 0.723643 -0.202036
v 1.166950 0.714677 -0.200467
v 1.186110 0.714722 -0.194554
v 1.168660 0.723149 -0.207516
v 1.144820 0.699046 -0.315784
v 1.151080 0.708024 -0.347554
v 1.153670 0.699520 -0.342947
v 1.141530 0.707512 -0.318228
v 1.151080 0.705772 -0.218520
v 1.144820 0.697908 -0.250594
v 1.153670 0.697434 -0.223431
v 1.138340 0.706898 -0.283037
v 1.141870 0.698477 -0.283189
v 1.141530 0.706284 -0.247846
v 1.154090 0.722843 -0.223765
v 1.141370 0.715500 -0.247581
v 1.150970 0.714839 -0.218159
v 1.145270 0.723901 -0.250592
v 1.154090 0.724902 -0.341710
v 1.142300 0.725051 -0.282717
v 1.141370 0.716732 -0.318167
v 1.138160 0.716263 -0.282871
v 1.150970 0.717098 -0.347594
v 1.145270 0.725023 -0.314863
v 1.227410 0.697908 -0.250594
v 1.221140 0.705772 -0.218520
v 1.218560 0.697434 -0.223431
v 1.230690 0.706284 -0.247846
v 1.221140 0.708024 -0.347554
v 1.227410 0.699046 -0.315784
v 1.218560 0.699520 -0.342947
v 1.233880 0.706898 -0.283037
v 1.230360 0.698477 -0.283189
v 1.230690 0.707512 -0.318228
v 1.218130 0.724902 -0.341710
v 1.230850 0.716732 -0.318167
v 1.221250 0.717098 -0.347594
v 1.226940 0.725023 -0.314863
v 1.218130 0.722843 -0.223765
v 1.229910 0.725051 -0.282717
v 1.230850 0.715500 -0.247581
v 1.234060 0.716263 -0.282871
v 1.221250 0.714839 -0.218159
v 1.226940 0.723901 -0.250592
v 1.218130 0.730549 -0.252869
v 1.202260 0.730039 -0.223639
v 1.213330 0.728019 -0.232509
v 1.203560 0.734504 -0.250407
v 1.202260 0.732097 -0.341585
v 1.218130 0.731587 -0.312355
v 1.213330 0.729769 -0.332791
v 1.204850 0.736412 -0.282519
v 1.220490 0.732141 -0.282593
v 1.203560 0.735626 -0.314678
v 1.154090 0.731587 -0.312355
v 1.169960 0.732097 -0.341585
v 1.158880 0.729769 -0.332791
v 1.186110 0.737014 -0.317048
v 1.186110 0.733246 -0.345925
v 1.168660 0.735626 -0.314678
v 1.169960 0.730038 -0.223639
v 1.154090 0.730549 -0.252869
v 1.158880 0.728019 -0.232509
v 1.167360 0.736412 -0.282519
v 1.151720 0.732141 -0.282593
v 1.186110 0.735809 -0.247990
v 1.186110 0.737842 -0.282494
v 1.186110 0.731035 -0.219262
v 1.168660 0.734504 -0.250407
vn -0.1699 0.9848 0.0353
vn -0.2010 0.9777 -0.0607
vn -0.4477 0.8937 -0.0302
vn -0.4253 0.9005 0.0906
vn -0.2772 0.9412 -0.1933
vn -0.4481 0.8837 -0.1355
vn -0.0153 0.9952 -0.0962
vn -0.0514 0.9653 -0.2560
vn 0.0030 1.0000 -0.0004
vn 0.0213 0.9952 0.0955
vn -0.1572 0.9779 0.1380
vn -0.1765 0.9387 0.2960
vn 0.0572 0.9652 0.2554
vn -0.3884 0.8979 0.2070
vn -0.3541 0.8835 0.3067
vn 0.1759 0.9838 -0.0360
vn 0.2074 0.9764 0.0608
vn 0.4531 0.8910 0.0296
vn 0.4306 0.8979 -0.0913
vn 0.2829 0.9396 0.1926
vn 0.4534 0.8811 0.1348
vn 0.1631 0.9768 -0.1388
vn 0.1822 0.9374 -0.2967
vn 0.3938 0.8954 -0.2076
vn 0.3594 0.8811 -0.3074
vn -0.9579 -0.2026 0.2036
vn -0.9768 -0.2138 0.0072
vn -0.8199 -0.5725 0.0075
vn -0.8162 -0.5512 0.1733
vn -0.9199 -0.2560 -0.2972
vn -0.7289 -0.6453 -0.2287
vn -0.9704 0.2415 0.0026
vn -0.9125 0.2824 -0.2958
vn -0.9534 0.2225 0.2039
vn -0.8893 0.2343 0.3928
vn -0.8954 -0.2137 0.3906
vn -0.7195 -0.2566 0.6453
vn -0.7166 0.2811 0.6383
vn -0.7520 -0.5727 0.3263
vn -0.5728 -0.6458 0.5048
vn -0.7458 0.6465 0.1605
vn -0.6819 0.6613 0.3125
vn -0.5269 0.7157 0.4584
vn -0.7492 0.6623 -0.0092
vn -0.6643 0.7174 -0.2099
vn 0.9565 -0.2093 -0.2034
vn 0.9754 -0.2205 -0.0070
vn 0.8158 -0.5784 -0.0071
vn 0.8123 -0.5571 -0.1728
vn 0.9181 -0.2621 0.2974
vn 0.7243 -0.6504 0.2289
vn 0.9719 0.2353 -0.0028
vn 0.9143 0.2768 0.2956
vn 0.9548 0.2163 -0.2040
vn 0.8907 0.2285 -0.3930
vn 0.8940 -0.2199 -0.3904
vn 0.7179 -0.2616 -0.6451
vn 0.7183 0.2762 -0.6385
vn 0.7482 -0.5781 -0.3257
vn 0.5687 -0.6498 -0.5042
vn 0.7498 0.6418 -0.1610
vn 0.6859 0.6569 -0.3130
vn 0.5312 0.7122 -0.4589
vn 0.7532 0.6577 0.0087
vn 0.6687 0.7134 0.2093
vn 0.0814 -0.4372 0.8957
vn -0.2353 -0.4055 0.8833
vn -0.2499 -0.7271 0.6394
vn 0.1326 -0.7608 0.6353
vn -0.3364 -0.3140 0.8878
vn -0.4174 -0.2031 0.8857
vn -0.4201 0.1965 0.8859
vn -0.2763 0.2218 0.9351
vn -0.3361 -0.3136 0.8881
vn 0.1170 -0.2378 0.9642
vn 0.1176 0.2205 0.9683
vn 0.7444 0.1888 0.6405
vn 0.7405 -0.2063 0.6397
vn 0.6666 -0.3168 0.6747
vn 0.4838 -0.7296 0.4833
vn 0.5719 -0.4079 0.7117
vn 0.2875 -0.4375 0.8520
vn 0.2842 -0.2384 0.9286
vn 0.6664 -0.3164 0.6751
vn 0.6369 0.2138 0.7407
vn 0.2927 0.2143 0.9319
vn 0.1248 0.8240 0.5527
vn 0.4599 0.7851 0.4149
vn 0.7077 0.4334 0.5580
vn 0.5739 0.4331 0.6950
vn 0.2938 0.4684 0.8332
vn -0.4153 0.4474 0.7920
vn -0.2472 0.7890 0.5625
vn -0.2363 0.4462 0.8632
vn 0.0829 0.4693 0.8792
vn -0.0841 -0.4368 -0.8956
vn 0.2328 -0.4073 -0.8831
vn 0.2455 -0.7289 -0.6391
vn -0.1374 -0.7600 -0.6353
vn 0.3345 -0.3165 -0.8877
vn 0.4162 -0.2062 -0.8856
vn 0.4213 0.1934 -0.8861
vn 0.2776 0.2196 -0.9353
vn 0.3342 -0.3161 -0.8879
vn -0.1184 -0.2374 -0.9642
vn -0.1163 0.2208 -0.9684
vn -0.7432 0.1933 -0.6406
vn -0.7418 -0.2015 -0.6396
vn -0.6687 -0.3125 -0.6747
vn -0.4887 -0.7264 -0.4832
vn -0.5746 -0.4042 -0.7117
vn -0.2902 -0.4358 -0.8520
vn -0.2857 -0.2368 -0.9286
vn -0.6685 -0.3121 -0.6750
vn -0.6355 0.2175 -0.7408
vn -0.2914 0.2157 -0.9320
vn -0.1198 0.8244 -0.5532
vn -0.4551 0.7875 -0.4155
vn -0.7049 0.4375 -0.5582
vn -0.5712 0.4364 -0.6952
vn -0.2910 0.4698 -0.8335
vn 0.4180 0.4443 -0.7924
vn 0.2520 0.7871 -0.5631
vn 0.2390 0.4442 -0.8635
vn -0.0800 0.4692 -0.8794
vn 0.4590 -0.8659 -0.1986
vn 0.5024 -0.8368 -0.2177
vn 0.3570 -0.8808 -0.3110
vn 0.3228 -0.9039 -0.2806
vn 0.6891 -0.6598 -0.2996
vn 0.5148 -0.7270 -0.4544
vn 0.5570 -0.8220 -0.1186
vn 0.7519 -0.6396 -0.1600
vn 0.5103 -0.8531 -0.1087
vn 0.6139 -0.7785 -0.1307
vn 0.5559 -0.7955 -0.2411
vn 0.3997 -0.8475 -0.3493
vn 0.4997 -0.8662 -0.0056
vn 0.6057 -0.7957 -0.0063
vn 0.5068 -0.8479 0.1559
vn 0.4087 -0.9041 0.1245
vn 0.5471 -0.8370 -0.0059
vn 0.7510 -0.6603 -0.0069
vn 0.4520 -0.8812 0.1383
vn 0.6543 -0.7279 0.2051
vn -0.2537 -0.9361 -0.2437
vn -0.2831 -0.9194 -0.2729
vn -0.4586 -0.8779 -0.1381
vn -0.4150 -0.9013 -0.1241
vn -0.4328 -0.7949 -0.4252
vn -0.6605 -0.7223 -0.2052
vn -0.0770 -0.9342 -0.3484
vn -0.1203 -0.8237 -0.5540
vn -0.0689 -0.9481 -0.3103
vn -0.0875 -0.9131 -0.3983
vn -0.3208 -0.8947 -0.3107
vn -0.5128 -0.8443 -0.1556
vn 0.1270 -0.9374 -0.3244
vn 0.1613 -0.8964 -0.4129
vn 0.1420 -0.9209 -0.3630
vn 0.2175 -0.7974 -0.5629
vn -0.4648 -0.8627 0.1995
vn -0.5083 -0.8329 0.2187
vn -0.3626 -0.8782 0.3118
vn -0.3286 -0.9016 0.2815
vn -0.6940 -0.6542 0.3005
vn -0.5195 -0.7231 0.4552
vn -0.5632 -0.8176 0.1195
vn -0.7571 -0.6332 0.1607
vn -0.5162 -0.8494 0.1095
vn -0.6195 -0.7740 0.1314
vn -0.5613 -0.7914 0.2419
vn -0.4051 -0.8446 0.3500
vn -0.5058 -0.8626 0.0062
vn -0.6114 -0.7913 0.0068
vn -0.5537 -0.8327 0.0065
vn -0.7566 -0.6538 0.0073
vn 0.2476 -0.9377 0.2439
vn 0.2768 -0.9214 0.2729
vn 0.4268 -0.7984 0.4247
vn 0.0711 -0.9346 0.3484
vn 0.1150 -0.8248 0.5535
vn 0.0631 -0.9484 0.3108
vn 0.0818 -0.9135 0.3985
vn 0.3148 -0.8968 0.3108
vn -0.1327 -0.9364 0.3250
vn -0.1667 -0.8952 0.4134
vn -0.1476 -0.9199 0.3634
vn -0.2222 -0.7959 0.5631
vn 0.9061 -0.1499 -0.3957
vn 0.9157 -0.0365 -0.4001
vn 0.7415 -0.0432 -0.6696
vn 0.7303 -0.1814 -0.6586
vn 0.9163 -0.0036 -0.4005
vn 0.7421 -0.0027 -0.6703
vn 0.9776 -0.0350 -0.2077
vn 0.9782 -0.0040 -0.2079
vn 0.9682 -0.1419 -0.2058
vn 0.9156 -0.3517 -0.1947
vn 0.8518 -0.3692 -0.3716
vn 0.6711 -0.4344 -0.6008
vn 0.9886 -0.1505 -0.0070
vn 0.9291 -0.3699 -0.0071
vn 0.8568 -0.4358 0.2755
vn 0.9348 -0.1830 0.3045
vn 0.9993 -0.0371 -0.0071
vn 1.0000 -0.0042 -0.0069
vn 0.9497 -0.0447 0.3100
vn 0.9505 -0.0042 0.3105
vn -0.6847 -0.2200 -0.6948
vn -0.6998 -0.0478 -0.7127
vn -0.9500 -0.0361 -0.3101
vn -0.9364 -0.1742 -0.3045
vn -0.7005 0.0034 -0.7137
vn -0.9505 0.0042 -0.3106
vn -0.2077 -0.0558 -0.9766
vn -0.2080 0.0015 -0.9781
vn -0.2024 -0.2439 -0.9484
vn -0.1753 -0.5502 -0.8164
vn -0.6069 -0.5115 -0.6083
vn -0.8608 -0.4277 -0.2757
vn 0.3415 -0.2244 -0.9127
vn 0.3037 -0.5153 -0.8014
vn 0.3493 -0.0522 -0.9356
vn 0.3496 -0.0008 -0.9369
vn -0.9071 -0.1422 0.3961
vn -0.9161 -0.0290 0.3999
vn -0.7417 -0.0376 0.6697
vn -0.7315 -0.1758 0.6588
vn -0.9163 0.0036 0.4004
vn -0.7421 0.0027 0.6703
vn -0.9778 -0.0267 0.2078
vn -0.9781 0.0040 0.2079
vn -0.9693 -0.1341 0.2059
vn -0.9186 -0.3436 0.1951
vn -0.8547 -0.3620 0.3722
vn -0.6740 -0.4292 0.6013
vn -0.9899 -0.1416 0.0071
vn -0.9324 -0.3613 0.0074
vn -0.9996 -0.0285 0.0072
vn -1.0000 0.0042 0.0069
vn 0.6828 -0.2270 0.6944
vn 0.6994 -0.0547 0.7126
vn 0.7005 -0.0034 0.7136
vn 0.2073 -0.0589 0.9765
vn 0.2080 -0.0015 0.9781
vn 0.2007 -0.2470 0.9480
vn 0.1716 -0.5526 0.8156
vn 0.6026 -0.5174 0.6076
vn -0.3429 -0.2227 0.9126
vn -0.3067 -0.5136 0.8013
vn -0.3495 -0.0503 0.9356
vn -0.3496 0.0009 0.9369
vn 0.9115 0.1043 -0.3979
vn 0.8843 0.2631 -0.3857
vn 0.7058 0.3185 -0.6328
vn 0.7364 0.1297 -0.6640
vn 0.7788 0.5282 -0.3382
vn 0.5980 0.6026 -0.5285
vn 0.9474 0.2487 -0.2013
vn 0.8433 0.5067 -0.1791
vn 0.9734 0.0979 -0.2069
vn 0.9779 0.0204 -0.2079
vn 0.9161 0.0222 -0.4003
vn 0.7420 0.0291 -0.6698
vn 0.9946 0.1037 -0.0070
vn 0.9997 0.0217 -0.0068
vn 0.9502 0.0278 0.3103
vn 0.9429 0.1284 0.3072
vn 0.9649 0.2626 -0.0073
vn 0.8493 0.5278 -0.0075
vn 0.9025 0.3172 0.2914
vn 0.7618 0.6017 0.2401
vn -0.6906 0.1700 -0.7030
vn -0.6453 0.3957 -0.6535
vn -0.8997 0.3249 -0.2914
vn -0.9418 0.1365 -0.3072
vn -0.5113 0.6904 -0.5118
vn -0.7568 0.6079 -0.2401
vn -0.1867 0.4275 -0.8845
vn -0.1414 0.7234 -0.6758
vn -0.2037 0.1851 -0.9614
vn -0.2074 0.0463 -0.9772
vn -0.6998 0.0436 -0.7130
vn -0.9500 0.0359 -0.3103
vn 0.3460 0.1659 -0.9234
vn 0.3496 0.0394 -0.9361
vn 0.3262 0.3919 -0.8602
vn 0.2633 0.6875 -0.6768
vn -0.9107 0.1114 0.3978
vn -0.8824 0.2701 0.3853
vn -0.7037 0.3237 0.6325
vn -0.7355 0.1352 0.6639
vn -0.7749 0.5344 0.3375
vn -0.5941 0.6070 0.5279
vn -0.9455 0.2561 0.2010
vn -0.8393 0.5136 0.1785
vn -0.9726 0.1058 0.2068
vn -0.9778 0.0282 0.2078
vn -0.9160 0.0294 0.4001
vn -0.7416 0.0346 0.6699
vn -0.9937 0.1119 0.0069
vn -0.9995 0.0299 0.0078
vn -0.9627 0.2706 0.0070
vn -0.8449 0.5349 0.0071
vn 0.6919 0.1637 0.7032
vn 0.6484 0.3900 0.6539
vn 0.5165 0.6862 0.5122
vn 0.1895 0.4253 0.8850
vn 0.1460 0.7221 0.6762
vn 0.2049 0.1829 0.9616
vn 0.2078 0.0437 0.9772
vn 0.7001 0.0372 0.7131
vn -0.3451 0.1679 0.9234
vn -0.3493 0.0414 0.9361
vn -0.3239 0.3938 0.8602
vn -0.2592 0.6892 0.6767
vn 0.4513 0.8711 -0.1939
vn 0.4141 0.8928 -0.1773
vn 0.2901 0.9244 -0.2477
vn 0.3189 0.9076 -0.2731
vn 0.5367 0.8115 -0.2312
vn 0.3862 0.8601 -0.3334
vn 0.4609 0.8821 -0.0977
vn 0.5929 0.7954 -0.1258
vn 0.5020 0.8583 -0.1065
vn 0.6524 0.7451 -0.1384
vn 0.5926 0.7638 -0.2557
vn 0.4308 0.8215 -0.3734
vn 0.4916 0.8708 -0.0060
vn 0.6457 0.7636 -0.0070
vn 0.5460 0.8210 0.1665
vn 0.4028 0.9073 0.1204
vn 0.4498 0.8931 -0.0057
vn 0.5843 0.8115 -0.0066
vn 0.3660 0.9242 0.1088
vn 0.4881 0.8602 0.1478
vn -0.2398 0.9416 -0.2363
vn -0.2159 0.9529 -0.2128
vn -0.3599 0.9266 -0.1093
vn -0.3963 0.9101 -0.1208
vn -0.2986 0.9077 -0.2949
vn -0.4820 0.8635 -0.1483
vn -0.0545 0.9612 -0.2703
vn -0.0774 0.9226 -0.3780
vn -0.0610 0.9517 -0.3008
vn -0.0887 0.8983 -0.4304
vn -0.3386 0.8794 -0.3347
vn -0.5398 0.8251 -0.1667
vn 0.1287 0.9404 -0.3149
vn 0.1786 0.8776 -0.4449
vn 0.1165 0.9518 -0.2838
vn 0.1585 0.9059 -0.3926
vn -0.4454 0.8743 0.1929
vn -0.4070 0.8963 0.1762
vn -0.2840 0.9266 0.2466
vn -0.3130 0.9099 0.2722
vn -0.5300 0.8162 0.2298
vn -0.3797 0.8636 0.3317
vn -0.4542 0.8856 0.0968
vn -0.5862 0.8005 0.1248
vn -0.4958 0.8620 0.1056
vn -0.6466 0.7503 0.1376
vn -0.5871 0.7684 0.2548
vn -0.4256 0.8247 0.3726
vn -0.4851 0.8744 0.0054
vn -0.6396 0.7687 0.0064
vn -0.4434 0.8963 0.0050
vn -0.5778 0.8161 0.0060
vn 0.2460 0.9401 0.2361
vn 0.2222 0.9516 0.2125
vn 0.3042 0.9060 0.2943
vn 0.0604 0.9609 0.2701
vn 0.0830 0.9226 0.3767
vn 0.0668 0.9515 0.3004
vn 0.0943 0.8977 0.4304
vn 0.3447 0.8770 0.3348
vn -0.1230 0.9413 0.3143
vn -0.1733 0.8788 0.4445
vn -0.1106 0.9528 0.2828
vn -0.1526 0.9077 0.3909
vn 0.4973 -0.8391 -0.2205
vn 0.3615 -0.9177 -0.1645
vn 0.2585 -0.9389 -0.2271
vn 0.3538 -0.8819 -0.3115
vn 0.1527 -0.9850 -0.0807
vn 0.1356 -0.9837 -0.1180
vn 0.4085 -0.9087 -0.0859
vn 0.1633 -0.9860 -0.0350
vn 0.5677 -0.8146 -0.1190
vn 0.8978 0.3970 -0.1907
vn 0.8358 0.4114 -0.3635
vn 0.7625 0.5274 -0.3746
vn 0.6555 0.5851 -0.4775
vn 0.7405 0.3049 -0.5989
vn 0.8360 0.4109 -0.3637
vn 0.9153 0.0447 -0.4003
vn 0.7413 0.0529 -0.6691
vn 0.9155 0.0448 -0.3999
vn 0.8911 0.2789 -0.3580
vn 0.8980 0.3965 -0.1907
vn 0.9773 0.0431 -0.2076
vn 0.9990 0.0442 -0.0065
vn 0.9117 0.4108 -0.0075
vn 0.9192 0.3077 0.2457
vn 0.9492 0.0569 0.3094
vn 0.7927 0.5855 0.1697
vn 0.8488 0.5276 0.0323
vn 0.9115 0.4113 -0.0077
vn 0.9598 0.2786 -0.0353
vn 0.9990 0.0442 -0.0070
vn 0.4019 -0.9157 0.0023
vn 0.1680 -0.9857 0.0114
vn 0.3317 -0.9382 0.0990
vn 0.1718 -0.9837 0.0523
vn 0.5579 -0.8299 -0.0014
vn 0.4549 -0.8802 0.1355
vn -0.2879 -0.9197 -0.2670
vn -0.2120 -0.9592 -0.1870
vn -0.3374 -0.9362 -0.0983
vn -0.4604 -0.8774 -0.1348
vn -0.1080 -0.9915 -0.0722
vn -0.1777 -0.9827 -0.0516
vn -0.0525 -0.9681 -0.2449
vn -0.0225 -0.9956 -0.0912
vn -0.0742 -0.9318 -0.3552
vn -0.0980 0.8752 -0.4736
vn -0.3715 0.8527 -0.3674
vn -0.5867 0.7891 -0.1820
vn -0.9486 0.0634 -0.3100
vn -0.6983 0.0807 -0.7112
vn -0.6983 0.0807 -0.7113
vn -0.9486 0.0634 -0.3099
vn -0.2065 0.0865 -0.9746
vn -0.2066 0.0866 -0.9746
vn 0.3494 0.0714 -0.9342
vn 0.7409 0.0531 -0.6695
vn 0.4678 0.7846 -0.4069
vn 0.1954 0.8504 -0.4885
vn 0.1124 -0.9592 -0.2593
vn 0.0622 -0.9924 -0.1059
vn 0.1531 -0.9163 -0.3702
vn -0.5040 -0.8347 0.2219
vn -0.3681 -0.9149 0.1657
vn -0.2651 -0.9367 0.2286
vn -0.3605 -0.8785 0.3134
vn -0.1588 -0.9839 0.0817
vn -0.1418 -0.9827 0.1189
vn -0.4149 -0.9057 0.0868
vn -0.1694 -0.9849 0.0357
vn -0.5740 -0.8100 0.1200
vn -0.8936 0.4066 0.1900
vn -0.8313 0.4214 0.3623
vn -0.7570 0.5363 0.3732
vn -0.6499 0.5930 0.4755
vn -0.7368 0.3166 0.5974
vn -0.8315 0.4210 0.3625
vn -0.9146 0.0576 0.4001
vn -0.7405 0.0666 0.6687
vn -0.9149 0.0576 0.3997
vn -0.8878 0.2902 0.3572
vn -0.8939 0.4061 0.1900
vn -0.9766 0.0557 0.2079
vn -0.9985 0.0542 0.0065
vn -0.9078 0.4192 0.0072
vn -0.9170 0.3142 -0.2459
vn -0.9488 0.0634 -0.3094
vn -0.7882 0.5915 -0.1700
vn -0.8443 0.5349 -0.0328
vn -0.9076 0.4197 0.0073
vn -0.9570 0.2879 0.0350
vn -0.9985 0.0542 0.0070
vn -0.4080 -0.9130 -0.0016
vn -0.1740 -0.9847 -0.0107
vn -0.5638 -0.8259 0.0021
vn 0.2827 -0.9210 0.2681
vn 0.2065 -0.9602 0.1881
vn 0.1020 -0.9921 0.0730
vn 0.0467 -0.9681 0.2463
vn 0.0165 -0.9956 0.0920
vn 0.0687 -0.9316 0.3570
vn 0.1030 0.8755 0.4721
vn 0.3766 0.8508 0.3665
vn 0.5923 0.7850 0.1816
vn 0.9491 0.0568 0.3099
vn 0.6987 0.0804 0.7109
vn 0.6986 0.0804 0.7110
vn 0.2070 0.0935 0.9739
vn 0.2070 0.0934 0.9739
vn -0.3487 0.0835 0.9335
vn -0.7402 0.0666 0.6691
vn -0.4613 0.7895 0.4047
vn -0.1896 0.8530 0.4862
vn -0.1186 -0.9581 0.2609
vn -0.0683 -0.9919 0.1067
vn -0.1592 -0.9143 0.3723
vn -0.0106 -0.9994 -0.0328
vn -0.0744 -0.9970 -0.0211
vn -0.0634 -0.9979 0.0137
vn -0.0030 -1.0000 0.0004
vn 0.0574 -0.9983 -0.0128
vn 0.0544 -0.9973 -0.0488
vn 0.0046 -0.9994 0.0333
vn 0.0682 -0.9974 0.0218
vn -0.0603 -0.9970 0.0490
vn 0.1694 0.9848 0.0376
vn 0.1588 0.9777 0.1374
vn 0.3966 0.8936 0.2101
vn 0.4253 0.9005 0.0906
vn 0.1745 0.9410 0.2898
vn 0.3541 0.8836 0.3065
vn -0.0253 0.9952 0.0946
vn -0.0573 0.9652 0.2553
vn -0.0030 1.0000 -0.0004
vn 0.0193 0.9953 -0.0953
vn 0.1997 0.9779 -0.0617
vn 0.2815 0.9389 -0.1981
vn 0.0514 0.9653 -0.2560
vn 0.4389 0.8980 -0.0306
vn 0.4482 0.8836 -0.1358
vn -0.1754 0.9838 -0.0381
vn -0.1648 0.9766 -0.1382
vn -0.4020 0.8911 -0.2107
vn -0.4307 0.8979 -0.0913
vn -0.1802 0.9398 -0.2905
vn -0.3595 0.8812 -0.3071
vn -0.2055 0.9768 0.0609
vn -0.2872 0.9373 0.1974
vn -0.4443 0.8954 0.0300
vn -0.4535 0.8810 0.1351
vn 0.9579 -0.2027 0.2035
vn 0.8953 -0.2141 0.3906
vn 0.7520 -0.5727 0.3263
vn 0.8161 -0.5513 0.1733
vn 0.7194 -0.2565 0.6455
vn 0.5728 -0.6458 0.5048
vn 0.8876 0.2413 0.3924
vn 0.7134 0.2820 0.6415
vn 0.9539 0.2224 0.2016
vn 0.9721 0.2345 0.0029
vn 0.9769 -0.2134 0.0072
vn 0.9199 -0.2560 -0.2971
vn 0.9142 0.2815 -0.2915
vn 0.8199 -0.5725 0.0075
vn 0.7289 -0.6453 -0.2287
vn 0.7466 0.6465 0.1570
vn 0.7500 0.6614 -0.0078
vn 0.6677 0.7159 -0.2041
vn 0.6806 0.6622 0.3134
vn 0.5215 0.7172 0.4623
vn -0.9565 -0.2093 -0.2033
vn -0.8939 -0.2202 -0.3904
vn -0.7482 -0.5781 -0.3257
vn -0.8122 -0.5571 -0.1728
vn -0.7178 -0.2615 -0.6452
vn -0.5687 -0.6498 -0.5042
vn -0.8891 0.2355 -0.3926
vn -0.7151 0.2771 -0.6418
vn -0.9553 0.2163 -0.2018
vn -0.9736 0.2283 -0.0031
vn -0.9755 -0.2201 -0.0071
vn -0.9181 -0.2621 0.2972
vn -0.9160 0.2758 0.2914
vn -0.8158 -0.5784 -0.0071
vn -0.7243 -0.6504 0.2289
vn -0.7505 0.6419 -0.1575
vn -0.7540 0.6568 0.0073
vn -0.6721 0.7120 0.2036
vn -0.6847 0.6578 -0.3139
vn -0.5258 0.7136 -0.4628
vn -0.2873 -0.4379 0.8519
vn -0.5716 -0.4083 0.7117
vn -0.4838 -0.7296 0.4833
vn -0.1326 -0.7608 0.6353
vn -0.6665 -0.3174 0.6746
vn -0.7403 -0.2071 0.6396
vn -0.7453 0.1927 0.6383
vn -0.6340 0.2189 0.7417
vn -0.6662 -0.3171 0.6750
vn -0.2838 -0.2384 0.9288
vn -0.2876 0.2200 0.9321
vn 0.4184 0.1926 0.8876
vn 0.4176 -0.2024 0.8858
vn 0.3365 -0.3134 0.8880
vn 0.2499 -0.7271 0.6394
vn 0.2355 -0.4052 0.8834
vn -0.0813 -0.4369 0.8958
vn -0.1166 -0.2378 0.9643
vn 0.3362 -0.3130 0.8882
vn 0.2793 0.2168 0.9354
vn -0.1129 0.2149 0.9701
vn -0.1156 0.8240 0.5546
vn 0.2467 0.7873 0.5651
vn 0.4170 0.4370 0.7970
vn 0.2391 0.4357 0.8677
vn -0.0732 0.4692 0.8801
vn -0.7042 0.4438 0.5542
vn -0.4593 0.7868 0.4124
vn -0.5696 0.4436 0.6919
vn -0.2846 0.4685 0.8363
vn 0.2900 -0.4362 -0.8519
vn 0.5744 -0.4046 -0.7116
vn 0.4887 -0.7264 -0.4832
vn 0.1374 -0.7600 -0.6352
vn 0.6686 -0.3131 -0.6745
vn 0.7416 -0.2023 -0.6396
vn 0.7440 0.1972 -0.6384
vn 0.6327 0.2226 -0.7418
vn 0.6683 -0.3127 -0.6749
vn 0.2853 -0.2368 -0.9287
vn 0.2863 0.2214 -0.9322
vn -0.4196 0.1895 -0.8877
vn -0.4164 -0.2055 -0.8857
vn -0.3346 -0.3159 -0.8878
vn -0.2455 -0.7289 -0.6391
vn -0.2330 -0.4070 -0.8832
vn 0.0840 -0.4365 -0.8958
vn 0.1180 -0.2374 -0.9642
vn -0.3343 -0.3156 -0.8881
vn -0.2806 0.2145 -0.9356
vn 0.1116 0.2151 -0.9702
vn 0.1106 0.8244 -0.5552
vn -0.2515 0.7854 -0.5657
vn -0.4196 0.4339 -0.7973
vn -0.2417 0.4338 -0.8680
vn 0.0704 0.4691 -0.8804
vn 0.7014 0.4479 -0.5544
vn 0.4545 0.7892 -0.4129
vn 0.5669 0.4467 -0.6922
vn 0.2817 0.4699 -0.8366
vn -0.4586 -0.8661 -0.1986
vn -0.5559 -0.7955 -0.2411
vn -0.3997 -0.8475 -0.3493
vn -0.3228 -0.9039 -0.2806
vn -0.6139 -0.7785 -0.1307
vn -0.5102 -0.8532 -0.1087
vn -0.5570 -0.8220 -0.1186
vn -0.5024 -0.8368 -0.2177
vn -0.6891 -0.6598 -0.2996
vn -0.7519 -0.6396 -0.1599
vn -0.3570 -0.8808 -0.3110
vn -0.5148 -0.7270 -0.4544
vn -0.4997 -0.8662 -0.0056
vn -0.5471 -0.8370 -0.0059
vn -0.4520 -0.8812 0.1383
vn -0.4085 -0.9042 0.1245
vn -0.7510 -0.6603 -0.0069
vn -0.6543 -0.7278 0.2051
vn -0.6057 -0.7957 -0.0063
vn -0.5068 -0.8478 0.1559
vn 0.2538 -0.9360 -0.2438
vn 0.3208 -0.8947 -0.3107
vn 0.5128 -0.8443 -0.1556
vn 0.4151 -0.9013 -0.1241
vn 0.0875 -0.9131 -0.3983
vn 0.0689 -0.9481 -0.3104
vn 0.0770 -0.9342 -0.3484
vn 0.2831 -0.9194 -0.2729
vn 0.4328 -0.7949 -0.4252
vn 0.1203 -0.8237 -0.5540
vn 0.4586 -0.8779 -0.1381
vn 0.6605 -0.7223 -0.2052
vn -0.1271 -0.9373 -0.3246
vn -0.1420 -0.9209 -0.3629
vn -0.2175 -0.7974 -0.5630
vn -0.1613 -0.8964 -0.4129
vn 0.4649 -0.8626 0.1996
vn 0.5613 -0.7915 0.2419
vn 0.4050 -0.8447 0.3500
vn 0.3285 -0.9016 0.2815
vn 0.6195 -0.7739 0.1314
vn 0.5164 -0.8493 0.1095
vn 0.5633 -0.8176 0.1195
vn 0.5083 -0.8330 0.2187
vn 0.6940 -0.6542 0.3005
vn 0.7571 -0.6332 0.1608
vn 0.3626 -0.8782 0.3118
vn 0.5195 -0.7231 0.4552
vn 0.5059 -0.8626 0.0062
vn 0.5537 -0.8327 0.0065
vn 0.7566 -0.6538 0.0074
vn 0.6115 -0.7912 0.0068
vn -0.2476 -0.9377 0.2439
vn -0.3148 -0.8968 0.3108
vn -0.0818 -0.9135 0.3985
vn -0.0631 -0.9484 0.3107
vn -0.0711 -0.9346 0.3484
vn -0.2768 -0.9214 0.2729
vn -0.4268 -0.7984 0.4247
vn -0.1150 -0.8248 0.5535
vn 0.1326 -0.9364 0.3249
vn 0.1475 -0.9199 0.3634
vn 0.2222 -0.7959 0.5631
vn 0.1667 -0.8952 0.4134
vn -0.9060 -0.1498 -0.3959
vn -0.8518 -0.3692 -0.3716
vn -0.6711 -0.4344 -0.6008
vn -0.7303 -0.1814 -0.6586
vn -0.9156 -0.3517 -0.1947
vn -0.9682 -0.1420 -0.2058
vn -0.9776 -0.0350 -0.2077
vn -0.9158 -0.0365 -0.4001
vn -0.9163 -0.0036 -0.4005
vn -0.9782 -0.0040 -0.2079
vn -0.7415 -0.0432 -0.6696
vn -0.7421 -0.0027 -0.6703
vn -0.9886 -0.1505 -0.0069
vn -0.9993 -0.0371 -0.0070
vn -0.9497 -0.0447 0.3101
vn -0.9348 -0.1830 0.3045
vn -1.0000 -0.0042 -0.0069
vn -0.9505 -0.0042 0.3105
vn -0.9291 -0.3698 -0.0071
vn -0.8568 -0.4358 0.2755
vn 0.6848 -0.2200 -0.6947
vn 0.6069 -0.5115 -0.6083
vn 0.8608 -0.4277 -0.2757
vn 0.9365 -0.1742 -0.3045
vn 0.1752 -0.5502 -0.8164
vn 0.2024 -0.2439 -0.9484
vn 0.2077 -0.0558 -0.9766
vn 0.6998 -0.0478 -0.7127
vn 0.7005 0.0034 -0.7137
vn 0.2080 0.0015 -0.9781
vn 0.9500 -0.0361 -0.3102
vn 0.9506 0.0042 -0.3105
vn -0.3416 -0.2244 -0.9127
vn -0.3493 -0.0522 -0.9355
vn -0.3496 -0.0008 -0.9369
vn -0.3037 -0.5153 -0.8014
vn 0.9071 -0.1422 0.3961
vn 0.8547 -0.3620 0.3722
vn 0.6740 -0.4292 0.6013
vn 0.7315 -0.1758 0.6588
vn 0.9186 -0.3436 0.1951
vn 0.9693 -0.1341 0.2059
vn 0.9778 -0.0267 0.2078
vn 0.9160 -0.0290 0.4001
vn 0.9163 0.0036 0.4005
vn 0.9782 0.0040 0.2079
vn 0.7418 -0.0376 0.6696
vn 0.7421 0.0027 0.6703
vn 0.9899 -0.1416 0.0071
vn 0.9996 -0.0284 0.0070
vn 1.0000 0.0042 0.0069
vn 0.9324 -0.3614 0.0074
vn -0.6829 -0.2271 0.6944
vn -0.6026 -0.5175 0.6076
vn -0.1716 -0.5526 0.8156
vn -0.2007 -0.2470 0.9480
vn -0.2075 -0.0587 0.9765
vn -0.6994 -0.0547 0.7126
vn -0.7005 -0.0034 0.7137
vn -0.2080 -0.0015 0.9781
vn 0.3429 -0.2226 0.9126
vn 0.3495 -0.0503 0.9356
vn 0.3496 0.0008 0.9369
vn 0.3067 -0.5136 0.8013
vn -0.9114 0.1042 -0.3981
vn -0.9162 0.0222 -0.4002
vn -0.7419 0.0291 -0.6699
vn -0.7364 0.1297 -0.6640
vn -0.9779 0.0204 -0.2079
vn -0.9734 0.0979 -0.2069
vn -0.9474 0.2489 -0.2013
vn -0.8844 0.2631 -0.3855
vn -0.7788 0.5283 -0.3382
vn -0.8433 0.5068 -0.1791
vn -0.7058 0.3185 -0.6328
vn -0.5980 0.6026 -0.5285
vn -0.9946 0.1037 -0.0070
vn -0.9649 0.2625 -0.0072
vn -0.9025 0.3172 0.2914
vn -0.9429 0.1284 0.3072
vn -0.8493 0.5278 -0.0075
vn -0.7618 0.6016 0.2401
vn -0.9997 0.0217 -0.0069
vn -0.9502 0.0278 0.3103
vn 0.6906 0.1700 -0.7030
vn 0.6998 0.0436 -0.7130
vn 0.9500 0.0359 -0.3103
vn 0.9418 0.1365 -0.3072
vn 0.2074 0.0463 -0.9772
vn 0.2037 0.1851 -0.9614
vn 0.1866 0.4276 -0.8845
vn 0.6453 0.3958 -0.6534
vn 0.5113 0.6904 -0.5118
vn 0.1413 0.7234 -0.6758
vn 0.8997 0.3250 -0.2913
vn 0.7568 0.6079 -0.2401
vn -0.3460 0.1658 -0.9234
vn -0.3262 0.3919 -0.8602
vn -0.2633 0.6875 -0.6768
vn -0.3496 0.0394 -0.9361
vn 0.9106 0.1114 0.3979
vn 0.9163 0.0293 0.3995
vn 0.7417 0.0346 0.6698
vn 0.7355 0.1352 0.6639
vn 0.9778 0.0282 0.2078
vn 0.9726 0.1059 0.2068
vn 0.9455 0.2562 0.2010
vn 0.8824 0.2701 0.3853
vn 0.7749 0.5344 0.3375
vn 0.8392 0.5137 0.1785
vn 0.7037 0.3237 0.6325
vn 0.5941 0.6070 0.5279
vn 0.9937 0.1119 0.0069
vn 0.9627 0.2706 0.0070
vn 0.8449 0.5349 0.0071
vn 0.9995 0.0299 0.0075
vn -0.6919 0.1637 0.7032
vn -0.7001 0.0372 0.7131
vn -0.2078 0.0437 0.9772
vn -0.2049 0.1826 0.9616
vn -0.1894 0.4253 0.8850
vn -0.6484 0.3899 0.6539
vn -0.5165 0.6862 0.5122
vn -0.1460 0.7220 0.6763
vn 0.3451 0.1679 0.9234
vn 0.3239 0.3938 0.8602
vn 0.2592 0.6892 0.6767
vn 0.3494 0.0414 0.9361
vn -0.4515 0.8709 -0.1939
vn -0.5926 0.7638 -0.2557
vn -0.4308 0.8215 -0.3734
vn -0.3189 0.9076 -0.2731
vn -0.6524 0.7451 -0.1384
vn -0.5021 0.8582 -0.1065
vn -0.4612 0.8819 -0.0978
vn -0.4134 0.8931 -0.1773
vn -0.5368 0.8114 -0.2312
vn -0.5928 0.7954 -0.1258
vn -0.2902 0.9244 -0.2477
vn -0.3862 0.8601 -0.3334
vn -0.4916 0.8708 -0.0060
vn -0.4498 0.8931 -0.0057
vn -0.3660 0.9242 0.1088
vn -0.4028 0.9073 0.1204
vn -0.5843 0.8115 -0.0066
vn -0.4881 0.8602 0.1478
vn -0.6457 0.7636 -0.0070
vn -0.5461 0.8210 0.1665
vn 0.2398 0.9416 -0.2363
vn 0.3386 0.8794 -0.3347
vn 0.5398 0.8251 -0.1667
vn 0.3963 0.9101 -0.1208
vn 0.0887 0.8983 -0.4304
vn 0.0610 0.9517 -0.3008
vn 0.0545 0.9612 -0.2704
vn 0.2160 0.9529 -0.2129
vn 0.2986 0.9077 -0.2949
vn 0.0773 0.9226 -0.3780
vn 0.3599 0.9266 -0.1093
vn 0.4821 0.8635 -0.1483
vn -0.1287 0.9404 -0.3149
vn -0.1165 0.9518 -0.2837
vn -0.1585 0.9060 -0.3926
vn -0.1786 0.8776 -0.4450
vn 0.4454 0.8743 0.1929
vn 0.5871 0.7684 0.2548
vn 0.4256 0.8247 0.3726
vn 0.3130 0.9099 0.2722
vn 0.6466 0.7503 0.1376
vn 0.4957 0.8620 0.1056
vn 0.4547 0.8854 0.0968
vn 0.4069 0.8963 0.1762
vn 0.5301 0.8162 0.2299
vn 0.5862 0.8005 0.1248
vn 0.2841 0.9265 0.2466
vn 0.3797 0.8636 0.3317
vn 0.4851 0.8745 0.0053
vn 0.4433 0.8964 0.0050
vn 0.5778 0.8161 0.0060
vn 0.6396 0.7687 0.0064
vn -0.2460 0.9401 0.2361
vn -0.3447 0.8770 0.3348
vn -0.0943 0.8977 0.4304
vn -0.0668 0.9515 0.3004
vn -0.0604 0.9610 0.2699
vn -0.2222 0.9516 0.2125
vn -0.3042 0.9060 0.2943
vn -0.0830 0.9226 0.3767
vn 0.1230 0.9413 0.3143
vn 0.1106 0.9528 0.2828
vn 0.1526 0.9077 0.3909
vn 0.1733 0.8788 0.4445
vn -0.9154 0.0427 -0.4003
vn -0.8364 0.4100 -0.3638
vn -0.7406 0.3052 -0.5987
vn -0.7415 0.0533 -0.6688
vn -0.6558 0.5846 -0.4777
vn -0.7629 0.5268 -0.3747
vn -0.8362 0.4105 -0.3637
vn -0.8978 0.3970 -0.1907
vn -0.8980 0.3965 -0.1908
vn -0.8915 0.2777 -0.3581
vn -0.9156 0.0428 -0.3999
vn -0.9772 0.0430 -0.2078
vn -0.4080 -0.9087 -0.0881
vn -0.3659 -0.9158 -0.1658
vn -0.1487 -0.9857 -0.0792
vn -0.1633 -0.9860 -0.0350
vn -0.2622 -0.9383 -0.2254
vn -0.1354 -0.9837 -0.1180
vn -0.5098 -0.8302 -0.2258
vn -0.3598 -0.8805 -0.3087
vn -0.5670 -0.8146 -0.1225
vn -0.5444 -0.8388 -0.0012
vn -0.3974 -0.9176 0.0028
vn -0.3289 -0.9388 0.1020
vn -0.4506 -0.8816 0.1405
vn -0.1723 -0.9850 0.0113
vn -0.1719 -0.9837 0.0521
vn -0.9110 0.4122 -0.0076
vn -0.8485 0.5282 0.0324
vn -0.7923 0.5860 0.1698
vn -0.9192 0.3074 0.2459
vn -0.9113 0.4118 -0.0075
vn -0.9989 0.0462 -0.0065
vn -0.9492 0.0565 0.3097
vn -0.9989 0.0462 -0.0070
vn -0.9594 0.2799 -0.0352
vn 0.6985 0.0776 -0.7114
vn 0.6985 0.0776 -0.7113
vn 0.9485 0.0631 -0.3103
vn 0.5867 0.7891 -0.1820
vn 0.3715 0.8527 -0.3674
vn 0.0980 0.8752 -0.4736
vn 0.2071 0.0865 -0.9745
vn 0.0574 -0.9681 -0.2438
vn 0.2140 -0.9581 -0.1901
vn 0.1058 -0.9919 -0.0702
vn 0.0225 -0.9956 -0.0912
vn 0.3346 -0.9369 -0.1013
vn 0.1779 -0.9827 -0.0514
vn 0.2962 -0.9147 -0.2751
vn 0.4561 -0.8789 -0.1398
vn 0.0823 -0.9318 -0.3535
vn -0.1488 -0.9212 -0.3594
vn -0.1118 -0.9603 -0.2556
vn -0.0633 -0.9921 -0.1085
vn -0.1954 0.8504 -0.4885
vn -0.4678 0.7846 -0.4069
vn -0.7411 0.0534 -0.6692
vn -0.3493 0.0745 -0.9341
vn -0.3492 0.0744 -0.9341
vn 0.9148 0.0556 0.4002
vn 0.8319 0.4200 0.3627
vn 0.7369 0.3168 0.5971
vn 0.7408 0.0669 0.6684
vn 0.6502 0.5924 0.4756
vn 0.7574 0.5357 0.3733
vn 0.8317 0.4205 0.3625
vn 0.8936 0.4065 0.1901
vn 0.8939 0.4060 0.1901
vn 0.8882 0.2889 0.3573
vn 0.9150 0.0556 0.3997
vn 0.9766 0.0554 0.2078
vn 0.4145 -0.9057 0.0890
vn 0.3725 -0.9129 0.1670
vn 0.1548 -0.9847 0.0800
vn 0.1696 -0.9849 0.0358
vn 0.2688 -0.9361 0.2269
vn 0.1416 -0.9827 0.1190
vn 0.5165 -0.8256 0.2272
vn 0.3665 -0.8771 0.3105
vn 0.5733 -0.8100 0.1235
vn 0.5503 -0.8350 0.0019
vn 0.4035 -0.9150 -0.0021
vn 0.1783 -0.9839 -0.0103
vn 0.9072 0.4206 0.0073
vn 0.8439 0.5355 -0.0328
vn 0.7877 0.5921 -0.1700
vn 0.9169 0.3141 -0.2461
vn 0.9074 0.4201 0.0071
vn 0.9984 0.0562 0.0064
vn 0.9487 0.0630 -0.3098
vn 0.9984 0.0562 0.0070
vn 0.9566 0.2893 0.0349
vn -0.6989 0.0772 0.7111
vn -0.9490 0.0565 0.3102
vn -0.9490 0.0565 0.3103
vn -0.5923 0.7850 0.1816
vn -0.3766 0.8508 0.3665
vn -0.1030 0.8755 0.4721
vn -0.2076 0.0934 0.9738
vn -0.2075 0.0936 0.9737
vn -0.0517 -0.9681 0.2452
vn -0.2085 -0.9591 0.1912
vn -0.0999 -0.9925 0.0710
vn -0.0165 -0.9956 0.0920
vn -0.2911 -0.9159 0.2763
vn -0.0768 -0.9316 0.3553
vn 0.1549 -0.9194 0.3615
vn 0.1180 -0.9591 0.2572
vn 0.0695 -0.9916 0.1095
vn 0.1896 0.8530 0.4862
vn 0.4613 0.7895 0.4048
vn 0.7404 0.0668 0.6688
vn 0.3485 0.0865 0.9333
vn 0.3485 0.0866 0.9333
vn 0.7404 0.0669 0.6688
vn 0.0096 -0.9994 -0.0330
vn -0.0536 -0.9974 -0.0484
vn -0.0576 -0.9983 -0.0125
vn 0.0030 -1.0000 0.0004
vn 0.0636 -0.9979 0.0133
vn 0.0750 -0.9970 -0.0206
vn -0.0033 -0.9994 0.0335
vn 0.0596 -0.9970 0.0491
vn -0.0692 -0.9974 0.0217
vn -0.0007 -0.9987 -0.0511
vn -0.0656 -0.9964 -0.0533
vn -0.0877 -0.9900 -0.1102
vn -0.0000 -0.9938 -0.1110
vn -0.1650 -0.9843 -0.0635
vn -0.1601 -0.9816 -0.1043
vn -0.0620 -0.9979 -0.0174
vn -0.1702 -0.9853 -0.0172
vn -0.0000 -0.9998 -0.0174
vn 0.0620 -0.9979 -0.0174
vn 0.0662 -0.9964 -0.0533
vn 0.1691 -0.9835 -0.0642
vn 0.1701 -0.9853 -0.0172
vn 0.0859 -0.9905 -0.1077
vn 0.1602 -0.9816 -0.1041
vn 0.0007 -0.9999 0.0163
vn 0.0660 -0.9976 0.0186
vn 0.0876 -0.9933 0.0755
vn -0.0000 -0.9971 0.0763
vn 0.1649 -0.9859 0.0291
vn 0.1601 -0.9846 0.0700
vn -0.0661 -0.9976 0.0183
vn -0.1693 -0.9851 0.0300
vn -0.0860 -0.9936 0.0732
vn -0.1604 -0.9846 0.0699
vn 0.2236 -0.9257 0.3052
vn 0.1658 -0.9635 0.2104
vn 0.3067 -0.9400 0.1497
vn 0.4195 -0.8827 0.2120
vn -0.0025 -0.9722 0.2339
vn -0.0042 -0.9377 0.3475
vn -0.0001 0.8671 0.4982
vn 0.2896 0.8440 0.4514
vn 0.2337 0.9005 0.3666
vn -0.0000 0.9158 0.4015
vn 0.5392 0.7813 0.3142
vn 0.4441 0.8572 0.2608
vn 0.8637 0.0508 0.5014
vn 0.5353 0.0675 0.8419
vn 0.5354 0.0675 0.8419
vn 0.8637 0.0509 0.5014
vn -0.0003 0.0763 0.9971
vn -0.5354 0.0674 0.8419
vn -0.8633 0.0554 0.5016
vn -0.5378 0.7826 0.3135
vn -0.2891 0.8445 0.4508
vn -0.2333 0.9008 0.3662
vn -0.4429 0.8579 0.2603
vn -0.1673 -0.9624 0.2140
vn -0.3039 -0.9404 0.1523
vn -0.2304 -0.9206 0.3153
vn -0.4151 -0.8837 0.2164
vn -0.5366 -0.8381 0.0979
vn -0.3917 -0.9174 0.0698
vn -0.4212 -0.9068 -0.0170
vn -0.5840 -0.8116 -0.0159
vn -0.9149 0.4037 0.0070
vn -0.8898 0.4155 0.1888
vn -0.5687 0.8124 0.1286
vn -0.6018 0.7985 0.0139
vn -0.8197 0.5301 0.2168
vn -0.7363 0.5850 0.3401
vn -0.8459 0.3065 0.4365
vn -0.8900 0.4151 0.1889
vn -0.9780 0.0512 0.2022
vn -0.8636 0.0554 0.5011
vn -0.9781 0.0512 0.2016
vn -0.9435 0.2845 0.1697
vn -0.9151 0.4032 0.0070
vn -0.9987 0.0517 0.0008
vn -0.9782 0.0547 -0.2003
vn -0.8908 0.4196 -0.1745
vn -0.8468 0.3190 -0.4257
vn -0.8639 0.0693 -0.4988
vn -0.7374 0.5949 -0.3200
vn -0.8206 0.5359 -0.1984
vn -0.5689 0.8163 -0.1002
vn -0.4433 0.8662 -0.2304
vn -0.8906 0.4201 -0.1744
vn -0.9442 0.2878 -0.1598
vn -0.9783 0.0546 -0.1998
vn -0.3960 -0.9126 -0.1020
vn -0.3068 -0.9342 -0.1823
vn -0.5494 -0.8255 -0.1294
vn -0.4196 -0.8747 -0.2427
vn -0.2233 -0.9147 -0.3368
vn -0.1656 -0.9557 -0.2435
vn 0.0025 -0.9637 -0.2670
vn 0.0041 -0.9255 -0.3788
vn -0.0001 0.8834 -0.4687
vn -0.2896 0.8592 -0.4219
vn -0.2335 0.9128 -0.3349
vn -0.0000 0.9291 -0.3699
vn -0.5384 0.7925 -0.2864
vn -0.8637 0.0694 -0.4993
vn -0.5355 0.0934 -0.8394
vn -0.8637 0.0693 -0.4993
vn 0.0003 0.1035 -0.9946
vn 0.0004 0.1034 -0.9946
vn 0.5358 0.0873 -0.8398
vn 0.8637 0.0642 -0.4998
vn 0.5398 0.7913 -0.2872
vn 0.2901 0.8587 -0.4225
vn 0.2339 0.9126 -0.3354
vn 0.4445 0.8655 -0.2310
vn 0.1667 -0.9546 -0.2467
vn 0.3029 -0.9350 -0.1845
vn 0.2295 -0.9098 -0.3460
vn 0.4135 -0.8766 -0.2462
vn 0.5348 -0.8354 -0.1267
vn 0.3906 -0.9149 -0.1015
vn 0.4202 -0.9073 -0.0147
vn 0.5825 -0.8127 -0.0124
vn 0.9166 0.3997 0.0070
vn 0.8919 0.4172 -0.1747
vn 0.5706 0.8150 -0.1006
vn 0.6036 0.7972 0.0139
vn 0.8222 0.5334 -0.1988
vn 0.7386 0.5929 -0.3207
vn 0.8479 0.3149 -0.4265
vn 0.8921 0.4167 -0.1749
vn 0.9784 0.0511 -0.2005
vn 0.8640 0.0642 -0.4993
vn 0.9785 0.0512 -0.2000
vn 0.9452 0.2846 -0.1600
vn 0.9168 0.3992 0.0070
vn 0.9989 0.0462 0.0009
vn 0.9784 0.0437 0.2021
vn 0.8921 0.4104 0.1892
vn 0.8472 0.3028 0.4367
vn 0.8640 0.0508 0.5009
vn 0.7383 0.5820 0.3409
vn 0.8220 0.5265 0.2172
vn 0.5704 0.8112 0.1289
vn 0.8919 0.4108 0.1891
vn 0.9453 0.2786 0.1699
vn 0.9785 0.0437 0.2016
vn 0.3955 -0.9158 0.0700
vn 0.5486 -0.8301 0.1003
vn 0.1887 0.9357 0.2982
vn 0.1701 0.9477 0.2702
vn 0.3326 0.9220 0.1984
vn 0.3662 0.9049 0.2171
vn -0.0000 0.9562 0.2929
vn -0.0000 0.9460 0.3240
vn -0.0000 0.8900 0.4560
vn 0.2649 0.8708 0.4141
vn 0.3966 0.6769 0.6201
vn -0.0000 0.7101 0.7041
vn 0.4970 0.8177 0.2905
vn 0.6934 0.5969 0.4036
vn -0.1884 0.9358 0.2980
vn -0.2646 0.8711 0.4138
vn -0.4962 0.8183 0.2901
vn -0.3655 0.9052 0.2167
vn -0.3963 0.6774 0.6197
vn -0.6927 0.5980 0.4032
vn -0.1701 0.9477 0.2702
vn -0.3319 0.9223 0.1981
vn -0.4784 0.8711 0.1111
vn -0.4376 0.8932 0.1031
vn -0.4673 0.8840 0.0154
vn -0.5094 0.8604 0.0150
vn -0.6634 0.7482 0.0131
vn -0.6296 0.7641 0.1403
vn -0.8298 0.5289 0.1781
vn -0.8596 0.5109 0.0089
vn -0.4783 0.8745 -0.0806
vn -0.6294 0.7688 -0.1135
vn -0.4958 0.8282 -0.2611
vn -0.3653 0.9124 -0.1849
vn -0.8295 0.5352 -0.1595
vn -0.6922 0.6125 -0.3817
vn -0.4374 0.8964 -0.0719
vn -0.3318 0.9287 -0.1657
vn -0.1882 0.9458 -0.2648
vn -0.1699 0.9566 -0.2367
vn -0.0000 0.9658 -0.2593
vn -0.0000 0.9569 -0.2905
vn -0.0000 0.9057 -0.4239
vn -0.2643 0.8853 -0.3826
vn -0.3959 0.6996 -0.5949
vn -0.0000 0.7352 -0.6779
vn 0.1885 0.9456 -0.2651
vn 0.2645 0.8851 -0.3829
vn 0.4966 0.8277 -0.2615
vn 0.3659 0.9120 -0.1852
vn 0.3962 0.6990 -0.5953
vn 0.6930 0.6113 -0.3822
vn 0.1702 0.9565 -0.2371
vn 0.3325 0.9284 -0.1661
vn 0.4793 0.8739 -0.0808
vn 0.4385 0.8959 -0.0721
vn 0.4688 0.8832 0.0154
vn 0.5106 0.8597 0.0150
vn 0.6646 0.7471 0.0130
vn 0.6305 0.7678 -0.1137
vn 0.8305 0.5336 -0.1597
vn 0.8606 0.5093 0.0089
vn 0.4795 0.8705 0.1113
vn 0.6307 0.7632 0.1405
vn 0.8307 0.5274 0.1783
vn 0.4386 0.8927 0.1033
vn 0.5301 0.1510 0.8344
vn 0.4971 0.3781 0.7810
vn 0.8212 0.3115 0.4781
vn 0.8580 0.1225 0.4988
vn -0.0000 0.4097 0.9122
vn -0.0000 0.1657 0.9862
vn -0.0003 0.0265 0.9996
vn 0.5365 0.0243 0.8436
vn 0.5370 -0.0162 0.8435
vn -0.0002 -0.0186 0.9998
vn 0.8649 0.0218 0.5015
vn 0.8653 -0.0101 0.5011
vn -0.5300 0.1519 0.8343
vn -0.5364 0.0253 0.8436
vn -0.8648 0.0233 0.5015
vn -0.8579 0.1240 0.4986
vn -0.5371 -0.0151 0.8434
vn -0.8653 -0.0085 0.5012
vn -0.4969 0.3790 0.7807
vn -0.8208 0.3131 0.4778
vn -0.9738 0.1050 0.2016
vn -0.9440 0.2639 0.1980
vn -0.9674 0.2531 0.0044
vn -0.9947 0.1029 0.0018
vn -0.9997 0.0252 0.0004
vn -0.9792 0.0229 0.2016
vn -0.9796 -0.0029 0.2011
vn -1.0000 0.0009 -0.0000
vn -0.9737 0.1124 -0.1980
vn -0.9794 0.0305 -0.1996
vn -0.8648 0.0419 -0.5003
vn -0.8578 0.1424 -0.4939
vn -0.9796 0.0046 -0.2011
vn -0.8653 0.0101 -0.5011
vn -0.9439 0.2710 -0.1887
vn -0.8205 0.3305 -0.4664
vn -0.5299 0.1827 -0.8282
vn -0.4965 0.4075 -0.7664
vn -0.0000 0.4431 -0.8965
vn -0.0000 0.2021 -0.9794
vn 0.0001 0.0630 -0.9980
vn -0.5366 0.0565 -0.8420
vn -0.5371 0.0162 -0.8434
vn -0.0002 0.0186 -0.9998
vn 0.5300 0.1817 -0.8283
vn 0.5365 0.0555 -0.8420
vn 0.8649 0.0403 -0.5003
vn 0.8579 0.1408 -0.4941
vn 0.5370 0.0151 -0.8435
vn 0.8653 0.0085 -0.5012
vn 0.4968 0.4066 -0.7667
vn 0.8209 0.3290 -0.4667
vn 0.9740 0.1106 -0.1979
vn 0.9444 0.2692 -0.1888
vn 0.9678 0.2515 0.0044
vn 0.9949 0.1010 0.0018
vn 0.9997 0.0236 0.0004
vn 0.9793 0.0286 -0.2005
vn 0.9796 0.0029 -0.2011
vn 1.0000 -0.0009 -0.0000
vn 0.9740 0.1032 0.2017
vn 0.9792 0.0212 0.2016
vn 0.9796 -0.0046 0.2011
vn 0.9445 0.2620 0.1981
vn 0.5243 -0.2395 0.8172
vn 0.5362 -0.0676 0.8414
vn 0.8646 -0.0507 0.4999
vn 0.8516 -0.1889 0.4890
vn 0.0001 -0.0755 0.9971
vn -0.0000 -0.2636 0.9646
vn -0.0000 -0.5669 0.8238
vn 0.4647 -0.5283 0.7106
vn 0.3316 -0.8060 0.4903
vn -0.0000 -0.8344 0.5511
vn 0.7822 -0.4411 0.4401
vn 0.5996 -0.7317 0.3242
vn -0.5244 -0.2383 0.8174
vn -0.4651 -0.5273 0.7111
vn -0.7829 -0.4392 0.4406
vn -0.8519 -0.1868 0.4892
vn -0.3320 -0.8055 0.4908
vn -0.6006 -0.7306 0.3247
vn -0.5362 -0.0664 0.8414
vn -0.8646 -0.0488 0.5001
vn -0.9692 -0.1486 0.1963
vn -0.9791 -0.0355 0.2002
vn -0.9996 -0.0298 -0.0005
vn -0.9906 -0.1368 -0.0024
vn -0.9381 -0.3464 -0.0060
vn -0.9123 -0.3679 0.1801
vn -0.7393 -0.6590 0.1384
vn -0.7721 -0.6354 -0.0111
vn -0.9693 -0.1411 -0.2011
vn -0.9125 -0.3609 -0.1928
vn -0.7834 -0.4224 -0.4559
vn -0.8521 -0.1683 -0.4956
vn -0.7396 -0.6534 -0.1614
vn -0.6012 -0.7182 -0.3504
vn -0.9791 -0.0279 -0.2013
vn -0.8647 -0.0301 -0.5014
vn -0.5247 -0.2074 -0.8256
vn -0.5363 -0.0349 -0.8433
vn 0.0002 -0.0385 -0.9993
vn -0.0000 -0.2272 -0.9738
vn -0.0001 -0.5358 -0.8443
vn -0.4656 -0.5004 -0.7299
vn -0.3326 -0.7871 -0.5195
vn -0.0000 -0.8139 -0.5810
vn 0.5245 -0.2087 -0.8254
vn 0.4652 -0.5015 -0.7295
vn 0.7826 -0.4242 -0.4555
vn 0.8518 -0.1703 -0.4954
vn 0.3322 -0.7876 -0.5191
vn 0.6002 -0.7193 -0.3499
vn 0.5363 -0.0361 -0.8433
vn 0.8646 -0.0320 -0.5014
vn 0.9690 -0.1435 -0.2013
vn 0.9791 -0.0301 -0.2011
vn 0.9995 -0.0320 -0.0006
vn 0.9902 -0.1393 -0.0024
vn 0.9372 -0.3488 -0.0061
vn 0.9116 -0.3632 -0.1927
vn 0.7383 -0.6549 -0.1611
vn 0.7707 -0.6371 -0.0111
vn 0.9689 -0.1509 0.1963
vn 0.9114 -0.3702 0.1798
vn 0.7380 -0.6605 0.1381
vn 0.9790 -0.0376 0.2003
vn 0.1943 -0.9419 0.2739
vn 0.2168 -0.9261 0.3086
vn 0.4161 -0.8838 0.2141
vn 0.3767 -0.9064 0.1912
vn -0.0000 -0.9406 0.3395
vn -0.0000 -0.9538 0.3005
vn -0.0000 -0.9204 0.3910
vn 0.2461 -0.9023 0.3540
vn 0.3750 -0.7383 0.5607
vn -0.0000 -0.7718 0.6359
vn 0.4658 -0.8508 0.2433
vn 0.6629 -0.6547 0.3633
vn -0.1945 -0.9418 0.2742
vn -0.2463 -0.9021 0.3543
vn -0.4664 -0.8504 0.2436
vn -0.3771 -0.9062 0.1915
vn -0.3752 -0.7380 0.5609
vn -0.6633 -0.6541 0.3635
vn -0.2171 -0.9260 0.3089
vn -0.4168 -0.8833 0.2145
vn -0.4937 -0.8656 0.0837
vn -0.5402 -0.8363 0.0939
vn -0.5733 -0.8192 -0.0143
vn -0.5252 -0.8508 -0.0149
vn -0.6309 -0.7757 -0.0135
vn -0.5969 -0.7952 0.1063
vn -0.8017 -0.5779 0.1529
vn -0.8327 -0.5537 -0.0097
vn -0.4934 -0.8623 -0.1139
vn -0.5971 -0.7909 -0.1340
vn -0.4667 -0.8411 -0.2733
vn -0.3775 -0.8987 -0.2232
vn -0.8018 -0.5720 -0.1730
vn -0.6635 -0.6407 -0.3863
vn -0.5404 -0.8324 -0.1231
vn -0.4172 -0.8750 -0.2455
vn -0.1947 -0.9315 -0.3072
vn -0.2174 -0.9144 -0.3416
vn -0.0000 -0.9279 -0.3728
vn -0.0000 -0.9425 -0.3342
vn -0.0000 -0.9059 -0.4234
vn -0.2465 -0.8890 -0.3859
vn -0.3754 -0.7176 -0.5867
vn -0.0000 -0.7487 -0.6629
vn 0.1946 -0.9316 -0.3070
vn 0.2463 -0.8891 -0.3857
vn 0.4662 -0.8415 -0.2730
vn 0.3769 -0.8990 -0.2229
vn 0.3752 -0.7178 -0.5865
vn 0.6631 -0.6413 -0.3861
vn 0.2172 -0.9145 -0.3413
vn 0.4165 -0.8755 -0.2451
vn 0.4925 -0.8629 -0.1138
vn 0.5392 -0.8331 -0.1229
vn 0.5720 -0.8202 -0.0143
vn 0.5243 -0.8514 -0.0149
vn 0.6300 -0.7765 -0.0136
vn 0.5963 -0.7915 -0.1339
vn 0.8013 -0.5728 -0.1729
vn 0.8321 -0.5545 -0.0097
vn 0.4928 -0.8661 0.0835
vn 0.5961 -0.7959 0.1061
vn 0.8012 -0.5786 0.1528
vn 0.5390 -0.8371 0.0936
vn 0.1052 -0.4211 -0.9009
vn 0.4126 -0.3920 -0.8223
vn 0.5127 -0.3012 -0.8040
vn 0.8371 -0.2507 -0.4862
vn 0.5918 -0.1910 -0.7831
vn 0.5957 0.2086 -0.7757
vn 0.8345 0.2869 -0.4704
vn 0.4653 0.2357 -0.8532
vn 0.5124 -0.3008 -0.8043
vn 0.0853 -0.2204 -0.9717
vn 0.0869 0.2378 -0.9674
vn -0.5943 0.2050 -0.7777
vn -0.5920 -0.1899 -0.7832
vn -0.8372 -0.2501 -0.4864
vn -0.8320 0.2881 -0.4742
vn -0.5129 -0.3003 -0.8042
vn -0.4129 -0.3913 -0.8224
vn -0.1055 -0.4207 -0.9010
vn -0.0858 -0.2204 -0.9716
vn -0.5127 -0.2999 -0.8045
vn -0.4683 0.2308 -0.8529
vn -0.0919 0.2322 -0.9683
vn -0.0047 0.8340 -0.5518
vn -0.3612 0.7949 -0.4875
vn -0.2338 0.9446 -0.2305
vn -0.0000 0.9696 -0.2445
vn -0.6084 0.7213 -0.3310
vn -0.4128 0.8862 -0.2105
vn -0.5748 0.4476 -0.6850
vn -0.4155 0.4487 -0.7912
vn -0.1128 0.4844 -0.8675
vn 0.5722 0.4578 -0.6804
vn 0.3611 0.7966 -0.4848
vn 0.6129 0.7197 -0.3261
vn 0.2370 0.9424 -0.2361
vn 0.4128 0.8861 -0.2108
vn 0.4120 0.4590 -0.7871
vn 0.1031 0.4846 -0.8687
vn -0.1052 -0.4528 0.8854
vn -0.4125 -0.4207 0.8080
vn -0.5127 -0.3292 0.7930
vn -0.8372 -0.2673 0.4771
vn -0.5918 -0.2183 0.7759
vn -0.5957 0.1813 0.7825
vn -0.8345 0.2704 0.4801
vn -0.4654 0.2057 0.8609
vn -0.5124 -0.3289 0.7933
vn -0.0853 -0.2547 0.9633
vn -0.0869 0.2035 0.9752
vn 0.5944 0.1772 0.7844
vn 0.5919 -0.2179 0.7760
vn 0.8370 -0.2678 0.4772
vn 0.8321 0.2710 0.4840
vn 0.5127 -0.3290 0.7930
vn 0.4127 -0.4206 0.8080
vn 0.1054 -0.4525 0.8855
vn 0.0857 -0.2548 0.9632
vn 0.5125 -0.3286 0.7933
vn 0.4684 0.2004 0.8605
vn 0.0919 0.1979 0.9759
vn 0.0047 0.8142 0.5806
vn 0.3612 0.7774 0.5149
vn 0.2338 0.9360 0.2633
vn -0.0000 0.9605 0.2782
vn 0.6084 0.7093 0.3560
vn 0.4128 0.8783 0.2413
vn 0.5749 0.4231 0.7003
vn 0.4156 0.4206 0.8065
vn 0.1128 0.4536 0.8840
vn -0.5722 0.4338 0.6960
vn -0.3611 0.7792 0.5123
vn -0.6129 0.7079 0.3511
vn -0.2370 0.9336 0.2689
vn -0.4128 0.8782 0.2416
vn -0.4120 0.4312 0.8027
vn -0.1031 0.4538 0.8851
vn 0.9785 -0.2060 -0.0036
vn 0.9562 -0.2209 0.1921
vn 0.9505 0.2347 0.2034
vn 0.9757 0.2191 0.0027
vn 0.9523 0.2347 -0.1952
vn 0.9563 -0.2136 -0.1997
vn 0.7649 0.6441 0.0094
vn 0.7340 0.6619 -0.1522
vn 0.4257 0.8987 -0.1058
vn 0.4375 0.8991 0.0157
vn 0.7330 0.6570 0.1764
vn 0.4343 0.8901 0.1384
vn -0.9787 -0.2055 -0.0035
vn -0.9564 -0.2133 -0.1997
vn -0.9505 0.2420 -0.1951
vn -0.9756 0.2194 0.0050
vn -0.9522 0.2280 0.2033
vn -0.9564 -0.2199 0.1922
vn -0.7649 0.6441 0.0130
vn -0.7340 0.6562 0.1752
vn -0.4257 0.8944 0.1371
vn -0.4375 0.8991 0.0157
vn -0.7329 0.6628 -0.1533
vn -0.4343 0.8943 -0.1072
vn -0.1764 0.9842 0.0167
vn -0.1870 0.9787 -0.0843
vn 0.0021 0.9968 -0.0801
vn -0.0000 0.9998 0.0175
vn -0.0021 0.9934 0.1149
vn -0.1853 0.9754 0.1191
vn 0.1765 0.9841 0.0179
vn 0.1869 0.9753 0.1181
vn 0.1855 0.9790 -0.0850
vn -0.0655 -0.9964 -0.0533
vn -0.0875 -0.9901 -0.1101
vn -0.1648 -0.9843 -0.0635
vn -0.1600 -0.9816 -0.1041
vn -0.1701 -0.9853 -0.0172
vn 0.0664 -0.9964 -0.0536
vn 0.1692 -0.9835 -0.0643
vn 0.1702 -0.9853 -0.0172
vn 0.1603 -0.9816 -0.1041
vn 0.0007 -0.9999 0.0162
vn 0.0877 -0.9933 0.0756
vn 0.1651 -0.9859 0.0292
vn 0.1602 -0.9846 0.0700
vn -0.1691 -0.9851 0.0300
vn -0.0860 -0.9936 0.0731
vn -0.1603 -0.9846 0.0699
vn -0.5356 0.0644 0.8420
vn -0.5355 0.0644 0.8421
vn -0.8636 0.0505 0.5017
vn -0.5392 0.7814 0.3142
vn -0.2896 0.8440 0.4514
vn -0.2337 0.9005 0.3666
vn -0.4441 0.8572 0.2608
vn 0.0001 0.8671 0.4982
vn -0.0004 0.0763 0.9971
vn -0.0003 0.0764 0.9971
vn -0.1671 -0.9625 0.2138
vn -0.3034 -0.9407 0.1520
vn -0.2301 -0.9208 0.3150
vn -0.4143 -0.8841 0.2160
vn -0.0041 -0.9377 0.3475
vn 0.2239 -0.9255 0.3056
vn 0.1659 -0.9634 0.2105
vn 0.3073 -0.9397 0.1499
vn 0.4203 -0.8822 0.2125
vn 0.2891 0.8445 0.4508
vn 0.2333 0.9008 0.3662
vn 0.5378 0.7826 0.3135
vn 0.4430 0.8579 0.2603
vn 0.8635 0.0557 0.5013
vn 0.5352 0.0705 0.8418
vn 0.9781 0.0492 0.2021
vn 0.8904 0.4142 0.1890
vn 0.8459 0.3068 0.4362
vn 0.8638 0.0557 0.5008
vn 0.7367 0.5845 0.3401
vn 0.8201 0.5296 0.2168
vn 0.5687 0.8124 0.1286
vn 0.8902 0.4147 0.1888
vn 0.9149 0.4037 0.0071
vn 0.6018 0.7985 0.0139
vn 0.9151 0.4032 0.0071
vn 0.9439 0.2832 0.1698
vn 0.9782 0.0492 0.2016
vn 0.9987 0.0513 0.0010
vn 0.4212 -0.9069 -0.0147
vn 0.3963 -0.9154 0.0702
vn 0.5499 -0.8291 0.1006
vn 0.5840 -0.8117 -0.0124
vn 0.5361 -0.8345 -0.1269
vn 0.3914 -0.9146 -0.1017
vn 0.3035 -0.9348 -0.1847
vn 0.4144 -0.8761 -0.2467
vn 0.8902 0.4210 -0.1742
vn 0.5689 0.8162 -0.1002
vn 0.8203 0.5365 -0.1983
vn 0.7370 0.5954 -0.3199
vn 0.4433 0.8663 -0.2304
vn 0.8467 0.3189 -0.4260
vn 0.8904 0.4205 -0.1744
vn 0.9781 0.0567 -0.2003
vn 0.8638 0.0691 -0.4991
vn 0.9782 0.0567 -0.1998
vn 0.9438 0.2892 -0.1598
vn 0.5356 0.0904 -0.8396
vn 0.8635 0.0691 -0.4996
vn 0.5384 0.7925 -0.2864
vn 0.2896 0.8592 -0.4219
vn 0.2335 0.9128 -0.3349
vn 0.0001 0.8834 -0.4687
vn 0.0003 0.1038 -0.9946
vn 0.0025 -0.9637 -0.2671
vn 0.1669 -0.9546 -0.2469
vn 0.2298 -0.9095 -0.3463
vn 0.0042 -0.9255 -0.3788
vn -0.2230 -0.9149 -0.3364
vn -0.1654 -0.9557 -0.2433
vn -0.3062 -0.9344 -0.1821
vn -0.4187 -0.8752 -0.2422
vn -0.2901 0.8587 -0.4225
vn -0.2339 0.9126 -0.3354
vn -0.5398 0.7913 -0.2872
vn -0.4445 0.8655 -0.2310
vn -0.8639 0.0645 -0.4995
vn -0.5356 0.0904 -0.8396
vn -0.9785 0.0491 -0.2005
vn -0.8925 0.4158 -0.1749
vn -0.8479 0.3151 -0.4263
vn -0.8642 0.0645 -0.4990
vn -0.7390 0.5924 -0.3208
vn -0.8225 0.5328 -0.1988
vn -0.5706 0.8150 -0.1006
vn -0.8923 0.4163 -0.1747
vn -0.9166 0.3997 0.0069
vn -0.6036 0.7971 0.0139
vn -0.9168 0.3992 0.0069
vn -0.9456 0.2833 -0.1601
vn -0.9786 0.0492 -0.1999
vn -0.9989 0.0462 0.0007
vn -0.4202 -0.9073 -0.0170
vn -0.3951 -0.9130 -0.1019
vn -0.5481 -0.8264 -0.1291
vn -0.5825 -0.8127 -0.0160
vn -0.5353 -0.8390 0.0976
vn -0.3909 -0.9178 0.0696
vn -0.8915 0.4117 0.1890
vn -0.5704 0.8112 0.1289
vn -0.8216 0.5271 0.2172
vn -0.7379 0.5825 0.3408
vn -0.8471 0.3026 0.4369
vn -0.8917 0.4113 0.1892
vn -0.9783 0.0457 0.2021
vn -0.8639 0.0505 0.5012
vn -0.9784 0.0457 0.2016
vn -0.9449 0.2799 0.1698
vn -0.1887 0.9357 0.2982
vn -0.2649 0.8708 0.4141
vn -0.4970 0.8177 0.2905
vn -0.3662 0.9049 0.2171
vn -0.3966 0.6769 0.6201
vn -0.6934 0.5969 0.4036
vn -0.0000 0.9562 0.2928
vn -0.1701 0.9476 0.2703
vn -0.3326 0.9220 0.1984
vn 0.1884 0.9358 0.2980
vn 0.1699 0.9478 0.2700
vn 0.3320 0.9222 0.1981
vn 0.3655 0.9052 0.2167
vn 0.2646 0.8711 0.4138
vn 0.3963 0.6774 0.6197
vn 0.4962 0.8183 0.2901
vn 0.6927 0.5981 0.4032
vn 0.4784 0.8711 0.1111
vn 0.6296 0.7642 0.1403
vn 0.8298 0.5289 0.1781
vn 0.6634 0.7481 0.0131
vn 0.8595 0.5110 0.0089
vn 0.5094 0.8604 0.0150
vn 0.4668 0.8842 0.0154
vn 0.4374 0.8934 0.1031
vn 0.4783 0.8745 -0.0806
vn 0.4380 0.8961 -0.0717
vn 0.3321 0.9286 -0.1657
vn 0.3653 0.9123 -0.1849
vn 0.6294 0.7688 -0.1135
vn 0.8296 0.5351 -0.1595
vn 0.4958 0.8283 -0.2611
vn 0.6922 0.6125 -0.3817
vn 0.1883 0.9457 -0.2648
vn 0.2643 0.8853 -0.3826
vn 0.3959 0.6995 -0.5949
vn -0.0000 0.9569 -0.2904
vn -0.0000 0.9658 -0.2592
vn 0.1699 0.9566 -0.2368
vn -0.1885 0.9456 -0.2651
vn -0.1701 0.9565 -0.2370
vn -0.3325 0.9284 -0.1661
vn -0.3659 0.9120 -0.1852
vn -0.2645 0.8851 -0.3829
vn -0.3962 0.6990 -0.5953
vn -0.4966 0.8277 -0.2615
vn -0.6930 0.6113 -0.3822
vn -0.4793 0.8739 -0.0808
vn -0.6305 0.7678 -0.1137
vn -0.8305 0.5336 -0.1597
vn -0.6646 0.7471 0.0130
vn -0.8605 0.5093 0.0089
vn -0.5106 0.8597 0.0150
vn -0.4688 0.8832 0.0154
vn -0.4389 0.8956 -0.0720
vn -0.4794 0.8705 0.1113
vn -0.4386 0.8927 0.1033
vn -0.6306 0.7633 0.1405
vn -0.8307 0.5274 0.1783
vn -0.5301 0.1510 0.8344
vn -0.5365 0.0243 0.8436
vn -0.8649 0.0218 0.5015
vn -0.8581 0.1225 0.4987
vn -0.5370 -0.0162 0.8435
vn -0.8653 -0.0101 0.5011
vn -0.0000 0.0262 0.9997
vn -0.0003 -0.0186 0.9998
vn -0.0000 0.4098 0.9122
vn -0.4971 0.3781 0.7810
vn -0.8212 0.3115 0.4781
vn 0.5300 0.1519 0.8343
vn 0.4969 0.3790 0.7807
vn 0.8208 0.3131 0.4778
vn 0.8579 0.1240 0.4986
vn 0.5364 0.0253 0.8436
vn 0.5371 -0.0151 0.8434
vn 0.8649 0.0234 0.5014
vn 0.8653 -0.0085 0.5012
vn 0.9738 0.1050 0.2017
vn 0.9792 0.0230 0.2014
vn 0.9796 -0.0029 0.2011
vn 0.9997 0.0252 0.0004
vn 1.0000 0.0009 -0.0000
vn 0.9947 0.1024 0.0018
vn 0.9674 0.2532 0.0044
vn 0.9441 0.2639 0.1978
vn 0.9737 0.1124 -0.1979
vn 0.9439 0.2710 -0.1887
vn 0.8205 0.3305 -0.4664
vn 0.8578 0.1424 -0.4939
vn 0.9794 0.0305 -0.1996
vn 0.9796 0.0046 -0.2011
vn 0.8648 0.0419 -0.5003
vn 0.8653 0.0101 -0.5011
vn 0.5299 0.1827 -0.8282
vn 0.5365 0.0564 -0.8420
vn 0.5371 0.0162 -0.8434
vn -0.0001 0.0630 -0.9980
vn 0.4965 0.4075 -0.7664
vn -0.5300 0.1817 -0.8283
vn -0.4968 0.4066 -0.7667
vn -0.8209 0.3290 -0.4667
vn -0.8579 0.1408 -0.4941
vn -0.5365 0.0555 -0.8421
vn -0.5370 0.0151 -0.8435
vn -0.8649 0.0403 -0.5003
vn -0.8653 0.0085 -0.5012
vn -0.9739 0.1106 -0.1980
vn -0.9792 0.0286 -0.2008
vn -0.9796 0.0029 -0.2011
vn -0.9997 0.0235 0.0005
vn -1.0000 -0.0009 -0.0000
vn -0.9949 0.1010 0.0020
vn -0.9679 0.2514 0.0044
vn -0.9444 0.2692 -0.1888
vn -0.9740 0.1032 0.2018
vn -0.9445 0.2620 0.1981
vn -0.9793 0.0212 0.2012
vn -0.9796 -0.0046 0.2011
vn -0.5243 -0.2395 0.8172
vn -0.4647 -0.5283 0.7106
vn -0.7822 -0.4411 0.4401
vn -0.8516 -0.1889 0.4890
vn -0.3317 -0.8060 0.4904
vn -0.5996 -0.7317 0.3242
vn -0.0001 -0.5669 0.8238
vn -0.0002 -0.0759 0.9971
vn -0.5362 -0.0676 0.8414
vn -0.8645 -0.0507 0.5000
vn 0.5244 -0.2383 0.8174
vn 0.5362 -0.0664 0.8415
vn 0.8646 -0.0488 0.5001
vn 0.8519 -0.1868 0.4892
vn 0.4651 -0.5274 0.7111
vn 0.3320 -0.8055 0.4908
vn 0.7829 -0.4392 0.4406
vn 0.6006 -0.7306 0.3247
vn 0.9692 -0.1486 0.1963
vn 0.9123 -0.3680 0.1800
vn 0.7393 -0.6590 0.1384
vn 0.9381 -0.3464 -0.0060
vn 0.7721 -0.6355 -0.0111
vn 0.9906 -0.1366 -0.0024
vn 0.9996 -0.0298 -0.0005
vn 0.9791 -0.0355 0.2002
vn 0.9693 -0.1411 -0.2012
vn 0.9791 -0.0279 -0.2012
vn 0.8646 -0.0301 -0.5015
vn 0.8521 -0.1683 -0.4956
vn 0.9125 -0.3608 -0.1929
vn 0.7397 -0.6534 -0.1613
vn 0.7834 -0.4224 -0.4559
vn 0.6012 -0.7182 -0.3504
vn 0.5247 -0.2074 -0.8256
vn 0.4656 -0.5004 -0.7299
vn 0.3326 -0.7871 -0.5195
vn -0.0002 -0.0385 -0.9993
vn 0.5363 -0.0349 -0.8433
vn -0.5245 -0.2087 -0.8254
vn -0.5362 -0.0361 -0.8433
vn -0.8646 -0.0320 -0.5015
vn -0.8518 -0.1703 -0.4954
vn -0.4652 -0.5015 -0.7295
vn -0.3322 -0.7876 -0.5191
vn -0.7826 -0.4242 -0.4555
vn -0.6002 -0.7193 -0.3499
vn -0.9690 -0.1434 -0.2014
vn -0.9116 -0.3632 -0.1927
vn -0.7383 -0.6549 -0.1611
vn -0.9372 -0.3489 -0.0061
vn -0.7706 -0.6372 -0.0111
vn -0.9903 -0.1392 -0.0024
vn -0.9995 -0.0320 -0.0006
vn -0.9791 -0.0301 -0.2014
vn -0.9689 -0.1510 0.1961
vn -0.9791 -0.0376 0.2001
vn -0.9114 -0.3702 0.1799
vn -0.7380 -0.6605 0.1381
vn -0.1943 -0.9419 0.2739
vn -0.2461 -0.9023 0.3540
vn -0.4658 -0.8508 0.2433
vn -0.3765 -0.9065 0.1912
vn -0.3750 -0.7383 0.5607
vn -0.6629 -0.6547 0.3633
vn -0.2168 -0.9262 0.3086
vn -0.4161 -0.8838 0.2141
vn 0.1945 -0.9418 0.2742
vn 0.2171 -0.9260 0.3089
vn 0.4168 -0.8833 0.2145
vn 0.3771 -0.9062 0.1915
vn 0.2462 -0.9022 0.3542
vn 0.3752 -0.7380 0.5609
vn 0.4664 -0.8504 0.2436
vn 0.6633 -0.6541 0.3635
vn 0.4932 -0.8659 0.0837
vn 0.5969 -0.7952 0.1063
vn 0.8017 -0.5779 0.1529
vn 0.6309 -0.7757 -0.0135
vn 0.8327 -0.5537 -0.0097
vn 0.5252 -0.8508 -0.0149
vn 0.5733 -0.8192 -0.0143
vn 0.5402 -0.8363 0.0939
vn 0.4937 -0.8622 -0.1139
vn 0.5403 -0.8324 -0.1231
vn 0.4172 -0.8750 -0.2455
vn 0.3775 -0.8987 -0.2232
vn 0.5971 -0.7909 -0.1340
vn 0.8018 -0.5720 -0.1730
vn 0.4667 -0.8411 -0.2733
vn 0.6635 -0.6407 -0.3863
vn 0.1948 -0.9315 -0.3073
vn 0.2465 -0.8890 -0.3859
vn 0.3754 -0.7176 -0.5867
vn -0.0000 -0.9279 -0.3727
vn 0.2174 -0.9144 -0.3416
vn -0.1946 -0.9316 -0.3070
vn -0.2172 -0.9145 -0.3413
vn -0.4165 -0.8755 -0.2451
vn -0.3769 -0.8990 -0.2229
vn -0.2463 -0.8891 -0.3857
vn -0.3752 -0.7178 -0.5865
vn -0.4662 -0.8415 -0.2730
vn -0.6631 -0.6413 -0.3861
vn -0.4926 -0.8628 -0.1138
vn -0.5963 -0.7915 -0.1339
vn -0.8013 -0.5727 -0.1729
vn -0.6300 -0.7765 -0.0136
vn -0.8321 -0.5545 -0.0097
vn -0.5243 -0.8514 -0.0149
vn -0.5720 -0.8201 -0.0143
vn -0.5392 -0.8332 -0.1229
vn -0.4923 -0.8664 0.0835
vn -0.5390 -0.8371 0.0936
vn -0.5961 -0.7959 0.1061
vn -0.8012 -0.5786 0.1528
vn 0.1052 -0.4210 -0.9009
vn 0.4126 -0.3918 -0.8224
vn 0.5128 -0.3009 -0.8041
vn 0.8373 -0.2502 -0.4862
vn 0.5919 -0.1907 -0.7831
vn 0.5957 0.2088 -0.7756
vn 0.8345 0.2871 -0.4703
vn 0.4653 0.2359 -0.8531
vn 0.5125 -0.3005 -0.8044
vn -0.5944 0.2047 -0.7777
vn -0.5920 -0.1902 -0.7832
vn -0.8371 -0.2507 -0.4863
vn -0.8320 0.2879 -0.4742
vn -0.5128 -0.3006 -0.8041
vn -0.4128 -0.3916 -0.8223
vn -0.1054 -0.4207 -0.9010
vn -0.0858 -0.2205 -0.9716
vn -0.5126 -0.3002 -0.8045
vn -0.4683 0.2307 -0.8529
vn -0.6084 0.7213 -0.3311
vn -0.5748 0.4475 -0.6851
vn 0.5722 0.4579 -0.6804
vn 0.4119 0.4591 -0.7871
vn 0.1031 0.4846 -0.8686
vn -0.4124 -0.4210 0.8079
vn -0.5126 -0.3295 0.7929
vn -0.8371 -0.2678 0.4771
vn -0.5918 -0.2186 0.7759
vn -0.5957 0.1811 0.7825
vn -0.8346 0.2702 0.4801
vn -0.4654 0.2055 0.8609
vn -0.5124 -0.3292 0.7932
vn -0.0853 -0.2548 0.9632
vn 0.5944 0.1774 0.7844
vn 0.5920 -0.2176 0.7760
vn 0.8371 -0.2673 0.4773
vn 0.8320 0.2712 0.4839
vn 0.5128 -0.3287 0.7931
vn 0.4128 -0.4203 0.8080
vn 0.0857 -0.2547 0.9632
vn 0.5126 -0.3283 0.7934
vn 0.4683 0.2006 0.8605
vn 0.5748 0.4233 0.7003
vn 0.4155 0.4207 0.8064
vn 0.1128 0.4537 0.8840
vn -0.5723 0.4336 0.6960
vn -0.3612 0.7792 0.5123
vn -0.2370 0.9335 0.2689
vn -0.4120 0.4311 0.8028
vn -0.1031 0.4537 0.8852
vn -0.9785 -0.2060 -0.0036
vn -0.9562 -0.2139 -0.1997
vn -0.9505 0.2417 -0.1951
vn -0.9757 0.2192 0.0050
vn -0.9523 0.2277 0.2033
vn -0.9563 -0.2205 0.1921
vn -0.7340 0.6561 0.1752
vn -0.7329 0.6628 -0.1534
vn 0.9786 -0.2057 -0.0036
vn 0.9563 -0.2203 0.1922
vn 0.9505 0.2350 0.2034
vn 0.9756 0.2195 0.0027
vn 0.9522 0.2350 -0.1952
vn 0.9564 -0.2129 -0.1997
vn 0.7329 0.6570 0.1764
vn 0.1765 0.9841 0.0184
vn 0.1869 0.9752 0.1183
vn -0.0020 0.9934 0.1150
vn 0.1853 0.9790 -0.0850
vn -0.1764 0.9842 0.0168
vn -0.1869 0.9788 -0.0842
vn -0.1854 0.9754 0.1191
vt 0.750000 0.500000
vt 0.750000 0.750000
vt 1.000000 0.750000
vt 1.000000 0.500000
vt 0.750000 1.000000
vt 1.000000 1.000000
vt 0.500000 0.750000
vt 0.500000 1.000000
vt 0.500000 0.500000
vt 0.500000 0.250000
vt 0.750000 0.250000
vt 0.750000 0.000000
vt 0.500000 0.000000
vt 1.000000 0.250000
vt 1.000000 0.000000
vt 0.250000 0.500000
vt 0.250000 0.250000
vt 0.000000 0.250000
vt 0.000000 0.500000
vt 0.250000 0.000000
vt 0.000000 0.000000
vt 0.250000 0.750000
vt 0.250000 1.000000
vt 0.000000 0.750000
vt 0.000000 1.000000
s 1
usemtl Handles
f 316/121/492 315/122/493 330/123/494 332/124/495
f 330/123/494 315/122/493 373/125/496 375/126/497
f 373/125/496 315/122/493 321/127/498 383/128/499
f 321/127/498 315/122/493 316/121/492 322/129/500
f 318/130/501 317/131/502 360/132/503 363/133/504
f 360/132/503 317/131/502 327/134/505 361/135/506
f 327/134/505 317/131/502 316/121/492 332/124/495
f 316/121/492 317/131/502 318/130/501 322/129/500
f 320/136/507 319/137/508 342/138/509 344/139/510
f 342/138/509 319/137/508 353/140/511 355/141/512
f 353/140/511 319/137/508 318/130/501 363/133/504
f 318/130/501 319/137/508 320/136/507 322/129/500
f 321/127/498 323/142/513 380/143/514 383/128/499
f 380/143/514 323/142/513 339/144/515 381/145/516
f 339/144/515 323/142/513 320/136/507 344/139/510
f 320/136/507 323/142/513 321/127/498 322/129/500
f 325/121/517 324/122/518 421/123/519 424/124/520
f 421/123/519 324/122/518 370/125/521 422/126/522
f 370/125/521 324/122/518 333/127/523 377/128/524
f 333/127/523 324/122/518 325/121/517 334/129/525
f 328/130/526 326/131/527 348/132/528 366/133/529
f 348/132/528 326/131/527 417/134/530 442/135/531
f 417/134/530 326/131/527 325/121/517 424/124/520
f 325/121/517 326/131/527 328/130/526 334/129/525
f 331/136/532 329/137/533 327/138/505 332/139/495
f 327/138/505 329/137/533 359/140/534 361/141/506
f 359/140/534 329/137/533 328/130/526 366/133/529
f 328/130/526 329/137/533 331/136/532 334/129/525
f 333/127/523 335/142/535 374/143/536 377/128/524
f 374/143/536 335/142/535 330/144/494 375/145/497
f 330/144/494 335/142/535 331/136/532 332/139/495
f 331/136/532 335/142/535 333/127/523 334/129/525
f 337/121/537 336/122/538 392/123/539 394/124/540
f 392/123/539 336/122/538 350/125/541 436/126/542
f 350/125/541 336/122/538 345/127/543 357/128/544
f 345/127/543 336/122/538 337/121/537 346/129/545
f 340/130/546 338/131/547 368/132/548 386/133/549
f 368/132/548 338/131/547 389/134/550 406/135/551
f 389/134/550 338/131/547 337/121/537 394/124/540
f 337/121/537 338/131/547 340/130/546 346/129/545
f 343/136/552 341/137/553 339/138/515 344/139/510
f 339/138/515 341/137/553 379/140/554 381/141/516
f 379/140/554 341/137/553 340/130/546 386/133/549
f 340/130/546 341/137/553 343/136/552 346/129/545
f 345/127/543 347/142/555 354/143/556 357/128/544
f 354/143/556 347/142/555 342/144/509 355/145/512
f 342/144/509 347/142/555 343/136/552 344/139/510
f 343/136/552 347/142/555 345/127/543 346/129/545
f 351/121/557 349/122/558 441/123/559 444/124/560
f 441/123/559 349/122/561 348/125/528 442/126/531
f 348/125/528 349/122/562 364/127/563 366/128/529
f 364/127/564 349/122/565 351/121/566 365/129/567
f 356/130/568 352/131/569 350/132/541 357/133/544
f 350/132/541 352/131/570 434/134/571 436/135/542
f 434/134/571 352/131/572 351/121/573 444/124/560
f 351/121/574 352/131/575 356/130/576 365/129/577
f 362/136/578 358/137/579 353/138/511 363/139/504
f 353/138/511 358/137/579 354/140/556 355/141/512
f 354/140/556 358/137/579 356/130/580 357/133/544
f 356/130/581 358/137/579 362/136/578 365/129/582
f 364/127/583 367/142/584 359/143/534 366/128/529
f 359/143/534 367/142/584 360/144/503 361/145/506
f 360/144/503 367/142/584 362/136/578 363/139/504
f 362/136/578 367/142/584 364/127/585 365/129/586
f 371/121/587 369/122/588 405/123/589 408/124/590
f 405/123/589 369/122/591 368/125/548 406/126/551
f 368/125/548 369/122/592 384/127/593 386/128/549
f 384/127/594 369/122/595 371/121/596 385/129/597
f 376/130/598 372/131/599 370/132/521 377/133/524
f 370/132/521 372/131/600 401/134/601 422/135/522
f 401/134/601 372/131/602 371/121/603 408/124/590
f 371/121/604 372/131/605 376/130/606 385/129/607
f 382/136/608 378/137/609 373/138/496 383/139/499
f 373/138/496 378/137/609 374/140/536 375/141/497
f 374/140/536 378/137/609 376/130/610 377/133/524
f 376/130/611 378/137/609 382/136/608 385/129/612
f 384/127/613 387/142/614 379/143/554 386/128/549
f 379/143/554 387/142/614 380/144/514 381/145/516
f 380/144/514 387/142/614 382/136/608 383/139/499
f 382/136/608 387/142/614 384/127/615 385/129/616
f 390/141/617 388/141/618 410/141/619 412/141/620
f 410/141/619 388/141/618 453/141/621 470/141/622
f 453/141/621 388/141/618 397/141/623 458/141/624
f 397/141/623 388/141/618 390/141/617 398/141/625
f 393/141/626 391/141/627 389/141/550 394/141/540
f 389/141/550 391/141/627 404/141/628 406/141/551
f 404/141/628 391/141/627 390/141/617 412/141/620
f 390/141/617 391/141/627 393/141/626 398/141/625
f 396/141/629 395/141/630 435/141/631 438/141/632
f 435/141/631 395/141/630 392/141/539 436/141/542
f 392/141/539 395/141/630 393/141/626 394/141/540
f 393/141/626 395/141/630 396/141/629 398/141/625
f 397/141/623 399/141/633 456/141/634 458/141/624
f 456/141/634 399/141/633 432/141/635 500/141/636
f 432/141/635 399/141/633 396/141/629 438/141/632
f 396/141/629 399/141/633 397/141/623 398/141/625
f 402/141/637 400/141/638 426/141/639 428/141/640
f 426/141/639 400/141/638 465/141/641 486/141/642
f 465/141/641 400/141/638 413/141/643 472/141/644
f 413/141/643 400/141/638 402/141/637 414/141/645
f 407/141/646 403/141/647 401/141/601 408/141/590
f 401/141/601 403/141/647 420/141/648 422/141/522
f 420/141/648 403/141/647 402/141/637 428/141/640
f 402/141/637 403/141/647 407/141/646 414/141/645
f 411/141/649 409/141/650 404/141/628 412/141/620
f 404/141/628 409/141/650 405/141/589 406/141/551
f 405/141/589 409/141/650 407/141/646 408/141/590
f 407/141/646 409/141/650 411/141/649 414/141/645
f 413/141/643 415/141/651 469/141/652 472/141/644
f 469/141/652 415/141/651 410/141/619 470/141/622
f 410/141/619 415/141/651 411/141/649 412/141/620
f 411/141/649 415/141/651 413/141/643 414/141/645
f 418/141/653 416/141/654 446/141/655 448/141/656
f 446/141/655 416/141/654 481/141/657 506/141/658
f 481/141/657 416/141/654 429/141/659 488/141/660
f 429/141/659 416/141/654 418/141/653 430/141/661
f 423/141/662 419/141/663 417/141/530 424/141/520
f 417/141/530 419/141/663 440/141/664 442/141/531
f 440/141/664 419/141/663 418/141/653 448/141/656
f 418/141/653 419/141/663 423/141/662 430/141/661
f 427/141/665 425/141/666 420/141/648 428/141/640
f 420/141/648 425/141/666 421/141/519 422/141/522
f 421/141/519 425/141/666 423/141/662 424/141/520
f 423/141/662 425/141/666 427/141/665 430/141/661
f 429/141/659 431/141/667 485/141/668 488/141/660
f 485/141/668 431/141/667 426/141/639 486/141/642
f 426/141/639 431/141/667 427/141/665 428/141/640
f 427/141/665 431/141/667 429/141/659 430/141/661
f 437/141/669 433/141/670 432/141/635 438/141/632
f 432/141/635 433/141/670 498/141/671 500/141/636
f 498/141/671 433/141/670 449/141/672 508/141/673
f 449/141/672 433/141/670 437/141/669 450/141/674
f 443/141/675 439/141/676 434/141/571 444/141/560
f 434/141/571 439/141/676 435/141/631 436/141/542
f 435/141/631 439/141/676 437/141/669 438/141/632
f 437/141/669 439/141/676 443/141/675 450/141/674
f 447/141/677 445/141/678 440/141/664 448/141/656
f 440/141/664 445/141/678 441/141/559 442/141/531
f 441/141/559 445/141/678 443/141/675 444/141/560
f 443/141/675 445/141/678 447/141/677 450/141/674
f 449/141/672 451/141/679 505/141/680 508/141/673
f 505/141/680 451/141/679 446/141/655 506/141/658
f 446/141/655 451/141/679 447/141/677 448/141/656
f 447/141/677 451/141/679 449/141/672 450/141/674
f 454/141/681 452/141/682 474/141/683 476/141/684
f 474/141/683 452/141/682 517/141/685 534/141/686
f 517/141/685 452/141/682 461/141/687 522/141/688
f 461/141/687 452/141/682 454/141/681 462/141/689
f 457/141/690 455/141/691 453/141/621 458/141/624
f 453/141/621 455/141/691 468/141/692 470/141/622
f 468/141/692 455/141/691 454/141/681 476/141/684
f 454/141/681 455/141/691 457/141/690 462/141/689
f 460/141/693 459/141/694 499/141/695 502/141/696
f 499/141/695 459/141/694 456/141/634 500/141/636
f 456/141/634 459/141/694 457/141/690 458/141/624
f 457/141/690 459/141/694 460/141/693 462/141/689
f 461/141/687 463/141/697 520/141/698 522/141/688
f 520/141/698 463/141/697 496/141/699 564/141/700
f 496/141/699 463/141/697 460/141/693 502/141/696
f 460/141/693 463/141/697 461/141/687 462/141/689
f 466/141/701 464/141/702 490/141/703 492/141/704
f 490/141/703 464/141/702 529/141/705 550/141/706
f 529/141/705 464/141/702 477/141/707 536/141/708
f 477/141/707 464/141/702 466/141/701 478/141/709
f 471/141/710 467/141/711 465/141/641 472/141/644
f 465/141/641 467/141/711 484/141/712 486/141/642
f 484/141/712 467/141/711 466/141/701 492/141/704
f 466/141/701 467/141/711 471/141/710 478/141/709
f 475/141/713 473/141/714 468/141/692 476/141/684
f 468/141/692 473/141/714 469/141/652 470/141/622
f 469/141/652 473/141/714 471/141/710 472/141/644
f 471/141/710 473/141/714 475/141/713 478/141/709
f 477/141/707 479/141/715 533/141/716 536/141/708
f 533/141/716 479/141/715 474/141/683 534/141/686
f 474/141/683 479/141/715 475/141/713 476/141/684
f 475/141/713 479/141/715 477/141/707 478/141/709
f 482/141/717 480/141/718 510/141/719 512/141/720
f 510/141/719 480/141/718 545/141/721 570/141/722
f 545/141/721 480/141/718 493/141/723 552/141/724
f 493/141/723 480/141/718 482/141/717 494/141/725
f 487/141/726 483/141/727 481/141/657 488/141/660
f 481/141/657 483/141/727 504/141/728 506/141/658
f 504/141/728 483/141/727 482/141/717 512/141/720
f 482/141/717 483/141/727 487/141/726 494/141/725
f 491/141/729 489/141/730 484/141/712 492/141/704
f 484/141/712 489/141/730 485/141/668 486/141/642
f 485/141/668 489/141/730 487/141/726 488/141/660
f 487/141/726 489/141/730 491/141/729 494/141/725
f 493/141/723 495/141/731 549/141/732 552/141/724
f 549/141/732 495/141/731 490/141/703 550/141/706
f 490/141/703 495/141/731 491/141/729 492/141/704
f 491/141/729 495/141/731 493/141/723 494/141/725
f 501/141/733 497/141/734 496/141/699 502/141/696
f 496/141/699 497/141/734 562/141/735 564/141/700
f 562/141/735 497/141/734 513/141/736 572/141/737
f 513/141/736 497/141/734 501/141/733 514/141/738
f 507/141/739 503/141/740 498/141/671 508/141/673
f 498/141/671 503/141/740 499/141/695 500/141/636
f 499/141/695 503/141/740 501/141/733 502/141/696
f 501/141/733 503/141/740 507/141/739 514/141/738
f 511/141/741 509/141/742 504/141/728 512/141/720
f 504/141/728 509/141/742 505/141/680 506/141/658
f 505/141/680 509/141/742 507/141/739 508/141/673
f 507/141/739 509/141/742 511/141/741 514/141/738
f 513/141/736 515/141/743 569/141/744 572/141/737
f 569/141/744 515/141/743 510/141/719 570/141/722
f 510/141/719 515/141/743 511/141/741 512/141/720
f 511/141/741 515/141/743 513/141/736 514/141/738
f 518/141/745 516/141/746 538/141/747 540/141/748
f 538/141/747 516/141/746 581/141/749 598/141/750
f 581/141/749 516/141/746 525/141/751 586/141/752
f 525/141/751 516/141/746 518/141/745 526/141/753
f 521/141/754 519/141/755 517/141/685 522/141/688
f 517/141/685 519/141/755 532/141/756 534/141/686
f 532/141/756 519/141/755 518/141/745 540/141/748
f 518/141/745 519/141/755 521/141/754 526/141/753
f 524/141/757 523/141/758 563/141/759 566/141/760
f 563/141/759 523/141/758 520/141/698 564/141/700
f 520/141/698 523/141/758 521/141/754 522/141/688
f 521/141/754 523/141/758 524/141/757 526/141/753
f 525/141/751 527/141/761 584/141/762 586/141/752
f 584/141/762 527/141/761 560/141/763 628/141/764
f 560/141/763 527/141/761 524/141/757 566/141/760
f 524/141/757 527/141/761 525/141/751 526/141/753
f 530/141/765 528/141/766 554/141/767 556/141/768
f 554/141/767 528/141/766 593/141/769 614/141/770
f 593/141/769 528/141/766 541/141/771 600/141/772
f 541/141/771 528/141/766 530/141/765 542/141/773
f 535/141/774 531/141/775 529/141/705 536/141/708
f 529/141/705 531/141/775 548/141/776 550/141/706
f 548/141/776 531/141/775 530/141/765 556/141/768
f 530/141/765 531/141/775 535/141/774 542/141/773
f 539/141/777 537/141/778 532/141/756 540/141/748
f 532/141/756 537/141/778 533/141/716 534/141/686
f 533/141/716 537/141/778 535/141/774 536/141/708
f 535/141/774 537/141/778 539/141/777 542/141/773
f 541/141/771 543/141/779 597/141/780 600/141/772
f 597/141/780 543/141/779 538/141/747 598/141/750
f 538/141/747 543/141/779 539/141/777 540/141/748
f 539/141/777 543/141/779 541/141/771 542/141/773
f 546/141/781 544/141/782 574/141/783 576/141/784
f 574/141/783 544/141/782 609/141/785 634/141/786
f 609/141/785 544/141/782 557/141/787 616/141/788
f 557/141/787 544/141/782 546/141/781 558/141/789
f 551/141/790 547/141/791 545/141/721 552/141/724
f 545/141/721 547/141/791 568/141/792 570/141/722
f 568/141/792 547/141/791 546/141/781 576/141/784
f 546/141/781 547/141/791 551/141/790 558/141/789
f 555/141/793 553/141/794 548/141/776 556/141/768
f 548/141/776 553/141/794 549/141/732 550/141/706
f 549/141/732 553/141/794 551/141/790 552/141/724
f 551/141/790 553/141/794 555/141/793 558/141/789
f 557/141/787 559/141/795 613/141/796 616/141/788
f 613/141/796 559/141/795 554/141/767 614/141/770
f 554/141/767 559/141/795 555/141/793 556/141/768
f 555/141/793 559/141/795 557/141/787 558/141/789
f 565/141/797 561/141/798 560/141/763 566/141/760
f 560/141/763 561/141/798 626/141/799 628/141/764
f 626/141/799 561/141/798 577/141/800 636/141/801
f 577/141/800 561/141/798 565/141/797 578/141/802
f 571/141/803 567/141/804 562/141/735 572/141/737
f 562/141/735 567/141/804 563/141/759 564/141/700
f 563/141/759 567/141/804 565/141/797 566/141/760
f 565/141/797 567/141/804 571/141/803 578/141/802
f 575/141/805 573/141/806 568/141/792 576/141/784
f 568/141/792 573/141/806 569/141/744 570/141/722
f 569/141/744 573/141/806 571/141/803 572/141/737
f 571/141/803 573/141/806 575/141/805 578/141/802
f 577/141/800 579/141/807 633/141/808 636/141/801
f 633/141/808 579/141/807 574/141/783 634/141/786
f 574/141/783 579/141/807 575/141/805 576/141/784
f 575/141/805 579/141/807 577/141/800 578/141/802
f 582/141/809 580/141/810 602/141/811 604/141/812
f 602/141/811 580/141/810 645/141/813 662/141/814
f 645/141/813 580/141/810 589/141/815 650/141/816
f 589/141/815 580/141/810 582/141/809 590/141/817
f 585/141/818 583/141/819 581/141/749 586/141/752
f 581/141/749 583/141/819 596/141/820 598/141/750
f 596/141/820 583/141/819 582/141/809 604/141/812
f 582/141/809 583/141/819 585/141/818 590/141/817
f 588/141/821 587/141/822 627/141/823 630/141/824
f 627/141/823 587/141/822 584/141/762 628/141/764
f 584/141/762 587/141/822 585/141/818 586/141/752
f 585/141/818 587/141/822 588/141/821 590/141/817
f 589/141/815 591/141/825 648/141/826 650/141/816
f 648/141/826 591/141/825 624/141/827 692/141/828
f 624/141/827 591/141/825 588/141/821 630/141/824
f 588/141/821 591/141/825 589/141/815 590/141/817
f 594/141/829 592/141/830 618/141/831 620/141/832
f 618/141/831 592/141/830 657/141/833 678/141/834
f 657/141/833 592/141/830 605/141/835 664/141/836
f 605/141/835 592/141/830 594/141/829 606/141/837
f 599/141/838 595/141/839 593/141/769 600/141/772
f 593/141/769 595/141/839 612/141/840 614/141/770
f 612/141/840 595/141/839 594/141/829 620/141/832
f 594/141/829 595/141/839 599/141/838 606/141/837
f 603/141/841 601/141/842 596/141/820 604/141/812
f 596/141/820 601/141/842 597/141/780 598/141/750
f 597/141/780 601/141/842 599/141/838 600/141/772
f 599/141/838 601/141/842 603/141/841 606/141/837
f 605/141/835 607/141/843 661/141/844 664/141/836
f 661/141/844 607/141/843 602/141/811 662/141/814
f 602/141/811 607/141/843 603/141/841 604/141/812
f 603/141/841 607/141/843 605/141/835 606/141/837
f 610/141/845 608/141/846 638/141/847 640/141/848
f 638/141/847 608/141/846 673/141/849 698/141/850
f 673/141/849 608/141/846 621/141/851 680/141/852
f 621/141/851 608/141/846 610/141/845 622/141/853
f 615/141/854 611/141/855 609/141/785 616/141/788
f 609/141/785 611/141/855 632/141/856 634/141/786
f 632/141/856 611/141/855 610/141/845 640/141/848
f 610/141/845 611/141/855 615/141/854 622/141/853
f 619/141/857 617/141/858 612/141/840 620/141/832
f 612/141/840 617/141/858 613/141/796 614/141/770
f 613/141/796 617/141/858 615/141/854 616/141/788
f 615/141/854 617/141/858 619/141/857 622/141/853
f 621/141/851 623/141/859 677/141/860 680/141/852
f 677/141/860 623/141/859 618/141/831 678/141/834
f 618/141/831 623/141/859 619/141/857 620/141/832
f 619/141/857 623/141/859 621/141/851 622/141/853
f 629/141/861 625/141/862 624/141/827 630/141/824
f 624/141/827 625/141/862 690/141/863 692/141/828
f 690/141/863 625/141/862 641/141/864 700/141/865
f 641/141/864 625/141/862 629/141/861 642/141/866
f 635/141/867 631/141/868 626/141/799 636/141/801
f 626/141/799 631/141/868 627/141/823 628/141/764
f 627/141/823 631/141/868 629/141/861 630/141/824
f 629/141/861 631/141/868 635/141/867 642/141/866
f 639/141/869 637/141/870 632/141/856 640/141/848
f 632/141/856 637/141/870 633/141/808 634/141/786
f 633/141/808 637/141/870 635/141/867 636/141/801
f 635/141/867 637/141/870 639/141/869 642/141/866
f 641/141/864 643/141/871 697/141/872 700/141/865
f 697/141/872 643/141/871 638/141/847 698/141/850
f 638/141/847 643/141/871 639/141/869 640/141/848
f 639/141/869 643/141/871 641/141/864 642/141/866
f 646/141/873 644/141/874 666/141/875 668/141/876
f 666/141/875 644/141/874 712/141/877 714/141/878
f 712/141/877 644/141/874 653/141/879 722/141/880
f 653/141/879 644/141/874 646/141/873 654/141/881
f 649/141/882 647/141/883 645/141/813 650/141/816
f 645/141/813 647/141/884 660/141/885 662/141/814
f 660/141/886 647/141/887 646/141/888 668/141/889
f 646/141/890 647/141/891 649/141/892 654/141/893
f 652/141/894 651/141/895 691/141/896 694/141/897
f 691/141/898 651/141/899 648/141/826 692/141/828
f 648/141/826 651/141/900 649/141/882 650/141/816
f 649/141/892 651/141/901 652/141/902 654/141/893
f 653/141/879 655/141/903 719/141/904 722/141/880
f 719/141/904 655/141/903 688/141/905 720/141/906
f 688/141/905 655/141/903 652/141/907 694/141/908
f 652/141/907 655/141/903 653/141/879 654/141/881
f 658/141/909 656/141/910 682/141/911 684/141/912
f 682/141/911 656/141/910 708/141/913 710/141/914
f 708/141/913 656/141/910 669/141/915 716/141/916
f 669/141/915 656/141/910 658/141/909 670/141/917
f 663/141/918 659/141/919 657/141/833 664/141/836
f 657/141/833 659/141/919 676/141/920 678/141/834
f 676/141/921 659/141/922 658/141/923 684/141/924
f 658/141/923 659/141/922 663/141/925 670/141/926
f 667/141/927 665/141/927 660/141/928 668/141/928
f 660/141/929 665/141/930 661/141/844 662/141/814
f 661/141/844 665/141/930 663/141/918 664/141/836
f 663/141/925 665/141/927 667/141/927 670/141/926
f 669/141/915 671/141/931 713/141/932 716/141/916
f 713/141/932 671/141/931 666/141/875 714/141/878
f 666/141/875 671/141/931 667/141/933 668/141/876
f 667/141/933 671/141/931 669/141/915 670/141/917
f 674/141/934 672/141/935 702/141/936 704/141/937
f 702/141/936 672/141/935 724/141/938 726/141/939
f 724/141/938 672/141/935 685/141/940 731/141/941
f 685/141/940 672/141/935 674/141/934 686/141/942
f 679/141/943 675/141/944 673/141/849 680/141/852
f 673/141/849 675/141/945 696/141/946 698/141/850
f 696/141/947 675/141/948 674/141/949 704/141/950
f 674/141/951 675/141/952 679/141/953 686/141/954
f 683/141/955 681/141/956 676/141/957 684/141/958
f 676/141/959 681/141/960 677/141/860 678/141/834
f 677/141/860 681/141/961 679/141/943 680/141/852
f 679/141/953 681/141/962 683/141/963 686/141/954
f 685/141/940 687/141/964 709/141/965 731/141/941
f 709/141/965 687/141/964 682/141/911 710/141/914
f 682/141/911 687/141/964 683/141/966 684/141/912
f 683/141/966 687/141/964 685/141/940 686/141/942
f 693/141/967 689/141/968 688/141/905 694/141/908
f 688/141/905 689/141/968 718/141/969 720/141/906
f 718/141/969 689/141/968 705/141/970 728/141/971
f 705/141/970 689/141/968 693/141/967 706/141/972
f 699/141/973 695/141/974 690/141/863 700/141/865
f 690/141/863 695/141/974 691/141/975 692/141/828
f 691/141/976 695/141/977 693/141/978 694/141/976
f 693/141/978 695/141/977 699/141/979 706/141/980
f 703/141/981 701/141/981 696/141/982 704/141/982
f 696/141/983 701/141/984 697/141/872 698/141/850
f 697/141/872 701/141/984 699/141/973 700/141/865
f 699/141/979 701/141/981 703/141/981 706/141/980
f 705/141/970 707/141/985 725/141/986 728/141/971
f 725/141/986 707/141/985 702/141/936 726/141/939
f 702/141/936 707/141/985 703/141/987 704/141/937
f 703/141/987 707/141/985 705/141/970 706/141/972
f 715/121/988 711/122/989 708/123/913 716/124/916
f 708/123/913 711/122/989 709/125/965 710/126/914
f 709/125/965 711/122/989 729/127/990 731/128/941
f 729/127/990 711/122/989 715/121/988 730/129/991
f 721/130/992 717/131/993 712/132/877 722/133/880
f 712/132/877 717/131/993 713/134/932 714/135/878
f 713/134/932 717/131/993 715/121/988 716/124/916
f 715/121/988 717/131/993 721/130/992 730/129/991
f 727/136/994 723/137/995 718/138/969 728/139/971
f 718/138/969 723/137/995 719/140/904 720/141/906
f 719/140/904 723/137/995 721/130/992 722/133/880
f 721/130/992 723/137/995 727/136/994 730/129/991
f 729/127/990 732/142/996 724/143/938 731/128/941
f 724/143/938 732/142/996 725/144/986 726/145/939
f 725/144/986 732/142/996 727/136/994 728/139/971
f 727/136/994 732/142/996 729/127/990 730/129/991
f 734/121/997 733/131/998 748/134/999 750/124/1000
f 748/134/999 733/131/998 771/132/1001 773/135/1002
f 771/132/1001 733/131/998 739/130/1003 781/133/1004
f 739/130/1003 733/131/998 734/121/997 740/129/1005
f 736/127/1006 735/122/1007 798/125/1008 801/128/1009
f 798/125/1008 735/122/1007 745/123/1010 799/126/1011
f 745/123/1010 735/122/1007 734/121/997 750/124/1000
f 734/121/997 735/122/1007 736/127/1006 740/129/1005
f 738/136/1012 737/142/1013 760/144/1014 762/139/1015
f 760/144/1014 737/142/1013 791/143/1016 793/145/1017
f 791/143/1016 737/142/1013 736/127/1006 801/128/1009
f 736/127/1006 737/142/1013 738/136/1012 740/129/1005
f 739/130/1003 741/137/1018 778/140/1019 781/133/1004
f 778/140/1019 741/137/1018 757/138/1020 779/141/1021
f 757/138/1020 741/137/1018 738/136/1012 762/139/1015
f 738/136/1012 741/137/1018 739/130/1003 740/129/1005
f 743/121/1022 742/131/1023 834/134/1024 848/124/1025
f 834/134/1024 742/131/1023 768/132/1026 863/135/1027
f 768/132/1026 742/131/1023 751/130/1028 775/133/1029
f 751/130/1028 742/131/1023 743/121/1022 752/129/1030
f 746/127/1031 744/122/1032 786/125/1033 804/128/1034
f 786/125/1033 744/122/1032 841/123/1035 843/126/1036
f 841/123/1035 744/122/1032 743/121/1022 848/124/1025
f 743/121/1022 744/122/1032 746/127/1031 752/129/1030
f 749/136/1037 747/142/1038 745/144/1010 750/139/1000
f 745/144/1010 747/142/1038 797/143/1039 799/145/1011
f 797/143/1039 747/142/1038 746/127/1031 804/128/1034
f 746/127/1031 747/142/1038 749/136/1037 752/129/1030
f 751/130/1028 753/137/1040 772/140/1041 775/133/1029
f 772/140/1041 753/137/1040 748/138/999 773/141/1002
f 748/138/999 753/137/1040 749/136/1037 750/139/1000
f 749/136/1037 753/137/1040 751/130/1028 752/129/1030
f 755/121/1042 754/131/1043 806/134/1044 816/124/1045
f 806/134/1044 754/131/1043 788/132/1046 827/135/1047
f 788/132/1046 754/131/1043 763/130/1048 795/133/1049
f 763/130/1048 754/131/1043 755/121/1042 764/129/1050
f 758/127/1051 756/122/1052 766/125/1053 784/128/1054
f 766/125/1053 756/122/1052 812/123/1055 852/126/1056
f 812/123/1055 756/122/1052 755/121/1042 816/124/1045
f 755/121/1042 756/122/1052 758/127/1051 764/129/1050
f 761/136/1057 759/142/1058 757/144/1020 762/139/1015
f 757/144/1020 759/142/1058 777/143/1059 779/145/1021
f 777/143/1059 759/142/1058 758/127/1051 784/128/1054
f 758/127/1051 759/142/1058 761/136/1057 764/129/1050
f 763/130/1048 765/137/1060 792/140/1061 795/133/1049
f 792/140/1061 765/137/1060 760/138/1014 793/141/1017
f 760/138/1014 765/137/1060 761/136/1057 762/139/1015
f 761/136/1057 765/137/1060 763/130/1048 764/129/1050
f 769/121/1062 767/131/1063 851/134/1064 868/124/1065
f 851/134/1064 767/131/1066 766/132/1053 852/135/1056
f 766/132/1053 767/131/1067 782/130/1068 784/133/1054
f 782/130/1069 767/131/1070 769/121/1071 783/129/1072
f 774/127/1073 770/122/1074 768/125/1026 775/128/1029
f 768/125/1026 770/122/1075 861/123/1076 863/126/1027
f 861/123/1076 770/122/1077 769/121/1078 868/124/1065
f 769/121/1079 770/122/1080 774/127/1081 783/129/1082
f 780/136/1083 776/142/1084 771/144/1001 781/139/1004
f 771/144/1001 776/142/1084 772/143/1041 773/145/1002
f 772/143/1041 776/142/1084 774/127/1085 775/128/1029
f 774/127/1086 776/142/1084 780/136/1083 783/129/1087
f 782/130/1088 785/137/1089 777/140/1059 784/133/1054
f 777/140/1059 785/137/1089 778/138/1019 779/141/1021
f 778/138/1019 785/137/1089 780/136/1083 781/139/1004
f 780/136/1083 785/137/1089 782/130/1090 783/129/1091
f 789/121/1092 787/131/1093 818/134/1094 832/124/1095
f 818/134/1094 787/131/1096 786/132/1033 843/135/1036
f 786/132/1033 787/131/1097 802/130/1098 804/133/1034
f 802/130/1099 787/131/1100 789/121/1101 803/129/1102
f 794/127/1103 790/122/1104 788/125/1046 795/128/1049
f 788/125/1046 790/122/1105 825/123/1106 827/126/1047
f 825/123/1106 790/122/1107 789/121/1108 832/124/1095
f 789/121/1109 790/122/1110 794/127/1111 803/129/1112
f 800/136/1113 796/142/1114 791/144/1016 801/139/1009
f 791/144/1016 796/142/1114 792/143/1061 793/145/1017
f 792/143/1061 796/142/1114 794/127/1115 795/128/1049
f 794/127/1116 796/142/1114 800/136/1113 803/129/1117
f 802/130/1118 805/137/1119 797/140/1039 804/133/1034
f 797/140/1039 805/137/1119 798/138/1008 799/141/1011
f 798/138/1008 805/137/1119 800/136/1113 801/139/1009
f 800/136/1113 805/137/1119 802/130/1120 803/129/1121
f 808/141/1122 807/141/1123 826/141/1124 829/141/1125
f 826/141/1124 807/141/1123 806/141/1044 827/141/1047
f 806/141/1044 807/141/1123 814/141/1126 816/141/1045
f 814/141/1126 807/141/1123 808/141/1122 815/141/1127
f 810/141/1128 809/141/1129 870/141/1130 880/141/1131
f 870/141/1130 809/141/1129 822/141/1132 891/141/1133
f 822/141/1132 809/141/1129 808/141/1122 829/141/1125
f 808/141/1122 809/141/1129 810/141/1128 815/141/1127
f 813/141/1134 811/141/1135 854/141/1136 856/141/1137
f 854/141/1136 811/141/1135 876/141/1138 916/141/1139
f 876/141/1138 811/141/1135 810/141/1128 880/141/1131
f 810/141/1128 811/141/1135 813/141/1134 815/141/1127
f 814/141/1126 817/141/1140 812/141/1055 816/141/1045
f 812/141/1055 817/141/1140 850/141/1141 852/141/1056
f 850/141/1141 817/141/1140 813/141/1134 856/141/1137
f 813/141/1134 817/141/1140 814/141/1126 815/141/1127
f 820/141/1142 819/141/1143 842/141/1144 845/141/1145
f 842/141/1144 819/141/1143 818/141/1094 843/141/1036
f 818/141/1094 819/141/1143 830/141/1146 832/141/1095
f 830/141/1146 819/141/1143 820/141/1142 831/141/1147
f 823/141/1148 821/141/1149 882/141/1150 896/141/1151
f 882/141/1150 821/141/1149 838/141/1152 907/141/1153
f 838/141/1152 821/141/1149 820/141/1142 845/141/1145
f 820/141/1142 821/141/1149 823/141/1148 831/141/1147
f 828/141/1154 824/141/1155 822/141/1132 829/141/1125
f 822/141/1132 824/141/1155 889/141/1156 891/141/1133
f 889/141/1156 824/141/1155 823/141/1148 896/141/1151
f 823/141/1148 824/141/1155 828/141/1154 831/141/1147
f 830/141/1146 833/141/1157 825/141/1106 832/141/1095
f 825/141/1106 833/141/1157 826/141/1124 827/141/1047
f 826/141/1124 833/141/1157 828/141/1154 829/141/1125
f 828/141/1154 833/141/1157 830/141/1146 831/141/1147
f 836/141/1158 835/141/1159 862/141/1160 865/141/1161
f 862/141/1160 835/141/1159 834/141/1024 863/141/1027
f 834/141/1024 835/141/1159 846/141/1162 848/141/1025
f 846/141/1162 835/141/1159 836/141/1158 847/141/1163
f 839/141/1164 837/141/1165 898/141/1166 912/141/1167
f 898/141/1166 837/141/1165 858/141/1168 927/141/1169
f 858/141/1168 837/141/1165 836/141/1158 865/141/1161
f 836/141/1158 837/141/1165 839/141/1164 847/141/1163
f 844/141/1170 840/141/1171 838/141/1152 845/141/1145
f 838/141/1152 840/141/1171 905/141/1172 907/141/1153
f 905/141/1172 840/141/1171 839/141/1164 912/141/1167
f 839/141/1164 840/141/1171 844/141/1170 847/141/1163
f 846/141/1162 849/141/1173 841/141/1035 848/141/1025
f 841/141/1035 849/141/1173 842/141/1144 843/141/1036
f 842/141/1144 849/141/1173 844/141/1170 845/141/1145
f 844/141/1170 849/141/1173 846/141/1162 847/141/1163
f 855/141/1174 853/141/1175 850/141/1141 856/141/1137
f 850/141/1141 853/141/1175 851/141/1064 852/141/1056
f 851/141/1064 853/141/1175 866/141/1176 868/141/1065
f 866/141/1176 853/141/1175 855/141/1174 867/141/1177
f 859/141/1178 857/141/1179 915/141/1180 932/141/1181
f 915/141/1180 857/141/1179 854/141/1136 916/141/1139
f 854/141/1136 857/141/1179 855/141/1174 856/141/1137
f 855/141/1174 857/141/1179 859/141/1178 867/141/1177
f 864/141/1182 860/141/1183 858/141/1168 865/141/1161
f 858/141/1168 860/141/1183 925/141/1184 927/141/1169
f 925/141/1184 860/141/1183 859/141/1178 932/141/1181
f 859/141/1178 860/141/1183 864/141/1182 867/141/1177
f 866/141/1176 869/141/1185 861/141/1076 868/141/1065
f 861/141/1076 869/141/1185 862/141/1160 863/141/1027
f 862/141/1160 869/141/1185 864/141/1182 865/141/1161
f 864/141/1182 869/141/1185 866/141/1176 867/141/1177
f 872/141/1186 871/141/1187 890/141/1188 893/141/1189
f 890/141/1188 871/141/1187 870/141/1130 891/141/1133
f 870/141/1130 871/141/1187 878/141/1190 880/141/1131
f 878/141/1190 871/141/1187 872/141/1186 879/141/1191
f 874/141/1192 873/141/1193 934/141/1194 944/141/1195
f 934/141/1194 873/141/1193 886/141/1196 955/141/1197
f 886/141/1196 873/141/1193 872/141/1186 893/141/1189
f 872/141/1186 873/141/1193 874/141/1192 879/141/1191
f 877/141/1198 875/141/1199 918/141/1200 920/141/1201
f 918/141/1200 875/141/1199 940/141/1202 980/141/1203
f 940/141/1202 875/141/1199 874/141/1192 944/141/1195
f 874/141/1192 875/141/1199 877/141/1198 879/141/1191
f 878/141/1190 881/141/1204 876/141/1138 880/141/1131
f 876/141/1138 881/141/1204 914/141/1205 916/141/1139
f 914/141/1205 881/141/1204 877/141/1198 920/141/1201
f 877/141/1198 881/141/1204 878/141/1190 879/141/1191
f 884/141/1206 883/141/1207 906/141/1208 909/141/1209
f 906/141/1208 883/141/1207 882/141/1150 907/141/1153
f 882/141/1150 883/141/1207 894/141/1210 896/141/1151
f 894/141/1210 883/141/1207 884/141/1206 895/141/1211
f 887/141/1212 885/141/1213 946/141/1214 960/141/1215
f 946/141/1214 885/141/1213 902/141/1216 971/141/1217
f 902/141/1216 885/141/1213 884/141/1206 909/141/1209
f 884/141/1206 885/141/1213 887/141/1212 895/141/1211
f 892/141/1218 888/141/1219 886/141/1196 893/141/1189
f 886/141/1196 888/141/1219 953/141/1220 955/141/1197
f 953/141/1220 888/141/1219 887/141/1212 960/141/1215
f 887/141/1212 888/141/1219 892/141/1218 895/141/1211
f 894/141/1210 897/141/1221 889/141/1156 896/141/1151
f 889/141/1156 897/141/1221 890/141/1188 891/141/1133
f 890/141/1188 897/141/1221 892/141/1218 893/141/1189
f 892/141/1218 897/141/1221 894/141/1210 895/141/1211
f 900/141/1222 899/141/1223 926/141/1224 929/141/1225
f 926/141/1224 899/141/1223 898/141/1166 927/141/1169
f 898/141/1166 899/141/1223 910/141/1226 912/141/1167
f 910/141/1226 899/141/1223 900/141/1222 911/141/1227
f 903/141/1228 901/141/1229 962/141/1230 976/141/1231
f 962/141/1230 901/141/1229 922/141/1232 991/141/1233
f 922/141/1232 901/141/1229 900/141/1222 929/141/1225
f 900/141/1222 901/141/1229 903/141/1228 911/141/1227
f 908/141/1234 904/141/1235 902/141/1216 909/141/1209
f 902/141/1216 904/141/1235 969/141/1236 971/141/1217
f 969/141/1236 904/141/1235 903/141/1228 976/141/1231
f 903/141/1228 904/141/1235 908/141/1234 911/141/1227
f 910/141/1226 913/141/1237 905/141/1172 912/141/1167
f 905/141/1172 913/141/1237 906/141/1208 907/141/1153
f 906/141/1208 913/141/1237 908/141/1234 909/141/1209
f 908/141/1234 913/141/1237 910/141/1226 911/141/1227
f 919/141/1238 917/141/1239 914/141/1205 920/141/1201
f 914/141/1205 917/141/1239 915/141/1180 916/141/1139
f 915/141/1180 917/141/1239 930/141/1240 932/141/1181
f 930/141/1240 917/141/1239 919/141/1238 931/141/1241
f 923/141/1242 921/141/1243 979/141/1244 996/141/1245
f 979/141/1244 921/141/1243 918/141/1200 980/141/1203
f 918/141/1200 921/141/1243 919/141/1238 920/141/1201
f 919/141/1238 921/141/1243 923/141/1242 931/141/1241
f 928/141/1246 924/141/1247 922/141/1232 929/141/1225
f 922/141/1232 924/141/1247 989/141/1248 991/141/1233
f 989/141/1248 924/141/1247 923/141/1242 996/141/1245
f 923/141/1242 924/141/1247 928/141/1246 931/141/1241
f 930/141/1240 933/141/1249 925/141/1184 932/141/1181
f 925/141/1184 933/141/1249 926/141/1224 927/141/1169
f 926/141/1224 933/141/1249 928/141/1246 929/141/1225
f 928/141/1246 933/141/1249 930/141/1240 931/141/1241
f 936/141/1250 935/141/1251 954/141/1252 957/141/1253
f 954/141/1252 935/141/1251 934/141/1194 955/141/1197
f 934/141/1194 935/141/1251 942/141/1254 944/141/1195
f 942/141/1254 935/141/1251 936/141/1250 943/141/1255
f 938/141/1256 937/141/1257 998/141/1258 1008/141/1259
f 998/141/1258 937/141/1257 950/141/1260 1019/141/1261
f 950/141/1260 937/141/1257 936/141/1250 957/141/1253
f 936/141/1250 937/141/1257 938/141/1256 943/141/1255
f 941/141/1262 939/141/1263 982/141/1264 984/141/1265
f 982/141/1264 939/141/1263 1004/141/1266 1044/141/1267
f 1004/141/1266 939/141/1263 938/141/1256 1008/141/1259
f 938/141/1256 939/141/1263 941/141/1262 943/141/1255
f 942/141/1254 945/141/1268 940/141/1202 944/141/1195
f 940/141/1202 945/141/1268 978/141/1269 980/141/1203
f 978/141/1269 945/141/1268 941/141/1262 984/141/1265
f 941/141/1262 945/141/1268 942/141/1254 943/141/1255
f 948/141/1270 947/141/1271 970/141/1272 973/141/1273
f 970/141/1272 947/141/1271 946/141/1214 971/141/1217
f 946/141/1214 947/141/1271 958/141/1274 960/141/1215
f 958/141/1274 947/141/1271 948/141/1270 959/141/1275
f 951/141/1276 949/141/1277 1010/141/1278 1024/141/1279
f 1010/141/1278 949/141/1277 966/141/1280 1035/141/1281
f 966/141/1280 949/141/1277 948/141/1270 973/141/1273
f 948/141/1270 949/141/1277 951/141/1276 959/141/1275
f 956/141/1282 952/141/1283 950/141/1260 957/141/1253
f 950/141/1260 952/141/1283 1017/141/1284 1019/141/1261
f 1017/141/1284 952/141/1283 951/141/1276 1024/141/1279
f 951/141/1276 952/141/1283 956/141/1282 959/141/1275
f 958/141/1274 961/141/1285 953/141/1220 960/141/1215
f 953/141/1220 961/141/1285 954/141/1252 955/141/1197
f 954/141/1252 961/141/1285 956/141/1282 957/141/1253
f 956/141/1282 961/141/1285 958/141/1274 959/141/1275
f 964/141/1286 963/141/1287 990/141/1288 993/141/1289
f 990/141/1288 963/141/1287 962/141/1230 991/141/1233
f 962/141/1230 963/141/1287 974/141/1290 976/141/1231
f 974/141/1290 963/141/1287 964/141/1286 975/141/1291
f 967/141/1292 965/141/1293 1026/141/1294 1040/141/1295
f 1026/141/1294 965/141/1293 986/141/1296 1055/141/1297
f 986/141/1296 965/141/1293 964/141/1286 993/141/1289
f 964/141/1286 965/141/1293 967/141/1292 975/141/1291
f 972/141/1298 968/141/1299 966/141/1280 973/141/1273
f 966/141/1280 968/141/1299 1033/141/1300 1035/141/1281
f 1033/141/1300 968/141/1299 967/141/1292 1040/141/1295
f 967/141/1292 968/141/1299 972/141/1298 975/141/1291
f 974/141/1290 977/141/1301 969/141/1236 976/141/1231
f 969/141/1236 977/141/1301 970/141/1272 971/141/1217
f 970/141/1272 977/141/1301 972/141/1298 973/141/1273
f 972/141/1298 977/141/1301 974/141/1290 975/141/1291
f 983/141/1302 981/141/1303 978/141/1269 984/141/1265
f 978/141/1269 981/141/1303 979/141/1244 980/141/1203
f 979/141/1244 981/141/1303 994/141/1304 996/141/1245
f 994/141/1304 981/141/1303 983/141/1302 995/141/1305
f 987/141/1306 985/141/1307 1043/141/1308 1060/141/1309
f 1043/141/1308 985/141/1307 982/141/1264 1044/141/1267
f 982/141/1264 985/141/1307 983/141/1302 984/141/1265
f 983/141/1302 985/141/1307 987/141/1306 995/141/1305
f 992/141/1310 988/141/1311 986/141/1296 993/141/1289
f 986/141/1296 988/141/1311 1053/141/1312 1055/141/1297
f 1053/141/1312 988/141/1311 987/141/1306 1060/141/1309
f 987/141/1306 988/141/1311 992/141/1310 995/141/1305
f 994/141/1304 997/141/1313 989/141/1248 996/141/1245
f 989/141/1248 997/141/1313 990/141/1288 991/141/1233
f 990/141/1288 997/141/1313 992/141/1310 993/141/1289
f 992/141/1310 997/141/1313 994/141/1304 995/141/1305
f 1000/141/1314 999/141/1315 1018/141/1316 1021/141/1317
f 1018/141/1316 999/141/1315 998/141/1258 1019/141/1261
f 998/141/1258 999/141/1315 1006/141/1318 1008/141/1259
f 1006/141/1318 999/141/1315 1000/141/1314 1007/141/1319
f 1002/141/1320 1001/141/1321 1062/141/1322 1072/141/1323
f 1062/141/1322 1001/141/1321 1014/141/1324 1083/141/1325
f 1014/141/1324 1001/141/1321 1000/141/1314 1021/141/1317
f 1000/141/1314 1001/141/1321 1002/141/1320 1007/141/1319
f 1005/141/1326 1003/141/1327 1046/141/1328 1048/141/1329
f 1046/141/1328 1003/141/1327 1068/141/1330 1108/141/1331
f 1068/141/1330 1003/141/1327 1002/141/1320 1072/141/1323
f 1002/141/1320 1003/141/1327 1005/141/1326 1007/141/1319
f 1006/141/1318 1009/141/1332 1004/141/1266 1008/141/1259
f 1004/141/1266 1009/141/1332 1042/141/1333 1044/141/1267
f 1042/141/1333 1009/141/1332 1005/141/1326 1048/141/1329
f 1005/141/1326 1009/141/1332 1006/141/1318 1007/141/1319
f 1012/141/1334 1011/141/1335 1034/141/1336 1037/141/1337
f 1034/141/1336 1011/141/1335 1010/141/1278 1035/141/1281
f 1010/141/1278 1011/141/1335 1022/141/1338 1024/141/1279
f 1022/141/1338 1011/141/1335 1012/141/1334 1023/141/1339
f 1015/141/1340 1013/141/1341 1074/141/1342 1088/141/1343
f 1074/141/1342 1013/141/1341 1030/141/1344 1099/141/1345
f 1030/141/1344 1013/141/1341 1012/141/1334 1037/141/1337
f 1012/141/1334 1013/141/1341 1015/141/1340 1023/141/1339
f 1020/141/1346 1016/141/1347 1014/141/1324 1021/141/1317
f 1014/141/1324 1016/141/1347 1081/141/1348 1083/141/1325
f 1081/141/1348 1016/141/1347 1015/141/1340 1088/141/1343
f 1015/141/1340 1016/141/1347 1020/141/1346 1023/141/1339
f 1022/141/1338 1025/141/1349 1017/141/1284 1024/141/1279
f 1017/141/1284 1025/141/1349 1018/141/1316 1019/141/1261
f 1018/141/1316 1025/141/1349 1020/141/1346 1021/141/1317
f 1020/141/1346 1025/141/1349 1022/141/1338 1023/141/1339
f 1028/141/1350 1027/141/1351 1054/141/1352 1057/141/1353
f 1054/141/1352 1027/141/1351 1026/141/1294 1055/141/1297
f 1026/141/1294 1027/141/1351 1038/141/1354 1040/141/1295
f 1038/141/1354 1027/141/1351 1028/141/1350 1039/141/1355
f 1031/141/1356 1029/141/1357 1090/141/1358 1104/141/1359
f 1090/141/1358 1029/141/1357 1050/141/1360 1119/141/1361
f 1050/141/1360 1029/141/1357 1028/141/1350 1057/141/1353
f 1028/141/1350 1029/141/1357 1031/141/1356 1039/141/1355
f 1036/141/1362 1032/141/1363 1030/141/1344 1037/141/1337
f 1030/141/1344 1032/141/1363 1097/141/1364 1099/141/1345
f 1097/141/1364 1032/141/1363 1031/141/1356 1104/141/1359
f 1031/141/1356 1032/141/1363 1036/141/1362 1039/141/1355
f 1038/141/1354 1041/141/1365 1033/141/1300 1040/141/1295
f 1033/141/1300 1041/141/1365 1034/141/1336 1035/141/1281
f 1034/141/1336 1041/141/1365 1036/141/1362 1037/141/1337
f 1036/141/1362 1041/141/1365 1038/141/1354 1039/141/1355
f 1047/141/1366 1045/141/1367 1042/141/1333 1048/141/1329
f 1042/141/1333 1045/141/1367 1043/141/1308 1044/141/1267
f 1043/141/1308 1045/141/1367 1058/141/1368 1060/141/1309
f 1058/141/1368 1045/141/1367 1047/141/1366 1059/141/1369
f 1051/141/1370 1049/141/1371 1107/141/1372 1124/141/1373
f 1107/141/1372 1049/141/1371 1046/141/1328 1108/141/1331
f 1046/141/1328 1049/141/1371 1047/141/1366 1048/141/1329
f 1047/141/1366 1049/141/1371 1051/141/1370 1059/141/1369
f 1056/141/1374 1052/141/1375 1050/141/1360 1057/141/1353
f 1050/141/1360 1052/141/1375 1117/141/1376 1119/141/1361
f 1117/141/1376 1052/141/1375 1051/141/1370 1124/141/1373
f 1051/141/1370 1052/141/1375 1056/141/1374 1059/141/1369
f 1058/141/1368 1061/141/1377 1053/141/1312 1060/141/1309
f 1053/141/1312 1061/141/1377 1054/141/1352 1055/141/1297
f 1054/141/1352 1061/141/1377 1056/141/1374 1057/141/1353
f 1056/141/1374 1061/141/1377 1058/141/1368 1059/141/1369
f 1064/141/1378 1063/141/1379 1082/141/1380 1085/141/1381
f 1082/141/1382 1063/141/1383 1062/141/1322 1083/141/1325
f 1062/141/1322 1063/141/1384 1070/141/1385 1072/141/1323
f 1070/141/1386 1063/141/1387 1064/141/1388 1071/141/1389
f 1066/141/1390 1065/141/1391 1127/141/1392 1149/141/1393
f 1127/141/1392 1065/141/1391 1078/141/1394 1128/141/1395
f 1078/141/1394 1065/141/1391 1064/141/1396 1085/141/1397
f 1064/141/1396 1065/141/1391 1066/141/1390 1071/141/1398
f 1069/141/1399 1067/141/1400 1110/141/1401 1112/141/1402
f 1110/141/1401 1067/141/1400 1142/141/1403 1144/141/1404
f 1142/141/1403 1067/141/1400 1066/141/1390 1149/141/1393
f 1066/141/1390 1067/141/1400 1069/141/1399 1071/141/1398
f 1070/141/1385 1073/141/1405 1068/141/1330 1072/141/1323
f 1068/141/1330 1073/141/1406 1106/141/1407 1108/141/1331
f 1106/141/1408 1073/141/1409 1069/141/1410 1112/141/1411
f 1069/141/1412 1073/141/1413 1070/141/1386 1071/141/1389
f 1076/141/1414 1075/141/1415 1098/141/1416 1101/141/1416
f 1098/141/1417 1075/141/1418 1074/141/1342 1099/141/1345
f 1074/141/1342 1075/141/1418 1086/141/1419 1088/141/1343
f 1086/141/1420 1075/141/1415 1076/141/1414 1087/141/1420
f 1079/141/1421 1077/141/1422 1131/141/1423 1134/141/1424
f 1131/141/1423 1077/141/1422 1094/141/1425 1132/141/1426
f 1094/141/1425 1077/141/1422 1076/141/1427 1101/141/1428
f 1076/141/1427 1077/141/1422 1079/141/1421 1087/141/1429
f 1084/141/1430 1080/141/1431 1078/141/1394 1085/141/1397
f 1078/141/1394 1080/141/1431 1126/141/1432 1128/141/1395
f 1126/141/1432 1080/141/1431 1079/141/1421 1134/141/1424
f 1079/141/1421 1080/141/1431 1084/141/1430 1087/141/1429
f 1086/141/1419 1089/141/1433 1081/141/1348 1088/141/1343
f 1081/141/1348 1089/141/1433 1082/141/1434 1083/141/1325
f 1082/141/1435 1089/141/1436 1084/141/1437 1085/141/1435
f 1084/141/1437 1089/141/1436 1086/141/1420 1087/141/1420
f 1092/141/1438 1091/141/1439 1118/141/1440 1121/141/1441
f 1118/141/1442 1091/141/1443 1090/141/1358 1119/141/1361
f 1090/141/1358 1091/141/1444 1102/141/1445 1104/141/1359
f 1102/141/1446 1091/141/1447 1092/141/1448 1103/141/1449
f 1095/141/1450 1093/141/1451 1137/141/1452 1140/141/1453
f 1137/141/1452 1093/141/1451 1114/141/1454 1138/141/1455
f 1114/141/1454 1093/141/1451 1092/141/1456 1121/141/1457
f 1092/141/1456 1093/141/1451 1095/141/1450 1103/141/1458
f 1100/141/1459 1096/141/1460 1094/141/1425 1101/141/1428
f 1094/141/1425 1096/141/1460 1130/141/1461 1132/141/1426
f 1130/141/1461 1096/141/1460 1095/141/1450 1140/141/1453
f 1095/141/1450 1096/141/1460 1100/141/1459 1103/141/1458
f 1102/141/1445 1105/141/1462 1097/141/1364 1104/141/1359
f 1097/141/1364 1105/141/1463 1098/141/1464 1099/141/1345
f 1098/141/1465 1105/141/1466 1100/141/1467 1101/141/1468
f 1100/141/1469 1105/141/1470 1102/141/1446 1103/141/1449
f 1111/141/1471 1109/141/1471 1106/141/1472 1112/141/1473
f 1106/141/1474 1109/141/1475 1107/141/1372 1108/141/1331
f 1107/141/1372 1109/141/1475 1122/141/1476 1124/141/1373
f 1122/141/1477 1109/141/1471 1111/141/1471 1123/141/1478
f 1115/141/1479 1113/141/1480 1143/141/1481 1146/141/1482
f 1143/141/1481 1113/141/1480 1110/141/1401 1144/141/1404
f 1110/141/1401 1113/141/1480 1111/141/1483 1112/141/1402
f 1111/141/1483 1113/141/1480 1115/141/1479 1123/141/1484
f 1120/141/1485 1116/141/1486 1114/141/1454 1121/141/1457
f 1114/141/1454 1116/141/1486 1136/141/1487 1138/141/1455
f 1136/141/1487 1116/141/1486 1115/141/1479 1146/141/1482
f 1115/141/1479 1116/141/1486 1120/141/1485 1123/141/1484
f 1122/141/1476 1125/141/1488 1117/141/1376 1124/141/1373
f 1117/141/1376 1125/141/1488 1118/141/1489 1119/141/1361
f 1118/141/1490 1125/141/1491 1120/141/1492 1121/141/1493
f 1120/141/1492 1125/141/1491 1122/141/1477 1123/141/1478
f 1133/121/1494 1129/131/1495 1126/134/1432 1134/124/1424
f 1126/134/1432 1129/131/1495 1127/132/1392 1128/135/1395
f 1127/132/1392 1129/131/1495 1147/130/1496 1149/133/1393
f 1147/130/1496 1129/131/1495 1133/121/1494 1148/129/1497
f 1139/127/1498 1135/122/1499 1130/125/1461 1140/128/1453
f 1130/125/1461 1135/122/1499 1131/123/1423 1132/126/1426
f 1131/123/1423 1135/122/1499 1133/121/1494 1134/124/1424
f 1133/121/1494 1135/122/1499 1139/127/1498 1148/129/1497
f 1145/136/1500 1141/142/1501 1136/144/1487 1146/139/1482
f 1136/144/1487 1141/142/1501 1137/143/1452 1138/145/1455
f 1137/143/1452 1141/142/1501 1139/127/1498 1140/128/1453
f 1139/127/1498 1141/142/1501 1145/136/1500 1148/129/1497
f 1147/130/1496 1150/137/1502 1142/140/1403 1149/133/1393
f 1142/140/1403 1150/137/1502 1143/138/1481 1144/141/1404
f 1143/138/1481 1150/137/1502 1145/136/1500 1146/139/1482
f 1145/136/1500 1150/137/1502 1147/130/1496 1148/129/1497
f 1152/121/1503 1151/122/1504 1189/123/1505 1202/124/1506
f 1189/123/1505 1151/122/1504 1182/125/1507 1190/126/1508
f 1182/125/1507 1151/122/1504 1157/127/1509 1186/128/1510
f 1157/127/1509 1151/122/1504 1152/121/1503 1158/129/1511
f 1154/130/1512 1153/131/1513 1205/132/1514 1222/133/1515
f 1205/132/1514 1153/131/1513 1198/134/1516 1206/135/1517
f 1198/134/1516 1153/131/1513 1152/121/1503 1202/124/1506
f 1152/121/1503 1153/131/1513 1154/130/1512 1158/129/1511
f 1156/136/1518 1155/137/1519 1160/138/1520 1170/139/1521
f 1160/138/1520 1155/137/1519 1215/140/1522 1217/141/1523
f 1215/140/1522 1155/137/1519 1154/130/1512 1222/133/1515
f 1154/130/1512 1155/137/1519 1156/136/1518 1158/129/1511
f 1157/127/1509 1159/142/1524 1173/143/1525 1186/128/1510
f 1173/143/1525 1159/142/1524 1166/144/1526 1174/145/1527
f 1166/144/1526 1159/142/1524 1156/136/1518 1170/139/1521
f 1156/136/1518 1159/142/1524 1157/127/1509 1158/129/1511
f 1162/141/1528 1161/141/1529 1216/141/1530 1219/141/1531
f 1216/141/1530 1161/141/1529 1160/141/1520 1217/141/1523
f 1160/141/1520 1161/141/1529 1168/141/1532 1170/141/1521
f 1168/141/1532 1161/141/1529 1162/141/1528 1169/141/1533
f 1164/141/1534 1163/141/1535 1224/141/1536 1234/141/1537
f 1224/141/1536 1163/141/1535 1212/141/1538 1281/141/1539
f 1212/141/1540 1163/141/1541 1162/141/1542 1219/141/1543
f 1162/141/1542 1163/141/1541 1164/141/1544 1169/141/1544
f 1167/141/1545 1165/141/1545 1176/141/1546 1178/141/1546
f 1176/141/1547 1165/141/1548 1230/141/1549 1238/141/1550
f 1230/141/1549 1165/141/1548 1164/141/1534 1234/141/1537
f 1164/141/1544 1165/141/1545 1167/141/1545 1169/141/1544
f 1168/141/1532 1171/141/1551 1166/141/1526 1170/141/1521
f 1166/141/1526 1171/141/1551 1172/141/1552 1174/141/1527
f 1172/141/1552 1171/141/1551 1167/141/1553 1178/141/1554
f 1167/141/1553 1171/141/1551 1168/141/1532 1169/141/1533
f 1177/141/1555 1175/141/1556 1172/141/1552 1178/141/1554
f 1172/141/1552 1175/141/1556 1173/141/1525 1174/141/1527
f 1173/141/1525 1175/141/1556 1184/141/1557 1186/141/1510
f 1184/141/1557 1175/141/1556 1177/141/1555 1185/141/1558
f 1180/141/1559 1179/141/1560 1237/141/1561 1250/141/1562
f 1237/141/1561 1179/141/1563 1176/141/1564 1238/141/1550
f 1176/141/1565 1179/141/1566 1177/141/1567 1178/141/1568
f 1177/141/1569 1179/141/1570 1180/141/1571 1185/141/1572
f 1183/141/1573 1181/141/1574 1192/141/1575 1194/141/1576
f 1192/141/1577 1181/141/1578 1246/141/1579 1254/141/1580
f 1246/141/1579 1181/141/1581 1180/141/1559 1250/141/1562
f 1180/141/1571 1181/141/1582 1183/141/1583 1185/141/1572
f 1184/141/1557 1187/141/1584 1182/141/1507 1186/141/1510
f 1182/141/1507 1187/141/1584 1188/141/1585 1190/141/1508
f 1188/141/1585 1187/141/1584 1183/141/1586 1194/141/1587
f 1183/141/1586 1187/141/1584 1184/141/1557 1185/141/1558
f 1193/141/1588 1191/141/1589 1188/141/1585 1194/141/1587
f 1188/141/1585 1191/141/1589 1189/141/1505 1190/141/1508
f 1189/141/1505 1191/141/1589 1200/141/1590 1202/141/1506
f 1200/141/1590 1191/141/1589 1193/141/1588 1201/141/1591
f 1196/141/1592 1195/141/1593 1253/141/1594 1266/141/1595
f 1253/141/1594 1195/141/1593 1192/141/1596 1254/141/1580
f 1192/141/1597 1195/141/1598 1193/141/1598 1194/141/1599
f 1193/141/1598 1195/141/1598 1196/141/1600 1201/141/1601
f 1199/141/1602 1197/141/1602 1208/141/1603 1210/141/1603
f 1208/141/1604 1197/141/1605 1262/141/1606 1270/141/1607
f 1262/141/1606 1197/141/1605 1196/141/1592 1266/141/1595
f 1196/141/1600 1197/141/1602 1199/141/1602 1201/141/1601
f 1200/141/1590 1203/141/1608 1198/141/1516 1202/141/1506
f 1198/141/1516 1203/141/1608 1204/141/1609 1206/141/1517
f 1204/141/1609 1203/141/1608 1199/141/1610 1210/141/1611
f 1199/141/1610 1203/141/1608 1200/141/1590 1201/141/1591
f 1209/141/1612 1207/141/1613 1204/141/1609 1210/141/1611
f 1204/141/1609 1207/141/1613 1205/141/1514 1206/141/1517
f 1205/141/1514 1207/141/1613 1220/141/1614 1222/141/1515
f 1220/141/1614 1207/141/1613 1209/141/1612 1221/141/1615
f 1213/141/1616 1211/141/1617 1269/141/1618 1286/141/1619
f 1269/141/1618 1211/141/1620 1208/141/1621 1270/141/1607
f 1208/141/1622 1211/141/1623 1209/141/1624 1210/141/1625
f 1209/141/1626 1211/141/1627 1213/141/1628 1221/141/1629
f 1218/141/1630 1214/141/1631 1212/141/1632 1219/141/1633
f 1212/141/1634 1214/141/1635 1279/141/1636 1281/141/1539
f 1279/141/1636 1214/141/1637 1213/141/1616 1286/141/1619
f 1213/141/1628 1214/141/1638 1218/141/1639 1221/141/1629
f 1220/141/1614 1223/141/1640 1215/141/1522 1222/141/1515
f 1215/141/1522 1223/141/1640 1216/141/1530 1217/141/1523
f 1216/141/1530 1223/141/1640 1218/141/1641 1219/141/1531
f 1218/141/1641 1223/141/1640 1220/141/1614 1221/141/1615
f 1226/141/1642 1225/141/1643 1280/141/1644 1283/141/1645
f 1280/141/1644 1225/141/1643 1224/141/1536 1281/141/1539
f 1224/141/1536 1225/141/1643 1232/141/1646 1234/141/1537
f 1232/141/1646 1225/141/1643 1226/141/1642 1233/141/1647
f 1228/141/1648 1227/141/1649 1288/141/1650 1298/141/1651
f 1288/141/1650 1227/141/1649 1276/141/1652 1345/141/1653
f 1276/141/1652 1227/141/1649 1226/141/1642 1283/141/1645
f 1226/141/1642 1227/141/1649 1228/141/1648 1233/141/1647
f 1231/141/1654 1229/141/1655 1240/141/1656 1242/141/1657
f 1240/141/1656 1229/141/1655 1294/141/1658 1302/141/1659
f 1294/141/1658 1229/141/1655 1228/141/1648 1298/141/1651
f 1228/141/1648 1229/141/1655 1231/141/1654 1233/141/1647
f 1232/141/1646 1235/141/1660 1230/141/1549 1234/141/1537
f 1230/141/1549 1235/141/1660 1236/141/1661 1238/141/1550
f 1236/141/1661 1235/141/1660 1231/141/1654 1242/141/1657
f 1231/141/1654 1235/141/1660 1232/141/1646 1233/141/1647
f 1241/141/1662 1239/141/1663 1236/141/1661 1242/141/1657
f 1236/141/1661 1239/141/1663 1237/141/1561 1238/141/1550
f 1237/141/1561 1239/141/1663 1248/141/1664 1250/141/1562
f 1248/141/1664 1239/141/1663 1241/141/1662 1249/141/1665
f 1244/141/1666 1243/141/1667 1301/141/1668 1314/141/1669
f 1301/141/1668 1243/141/1667 1240/141/1656 1302/141/1659
f 1240/141/1656 1243/141/1667 1241/141/1662 1242/141/1657
f 1241/141/1662 1243/141/1667 1244/141/1666 1249/141/1665
f 1247/141/1670 1245/141/1671 1256/141/1672 1258/141/1673
f 1256/141/1672 1245/141/1671 1310/141/1674 1318/141/1675
f 1310/141/1674 1245/141/1671 1244/141/1666 1314/141/1669
f 1244/141/1666 1245/141/1671 1247/141/1670 1249/141/1665
f 1248/141/1664 1251/141/1676 1246/141/1579 1250/141/1562
f 1246/141/1579 1251/141/1676 1252/141/1677 1254/141/1580
f 1252/141/1677 1251/141/1676 1247/141/1670 1258/141/1673
f 1247/141/1670 1251/141/1676 1248/141/1664 1249/141/1665
f 1257/141/1678 1255/141/1679 1252/141/1677 1258/141/1673
f 1252/141/1677 1255/141/1679 1253/141/1594 1254/141/1580
f 1253/141/1594 1255/141/1679 1264/141/1680 1266/141/1595
f 1264/141/1680 1255/141/1679 1257/141/1678 1265/141/1681
f 1260/141/1682 1259/141/1683 1317/141/1684 1330/141/1685
f 1317/141/1684 1259/141/1683 1256/141/1672 1318/141/1675
f 1256/141/1672 1259/141/1683 1257/141/1678 1258/141/1673
f 1257/141/1678 1259/141/1683 1260/141/1682 1265/141/1681
f 1263/141/1686 1261/141/1687 1272/141/1688 1274/141/1689
f 1272/141/1688 1261/141/1687 1326/141/1690 1334/141/1691
f 1326/141/1690 1261/141/1687 1260/141/1682 1330/141/1685
f 1260/141/1682 1261/141/1687 1263/141/1686 1265/141/1681
f 1264/141/1680 1267/141/1692 1262/141/1606 1266/141/1595
f 1262/141/1606 1267/141/1692 1268/141/1693 1270/141/1607
f 1268/141/1693 1267/141/1692 1263/141/1686 1274/141/1689
f 1263/141/1686 1267/141/1692 1264/141/1680 1265/141/1681
f 1273/141/1694 1271/141/1695 1268/141/1693 1274/141/1689
f 1268/141/1693 1271/141/1695 1269/141/1618 1270/141/1607
f 1269/141/1618 1271/141/1695 1284/141/1696 1286/141/1619
f 1284/141/1696 1271/141/1695 1273/141/1694 1285/141/1697
f 1277/141/1698 1275/141/1699 1333/141/1700 1350/141/1701
f 1333/141/1700 1275/141/1699 1272/141/1688 1334/141/1691
f 1272/141/1688 1275/141/1699 1273/141/1694 1274/141/1689
f 1273/141/1694 1275/141/1699 1277/141/1698 1285/141/1697
f 1282/141/1702 1278/141/1703 1276/141/1652 1283/141/1645
f 1276/141/1652 1278/141/1703 1343/141/1704 1345/141/1653
f 1343/141/1704 1278/141/1703 1277/141/1698 1350/141/1701
f 1277/141/1698 1278/141/1703 1282/141/1702 1285/141/1697
f 1284/141/1696 1287/141/1705 1279/141/1636 1286/141/1619
f 1279/141/1636 1287/141/1705 1280/141/1644 1281/141/1539
f 1280/141/1644 1287/141/1705 1282/141/1702 1283/141/1645
f 1282/141/1702 1287/141/1705 1284/141/1696 1285/141/1697
f 1290/141/1706 1289/141/1707 1344/141/1708 1347/141/1709
f 1344/141/1708 1289/141/1707 1288/141/1650 1345/141/1653
f 1288/141/1650 1289/141/1707 1296/141/1710 1298/141/1651
f 1296/141/1710 1289/141/1707 1290/141/1706 1297/141/1711
f 1292/141/1712 1291/141/1713 1352/141/1714 1362/141/1715
f 1352/141/1714 1291/141/1713 1340/141/1716 1409/141/1717
f 1340/141/1716 1291/141/1713 1290/141/1706 1347/141/1709
f 1290/141/1706 1291/141/1713 1292/141/1712 1297/141/1711
f 1295/141/1718 1293/141/1719 1304/141/1720 1306/141/1721
f 1304/141/1720 1293/141/1719 1358/141/1722 1366/141/1723
f 1358/141/1722 1293/141/1719 1292/141/1712 1362/141/1715
f 1292/141/1712 1293/141/1719 1295/141/1718 1297/141/1711
f 1296/141/1710 1299/141/1724 1294/141/1658 1298/141/1651
f 1294/141/1658 1299/141/1724 1300/141/1725 1302/141/1659
f 1300/141/1725 1299/141/1724 1295/141/1718 1306/141/1721
f 1295/141/1718 1299/141/1724 1296/141/1710 1297/141/1711
f 1305/141/1726 1303/141/1727 1300/141/1725 1306/141/1721
f 1300/141/1725 1303/141/1727 1301/141/1668 1302/141/1659
f 1301/141/1668 1303/141/1727 1312/141/1728 1314/141/1669
f 1312/141/1728 1303/141/1727 1305/141/1726 1313/141/1729
f 1308/141/1730 1307/141/1731 1365/141/1732 1378/141/1733
f 1365/141/1732 1307/141/1731 1304/141/1720 1366/141/1723
f 1304/141/1720 1307/141/1731 1305/141/1726 1306/141/1721
f 1305/141/1726 1307/141/1731 1308/141/1730 1313/141/1729
f 1311/141/1734 1309/141/1735 1320/141/1736 1322/141/1737
f 1320/141/1736 1309/141/1735 1374/141/1738 1382/141/1739
f 1374/141/1738 1309/141/1735 1308/141/1730 1378/141/1733
f 1308/141/1730 1309/141/1735 1311/141/1734 1313/141/1729
f 1312/141/1728 1315/141/1740 1310/141/1674 1314/141/1669
f 1310/141/1674 1315/141/1740 1316/141/1741 1318/141/1675
f 1316/141/1741 1315/141/1740 1311/141/1734 1322/141/1737
f 1311/141/1734 1315/141/1740 1312/141/1728 1313/141/1729
f 1321/141/1742 1319/141/1743 1316/141/1741 1322/141/1737
f 1316/141/1741 1319/141/1743 1317/141/1684 1318/141/1675
f 1317/141/1684 1319/141/1743 1328/141/1744 1330/141/1685
f 1328/141/1744 1319/141/1743 1321/141/1742 1329/141/1745
f 1324/141/1746 1323/141/1747 1381/141/1748 1394/141/1749
f 1381/141/1748 1323/141/1747 1320/141/1736 1382/141/1739
f 1320/141/1736 1323/141/1747 1321/141/1742 1322/141/1737
f 1321/141/1742 1323/141/1747 1324/141/1746 1329/141/1745
f 1327/141/1750 1325/141/1751 1336/141/1752 1338/141/1753
f 1336/141/1752 1325/141/1751 1390/141/1754 1398/141/1755
f 1390/141/1754 1325/141/1751 1324/141/1746 1394/141/1749
f 1324/141/1746 1325/141/1751 1327/141/1750 1329/141/1745
f 1328/141/1744 1331/141/1756 1326/141/1690 1330/141/1685
f 1326/141/1690 1331/141/1756 1332/141/1757 1334/141/1691
f 1332/141/1757 1331/141/1756 1327/141/1750 1338/141/1753
f 1327/141/1750 1331/141/1756 1328/141/1744 1329/141/1745
f 1337/141/1758 1335/141/1759 1332/141/1757 1338/141/1753
f 1332/141/1757 1335/141/1759 1333/141/1700 1334/141/1691
f 1333/141/1700 1335/141/1759 1348/141/1760 1350/141/1701
f 1348/141/1760 1335/141/1759 1337/141/1758 1349/141/1761
f 1341/141/1762 1339/141/1763 1397/141/1764 1414/141/1765
f 1397/141/1764 1339/141/1763 1336/141/1752 1398/141/1755
f 1336/141/1752 1339/141/1763 1337/141/1758 1338/141/1753
f 1337/141/1758 1339/141/1763 1341/141/1762 1349/141/1761
f 1346/141/1766 1342/141/1767 1340/141/1716 1347/141/1709
f 1340/141/1716 1342/141/1767 1407/141/1768 1409/141/1717
f 1407/141/1768 1342/141/1767 1341/141/1762 1414/141/1765
f 1341/141/1762 1342/141/1767 1346/141/1766 1349/141/1761
f 1348/141/1760 1351/141/1769 1343/141/1704 1350/141/1701
f 1343/141/1704 1351/141/1769 1344/141/1708 1345/141/1653
f 1344/141/1708 1351/141/1769 1346/141/1766 1347/141/1709
f 1346/141/1766 1351/141/1769 1348/141/1760 1349/141/1761
f 1354/141/1770 1353/141/1771 1408/141/1772 1411/141/1773
f 1408/141/1772 1353/141/1771 1352/141/1714 1409/141/1717
f 1352/141/1714 1353/141/1771 1360/141/1774 1362/141/1715
f 1360/141/1774 1353/141/1771 1354/141/1770 1361/141/1775
f 1356/141/1776 1355/141/1777 1416/141/1778 1426/141/1779
f 1416/141/1778 1355/141/1777 1404/141/1780 1473/141/1781
f 1404/141/1780 1355/141/1777 1354/141/1770 1411/141/1773
f 1354/141/1770 1355/141/1777 1356/141/1776 1361/141/1775
f 1359/141/1782 1357/141/1783 1368/141/1784 1370/141/1785
f 1368/141/1784 1357/141/1783 1422/141/1786 1430/141/1787
f 1422/141/1786 1357/141/1783 1356/141/1776 1426/141/1779
f 1356/141/1776 1357/141/1783 1359/141/1782 1361/141/1775
f 1360/141/1774 1363/141/1788 1358/141/1722 1362/141/1715
f 1358/141/1722 1363/141/1788 1364/141/1789 1366/141/1723
f 1364/141/1789 1363/141/1788 1359/141/1782 1370/141/1785
f 1359/141/1782 1363/141/1788 1360/141/1774 1361/141/1775
f 1369/141/1790 1367/141/1791 1364/141/1789 1370/141/1785
f 1364/141/1789 1367/141/1791 1365/141/1732 1366/141/1723
f 1365/141/1732 1367/141/1791 1376/141/1792 1378/141/1733
f 1376/141/1792 1367/141/1791 1369/141/1790 1377/141/1793
f 1372/141/1794 1371/141/1795 1429/141/1796 1442/141/1797
f 1429/141/1796 1371/141/1795 1368/141/1784 1430/141/1787
f 1368/141/1784 1371/141/1795 1369/141/1790 1370/141/1785
f 1369/141/1790 1371/141/1795 1372/141/1794 1377/141/1793
f 1375/141/1798 1373/141/1799 1384/141/1800 1386/141/1801
f 1384/141/1800 1373/141/1799 1438/141/1802 1446/141/1803
f 1438/141/1802 1373/141/1799 1372/141/1794 1442/141/1797
f 1372/141/1794 1373/141/1799 1375/141/1798 1377/141/1793
f 1376/141/1792 1379/141/1804 1374/141/1738 1378/141/1733
f 1374/141/1738 1379/141/1804 1380/141/1805 1382/141/1739
f 1380/141/1805 1379/141/1804 1375/141/1798 1386/141/1801
f 1375/141/1798 1379/141/1804 1376/141/1792 1377/141/1793
f 1385/141/1806 1383/141/1807 1380/141/1805 1386/141/1801
f 1380/141/1805 1383/141/1807 1381/141/1748 1382/141/1739
f 1381/141/1748 1383/141/1807 1392/141/1808 1394/141/1749
f 1392/141/1808 1383/141/1807 1385/141/1806 1393/141/1809
f 1388/141/1810 1387/141/1811 1445/141/1812 1458/141/1813
f 1445/141/1812 1387/141/1811 1384/141/1800 1446/141/1803
f 1384/141/1800 1387/141/1811 1385/141/1806 1386/141/1801
f 1385/141/1806 1387/141/1811 1388/141/1810 1393/141/1809
f 1391/141/1814 1389/141/1815 1400/141/1816 1402/141/1817
f 1400/141/1816 1389/141/1815 1454/141/1818 1462/141/1819
f 1454/141/1818 1389/141/1815 1388/141/1810 1458/141/1813
f 1388/141/1810 1389/141/1815 1391/141/1814 1393/141/1809
f 1392/141/1808 1395/141/1820 1390/141/1754 1394/141/1749
f 1390/141/1754 1395/141/1820 1396/141/1821 1398/141/1755
f 1396/141/1821 1395/141/1820 1391/141/1814 1402/141/1817
f 1391/141/1814 1395/141/1820 1392/141/1808 1393/141/1809
f 1401/141/1822 1399/141/1823 1396/141/1821 1402/141/1817
f 1396/141/1821 1399/141/1823 1397/141/1764 1398/141/1755
f 1397/141/1764 1399/141/1823 1412/141/1824 1414/141/1765
f 1412/141/1824 1399/141/1823 1401/141/1822 1413/141/1825
f 1405/141/1826 1403/141/1827 1461/141/1828 1478/141/1829
f 1461/141/1828 1403/141/1827 1400/141/1816 1462/141/1819
f 1400/141/1816 1403/141/1827 1401/141/1822 1402/141/1817
f 1401/141/1822 1403/141/1827 1405/141/1826 1413/141/1825
f 1410/141/1830 1406/141/1831 1404/141/1780 1411/141/1773
f 1404/141/1780 1406/141/1831 1471/141/1832 1473/141/1781
f 1471/141/1832 1406/141/1831 1405/141/1826 1478/141/1829
f 1405/141/1826 1406/141/1831 1410/141/1830 1413/141/1825
f 1412/141/1824 1415/141/1833 1407/141/1768 1414/141/1765
f 1407/141/1768 1415/141/1833 1408/141/1772 1409/141/1717
f 1408/141/1772 1415/141/1833 1410/141/1830 1411/141/1773
f 1410/141/1830 1415/141/1833 1412/141/1824 1413/141/1825
f 1418/141/1834 1417/141/1835 1472/141/1836 1475/141/1837
f 1472/141/1836 1417/141/1835 1416/141/1778 1473/141/1781
f 1416/141/1778 1417/141/1835 1424/141/1838 1426/141/1779
f 1424/141/1838 1417/141/1835 1418/141/1834 1425/141/1839
f 1420/141/1840 1419/141/1841 1494/141/1842 1496/141/1843
f 1494/141/1842 1419/141/1841 1468/141/1844 1506/141/1845
f 1468/141/1844 1419/141/1841 1418/141/1834 1475/141/1837
f 1418/141/1834 1419/141/1841 1420/141/1840 1425/141/1839
f 1423/141/1846 1421/141/1847 1432/141/1848 1434/141/1849
f 1432/141/1848 1421/141/1847 1492/141/1850 1530/141/1851
f 1492/141/1850 1421/141/1847 1420/141/1840 1496/141/1843
f 1420/141/1840 1421/141/1847 1423/141/1846 1425/141/1839
f 1424/141/1838 1427/141/1852 1422/141/1786 1426/141/1779
f 1422/141/1786 1427/141/1852 1428/141/1853 1430/141/1787
f 1428/141/1853 1427/141/1852 1423/141/1846 1434/141/1849
f 1423/141/1846 1427/141/1852 1424/141/1838 1425/141/1839
f 1433/141/1854 1431/141/1855 1428/141/1853 1434/141/1849
f 1428/141/1853 1431/141/1855 1429/141/1796 1430/141/1787
f 1429/141/1796 1431/141/1855 1440/141/1856 1442/141/1797
f 1440/141/1856 1431/141/1855 1433/141/1854 1441/141/1857
f 1436/141/1858 1435/141/1859 1529/141/1860 1532/141/1861
f 1529/141/1860 1435/141/1859 1432/141/1848 1530/141/1851
f 1432/141/1848 1435/141/1859 1433/141/1854 1434/141/1849
f 1433/141/1854 1435/141/1859 1436/141/1858 1441/141/1857
f 1439/141/1862 1437/141/1863 1448/141/1864 1450/141/1865
f 1448/141/1864 1437/141/1863 1524/141/1866 1526/141/1867
f 1524/141/1866 1437/141/1863 1436/141/1858 1532/141/1861
f 1436/141/1858 1437/141/1863 1439/141/1862 1441/141/1857
f 1440/141/1856 1443/141/1868 1438/141/1802 1442/141/1797
f 1438/141/1802 1443/141/1868 1444/141/1869 1446/141/1803
f 1444/141/1869 1443/141/1868 1439/141/1862 1450/141/1865
f 1439/141/1862 1443/141/1868 1440/141/1856 1441/141/1857
f 1449/141/1870 1447/141/1871 1444/141/1869 1450/141/1865
f 1444/141/1869 1447/141/1871 1445/141/1812 1446/141/1803
f 1445/141/1812 1447/141/1871 1456/141/1872 1458/141/1813
f 1456/141/1872 1447/141/1871 1449/141/1870 1457/141/1873
f 1452/141/1874 1451/141/1875 1482/141/1876 1484/141/1877
f 1482/141/1876 1451/141/1875 1448/141/1864 1526/141/1867
f 1448/141/1864 1451/141/1875 1449/141/1870 1450/141/1865
f 1449/141/1870 1451/141/1875 1452/141/1874 1457/141/1873
f 1455/141/1878 1453/141/1879 1464/141/1880 1466/141/1881
f 1464/141/1880 1453/141/1879 1480/141/1882 1510/141/1883
f 1480/141/1882 1453/141/1879 1452/141/1874 1484/141/1877
f 1452/141/1874 1453/141/1879 1455/141/1878 1457/141/1873
f 1456/141/1872 1459/141/1884 1454/141/1818 1458/141/1813
f 1454/141/1818 1459/141/1884 1460/141/1885 1462/141/1819
f 1460/141/1885 1459/141/1884 1455/141/1878 1466/141/1881
f 1455/141/1878 1459/141/1884 1456/141/1872 1457/141/1873
f 1465/141/1886 1463/141/1887 1460/141/1885 1466/141/1881
f 1460/141/1885 1463/141/1887 1461/141/1828 1462/141/1819
f 1461/141/1828 1463/141/1887 1476/141/1888 1478/141/1829
f 1476/141/1888 1463/141/1887 1465/141/1886 1477/141/1889
f 1469/141/1890 1467/141/1891 1509/141/1892 1512/141/1893
f 1509/141/1892 1467/141/1891 1464/141/1880 1510/141/1883
f 1464/141/1880 1467/141/1891 1465/141/1886 1466/141/1881
f 1465/141/1886 1467/141/1891 1469/141/1890 1477/141/1889
f 1474/141/1894 1470/141/1895 1468/141/1844 1475/141/1837
f 1468/141/1844 1470/141/1895 1504/141/1896 1506/141/1845
f 1504/141/1896 1470/141/1895 1469/141/1890 1512/141/1893
f 1469/141/1890 1470/141/1895 1474/141/1894 1477/141/1889
f 1476/141/1888 1479/141/1897 1471/141/1832 1478/141/1829
f 1471/141/1832 1479/141/1897 1472/141/1836 1473/141/1781
f 1472/141/1836 1479/141/1897 1474/141/1894 1475/141/1837
f 1474/141/1894 1479/141/1897 1476/141/1888 1477/141/1889
f 1483/121/1898 1481/122/1899 1480/123/1882 1484/124/1877
f 1480/123/1882 1481/122/1900 1508/125/1901 1510/126/1883
f 1508/125/1901 1481/122/1902 1489/127/1903 1516/128/1904
f 1489/127/1905 1481/122/1906 1483/121/1907 1490/129/1908
f 1486/130/1909 1485/131/1910 1525/132/1911 1542/133/1912
f 1525/132/1911 1485/131/1913 1482/134/1876 1526/135/1867
f 1482/134/1876 1485/131/1914 1483/121/1915 1484/124/1877
f 1483/121/1916 1485/131/1917 1486/130/1918 1490/129/1919
f 1488/136/1920 1487/137/1921 1545/138/1922 1567/139/1923
f 1545/138/1922 1487/137/1921 1538/140/1924 1546/141/1925
f 1538/140/1924 1487/137/1921 1486/130/1926 1542/133/1912
f 1486/130/1927 1487/137/1921 1488/136/1920 1490/129/1928
f 1489/127/1929 1491/142/1930 1514/143/1931 1516/128/1904
f 1514/143/1931 1491/142/1930 1560/144/1932 1562/145/1933
f 1560/144/1932 1491/142/1930 1488/136/1920 1567/139/1923
f 1488/136/1920 1491/142/1930 1489/127/1934 1490/129/1935
f 1495/121/1936 1493/122/1937 1492/123/1850 1496/124/1843
f 1492/123/1850 1493/122/1938 1528/125/1939 1530/126/1851
f 1528/125/1939 1493/122/1940 1501/127/1941 1536/128/1942
f 1501/127/1943 1493/122/1944 1495/121/1945 1502/129/1946
f 1498/130/1947 1497/131/1948 1505/132/1949 1522/133/1950
f 1505/132/1949 1497/131/1951 1494/134/1842 1506/135/1845
f 1494/134/1842 1497/131/1952 1495/121/1953 1496/124/1843
f 1495/121/1954 1497/131/1955 1498/130/1956 1502/129/1957
f 1500/136/1958 1499/137/1959 1555/138/1960 1558/139/1961
f 1555/138/1960 1499/137/1959 1518/140/1962 1556/141/1963
f 1518/140/1962 1499/137/1959 1498/130/1964 1522/133/1950
f 1498/130/1965 1499/137/1959 1500/136/1958 1502/129/1966
f 1501/127/1967 1503/142/1968 1534/143/1969 1536/128/1942
f 1534/143/1969 1503/142/1968 1548/144/1970 1550/145/1971
f 1548/144/1970 1503/142/1968 1500/136/1958 1558/139/1961
f 1500/136/1958 1503/142/1968 1501/127/1972 1502/129/1973
f 1511/121/1974 1507/122/1975 1504/123/1896 1512/124/1893
f 1504/123/1896 1507/122/1975 1505/125/1949 1506/126/1845
f 1505/125/1949 1507/122/1975 1520/127/1976 1522/128/1950
f 1520/127/1976 1507/122/1975 1511/121/1974 1521/129/1977
f 1515/130/1978 1513/131/1979 1508/132/1901 1516/133/1904
f 1508/132/1901 1513/131/1979 1509/134/1892 1510/135/1883
f 1509/134/1892 1513/131/1979 1511/121/1974 1512/124/1893
f 1511/121/1974 1513/131/1979 1515/130/1978 1521/129/1977
f 1519/136/1980 1517/137/1981 1561/138/1982 1564/139/1983
f 1561/138/1982 1517/137/1981 1514/140/1931 1562/141/1933
f 1514/140/1931 1517/137/1981 1515/130/1978 1516/133/1904
f 1515/130/1978 1517/137/1981 1519/136/1980 1521/129/1977
f 1520/127/1976 1523/142/1984 1518/143/1962 1522/128/1950
f 1518/143/1962 1523/142/1984 1554/144/1985 1556/145/1963
f 1554/144/1985 1523/142/1984 1519/136/1980 1564/139/1983
f 1519/136/1980 1523/142/1984 1520/127/1976 1521/129/1977
f 1531/121/1986 1527/122/1987 1524/123/1866 1532/124/1861
f 1524/123/1866 1527/122/1987 1525/125/1911 1526/126/1867
f 1525/125/1911 1527/122/1987 1540/127/1988 1542/128/1912
f 1540/127/1988 1527/122/1987 1531/121/1986 1541/129/1989
f 1535/130/1990 1533/131/1991 1528/132/1939 1536/133/1942
f 1528/132/1939 1533/131/1991 1529/134/1860 1530/135/1851
f 1529/134/1860 1533/131/1991 1531/121/1986 1532/124/1861
f 1531/121/1986 1533/131/1991 1535/130/1990 1541/129/1989
f 1539/136/1992 1537/137/1993 1549/138/1994 1552/139/1995
f 1549/138/1994 1537/137/1993 1534/140/1969 1550/141/1971
f 1534/140/1969 1537/137/1993 1535/130/1990 1536/133/1942
f 1535/130/1990 1537/137/1993 1539/136/1992 1541/129/1989
f 1540/127/1988 1543/142/1996 1538/143/1924 1542/128/1912
f 1538/143/1924 1543/142/1996 1544/144/1997 1546/145/1925
f 1544/144/1997 1543/142/1996 1539/136/1992 1552/139/1995
f 1539/136/1992 1543/142/1996 1540/127/1988 1541/129/1989
f 1551/121/1998 1547/122/1999 1544/123/1997 1552/124/1995
f 1544/123/1997 1547/122/1999 1545/125/1922 1546/126/1925
f 1545/125/1922 1547/122/1999 1565/127/2000 1567/128/1923
f 1565/127/2000 1547/122/1999 1551/121/1998 1566/129/2001
f 1557/130/2002 1553/131/2003 1548/132/1970 1558/133/1961
f 1548/132/1970 1553/131/2003 1549/134/1994 1550/135/1971
f 1549/134/1994 1553/131/2003 1551/121/1998 1552/124/1995
f 1551/121/1998 1553/131/2003 1557/130/2002 1566/129/2001
f 1563/136/2004 1559/137/2005 1554/138/1985 1564/139/1983
f 1554/138/1985 1559/137/2005 1555/140/1960 1556/141/1963
f 1555/140/1960 1559/137/2005 1557/130/2002 1558/133/1961
f 1557/130/2002 1559/137/2005 1563/136/2004 1566/129/2001
f 1565/127/2000 1568/142/2006 1560/143/1932 1567/128/1923
f 1560/143/1932 1568/142/2006 1561/144/1982 1562/145/1933
f 1561/144/1982 1568/142/2006 1563/136/2004 1564/139/1983
f 1563/136/2004 1568/142/2006 1565/127/2000 1566/129/2001
f 1570/121/1503 1569/131/2007 1614/134/2008 1616/124/1506
f 1614/134/2008 1569/131/2007 1624/132/2009 1626/135/2010
f 1624/132/2009 1569/131/2007 1575/130/1509 1634/133/2011
f 1575/130/1509 1569/131/2007 1570/121/1503 1576/129/1511
f 1572/127/1512 1571/122/2012 1598/125/2013 1600/128/2014
f 1598/125/2013 1571/122/2012 1608/123/1516 1610/126/2015
f 1608/123/1516 1571/122/2012 1570/121/1503 1616/124/1506
f 1570/121/1503 1571/122/2012 1572/127/1512 1576/129/1511
f 1574/136/2016 1573/142/1519 1582/144/2017 1584/139/1521
f 1582/144/2017 1573/142/1519 1592/143/2018 1594/145/2019
f 1592/143/2018 1573/142/1519 1572/127/1512 1600/128/2014
f 1572/127/1512 1573/142/1519 1574/136/2016 1576/129/1511
f 1575/130/1509 1577/137/1524 1631/140/2020 1634/133/2011
f 1631/140/2020 1577/137/1524 1579/138/2021 1632/141/2022
f 1579/138/2021 1577/137/1524 1574/136/2016 1584/139/1521
f 1574/136/2016 1577/137/1524 1575/130/1509 1576/129/1511
f 1580/141/2023 1578/141/2024 1636/141/2025 1638/141/2025
f 1636/141/2026 1578/141/2027 1643/141/2028 1696/141/2029
f 1643/141/2028 1578/141/2027 1587/141/2030 1648/141/1537
f 1587/141/2031 1578/141/2024 1580/141/2023 1588/141/2032
f 1583/141/1532 1581/141/2033 1579/141/2021 1584/141/1521
f 1579/141/2021 1581/141/2033 1630/141/2034 1632/141/2022
f 1630/141/2034 1581/141/2033 1580/141/2035 1638/141/2036
f 1580/141/2035 1581/141/2033 1583/141/1532 1588/141/2037
f 1586/141/2038 1585/141/2039 1593/141/2040 1596/141/2041
f 1593/141/2040 1585/141/2039 1582/141/2017 1594/141/2019
f 1582/141/2017 1585/141/2039 1583/141/1532 1584/141/1521
f 1583/141/1532 1585/141/2039 1586/141/2038 1588/141/2037
f 1587/141/2030 1589/141/2042 1646/141/2043 1648/141/1537
f 1646/141/2043 1589/141/2042 1590/141/2044 1658/141/2045
f 1590/141/2046 1589/141/2047 1586/141/2047 1596/141/2046
f 1586/141/2047 1589/141/2047 1587/141/2031 1588/141/2032
f 1595/141/2048 1591/141/2049 1590/141/2050 1596/141/2051
f 1590/141/2052 1591/141/2053 1656/141/2054 1658/141/2045
f 1656/141/2054 1591/141/2055 1603/141/2056 1664/141/2057
f 1603/141/2058 1591/141/2059 1595/141/2060 1604/141/2061
f 1599/141/2062 1597/141/2063 1592/141/2018 1600/141/2014
f 1592/141/2018 1597/141/2063 1593/141/2040 1594/141/2019
f 1593/141/2040 1597/141/2063 1595/141/2064 1596/141/2041
f 1595/141/2064 1597/141/2063 1599/141/2062 1604/141/2065
f 1602/141/2066 1601/141/2067 1609/141/2068 1612/141/2069
f 1609/141/2068 1601/141/2067 1598/141/2013 1610/141/2015
f 1598/141/2013 1601/141/2067 1599/141/2062 1600/141/2014
f 1599/141/2062 1601/141/2067 1602/141/2066 1604/141/2065
f 1603/141/2056 1605/141/2070 1662/141/2071 1664/141/2057
f 1662/141/2071 1605/141/2072 1606/141/2073 1674/141/2074
f 1606/141/2075 1605/141/2076 1602/141/2077 1612/141/2078
f 1602/141/2079 1605/141/2080 1603/141/2058 1604/141/2061
f 1611/141/2081 1607/141/2081 1606/141/2082 1612/141/2082
f 1606/141/2083 1607/141/2084 1672/141/2085 1674/141/2074
f 1672/141/2085 1607/141/2084 1619/141/2086 1680/141/1595
f 1619/141/1600 1607/141/2081 1611/141/2081 1620/141/2087
f 1615/141/2088 1613/141/2089 1608/141/1516 1616/141/1506
f 1608/141/1516 1613/141/2089 1609/141/2068 1610/141/2015
f 1609/141/2068 1613/141/2089 1611/141/2090 1612/141/2069
f 1611/141/2090 1613/141/2089 1615/141/2088 1620/141/2091
f 1618/141/2092 1617/141/2093 1625/141/2094 1628/141/2095
f 1625/141/2094 1617/141/2093 1614/141/2008 1626/141/2010
f 1614/141/2008 1617/141/2093 1615/141/2088 1616/141/1506
f 1615/141/2088 1617/141/2093 1618/141/2092 1620/141/2091
f 1619/141/2086 1621/141/2096 1678/141/2097 1680/141/1595
f 1678/141/2097 1621/141/2096 1622/141/2098 1690/141/2099
f 1622/141/2100 1621/141/2101 1618/141/2101 1628/141/2100
f 1618/141/2101 1621/141/2101 1619/141/1600 1620/141/2087
f 1627/141/2102 1623/141/2103 1622/141/2104 1628/141/2105
f 1622/141/2106 1623/141/2107 1688/141/2108 1690/141/2099
f 1688/141/2108 1623/141/2109 1639/141/2110 1698/141/2111
f 1639/141/2112 1623/141/2113 1627/141/2114 1640/141/2115
f 1633/141/2116 1629/141/2117 1624/141/2009 1634/141/2011
f 1624/141/2009 1629/141/2117 1625/141/2094 1626/141/2010
f 1625/141/2094 1629/141/2117 1627/141/2118 1628/141/2095
f 1627/141/2118 1629/141/2117 1633/141/2116 1640/141/2119
f 1637/141/2120 1635/141/2121 1630/141/2034 1638/141/2036
f 1630/141/2034 1635/141/2121 1631/141/2020 1632/141/2022
f 1631/141/2020 1635/141/2121 1633/141/2116 1634/141/2011
f 1633/141/2116 1635/141/2121 1637/141/2120 1640/141/2119
f 1639/141/2110 1641/141/2122 1695/141/2123 1698/141/2111
f 1695/141/2123 1641/141/2124 1636/141/2125 1696/141/2029
f 1636/141/2126 1641/141/2127 1637/141/2128 1638/141/2129
f 1637/141/2130 1641/141/2131 1639/141/2112 1640/141/2115
f 1644/141/2132 1642/141/2133 1700/141/2134 1702/141/2135
f 1700/141/2134 1642/141/2133 1707/141/2136 1760/141/2137
f 1707/141/2136 1642/141/2133 1651/141/1648 1712/141/1651
f 1651/141/1648 1642/141/2133 1644/141/2132 1652/141/1647
f 1647/141/2138 1645/141/2139 1643/141/2028 1648/141/1537
f 1643/141/2028 1645/141/2139 1694/141/2140 1696/141/2029
f 1694/141/2140 1645/141/2139 1644/141/2132 1702/141/2135
f 1644/141/2132 1645/141/2139 1647/141/2138 1652/141/1647
f 1650/141/2141 1649/141/2142 1657/141/2143 1660/141/2144
f 1657/141/2143 1649/141/2142 1646/141/2043 1658/141/2045
f 1646/141/2043 1649/141/2142 1647/141/2138 1648/141/1537
f 1647/141/2138 1649/141/2142 1650/141/2141 1652/141/1647
f 1651/141/1648 1653/141/2145 1710/141/2146 1712/141/1651
f 1710/141/2146 1653/141/2145 1654/141/2147 1722/141/2148
f 1654/141/2147 1653/141/2145 1650/141/2141 1660/141/2144
f 1650/141/2141 1653/141/2145 1651/141/1648 1652/141/1647
f 1659/141/2149 1655/141/2150 1654/141/2147 1660/141/2144
f 1654/141/2147 1655/141/2150 1720/141/2151 1722/141/2148
f 1720/141/2151 1655/141/2150 1667/141/2152 1728/141/2153
f 1667/141/2152 1655/141/2150 1659/141/2149 1668/141/2154
f 1663/141/2155 1661/141/2156 1656/141/2054 1664/141/2057
f 1656/141/2054 1661/141/2156 1657/141/2143 1658/141/2045
f 1657/141/2143 1661/141/2156 1659/141/2149 1660/141/2144
f 1659/141/2149 1661/141/2156 1663/141/2155 1668/141/2154
f 1666/141/2157 1665/141/2158 1673/141/2159 1676/141/2160
f 1673/141/2159 1665/141/2158 1662/141/2071 1674/141/2074
f 1662/141/2071 1665/141/2158 1663/141/2155 1664/141/2057
f 1663/141/2155 1665/141/2158 1666/141/2157 1668/141/2154
f 1667/141/2152 1669/141/2161 1726/141/2162 1728/141/2153
f 1726/141/2162 1669/141/2161 1670/141/2163 1738/141/2164
f 1670/141/2163 1669/141/2161 1666/141/2157 1676/141/2160
f 1666/141/2157 1669/141/2161 1667/141/2152 1668/141/2154
f 1675/141/2165 1671/141/2166 1670/141/2163 1676/141/2160
f 1670/141/2163 1671/141/2166 1736/141/2167 1738/141/2164
f 1736/141/2167 1671/141/2166 1683/141/1682 1744/141/1685
f 1683/141/1682 1671/141/2166 1675/141/2165 1684/141/2168
f 1679/141/2169 1677/141/2170 1672/141/2085 1680/141/1595
f 1672/141/2085 1677/141/2170 1673/141/2159 1674/141/2074
f 1673/141/2159 1677/141/2170 1675/141/2165 1676/141/2160
f 1675/141/2165 1677/141/2170 1679/141/2169 1684/141/2168
f 1682/141/2171 1681/141/2172 1689/141/2173 1692/141/2174
f 1689/141/2173 1681/141/2172 1678/141/2097 1690/141/2099
f 1678/141/2097 1681/141/2172 1679/141/2169 1680/141/1595
f 1679/141/2169 1681/141/2172 1682/141/2171 1684/141/2168
f 1683/141/1682 1685/141/2175 1742/141/2176 1744/141/1685
f 1742/141/2176 1685/141/2175 1686/141/2177 1754/141/2178
f 1686/141/2177 1685/141/2175 1682/141/2171 1692/141/2174
f 1682/141/2171 1685/141/2175 1683/141/1682 1684/141/2168
f 1691/141/2179 1687/141/2180 1686/141/2177 1692/141/2174
f 1686/141/2177 1687/141/2180 1752/141/2181 1754/141/2178
f 1752/141/2181 1687/141/2180 1703/141/2182 1762/141/2183
f 1703/141/2182 1687/141/2180 1691/141/2179 1704/141/2184
f 1697/141/2185 1693/141/2186 1688/141/2108 1698/141/2111
f 1688/141/2108 1693/141/2186 1689/141/2173 1690/141/2099
f 1689/141/2173 1693/141/2186 1691/141/2179 1692/141/2174
f 1691/141/2179 1693/141/2186 1697/141/2185 1704/141/2184
f 1701/141/2187 1699/141/2188 1694/141/2140 1702/141/2135
f 1694/141/2140 1699/141/2188 1695/141/2123 1696/141/2029
f 1695/141/2123 1699/141/2188 1697/141/2185 1698/141/2111
f 1697/141/2185 1699/141/2188 1701/141/2187 1704/141/2184
f 1703/141/2182 1705/141/2189 1759/141/2190 1762/141/2183
f 1759/141/2190 1705/141/2189 1700/141/2134 1760/141/2137
f 1700/141/2134 1705/141/2189 1701/141/2187 1702/141/2135
f 1701/141/2187 1705/141/2189 1703/141/2182 1704/141/2184
f 1708/141/2191 1706/141/2192 1764/141/2193 1766/141/2194
f 1764/141/2193 1706/141/2192 1771/141/2195 1824/141/2196
f 1771/141/2195 1706/141/2192 1715/141/2197 1776/141/2198
f 1715/141/2197 1706/141/2192 1708/141/2191 1716/141/1711
f 1711/141/2199 1709/141/2200 1707/141/2136 1712/141/1651
f 1707/141/2136 1709/141/2200 1758/141/2201 1760/141/2137
f 1758/141/2201 1709/141/2200 1708/141/2191 1766/141/2194
f 1708/141/2191 1709/141/2200 1711/141/2199 1716/141/1711
f 1714/141/2202 1713/141/2203 1721/141/2204 1724/141/2205
f 1721/141/2204 1713/141/2203 1710/141/2146 1722/141/2148
f 1710/141/2146 1713/141/2203 1711/141/2199 1712/141/1651
f 1711/141/2199 1713/141/2203 1714/141/2202 1716/141/1711
f 1715/141/2197 1717/141/2206 1774/141/2207 1776/141/2198
f 1774/141/2207 1717/141/2206 1718/141/2208 1786/141/2209
f 1718/141/2208 1717/141/2206 1714/141/2202 1724/141/2205
f 1714/141/2202 1717/141/2206 1715/141/2197 1716/141/1711
f 1723/141/2210 1719/141/2211 1718/141/2208 1724/141/2205
f 1718/141/2208 1719/141/2211 1784/141/2212 1786/141/2209
f 1784/141/2212 1719/141/2211 1731/141/2213 1792/141/2214
f 1731/141/2213 1719/141/2211 1723/141/2210 1732/141/2215
f 1727/141/2216 1725/141/2217 1720/141/2151 1728/141/2153
f 1720/141/2151 1725/141/2217 1721/141/2204 1722/141/2148
f 1721/141/2204 1725/141/2217 1723/141/2210 1724/141/2205
f 1723/141/2210 1725/141/2217 1727/141/2216 1732/141/2215
f 1730/141/2218 1729/141/2219 1737/141/2220 1740/141/2221
f 1737/141/2220 1729/141/2219 1726/141/2162 1738/141/2164
f 1726/141/2162 1729/141/2219 1727/141/2216 1728/141/2153
f 1727/141/2216 1729/141/2219 1730/141/2218 1732/141/2215
f 1731/141/2213 1733/141/2222 1790/141/2223 1792/141/2214
f 1790/141/2223 1733/141/2222 1734/141/2224 1802/141/2225
f 1734/141/2224 1733/141/2222 1730/141/2218 1740/141/2221
f 1730/141/2218 1733/141/2222 1731/141/2213 1732/141/2215
f 1739/141/2226 1735/141/2227 1734/141/2224 1740/141/2221
f 1734/141/2224 1735/141/2227 1800/141/2228 1802/141/2225
f 1800/141/2228 1735/141/2227 1747/141/2229 1808/141/1749
f 1747/141/2229 1735/141/2227 1739/141/2226 1748/141/1745
f 1743/141/1744 1741/141/2230 1736/141/2167 1744/141/1685
f 1736/141/2167 1741/141/2230 1737/141/2220 1738/141/2164
f 1737/141/2220 1741/141/2230 1739/141/2226 1740/141/2221
f 1739/141/2226 1741/141/2230 1743/141/1744 1748/141/1745
f 1746/141/2231 1745/141/2232 1753/141/2233 1756/141/2234
f 1753/141/2233 1745/141/2232 1742/141/2176 1754/141/2178
f 1742/141/2176 1745/141/2232 1743/141/1744 1744/141/1685
f 1743/141/1744 1745/141/2232 1746/141/2231 1748/141/1745
f 1747/141/2229 1749/141/2235 1806/141/2236 1808/141/1749
f 1806/141/2236 1749/141/2235 1750/141/2237 1818/141/2238
f 1750/141/2237 1749/141/2235 1746/141/2231 1756/141/2234
f 1746/141/2231 1749/141/2235 1747/141/2229 1748/141/1745
f 1755/141/2239 1751/141/2240 1750/141/2237 1756/141/2234
f 1750/141/2237 1751/141/2240 1816/141/2241 1818/141/2238
f 1816/141/2241 1751/141/2240 1767/141/2242 1826/141/2243
f 1767/141/2242 1751/141/2240 1755/141/2239 1768/141/2244
f 1761/141/2245 1757/141/2246 1752/141/2181 1762/141/2183
f 1752/141/2181 1757/141/2246 1753/141/2233 1754/141/2178
f 1753/141/2233 1757/141/2246 1755/141/2239 1756/141/2234
f 1755/141/2239 1757/141/2246 1761/141/2245 1768/141/2244
f 1765/141/2247 1763/141/2248 1758/141/2201 1766/141/2194
f 1758/141/2201 1763/141/2248 1759/141/2190 1760/141/2137
f 1759/141/2190 1763/141/2248 1761/141/2245 1762/141/2183
f 1761/141/2245 1763/141/2248 1765/141/2247 1768/141/2244
f 1767/141/2242 1769/141/2249 1823/141/2250 1826/141/2243
f 1823/141/2250 1769/141/2249 1764/141/2193 1824/141/2196
f 1764/141/2193 1769/141/2249 1765/141/2247 1766/141/2194
f 1765/141/2247 1769/141/2249 1767/141/2242 1768/141/2244
f 1772/141/2251 1770/141/2252 1828/141/2253 1830/141/2254
f 1828/141/2253 1770/141/2252 1835/141/2255 1888/141/2256
f 1835/141/2255 1770/141/2252 1779/141/2257 1840/141/1779
f 1779/141/2257 1770/141/2252 1772/141/2251 1780/141/1775
f 1775/141/2258 1773/141/2259 1771/141/2195 1776/141/2198
f 1771/141/2195 1773/141/2259 1822/141/2260 1824/141/2196
f 1822/141/2260 1773/141/2259 1772/141/2251 1830/141/2254
f 1772/141/2251 1773/141/2259 1775/141/2258 1780/141/1775
f 1778/141/2261 1777/141/2262 1785/141/2263 1788/141/2264
f 1785/141/2263 1777/141/2262 1774/141/2207 1786/141/2209
f 1774/141/2207 1777/141/2262 1775/141/2258 1776/141/2198
f 1775/141/2258 1777/141/2262 1778/141/2261 1780/141/1775
f 1779/141/2257 1781/141/2265 1838/141/2266 1840/141/1779
f 1838/141/2266 1781/141/2265 1782/141/2267 1850/141/2268
f 1782/141/2267 1781/141/2265 1778/141/2261 1788/141/2264
f 1778/141/2261 1781/141/2265 1779/141/2257 1780/141/1775
f 1787/141/2269 1783/141/2270 1782/141/2267 1788/141/2264
f 1782/141/2267 1783/141/2270 1848/141/2271 1850/141/2268
f 1848/141/2271 1783/141/2270 1795/141/2272 1856/141/2273
f 1795/141/2272 1783/141/2270 1787/141/2269 1796/141/2274
f 1791/141/2275 1789/141/2276 1784/141/2212 1792/141/2214
f 1784/141/2212 1789/141/2276 1785/141/2263 1786/141/2209
f 1785/141/2263 1789/141/2276 1787/141/2269 1788/141/2264
f 1787/141/2269 1789/141/2276 1791/141/2275 1796/141/2274
f 1794/141/2277 1793/141/2278 1801/141/2279 1804/141/2280
f 1801/141/2279 1793/141/2278 1790/141/2223 1802/141/2225
f 1790/141/2223 1793/141/2278 1791/141/2275 1792/141/2214
f 1791/141/2275 1793/141/2278 1794/141/2277 1796/141/2274
f 1795/141/2272 1797/141/2281 1854/141/2282 1856/141/2273
f 1854/141/2282 1797/141/2281 1798/141/2283 1866/141/2284
f 1798/141/2283 1797/141/2281 1794/141/2277 1804/141/2280
f 1794/141/2277 1797/141/2281 1795/141/2272 1796/141/2274
f 1803/141/2285 1799/141/2286 1798/141/2283 1804/141/2280
f 1798/141/2283 1799/141/2286 1864/141/2287 1866/141/2284
f 1864/141/2287 1799/141/2286 1811/141/1810 1872/141/1813
f 1811/141/1810 1799/141/2286 1803/141/2285 1812/141/1809
f 1807/141/2288 1805/141/2289 1800/141/2228 1808/141/1749
f 1800/141/2228 1805/141/2289 1801/141/2279 1802/141/2225
f 1801/141/2279 1805/141/2289 1803/141/2285 1804/141/2280
f 1803/141/2285 1805/141/2289 1807/141/2288 1812/141/1809
f 1810/141/2290 1809/141/2291 1817/141/2292 1820/141/2293
f 1817/141/2292 1809/141/2291 1806/141/2236 1818/141/2238
f 1806/141/2236 1809/141/2291 1807/141/2288 1808/141/1749
f 1807/141/2288 1809/141/2291 1810/141/2290 1812/141/1809
f 1811/141/1810 1813/141/2294 1870/141/2295 1872/141/1813
f 1870/141/2295 1813/141/2294 1814/141/2296 1882/141/2297
f 1814/141/2296 1813/141/2294 1810/141/2290 1820/141/2293
f 1810/141/2290 1813/141/2294 1811/141/1810 1812/141/1809
f 1819/141/2298 1815/141/2299 1814/141/2296 1820/141/2293
f 1814/141/2296 1815/141/2299 1880/141/2300 1882/141/2297
f 1880/141/2300 1815/141/2299 1831/141/2301 1890/141/2302
f 1831/141/2301 1815/141/2299 1819/141/2298 1832/141/2303
f 1825/141/2304 1821/141/2305 1816/141/2241 1826/141/2243
f 1816/141/2241 1821/141/2305 1817/141/2292 1818/141/2238
f 1817/141/2292 1821/141/2305 1819/141/2298 1820/141/2293
f 1819/141/2298 1821/141/2305 1825/141/2304 1832/141/2303
f 1829/141/2306 1827/141/2307 1822/141/2260 1830/141/2254
f 1822/141/2260 1827/141/2307 1823/141/2250 1824/141/2196
f 1823/141/2250 1827/141/2307 1825/141/2304 1826/141/2243
f 1825/141/2304 1827/141/2307 1829/141/2306 1832/141/2303
f 1831/141/2301 1833/141/2308 1887/141/2309 1890/141/2302
f 1887/141/2309 1833/141/2308 1828/141/2253 1888/141/2256
f 1828/141/2253 1833/141/2308 1829/141/2306 1830/141/2254
f 1829/141/2306 1833/141/2308 1831/141/2301 1832/141/2303
f 1836/141/2310 1834/141/2311 1892/141/2312 1894/141/2313
f 1892/141/2312 1834/141/2311 1910/141/2314 1928/141/2315
f 1910/141/2314 1834/141/2311 1843/141/1840 1914/141/1843
f 1843/141/1840 1834/141/2311 1836/141/2310 1844/141/1839
f 1839/141/1838 1837/141/2316 1835/141/2255 1840/141/1779
f 1835/141/2255 1837/141/2316 1886/141/2317 1888/141/2256
f 1886/141/2317 1837/141/2316 1836/141/2310 1894/141/2313
f 1836/141/2310 1837/141/2316 1839/141/1838 1844/141/1839
f 1842/141/2318 1841/141/2319 1849/141/2320 1852/141/2321
f 1849/141/2320 1841/141/2319 1838/141/2266 1850/141/2268
f 1838/141/2266 1841/141/2319 1839/141/1838 1840/141/1779
f 1839/141/1838 1841/141/2319 1842/141/2318 1844/141/1839
f 1843/141/1840 1845/141/2322 1912/141/2323 1914/141/1843
f 1912/141/2323 1845/141/2322 1846/141/2324 1944/141/2325
f 1846/141/2324 1845/141/2322 1842/141/2318 1852/141/2321
f 1842/141/2318 1845/141/2322 1843/141/1840 1844/141/1839
f 1851/141/2326 1847/141/2327 1846/141/2324 1852/141/2321
f 1846/141/2324 1847/141/2327 1942/141/2328 1944/141/2325
f 1942/141/2328 1847/141/2327 1859/141/2329 1950/141/2330
f 1859/141/2329 1847/141/2327 1851/141/2326 1860/141/2331
f 1855/141/2332 1853/141/2333 1848/141/2271 1856/141/2273
f 1848/141/2271 1853/141/2333 1849/141/2320 1850/141/2268
f 1849/141/2320 1853/141/2333 1851/141/2326 1852/141/2321
f 1851/141/2326 1853/141/2333 1855/141/2332 1860/141/2331
f 1858/141/2334 1857/141/2335 1865/141/2336 1868/141/2337
f 1865/141/2336 1857/141/2335 1854/141/2282 1866/141/2284
f 1854/141/2282 1857/141/2335 1855/141/2332 1856/141/2273
f 1855/141/2332 1857/141/2335 1858/141/2334 1860/141/2331
f 1859/141/2329 1861/141/2338 1947/141/2339 1950/141/2330
f 1947/141/2339 1861/141/2338 1862/141/2340 1948/141/2341
f 1862/141/2340 1861/141/2338 1858/141/2334 1868/141/2337
f 1858/141/2334 1861/141/2338 1859/141/2329 1860/141/2331
f 1867/141/2342 1863/141/2343 1862/141/2340 1868/141/2337
f 1862/141/2340 1863/141/2343 1898/141/2344 1948/141/2341
f 1898/141/2344 1863/141/2343 1875/141/1874 1902/141/1877
f 1875/141/1874 1863/141/2343 1867/141/2342 1876/141/1873
f 1871/141/2345 1869/141/2346 1864/141/2287 1872/141/1813
f 1864/141/2287 1869/141/2346 1865/141/2336 1866/141/2284
f 1865/141/2336 1869/141/2346 1867/141/2342 1868/141/2337
f 1867/141/2342 1869/141/2346 1871/141/2345 1876/141/1873
f 1874/141/2347 1873/141/2348 1881/141/2349 1884/141/2350
f 1881/141/2349 1873/141/2348 1870/141/2295 1882/141/2297
f 1870/141/2295 1873/141/2348 1871/141/2345 1872/141/1813
f 1871/141/2345 1873/141/2348 1874/141/2347 1876/141/1873
f 1875/141/1874 1877/141/2351 1900/141/2352 1902/141/1877
f 1900/141/2352 1877/141/2351 1878/141/2353 1924/141/2354
f 1878/141/2353 1877/141/2351 1874/141/2347 1884/141/2350
f 1874/141/2347 1877/141/2351 1875/141/1874 1876/141/1873
f 1883/141/2355 1879/141/2356 1878/141/2353 1884/141/2350
f 1878/141/2353 1879/141/2356 1922/141/2357 1924/141/2354
f 1922/141/2357 1879/141/2356 1895/141/2358 1930/141/2359
f 1895/141/2358 1879/141/2356 1883/141/2355 1896/141/2360
f 1889/141/2361 1885/141/2362 1880/141/2300 1890/141/2302
f 1880/141/2300 1885/141/2362 1881/141/2349 1882/141/2297
f 1881/141/2349 1885/141/2362 1883/141/2355 1884/141/2350
f 1883/141/2355 1885/141/2362 1889/141/2361 1896/141/2360
f 1893/141/2363 1891/141/2364 1886/141/2317 1894/141/2313
f 1886/141/2317 1891/141/2364 1887/141/2309 1888/141/2256
f 1887/141/2309 1891/141/2364 1889/141/2361 1890/141/2302
f 1889/141/2361 1891/141/2364 1893/141/2363 1896/141/2360
f 1895/141/2358 1897/141/2365 1927/141/2366 1930/141/2359
f 1927/141/2366 1897/141/2365 1892/141/2312 1928/141/2315
f 1892/141/2312 1897/141/2365 1893/141/2363 1894/141/2313
f 1893/141/2363 1897/141/2365 1895/141/2358 1896/141/2360
f 1901/121/2367 1899/131/2368 1898/134/2344 1902/124/1877
f 1898/134/2344 1899/131/2369 1946/132/2370 1948/135/2341
f 1946/132/2370 1899/131/2371 1907/130/2372 1954/133/2373
f 1907/130/2374 1899/131/2375 1901/121/1907 1908/129/1908
f 1904/127/2376 1903/122/2377 1923/125/2378 1940/128/2379
f 1923/125/2378 1903/122/2380 1900/123/2352 1924/126/2354
f 1900/123/2352 1903/122/2381 1901/121/2382 1902/124/1877
f 1901/121/2383 1903/122/2384 1904/127/2385 1908/129/1919
f 1906/136/1920 1905/142/1921 1973/144/1922 1976/139/1923
f 1973/144/1922 1905/142/1921 1936/143/2386 1974/145/1925
f 1936/143/2386 1905/142/1921 1904/127/2387 1940/128/2379
f 1904/127/1927 1905/142/1921 1906/136/1920 1908/129/1928
f 1907/130/2388 1909/137/1930 1952/140/1931 1954/133/2373
f 1952/140/1931 1909/137/1930 1966/138/1932 1968/141/1933
f 1966/138/1932 1909/137/1930 1906/136/1920 1976/139/1923
f 1906/136/1920 1909/137/1930 1907/130/2389 1908/129/2390
f 1913/121/1936 1911/131/2391 1910/134/2314 1914/124/1843
f 1910/134/2314 1911/131/2392 1926/132/2393 1928/135/2315
f 1926/132/2393 1911/131/2394 1919/130/2395 1934/133/2396
f 1919/130/2397 1911/131/2398 1913/121/2399 1920/129/1946
f 1916/127/2400 1915/122/2401 1943/125/2402 1960/128/2403
f 1943/125/2402 1915/122/2404 1912/123/2323 1944/126/2325
f 1912/123/2323 1915/122/2405 1913/121/1953 1914/124/1843
f 1913/121/2406 1915/122/2407 1916/127/2408 1920/129/1957
f 1918/136/1958 1917/142/1959 1963/144/1960 1985/139/1961
f 1963/144/1960 1917/142/1959 1956/143/1962 1964/145/1963
f 1956/143/1962 1917/142/1959 1916/127/2409 1960/128/2403
f 1916/127/2410 1917/142/1959 1918/136/1958 1920/129/2411
f 1919/130/2412 1921/137/2413 1932/140/1969 1934/133/2396
f 1932/140/1969 1921/137/2413 1978/138/2414 1980/141/1971
f 1978/138/2414 1921/137/2413 1918/136/1958 1985/139/1961
f 1918/136/1958 1921/137/2413 1919/130/2415 1920/129/2416
f 1929/121/2417 1925/131/2418 1922/134/2357 1930/124/2359
f 1922/134/2357 1925/131/2418 1923/132/2378 1924/135/2354
f 1923/132/2378 1925/131/2418 1938/130/2419 1940/133/2379
f 1938/130/2419 1925/131/2418 1929/121/2417 1939/129/2420
f 1933/127/2421 1931/122/2422 1926/125/2393 1934/128/2396
f 1926/125/2393 1931/122/2422 1927/123/2366 1928/126/2315
f 1927/123/2366 1931/122/2422 1929/121/2417 1930/124/2359
f 1929/121/2417 1931/122/2422 1933/127/2421 1939/129/2420
f 1937/136/1992 1935/142/2423 1979/144/1994 1982/139/1995
f 1979/144/1994 1935/142/2423 1932/143/1969 1980/145/1971
f 1932/143/1969 1935/142/2423 1933/127/2421 1934/128/2396
f 1933/127/2421 1935/142/2423 1937/136/1992 1939/129/2420
f 1938/130/2419 1941/137/2424 1936/140/2386 1940/133/2379
f 1936/140/2386 1941/137/2424 1972/138/1997 1974/141/1925
f 1972/138/1997 1941/137/2424 1937/136/1992 1982/139/1995
f 1937/136/1992 1941/137/2424 1938/130/2419 1939/129/2420
f 1949/121/2425 1945/131/2426 1942/134/2328 1950/124/2330
f 1942/134/2328 1945/131/2426 1943/132/2402 1944/135/2325
f 1943/132/2402 1945/131/2426 1958/130/2427 1960/133/2403
f 1958/130/2427 1945/131/2426 1949/121/2425 1959/129/2428
f 1953/127/2429 1951/122/2430 1946/125/2370 1954/128/2373
f 1946/125/2370 1951/122/2430 1947/123/2339 1948/126/2341
f 1947/123/2339 1951/122/2430 1949/121/2425 1950/124/2330
f 1949/121/2425 1951/122/2430 1953/127/2429 1959/129/2428
f 1957/136/1980 1955/142/1981 1967/144/1982 1970/139/1983
f 1967/144/1982 1955/142/1981 1952/143/1931 1968/145/1933
f 1952/143/1931 1955/142/1981 1953/127/2429 1954/128/2373
f 1953/127/2429 1955/142/1981 1957/136/1980 1959/129/2428
f 1958/130/2427 1961/137/2431 1956/140/1962 1960/133/2403
f 1956/140/1962 1961/137/2431 1962/138/1985 1964/141/1963
f 1962/138/1985 1961/137/2431 1957/136/1980 1970/139/1983
f 1957/136/1980 1961/137/2431 1958/130/2427 1959/129/2428
f 1969/121/2432 1965/131/2433 1962/134/1985 1970/124/1983
f 1962/134/1985 1965/131/2433 1963/132/1960 1964/135/1963
f 1963/132/1960 1965/131/2433 1983/130/2434 1985/133/1961
f 1983/130/2434 1965/131/2433 1969/121/2432 1984/129/2001
f 1975/127/2000 1971/122/2435 1966/125/1932 1976/128/1923
f 1966/125/1932 1971/122/2435 1967/123/1982 1968/126/1933
f 1967/123/1982 1971/122/2435 1969/121/2432 1970/124/1983
f 1969/121/2432 1971/122/2435 1975/127/2000 1984/129/2001
f 1981/136/2436 1977/142/2437 1972/144/1997 1982/139/1995
f 1972/144/1997 1977/142/2437 1973/143/1922 1974/145/1925
f 1973/143/1922 1977/142/2437 1975/127/2000 1976/128/1923
f 1975/127/2000 1977/142/2437 1981/136/2436 1984/129/2001
f 1983/130/2434 1986/137/2438 1978/140/2414 1985/133/1961
f 1978/140/2414 1986/137/2438 1979/138/1994 1980/141/1971
f 1979/138/1994 1986/137/2438 1981/136/2436 1982/139/1995
f 1981/136/2436 1986/137/2438 1983/130/2434 1984/129/2001
o Motor_Boat_Hull.002
v 1.076510 0.610582 -1.551140
v -1.093000 0.610582 -1.551140
v -0.454243 0.647758 3.008810
v -0.859182 0.593503 2.166760
v -1.092850 0.576035 1.250240
v -1.167050 0.578225 0.206173
v -1.143750 0.583992 -0.911770
v -1.042240 0.637172 -2.190500
v -0.825898 0.741979 -3.099250
v -0.008318 0.436348 -3.084410
v -0.008242 0.741979 3.599820
v 0.437759 0.647758 3.008810
v 0.842698 0.593503 2.166760
v 1.076370 0.576035 1.250240
v 1.150560 0.578225 0.206173
v 1.127270 0.583992 -0.911770
v 1.025760 0.637172 -2.190500
v -0.008242 0.741979 -3.099250
v 0.809414 0.741979 -3.099250
v -0.008167 0.436348 -3.084410
v -0.900297 0.741879 -3.269230
v -1.136300 0.637072 -2.306090
v -1.247030 0.583892 -0.950830
v -1.272440 0.578125 0.234021
v -1.191510 0.575935 1.340570
v -0.936605 0.593403 2.311940
v -0.494870 0.647658 3.204400
v -0.008343 0.741879 -3.269230
v 0.883610 0.741879 -3.269230
v 1.119610 0.637072 -2.306090
v 1.230350 0.583892 -0.950830
v 1.255760 0.578125 0.234021
v 1.174820 0.575935 1.340570
v 0.919918 0.593403 2.311940
v 0.478184 0.647658 3.204400
v -0.008343 0.741879 3.830770
v 0.893193 0.436348 -3.084410
v -0.909677 0.436348 -3.084410
vn -0.0000 0.0485 0.9988
vn -0.1446 0.9895 -0.0090
vn -0.0208 0.9997 -0.0161
vn -0.1446 0.9894 -0.0090
vn -0.0573 0.9982 -0.0153
vn -0.0573 0.9982 -0.0152
vn -0.0117 0.9999 -0.0051
vn 0.0002 1.0000 0.0034
vn 0.0006 1.0000 0.0035
vn -0.0076 0.9997 0.0219
vn -0.0077 0.9997 0.0218
vn -0.0609 0.9962 0.0621
vn -0.0156 0.9991 0.0387
vn -0.0608 0.9962 0.0621
vn -0.0531 0.9977 0.0425
vn -0.0000 1.0000 -0.0006
vn 0.1099 0.9934 -0.0322
vn 0.1098 0.9934 -0.0322
vn 0.0382 0.9990 -0.0235
vn 0.0075 1.0000 -0.0063
vn 0.0074 1.0000 -0.0062
vn 0.0017 1.0000 0.0035
vn 0.0015 1.0000 0.0035
vn 0.0242 0.9995 0.0207
vn 0.0243 0.9995 0.0206
vn 0.1047 0.9931 0.0536
vn 0.0456 0.9983 0.0362
vn 0.0820 0.9960 0.0352
vt 0.973969 0.923220
vt 0.973969 0.732445
vt 0.976059 0.732429
vt 0.976059 0.905488
vt 0.976059 0.559370
vt 0.973969 0.732413
vt 0.973969 0.541638
vt 0.088222 0.835425
vt 0.000000 0.732450
vt 0.032529 0.732429
vt 0.115768 0.826826
vt 0.213919 0.928919
vt 0.234368 0.912532
vt 0.350732 0.982870
vt 0.363455 0.961989
vt 0.506584 1.000000
vt 0.510507 0.977692
vt 0.673465 0.994622
vt 0.667963 0.972762
vt 0.864347 0.971185
vt 0.758015 0.962020
vt 0.848067 0.951278
vt 1.000000 0.921234
vt 1.000000 0.732450
vt 0.088222 0.629476
vt 0.115768 0.638032
vt 0.213919 0.535981
vt 0.234368 0.552325
vt 0.350732 0.482031
vt 0.363455 0.502868
vt 0.506584 0.464900
vt 0.510507 0.487165
vt 0.673465 0.470278
vt 0.667963 0.492095
vt 0.864347 0.493715
vt 0.848067 0.513580
vt 0.758015 0.502837
vt 1.000000 0.543666
s 1
usemtl BoatHullTop
f 2024/146/2439 1996/147/2439 2004/148/2439 1995/149/2439
f 2005/150/2439 2004/148/2439 2006/151/2439 2023/152/2439
f 2013/153/2440 2022/154/2441 1997/155/2441 1989/156/2442
f 2012/157/2443 2013/153/2440 1989/156/2442 1990/158/2444
f 2011/159/2445 2012/157/2443 1990/158/2444 1991/160/2445
f 2010/161/2446 2011/159/2445 1991/160/2445 1992/162/2447
f 2009/163/2448 2010/161/2446 1992/162/2447 1993/164/2449
f 2008/165/2450 2009/163/2448 1993/164/2449 1988/166/2451 1994/167/2452
f 2007/168/2453 2008/165/2450 1994/167/2452 1995/149/2453
f 2014/169/2454 2007/168/2453 1995/149/2453 2004/148/2454
f 2022/154/2441 2021/170/2455 1998/171/2456 1997/155/2441
f 2021/170/2455 2020/172/2457 1999/173/2457 1998/171/2456
f 2020/172/2457 2019/174/2458 2000/175/2459 1999/173/2457
f 2019/174/2458 2018/176/2460 2001/177/2461 2000/175/2459
f 2018/176/2460 2017/178/2462 2002/179/2463 2001/177/2461
f 2017/178/2462 2016/180/2464 2003/181/2464 1987/182/2465 2002/179/2463
f 2016/180/2464 2015/183/2466 2005/150/2466 2003/181/2464
f 2015/183/2466 2014/169/2454 2004/148/2454 2005/150/2466
o Motor_Boat_Hull.003
v 1.017790 0.397472 -2.185750
v -1.034080 0.397472 -2.185750
v -1.084430 0.373541 -1.635980
v 1.068150 0.373541 -1.635980
v 1.187640 0.304951 -1.605340
v -1.204120 0.304951 -1.605340
v -1.148170 0.331541 -2.216190
v 1.131690 0.331541 -2.216190
v 0.492183 0.036395 2.569490
v -0.508870 0.036395 2.569490
v -0.008508 0.130617 3.102280
v -0.008178 0.130617 3.102280
v 0.946480 -0.017859 1.810370
v -0.963166 -0.017859 1.810370
v -0.508870 0.036395 2.569490
v 0.492183 0.036395 2.569490
v 1.208630 -0.035327 0.984130
v -1.225320 -0.035327 0.984130
v -0.963166 -0.017859 1.810370
v 0.946480 -0.017859 1.810370
v 1.291870 -0.033137 0.042900
v -1.308550 -0.033137 0.042900
v -1.225320 -0.035327 0.984130
v 1.208630 -0.035327 0.984130
v 1.265730 -0.027370 -0.964929
v -1.282420 -0.027370 -0.964929
v -1.308550 -0.033137 0.042900
v 1.291870 -0.033137 0.042900
v 1.151850 0.025810 -2.117710
v -1.168540 0.025810 -2.117710
v -1.282420 -0.027370 -0.964929
v 1.265730 -0.027370 -0.964929
v 0.909139 0.130617 -2.936950
v -0.925825 0.130617 -2.936950
v -1.168540 0.025810 -2.117710
v 1.151850 0.025810 -2.117710
v 1.131690 0.331541 -2.216190
v -1.148170 0.331541 -2.216190
v -1.204120 0.304951 -1.605340
v 1.187640 0.304951 -1.605340
vn 0.2413 0.9702 0.0201
vn 0.2571 0.9662 0.0185
vn -0.2567 0.9663 0.0185
vn -0.2410 0.9703 0.0202
vn 0.4994 0.8664 -0.0080
vn -0.0000 0.4192 -0.9079
vn -0.4987 0.8667 -0.0080
vn -0.0000 0.4079 0.9130
vn -0.0000 -1.0000 0.0001
vn -0.0000 -1.0000 -0.0000
vn -0.0000 -1.0000 -0.0001
vt 0.501975 0.372301
vt 0.490272 0.627699
vt 0.013416 0.627699
vt 0.001714 0.372301
vt 0.000000 0.000000
vt 0.023393 0.022223
vt 0.071095 0.077326
vt 0.928988 0.077326
vt 0.976607 0.022223
vt 1.000000 0.000000
vt 0.950042 0.057325
vt 0.050042 0.057325
vt 0.000000 0.569581
vt 0.088222 0.403964
vt 0.088222 0.735308
vt 0.000000 0.569691
vt 0.213919 0.253594
vt 0.213919 0.885678
vt 0.350732 0.166823
vt 0.350732 0.972449
vt 0.506584 0.139272
vt 0.506584 1.000000
vt 0.673465 0.147922
vt 0.673465 0.991350
vt 0.864347 0.185616
vt 0.864347 0.953656
vt 1.000000 0.265954
vt 1.000000 0.873318
s 1
usemtl BoatFloor
f 2028/184/2467 2025/185/2468 2026/186/2469 2027/187/2470
f 2032/188/2471 2025/188/2468 2028/188/2467 2029/188/2471
f 2031/189/2472 2026/190/2472 2025/191/2472 2032/192/2472
f 2030/188/2473 2027/188/2470 2026/188/2469 2031/188/2473
f 2029/193/2474 2028/194/2474 2027/195/2474 2030/188/2474
f 2036/196/2475 2033/197/2475 2034/198/2475 2035/199/2475
f 2040/197/2476 2037/200/2476 2038/201/2476 2039/198/2476
f 2044/200/2477 2041/202/2477 2042/203/2477 2043/201/2477
f 2048/202/2476 2045/204/2476 2046/205/2476 2047/203/2476
f 2052/204/2477 2049/206/2477 2050/207/2477 2051/205/2477
f 2056/206/2476 2053/208/2476 2054/209/2476 2055/207/2476
f 2060/208/2477 2057/210/2477 2058/211/2477 2059/209/2477
f 2064/184/2476 2061/185/2476 2062/186/2476 2063/187/2476
